cod_ibge,pop_total,pop_urbana_pct,perc_jovens_15_29,renda_per_capita,taxa_desemprego,taxa_analfabetismo_15,perc_esgoto_adequado,gini,idhm,idhm_renda,idhm_longevidade,idhm_educacao,perc_pobres,pib_per_capita,densidade_demografica,taxa_homicidios,alta_violencia
1100015,21494.0,60.3471,22.2108,1210.6,1.6919,9.33,0.4678,0.4337,0.641,0.657,0.763,0.526,10.2858,34170.79184888806,3.0414056518299444,9.304922303898763,0
1100023,96833.0,86.6977,24.9894,1458.57,2.8638,6.25,1.9932,0.4569,0.702,0.716,0.806,0.6,7.9164,33163.21915049622,21.87751276901808,12.392469509361478,1
1100031,5351.0,53.1863,17.4173,1323.79,1.6309,10.62,1.576,0.4166,0.65,0.65,0.757,0.559,4.8653,44555.03644178658,4.0712077130023,37.3761913660998,1
1100049,86887.0,82.7592,24.2637,1625.88,2.1154,5.93,67.1899,0.4833,0.718,0.727,0.821,0.62,8.8011,32139.51454187623,22.90719746902188,8.056441124679182,0
1100056,15890.0,88.8357,21.9509,1554.33,1.4391,7.49,57.9942,0.4465,0.692,0.688,0.799,0.602,6.9873,46762.86972938955,5.709056561337148,18.879798615481437,1
1100064,15663.0,74.7558,20.5197,1666.54,1.7253,9.71,2.6206,0.4615,0.685,0.676,0.814,0.584,5.4367,27124.17799910617,10.79415573272835,19.15341888527102,1
1100072,7519.0,36.973,20.641,1234.62,4.0856,9.22,0.7042,0.4074,0.613,0.63,0.774,0.473,7.5877,52764.99534512568,2.456931805519748,0.0,0
1100080,12627.0,52.8233,24.6535,1088.06,4.3431,5.09,0.0481,0.4666,0.611,0.616,0.751,0.493,12.484,25078.95778886513,2.531893293540614,31.678149996040236,1
1100098,29414.0,72.9313,22.7409,1371.66,1.9445,7.81,6.5998,0.429,0.672,0.691,0.819,0.536,7.8,26292.649758618347,6.510348075868331,23.798191337458352,1
1100106,39387.0,80.5773,24.2821,1035.94,5.6693,5.59,9.0147,0.5714,0.657,0.663,0.823,0.519,27.8179,26766.57272704192,1.5845514301736296,12.694543885038213,1
1100114,50591.0,78.684,23.5971,1406.29,2.3258,7.81,1.7839,0.4768,0.689,0.687,0.825,0.577,10.5587,34882.054120298075,17.183625778665416,9.883180802909608,0
1100122,124333.0,90.8713,23.6655,1437.55,3.6996,5.33,7.5662,0.4613,0.714,0.728,0.81,0.617,9.5976,34024.39416727659,18.02803071462677,41.823168426725005,1
1100130,30707.0,54.1701,22.4346,1047.39,3.0669,9.12,3.127,0.4321,0.596,0.629,0.755,0.446,16.0819,28994.0078809392,3.608652681134809,35.822450906959325,1
1100148,15679.0,46.6165,22.055,981.78,5.6259,9.85,7.0024,0.4722,0.643,0.664,0.763,0.524,20.0332,35069.39218062376,9.206650820195794,63.7795777791951,1
1100155,35044.0,79.0463,21.4102,1389.04,1.8909,7.07,2.2292,0.4691,0.682,0.687,0.812,0.569,9.8688,28137.37016322337,17.789925167992553,28.53555530190617,1
1100189,35079.0,81.8438,23.7008,1389.7,2.1381,6.67,9.4405,0.4397,0.71,0.726,0.803,0.613,8.4217,46826.33484420879,5.620716745134088,17.104250406225948,1
1100205,460434.0,92.5863,24.6218,1459.81,5.7926,4.5,22.9887,0.5542,0.736,0.764,0.819,0.638,16.7736,43559.20283906054,13.50597014251149,38.007618898691234,1
1100254,19327.0,64.0606,19.941,1164.63,1.9139,8.01,5.2144,0.4768,0.664,0.671,0.792,0.55,14.672,28985.87468308584,10.990842007570244,20.69643503906452,1
1100262,3471.0,41.429,21.3483,1244.38,2.4422,6.54,1.28,0.4166,0.643,0.637,0.813,0.513,8.0453,53133.96715643907,2.0207959758738734,0.0,0
1100288,56406.0,83.7925,23.6251,1446.88,3.4807,5.66,3.6206,0.4344,0.7,0.709,0.808,0.598,7.419,27749.547920434,38.69223192016529,24.82005460412013,1
1100296,7419.0,43.8873,18.7492,1110.56,1.6325,10.4,2.8644,0.42,0.67,0.657,0.812,0.564,12.0466,28789.59428494406,6.19387608574415,0.0,0
1100304,95832.0,94.2326,24.0431,1650.51,2.62,4.81,4.9121,0.456,0.731,0.734,0.808,0.659,7.2729,43987.83287419651,8.184767767292684,35.47875448701895,1
1100320,21635.0,55.2854,23.4527,1303.07,1.7743,7.26,1.8138,0.4451,0.646,0.644,0.781,0.537,8.4992,41846.12895770742,3.1864887574461256,36.97712040674833,1
1100338,25444.0,57.8486,24.3397,1152.19,2.4726,8.88,0.8169,0.4714,0.587,0.619,0.769,0.424,15.011,29189.04260336425,2.526590066620393,43.232196195566736,1
1100346,13117.0,59.0836,20.6983,1223.18,5.6593,11.97,42.5218,0.4754,0.643,0.654,0.763,0.534,12.8307,26883.433711976824,4.330201912128956,22.87108332698025,1
1100379,11479.0,43.4358,21.7441,1173.26,4.7427,8.93,0.6194,0.4681,0.592,0.603,0.777,0.443,13.1457,42135.377646136425,2.900002096874066,8.711560240439063,0
1100403,16320.0,49.9877,23.0392,1185.26,2.5049,8.04,0.1388,0.4771,0.625,0.664,0.804,0.457,14.4346,31295.343137254906,6.15386703801031,49.01960784313725,1
1100452,27992.0,69.3555,23.9175,1219.49,2.997,7.14,0.4543,0.4178,0.616,0.65,0.751,0.479,8.3414,34529.72277793656,8.571227352479172,25.00714489854244,1
1100502,7667.0,43.159,19.8904,1102.33,4.4202,10.12,0.3217,0.496,0.634,0.606,0.799,0.527,17.8814,30194.469805660625,9.090089940553396,39.12873353332464,1
1100601,4150.0,46.5542,20.506,1187.1,2.7121,11.34,32.9737,0.4353,0.646,0.664,0.801,0.506,10.6506,66346.50602409638,2.1151605534279363,0.0,0
1100700,8844.0,30.8797,21.8453,1004.63,2.4963,7.94,0.2609,0.4718,0.593,0.667,0.772,0.404,18.4082,41737.562189054726,2.5694326417306192,11.307100859339664,0
1100809,22310.0,76.4635,24.3882,927.05,9.3031,6.7,1.1977,0.445,0.649,0.652,0.819,0.512,18.3143,29384.536082474227,3.2599453539057173,49.30524428507396,1
1100908,3233.0,23.7241,18.837,1163.49,3.321,9.49,32.5516,0.4262,0.658,0.65,0.803,0.547,10.6112,30815.651098051345,3.621025468140464,0.0,0
1100924,9324.0,56.864,24.0776,1275.25,1.1306,7.31,0.8734,0.4382,0.652,0.659,0.82,0.514,9.6639,50278.09952809953,1.822058159689992,42.9000429000429,1
1100940,14863.0,65.4175,23.683,1152.39,3.1502,7.05,0.1153,0.461,0.612,0.663,0.789,0.439,14.8759,32816.79337953307,3.846585847731826,33.64058400053825,1
1101005,8001.0,31.7835,21.0224,943.98,3.3798,9.27,0.0346,0.5067,0.596,0.627,0.762,0.444,24.5951,29912.635920509936,1.578921194841362,24.99687539057617,1
1101104,8548.0,69.2092,22.9644,1014.42,5.2071,8.43,0.5498,0.4253,0.614,0.633,0.751,0.488,13.4885,24558.61020121666,2.094286503195698,58.4932147870847,1
1101203,6466.0,45.8552,21.095,1209.48,2.2651,11.25,5.5812,0.4574,0.638,0.647,0.776,0.518,12.3105,46068.04825239715,8.101914211930339,0.0,0
1101302,9235.0,54.0011,21.7325,1199.72,2.8256,11.05,7.7822,0.4349,0.643,0.673,0.8,0.494,9.2474,28438.224147265835,7.748295752490823,21.65674066053059,1
1101401,11548.0,45.6096,22.151,1241.8,2.6508,10.33,0.1658,0.456,0.607,0.645,0.762,0.454,11.5275,33753.11742293038,5.979150637524089,60.61655697956356,1
1101435,6200.0,27.2097,21.1613,920.17,2.6049,9.69,0.8969,0.459,0.587,0.608,0.753,0.442,19.2351,25374.35483870968,7.681443120152638,32.25806451612903,1
1101450,4125.0,35.2485,21.6,1014.39,2.717,10.35,4.1161,0.4968,0.617,0.604,0.8,0.485,24.9939,37680.0,1.6184829576687254,48.48484848484848,1
1101468,2156.0,56.7254,20.7328,911.62,1.7981,8.96,5.2703,0.4813,0.665,0.662,0.816,0.545,23.0987,114197.12430426716,0.3584531516195315,92.7643784786642,1
1101476,3076.0,45.1886,17.4902,919.32,2.2512,13.59,0.2648,0.4723,0.641,0.645,0.799,0.512,22.0741,34795.18855656697,5.078488736849752,0.0,0
1101484,5258.0,41.1563,17.7824,1362.82,2.2695,9.37,32.5516,0.4188,0.649,0.615,0.78,0.571,8.3714,24852.60555344237,9.707429377435856,0.0,0
1101492,16286.0,56.8587,23.6645,1172.03,2.3459,7.39,0.2587,0.4011,0.611,0.657,0.751,0.462,8.1969,29973.044332555568,1.4874970692581229,36.8414589217733,1
1101500,11171.0,45.5286,23.6416,1027.63,1.9608,6.87,14.528,0.4725,0.598,0.644,0.779,0.427,17.9244,29808.07447856056,2.513716756709077,98.4692507385194,1
1101559,4256.0,38.5573,20.4182,1179.05,0.8309,10.2,0.3161,0.4603,0.643,0.653,0.818,0.498,13.6513,28501.87969924812,9.253481470207747,23.49624060150376,1
1101609,8113.0,30.7038,18.5628,1102.84,1.1866,10.03,0.2328,0.4966,0.589,0.622,0.757,0.434,14.8034,31731.295451744118,3.69206881000522,24.65179341797116,1
1101708,10725.0,51.2541,21.4079,1121.21,4.6977,9.32,3.5949,0.4575,0.609,0.621,0.772,0.471,14.5082,25501.6317016317,12.89284095703949,46.62004662004662,1
1101757,7788.0,45.1079,19.9795,1095.38,3.6316,11.34,0.0714,0.433,0.584,0.626,0.756,0.421,11.4858,28370.313302516694,2.4841265335207163,38.52080123266564,1
1101807,6479.0,39.3579,20.0957,1218.98,2.1014,9.12,0.0409,0.4429,0.627,0.641,0.792,0.485,10.9018,28653.80459947523,6.7092896582290535,15.43448062972681,1
1200013,14021.0,55.3812,25.041,880.5,5.8069,10.63,0.8518,0.4417,0.604,0.584,0.808,0.466,19.1582,28437.700591969187,7.739477517648559,35.66079452250196,1
1200054,8100.0,59.4815,25.6667,775.86,7.0114,14.62,6.5952,0.5382,0.588,0.578,0.77,0.456,35.8626,16532.83950617284,1.6320951305938045,49.38271604938272,1
1200104,26000.0,64.4,25.9962,914.18,3.333,11.44,33.4911,0.4912,0.614,0.619,0.77,0.485,21.3371,26370.615384615383,6.617763094262399,73.07692307692308,1
1200138,12917.0,46.0014,24.5645,709.71,4.4105,17.67,3.7443,0.5263,0.589,0.603,0.772,0.439,34.443,23289.463497716188,4.255246253805328,23.2252070914299,1
1200179,10392.0,40.6563,24.6247,806.69,1.4622,17.52,1.1246,0.4387,0.575,0.601,0.794,0.398,20.2816,49302.636643571976,6.09417112939206,28.868360277136254,1
1200203,91888.0,74.2371,29.1518,905.21,9.1395,11.88,8.5911,0.5196,0.664,0.648,0.776,0.582,27.3509,22403.687097335885,10.449725536630504,11.971095246386906,0
1200252,18757.0,68.8863,26.0916,1026.76,3.4533,10.39,4.6627,0.5,0.653,0.654,0.771,0.553,18.7877,34362.744575358534,11.349204188259923,31.988057791757743,1
1200302,35426.0,51.1291,28.7839,610.92,3.7329,20.26,3.3953,0.5264,0.539,0.559,0.723,0.388,42.3268,16006.323039575453,1.2676316139294916,42.34178287133744,1
1200328,9222.0,39.8395,29.5272,542.04,1.3274,17.59,3.4448,0.5467,0.469,0.499,0.731,0.283,52.354,12359.032747777055,1.7248851245585148,21.687269572760787,1
1200336,19294.0,65.9635,27.7599,695.9,2.7108,14.19,1.2857,0.4991,0.625,0.58,0.77,0.546,34.1766,13952.783248678346,3.563677602986293,20.73183373069348,1
1200344,11996.0,56.0604,27.9593,622.38,17.7499,22.01,15.4534,0.4665,0.551,0.586,0.767,0.373,34.5534,15413.804601533844,1.134025218542806,25.008336112037348,1
1200351,17093.0,34.482,30.9717,516.91,2.8471,20.83,1.7126,0.5027,0.501,0.479,0.726,0.361,46.9452,15027.496636049846,2.088170312993433,17.551044287135085,1
1200385,16560.0,64.849,24.6981,992.54,6.7697,15.62,5.8537,0.4931,0.622,0.593,0.786,0.517,19.378,36320.71256038648,8.481299400624113,12.07729468599034,1
1200393,10735.0,46.1202,30.8058,603.27,4.4202,17.63,5.1704,0.5079,0.532,0.521,0.726,0.397,39.143,14954.354913833256,1.663630237994432,18.63064741499767,1
1200401,364756.0,93.494,26.1756,1436.01,5.8892,6.63,68.191,0.5503,0.727,0.729,0.798,0.661,16.3464,30035.626555834584,41.28613212861684,21.932469925100616,1
1200427,14938.0,38.0774,29.2676,633.26,9.2681,17.19,1.9299,0.5139,0.567,0.518,0.736,0.477,40.0992,17114.004552148883,4.846226866225582,13.388673182487617,1
1200435,6723.0,48.9514,26.625,449.8,0.916,24.29,4.2411,0.5201,0.517,0.519,0.781,0.34,57.7778,16145.322028856166,1.080461691260844,0.0,0
1200450,21454.0,62.2495,24.8625,974.21,5.6381,10.8,0.589,0.4607,0.64,0.649,0.786,0.513,17.7067,36341.568005966255,9.243644617324144,60.594760883751285,1
1200500,41343.0,65.1694,28.5828,794.44,4.1119,16.75,17.2408,0.5422,0.603,0.593,0.81,0.456,33.7102,18094.81653484266,1.7420631584802169,33.863048158092056,1
1200609,43467.0,56.1667,29.634,604.36,6.4987,22.94,2.5282,0.5909,0.539,0.554,0.72,0.392,50.2059,16377.573791612029,2.15508725185596,23.005958543262707,1
1200708,18243.0,56.5039,26.6458,898.65,6.0731,13.5,21.3793,0.497,0.599,0.621,0.773,0.448,24.2745,24940.0317930165,3.4097153430648746,10.963109137751466,0
1200807,16693.0,56.7004,24.9745,733.17,5.3694,14.58,1.395,0.4641,0.576,0.593,0.771,0.418,28.6511,28234.28982208111,6.410665060896133,23.962139819085845,1
1300029,15866.0,55.0233,29.8437,494.91,4.2441,12.52,3.8846,0.4492,0.527,0.499,0.778,0.377,42.0404,13698.033530820623,2.678762575799222,6.3027858313374505,0
1300060,10819.0,71.8273,27.4609,556.4,6.2476,13.83,1.8553,0.5384,0.56,0.499,0.773,0.455,47.0223,10987.337092152697,2.2757155967606124,0.0,0
1300086,9962.0,48.2935,29.5623,559.76,7.1231,11.29,3.3247,0.4579,0.594,0.537,0.741,0.526,37.427,13912.768520377434,4.072570408413974,40.15257980325236,1
1300102,17194.0,63.1034,27.3991,624.85,5.8471,16.25,3.9547,0.4781,0.561,0.54,0.757,0.433,35.9918,14448.935675235549,2.8485662487145915,23.263929277655,1
1300144,20647.0,52.9859,24.6331,1009.03,3.1297,9.98,1.0364,0.4818,0.637,0.621,0.772,0.54,18.5117,14423.887247542016,0.3806562117076111,4.843318641933453,0
1300201,15314.0,51.8023,28.2878,556.2,7.7675,21.22,1.9469,0.5806,0.45,0.481,0.733,0.259,51.3985,12076.988376648818,0.2001719774524841,0.0,0
1300300,41564.0,44.7142,26.7106,649.03,3.5655,8.91,7.259,0.4853,0.577,0.539,0.799,0.446,32.8735,12182.200943123857,5.431177814493212,2.4059282071023,0
1300409,18834.0,55.5379,26.484,595.57,11.1579,18.79,9.7578,0.5665,0.5,0.545,0.728,0.315,42.3847,13041.414463204845,0.1538159500279958,21.23818625889349,1
1300508,31051.0,54.6778,28.6979,521.15,5.9169,5.34,3.1327,0.4779,0.574,0.469,0.774,0.522,41.4466,11107.210717851276,5.398516803103047,6.441016392386718,0
1300607,37648.0,76.4822,27.6907,576.24,4.2413,11.09,2.6996,0.5575,0.574,0.526,0.763,0.471,47.959,10326.737144071398,4.330964961494928,7.968550786230344,0
1300631,20718.0,58.3068,29.4913,608.58,6.9465,17.45,2.8973,0.5723,0.506,0.512,0.731,0.346,45.8017,10226.42146925379,1.1857300326565092,24.133603629693987,1
1300680,23785.0,49.918,28.4423,497.38,6.5472,3.49,4.0052,0.4416,0.565,0.496,0.75,0.484,40.2796,7669.203279377759,9.185500772956896,25.22598276224511,1
1300706,35447.0,62.4171,27.63,669.72,3.3824,19.71,7.4887,0.5142,0.588,0.576,0.777,0.455,38.0196,14466.555702880356,1.6157378988424185,16.92667926763901,1
1300805,33080.0,61.717,28.3857,567.31,4.699,11.43,1.4776,0.5105,0.56,0.532,0.776,0.425,42.5297,12156.318016928655,0.7478041053450722,18.13784764207981,1
1300839,13469.0,51.7113,30.1953,488.73,24.152,7.42,0.4719,0.4953,0.569,0.544,0.775,0.436,49.3973,13207.66203875566,1.424456078072334,0.0,0
1300904,16869.0,59.802,26.7769,601.49,2.2076,18.08,4.3278,0.4689,0.53,0.522,0.752,0.379,37.1196,9147.90444009722,0.5014158778781699,17.784101013693757,1
1301001,28742.0,78.9124,29.5943,579.82,4.0434,17.81,15.3018,0.5043,0.549,0.534,0.745,0.416,42.5527,12896.214598844896,1.1149533074995603,17.39614501426484,1
1301100,30792.0,42.0239,23.8536,698.24,9.8078,12.27,6.1321,0.4937,0.557,0.515,0.779,0.431,35.1755,12834.307612366849,5.051005444036394,25.98077422707197,1
1301159,19637.0,15.0736,24.2909,638.54,1.7155,11.78,0.7093,0.491,0.568,0.523,0.779,0.45,36.7348,21050.771502775373,7.473718103395123,0.0,0
1301209,70616.0,74.9065,28.5983,580.54,12.2431,13.54,33.284,0.5211,0.586,0.606,0.78,0.425,42.5466,47869.108983799706,1.2181308222753926,38.234960915373286,1
1301308,23549.0,75.7442,28.2263,586.95,8.3322,13.7,36.5105,0.5007,0.563,0.546,0.775,0.421,39.1101,22590.980508726487,1.259232491139279,4.246464818038983,0
1301407,33170.0,78.0585,28.577,588.49,5.8824,23.33,0.5412,0.5183,0.563,0.548,0.756,0.431,43.0494,17124.992463069037,2.216321386245217,18.08863430810974,1
1301506,17186.0,74.4618,29.5764,579.21,4.3565,24.57,0.908,0.4997,0.509,0.521,0.727,0.349,38.7006,12540.847201210288,2.2896977987938385,5.8186896310950775,0
1301605,25871.0,69.8234,29.4036,638.8,6.5142,14.01,1.478,0.4724,0.53,0.518,0.719,0.4,33.1869,8610.915697112598,2.1282434715138177,19.32665919369178,1
1301654,13815.0,67.0069,29.743,596.23,2.4644,20.95,2.9909,0.4394,0.532,0.51,0.762,0.387,33.3551,12835.323923271806,1.821710036508045,14.477017734346724,1
1301704,57473.0,73.4467,28.3629,871.32,7.3136,10.81,11.5427,0.5224,0.605,0.621,0.791,0.451,24.9734,14966.47121256938,1.7357608071896309,5.219842360760705,0
1301803,24311.0,67.9404,30.6034,508.99,4.2433,24.92,2.5801,0.4754,0.481,0.476,0.772,0.302,45.666,8906.215293488543,2.007551087431075,8.226728641355765,0
1301852,61163.0,76.2585,25.5236,805.81,10.0942,8.26,4.2293,0.4749,0.613,0.607,0.799,0.476,25.0637,16380.197178032471,27.590459654540723,83.38374507463662,1
1301902,103598.0,70.4869,27.1453,734.27,9.962,6.14,8.1731,0.5228,0.644,0.618,0.811,0.534,33.3298,22688.304793528838,11.650724771167363,26.062279194579048,1
1301951,10937.0,67.6694,30.2825,525.38,5.4513,23.1,0.9859,0.5446,0.477,0.529,0.772,0.266,48.4835,12400.109719301454,0.4329696855108834,0.0,0
1302009,10162.0,78.2622,26.422,687.95,6.5934,5.36,8.7341,0.4862,0.654,0.594,0.792,0.594,30.0931,15007.774060224365,2.344134761220971,9.8405825624877,0
1302108,8858.0,56.3897,30.21,823.6,4.1794,11.86,1.9597,0.5095,0.522,0.552,0.748,0.345,24.9487,9687.175434635355,0.1588295599060255,45.15692029803567,1
1302207,10742.0,67.1663,31.3629,516.57,3.3835,20.13,22.6176,0.5017,0.522,0.538,0.704,0.376,45.9502,12853.658536585366,0.5526059858103417,9.309253397877493,0
1302306,25172.0,64.2102,29.1355,566.68,1.7137,15.39,1.2797,0.497,0.516,0.528,0.766,0.34,40.0953,10582.273955188304,0.3623982268458853,3.9726680438582553,0
1302405,45448.0,60.9202,29.2334,618.0,9.2593,19.42,28.7071,0.4903,0.531,0.538,0.744,0.374,37.2191,13756.336912515402,0.6657810680740927,6.60095053687731,0
1302504,101883.0,65.1267,27.7779,680.39,8.219,10.0,13.1719,0.4953,0.614,0.604,0.795,0.481,33.8159,15161.26340998989,13.886992000902872,23.556432378316305,1
1302553,17107.0,38.5982,24.7267,568.36,1.8618,12.51,1.5335,0.5162,0.596,0.556,0.748,0.51,45.9286,18199.27515052318,4.30553465191538,0.0,0
1302603,2063689.0,99.0303,26.0658,1284.7,9.6849,2.96,50.6022,0.5788,0.737,0.738,0.826,0.658,20.1444,50046.97897793709,181.0094411000016,46.80937873875376,1
1302702,53914.0,56.9314,28.4286,701.45,5.0887,11.06,1.2161,0.5175,0.582,0.58,0.747,0.456,36.0644,12729.142708758392,1.115884458168076,12.983640612827838,1
1302801,15529.0,51.04,30.4656,518.13,3.885,15.76,7.4148,0.5065,0.498,0.466,0.763,0.348,46.4719,11347.607701719364,0.922652280999162,19.3186940562818,1
1302900,61204.0,47.7028,26.9214,488.47,9.7076,6.07,17.7304,0.4907,0.588,0.549,0.8,0.464,47.5205,9735.082674335012,1.5304417859118389,19.60656166263643,1
1303007,20136.0,37.2269,26.3657,539.62,3.5784,9.25,4.5952,0.4953,0.586,0.513,0.779,0.503,39.4279,10280.343663090982,1.4273257893088225,0.0,0
1303106,27062.0,60.8344,27.9654,537.7,8.8704,9.55,6.2654,0.4468,0.558,0.541,0.78,0.412,37.7977,12624.787524942723,4.851444892304449,22.17131032444017,1
1303205,15761.0,75.0968,25.4552,700.88,4.1265,9.4,10.1801,0.5668,0.57,0.551,0.776,0.434,37.2473,11835.099295729966,0.4172152416634778,12.689550155446987,1
1303304,23818.0,75.1826,29.3266,630.53,3.1927,12.68,14.9007,0.4817,0.554,0.532,0.759,0.421,33.2503,10597.951129397934,0.5783923984212009,20.992526660508855,1
1303403,96372.0,82.6744,28.5321,796.66,6.9495,3.69,9.9958,0.5306,0.658,0.589,0.8,0.605,30.023,14806.914871539451,16.180527759346468,15.564686838500808,1
1303502,19373.0,61.4154,30.9864,454.55,12.8054,28.66,5.6818,0.5452,0.496,0.531,0.724,0.317,52.1766,10299.953543591597,0.4654211743306805,20.647292623754712,1
1303536,30668.0,54.6889,25.2054,976.41,6.418,7.49,31.26,0.5003,0.647,0.627,0.802,0.538,20.7074,33647.613147254466,1.2045987958961155,39.12873353332464,1
1303569,24936.0,56.7252,24.1779,801.1,4.8009,8.45,8.4807,0.4685,0.611,0.59,0.785,0.493,24.1996,16327.638755213346,4.287761481059119,32.08213025344883,1
1303601,14164.0,48.7292,26.4897,448.85,21.4407,15.49,3.9051,0.4736,0.479,0.461,0.737,0.323,47.9824,13118.963569613104,0.2255302217264294,0.0,0
1303700,28211.0,77.6293,28.9107,489.41,3.8483,14.26,1.6752,0.5268,0.49,0.438,0.759,0.353,49.7211,8412.108751905285,2.2783180616327394,0.0,0
1303809,51795.0,51.3563,27.9158,577.82,4.7632,8.9,3.3198,0.5748,0.609,0.61,0.777,0.476,47.7218,8167.873346848151,0.476439472479078,1.930688290375519,0
1303908,32967.0,73.158,27.7217,396.95,5.1478,17.72,5.4409,0.5228,0.521,0.471,0.78,0.386,55.7387,10135.317135317136,1.6769814395130949,6.0666727333394,0
1303957,11670.0,81.6367,27.6949,657.76,2.9957,5.27,0.7505,0.4773,0.577,0.561,0.739,0.464,34.0155,11705.99828620394,1.0960357410962591,25.706940874035983,1
1304005,11559.0,44.4848,25.9452,559.89,1.9428,5.0,4.1062,0.4817,0.632,0.546,0.791,0.584,42.5761,15143.351500994895,3.104435698512804,8.651267410675663,0
1304062,66764.0,83.3982,28.2982,669.6,3.7504,10.22,10.6655,0.5393,0.616,0.602,0.769,0.505,35.9885,11353.94823557606,20.48262593866686,43.43658258941945,1
1304104,19599.0,57.855,28.5321,541.23,9.2864,21.32,5.5927,0.5053,0.502,0.512,0.694,0.355,43.836,12242.665442114394,0.2307229525192082,25.51150568906577,1
1304203,73669.0,80.8807,29.6244,767.14,5.4207,8.82,13.9748,0.5229,0.639,0.637,0.801,0.511,30.5651,14909.826385589597,3.109364725835947,14.931653748523802,1
1304237,19247.0,58.9546,29.2773,432.01,6.4137,12.6,5.0296,0.4517,0.548,0.508,0.779,0.416,48.877,9633.189587987736,2.9853144615506797,15.586844703070607,1
1304260,14431.0,67.6599,30.6285,516.14,3.3563,15.1,1.7664,0.4644,0.527,0.535,0.724,0.378,43.159,15883.098884346198,1.4044004807913617,13.85905342665096,1
1304302,18631.0,66.2122,26.5418,690.49,3.2441,5.93,0.8179,0.4472,0.62,0.551,0.754,0.575,27.3448,11038.376898717192,0.6671901243685937,16.10219526595459,1
1304401,23945.0,64.9948,29.7766,629.39,11.599,8.08,3.1334,0.4606,0.588,0.538,0.776,0.487,31.164,9716.475255794528,8.361008405004522,4.176237210273544,0
1400027,13927.0,15.89,25.4757,493.7,3.2901,30.5,6.2417,0.6325,0.484,0.437,0.815,0.319,52.4678,17292.022689739355,0.4908956429248991,28.72118905722697,1
1400050,21096.0,22.5777,25.4598,467.63,4.0222,33.77,9.7826,0.7161,0.542,0.518,0.813,0.379,60.9825,18273.938187334094,0.8297577823913017,37.92188092529389,1
1400100,413486.0,97.263,27.7843,1399.0,4.6047,3.7,61.2868,0.5637,0.752,0.737,0.816,0.708,18.1306,32633.182260100704,72.70675397399384,22.008000270867694,1
1400159,13923.0,36.393,25.5117,583.73,1.8338,8.96,6.1464,0.5183,0.626,0.597,0.809,0.509,41.6859,37521.00840336135,1.723177686686865,35.91180061768297,1
1400175,18682.0,24.7725,22.7866,787.97,2.6637,9.01,1.4736,0.5284,0.619,0.581,0.803,0.509,31.7315,18898.993683759767,2.4373661989416333,48.17471362809121,1
1400209,20957.0,53.0276,24.1351,714.44,5.137,12.93,34.6805,0.5255,0.624,0.601,0.78,0.518,34.1051,21629.9088610011,0.4422678020704177,38.17340268168154,1
1400233,10656.0,46.4058,25.732,917.6,1.8764,7.71,11.3099,0.4841,0.639,0.6,0.791,0.549,20.5947,22221.09609609609,0.8832574960843577,56.306306306306304,1
1400282,10023.0,42.5521,25.6211,781.65,5.5722,21.16,31.7607,0.5183,0.582,0.56,0.81,0.434,29.2459,20799.860321261094,0.7149702049381522,89.79347500748278,1
1400308,18095.0,55.9326,24.4211,809.57,5.2286,10.9,29.0504,0.45,0.665,0.661,0.813,0.547,21.6076,21765.79165515336,1.4666249414099748,71.84305056645482,1
1400407,13986.0,23.1231,26.119,486.61,2.7489,7.33,0.4413,0.5292,0.594,0.52,0.801,0.502,51.8348,14504.433004433004,2.009487955572299,28.6000286000286,1
1400456,19305.0,47.9202,26.9308,578.04,5.958,5.58,6.3921,0.5779,0.65,0.624,0.788,0.558,47.4153,17046.982646982648,2.4073809889603406,20.72002072002072,1
1400472,32647.0,74.4173,25.8523,831.4,3.2296,9.71,4.3919,0.5155,0.619,0.574,0.798,0.519,27.6598,22432.566545164947,0.9722231611150998,27.56761723894998,1
1400506,8858.0,70.9754,26.0781,895.8,4.6276,9.12,4.9174,0.4814,0.655,0.614,0.78,0.587,20.4937,37002.48363061639,2.0674500321507385,0.0,0
1400605,7315.0,59.6446,24.607,827.26,5.1152,8.3,4.4248,0.4954,0.649,0.605,0.788,0.574,25.7022,24466.43882433356,4.790758780219766,0.0,0
1400704,13751.0,7.6794,25.3436,288.65,2.3368,13.1,0.2138,0.4858,0.453,0.439,0.766,0.276,70.3185,10467.965966111557,1.6971893749107498,7.272198385571959,0
1500107,158188.0,62.1981,27.3421,771.33,7.0306,8.71,4.4919,0.4845,0.628,0.579,0.798,0.537,26.5426,12314.296912534452,98.21400854067252,24.6542089159734,1
1500131,6136.0,87.4511,23.1421,923.2,3.4865,11.74,2.5,0.4541,0.622,0.625,0.8,0.481,15.6143,17177.966101694914,9.9913536362763,16.297262059973924,1
1500206,59023.0,22.1592,26.615,505.33,6.3114,17.79,2.2044,0.4998,0.506,0.517,0.757,0.332,42.7388,24270.55554614303,13.586036418947025,40.66211476881893,1
1500305,37765.0,31.4445,28.7197,476.09,5.3935,24.95,2.4342,0.4924,0.489,0.485,0.774,0.311,46.9187,11750.536210777174,4.529025700017198,5.295908910366742,0
1500347,18080.0,51.4491,24.6626,936.7,4.0624,12.54,0.1958,0.4002,0.564,0.563,0.797,0.399,14.249,35556.02876106195,2.541483247858153,33.1858407079646,1
1500404,69377.0,50.6695,26.8028,562.3,5.1211,10.46,5.9421,0.5091,0.564,0.529,0.779,0.436,42.8055,10735.704916615015,2.9341850084068586,5.765599550283235,0
1500503,34280.0,65.6359,26.689,773.03,9.6982,11.92,17.5625,0.531,0.642,0.659,0.809,0.497,31.3137,20063.389731621937,0.4697912572724111,29.171528588098013,1
1500602,126279.0,82.5173,25.9386,1245.26,4.4701,9.75,49.0865,0.5196,0.665,0.662,0.811,0.548,16.291,24697.511066764862,0.7915525802492929,53.84901685949366,1
1500701,28011.0,43.9327,30.1346,524.25,12.4784,23.21,0.2826,0.5445,0.484,0.506,0.774,0.29,49.9553,9231.159187462068,4.051556054408387,28.560208489521973,1
1500800,478778.0,99.6909,24.1392,1219.88,7.4404,2.87,31.4841,0.4957,0.718,0.684,0.821,0.658,13.7589,18667.480544218823,2512.08353009077,19.215586346908168,1
1500859,31850.0,49.7331,27.1994,765.01,5.4837,11.78,1.9711,0.5382,0.548,0.563,0.788,0.371,32.1297,18450.455259026687,2.677534852088267,87.91208791208791,1
1500909,44573.0,51.4751,26.949,479.94,5.295,15.28,3.9385,0.5367,0.52,0.48,0.772,0.38,52.2657,8149.88894622305,40.53638662034595,4.487021290916026,0
1500958,23774.0,42.6348,26.2093,574.32,5.7336,18.01,0.8719,0.4689,0.519,0.504,0.773,0.358,37.4196,12966.265668377218,13.121467679265278,50.47530916126861,1
1501006,18290.0,24.1498,25.8611,477.87,7.3159,8.74,5.6811,0.5108,0.541,0.47,0.748,0.45,51.1078,8298.305084745763,1.0712160727157167,5.467468562055768,0
1501105,31892.0,40.772,30.5312,358.65,6.76,21.53,0.1914,0.51,0.471,0.481,0.777,0.28,63.2761,7848.049667628245,7.252597661166879,6.271165182490908,0
1501204,51641.0,52.8863,28.4503,460.65,8.7238,9.45,2.7897,0.5232,0.578,0.538,0.77,0.467,49.5388,10877.384248949478,13.734308510638298,17.428012625626923,1
1501253,4031.0,39.9653,24.6837,995.23,5.8751,12.09,0.2268,0.4716,0.594,0.635,0.784,0.42,18.6623,31983.378814190022,1.3633677856248747,49.61548002976929,1
1501303,126650.0,82.5006,26.6269,975.54,7.7646,5.69,15.1474,0.483,0.662,0.643,0.801,0.564,19.6588,72975.74417686538,96.65445098898148,17.370706671930517,1
1501402,1303403.0,99.4806,22.8414,1668.52,7.7293,2.64,59.9118,0.5908,0.746,0.751,0.822,0.673,14.8799,25753.88809140381,1230.254526371031,16.188392998942,1
1501451,18099.0,48.4999,25.6699,741.15,8.2848,6.99,1.1215,0.5115,0.588,0.548,0.775,0.478,32.6021,13092.325542847671,4.114888580394133,16.57550140891762,1
1501501,63567.0,94.8574,24.9186,818.99,7.8518,5.35,7.1718,0.453,0.665,0.623,0.798,0.592,21.8052,31245.01706860478,338.4355733498025,31.46286595245961,1
1501576,18005.0,57.3896,25.0208,947.99,2.6487,14.66,1.9577,0.4662,0.589,0.601,0.777,0.437,20.6115,13532.574284920856,6.392449914862012,44.43210219383504,1
1501600,12622.0,54.8645,25.9864,739.25,5.0151,19.23,0.5458,0.4272,0.546,0.531,0.77,0.398,20.2112,16365.86911741404,21.50339791848744,15.845349389954048,1
1501709,123082.0,71.1786,26.0192,810.48,5.6737,9.86,4.6006,0.5045,0.6,0.589,0.755,0.486,27.0294,11280.374059570042,57.92816515941988,19.4991956581791,1
1501725,24718.0,54.2277,25.2084,763.34,4.1633,13.08,5.754,0.5062,0.613,0.632,0.809,0.451,28.6541,15356.218140626264,3.884905089527432,20.228173800469293,1
1501758,6783.0,55.9045,23.839,766.2,3.8407,13.8,1.5493,0.4692,0.591,0.588,0.743,0.473,23.9971,16950.31696889282,5.26437108111695,73.71369600471768,1
1501782,45712.0,62.3469,25.9647,725.32,6.1908,14.15,11.4839,0.4672,0.568,0.555,0.781,0.422,25.4725,17364.543227161357,11.596920747609683,26.25131256562828,1
1501808,106968.0,51.8931,29.3882,606.08,12.199,18.04,0.7514,0.5402,0.503,0.524,0.778,0.312,43.3478,8344.832099319423,11.181520010612031,6.544013162815047,0
1501907,24383.0,35.5165,26.9983,526.09,5.5587,9.6,3.4371,0.4719,0.552,0.495,0.779,0.437,44.1427,22001.23036541853,24.513854957764547,16.404872247057376,1
1501956,19630.0,36.434,27.8808,564.23,7.0141,20.39,0.2669,0.4879,0.473,0.449,0.779,0.303,42.5819,11581.966377992869,8.112911224995868,45.848191543555785,1
1502004,23981.0,47.3833,26.7128,488.54,5.4704,9.18,5.5267,0.4748,0.546,0.525,0.778,0.398,47.1298,10670.989533380593,7.735155201449168,4.1699678912472375,0
1502103,134184.0,50.8354,28.6003,597.9,6.0233,7.06,3.9738,0.5164,0.577,0.538,0.754,0.474,41.774,10377.161211470817,43.535278487049794,9.688189351934655,0
1502152,77079.0,89.9493,27.6093,1364.4,4.1045,4.84,59.7801,0.4584,0.673,0.67,0.801,0.569,9.5281,453922.7934975804,24.49480400248002,25.9474046108538,1
1502202,70394.0,84.814,24.8288,966.47,7.1041,9.39,5.1865,0.4754,0.655,0.61,0.794,0.58,17.7163,20266.48578003807,113.26778045417171,36.93496604824275,1
1502301,56506.0,55.2242,26.5618,704.58,3.9161,17.16,1.9821,0.4659,0.548,0.573,0.747,0.385,28.4855,10888.330442784836,19.477936426629757,21.23668283014193,1
1502400,192256.0,92.5157,25.5368,1055.05,5.0095,5.16,17.1864,0.5096,0.673,0.654,0.8,0.582,17.7664,24484.962757989342,186.7832507529389,31.208388814913448,1
1502509,20757.0,22.5755,27.846,584.29,16.2257,16.67,0.9899,0.4965,0.453,0.516,0.769,0.234,38.8663,11946.524064171124,1.6559240749597426,0.0,0
1502608,12868.0,39.5788,23.7566,655.87,8.4628,6.5,3.0288,0.5093,0.602,0.541,0.763,0.528,37.5399,7835.405657444824,33.504483581032524,15.542430836182778,1
1502707,44617.0,74.3147,23.7398,1032.8,4.8111,9.9,2.2937,0.488,0.64,0.631,0.77,0.54,17.4334,14846.695205863236,7.65368175079707,56.03245399735527,1
1502756,26881.0,61.3519,27.1009,699.98,5.3315,13.48,2.4096,0.4526,0.566,0.56,0.741,0.438,27.4618,15616.792530039806,38.36777455203578,26.040697890703477,1
1502764,14036.0,35.6298,26.8595,1007.72,1.3768,16.66,3.0336,0.5335,0.55,0.635,0.795,0.33,27.0019,28980.621259618125,0.8215393139280471,106.86805357651753,1
1502772,19950.0,89.7494,25.5388,1036.35,8.2536,11.75,2.2288,0.4565,0.636,0.592,0.809,0.536,14.5363,183809.07268170427,8.420933554402186,65.16290726817043,1
1502806,33903.0,39.8637,30.4545,472.98,10.7335,15.42,0.441,0.5346,0.502,0.508,0.769,0.323,57.6858,8319.086806477302,9.372330573486115,11.798365926319203,0
1502855,14117.0,52.1216,27.4917,556.04,2.6936,6.69,4.8424,0.4676,0.578,0.501,0.78,0.495,39.111,10591.060423602748,9.86271012490996,0.0,0
1502905,41262.0,59.9002,25.1394,614.45,11.8735,7.34,6.1743,0.5117,0.582,0.542,0.758,0.48,41.4988,8952.32901943677,61.00940084752529,14.541224371092046,1
1502939,58484.0,84.3325,26.8603,782.32,5.6649,12.88,3.3557,0.4325,0.615,0.606,0.763,0.502,18.8517,16074.139935708912,11.10004177414668,15.388824293823951,1
1502954,28192.0,61.1982,25.298,879.96,3.7191,12.47,2.4256,0.49,0.665,0.654,0.808,0.56,20.8372,19709.0309307605,9.534983533957387,31.92395005675369,1
1503002,8728.0,82.4702,28.6893,594.92,9.6195,7.16,2.2901,0.4595,0.563,0.501,0.756,0.47,35.9959,8773.373052245646,0.7414411669237387,11.457378551787352,0
1503044,17898.0,58.3808,25.3883,831.86,8.8804,13.01,0.3675,0.5133,0.583,0.573,0.792,0.437,25.8911,33656.1068275785,5.196434092997531,33.523298692591354,1
1503077,24703.0,57.4343,27.3691,620.45,2.502,18.13,0.9209,0.4893,0.526,0.54,0.763,0.353,36.4247,11160.344897380885,15.36242843656834,36.432821924462615,1
1503093,26362.0,63.6902,24.3608,829.0,4.2464,14.1,2.0992,0.4875,0.56,0.585,0.743,0.404,23.4045,19203.01949776193,3.753168453225344,79.66011683483802,1
1503101,31786.0,41.6158,30.4788,634.91,3.4556,16.47,0.3661,0.5005,0.509,0.51,0.777,0.333,36.1845,10498.83596551941,3.709125059103752,0.0,0
1503200,35797.0,69.4527,24.9518,718.26,4.597,10.06,0.9888,0.4952,0.595,0.579,0.743,0.49,30.8418,11609.380674358186,45.54424205103673,16.761181104561835,1
1503309,64831.0,44.5944,27.1629,617.29,5.9512,14.14,4.7976,0.4868,0.547,0.514,0.77,0.413,34.0827,10650.923169471394,32.46748043617832,33.934383242584566,1
1503408,10325.0,35.4383,25.3366,631.7,8.0266,11.06,0.6225,0.4181,0.572,0.55,0.748,0.456,27.995,16903.63196125908,21.84699696363771,19.37046004842615,1
1503457,30329.0,51.2117,26.2851,594.25,9.122,18.88,12.9025,0.4841,0.489,0.508,0.757,0.304,34.9911,20595.66751294141,5.815105008000107,46.160440502489365,1
1503507,30955.0,28.9388,24.8167,616.62,5.3493,14.25,9.4227,0.4609,0.559,0.536,0.763,0.427,34.4406,8971.054756905185,22.346808315568264,22.61347116782426,1
1503606,123314.0,87.0007,27.6814,1074.37,2.2355,8.96,4.4385,0.4684,0.64,0.644,0.8,0.51,15.5998,24955.34975752956,1.987573931612525,49.46721377945732,1
1503705,49754.0,57.3984,26.1125,636.27,5.0421,16.11,5.4362,0.4339,0.528,0.543,0.746,0.364,27.2633,16911.404108212406,6.313722225662589,36.17799573903606,1
1503754,24042.0,42.2178,28.6956,787.87,1.019,11.01,1.0617,0.5827,0.505,0.577,0.8,0.279,38.8519,26010.856001996504,0.4510308057492189,24.95632642874969,1
1503804,37707.0,89.376,23.916,905.18,4.919,13.03,10.4069,0.4674,0.622,0.628,0.752,0.509,19.2647,16314.9813032063,18.775272825771424,37.12838465006498,1
1503903,50881.0,58.5503,27.6528,713.05,11.1849,5.02,4.0499,0.5576,0.592,0.547,0.756,0.501,39.6786,28514.494605058862,6.125635666679509,15.722961419783417,1
1504000,29569.0,29.5411,29.9604,463.89,16.714,8.92,0.6409,0.5057,0.541,0.493,0.754,0.425,51.247,17001.758598532248,19.85354743929591,6.763840508640807,0
1504059,34353.0,81.0235,27.0864,786.61,4.2389,13.8,5.3286,0.4888,0.599,0.615,0.763,0.458,26.0837,9895.700521060751,73.1941168574661,55.30812447238961,1
1504109,8115.0,47.5293,22.4892,619.04,8.7162,7.91,0.521,0.5006,0.597,0.524,0.801,0.507,36.6741,12115.711645101665,25.04753321151662,0.0,0
1504208,266533.0,89.9397,26.6965,1137.5,4.9816,7.53,22.2012,0.5044,0.668,0.673,0.785,0.564,16.2118,50723.64397654325,17.618671019955748,47.64888400310655,1
1504307,25971.0,41.6349,24.9163,634.79,7.0818,8.48,4.225,0.5072,0.57,0.534,0.764,0.454,35.8309,11150.205998998885,32.15713174877543,11.551345731777753,0
1504406,26573.0,57.3853,22.3723,576.69,16.5884,7.25,5.5164,0.5035,0.609,0.57,0.76,0.521,39.7402,9908.328002107402,33.02532235513438,0.0,0
1504422,111785.0,99.7263,26.0223,883.71,11.1305,4.36,22.1965,0.4643,0.676,0.621,0.793,0.628,20.5617,23054.264883481683,1083.0410603212742,20.57521134320347,1
1504455,27094.0,39.6582,25.0314,763.1,2.4662,12.32,5.6505,0.4863,0.582,0.605,0.8,0.408,28.746,37781.24307964863,3.275137806856804,36.90854063630324,1
1504505,27881.0,34.6365,30.7163,476.85,7.4385,20.17,4.0595,0.5317,0.418,0.454,0.776,0.207,57.1197,7762.311251389835,4.116635394353029,14.346687708475304,1
1504604,27198.0,71.417,29.5206,694.48,7.6101,6.85,6.7114,0.5267,0.575,0.539,0.754,0.467,35.4251,16602.911978821972,31.220155010285044,80.888300610339,1
1504703,84094.0,39.4891,27.9806,626.33,7.0608,13.06,1.8148,0.4555,0.547,0.578,0.757,0.375,31.8637,15852.581634837206,9.247054613966204,29.72863700145076,1
1504752,23501.0,36.0112,24.7266,705.92,1.982,13.97,1.0163,0.4206,0.665,0.654,0.808,0.56,25.2373,12271.52036083571,4.711284710667258,0.0,0
1504802,60012.0,54.4125,25.9065,687.01,6.0939,9.25,0.748,0.5123,0.589,0.541,0.764,0.495,35.1586,13442.011597680465,3.3062052832181985,8.331666999933347,0
1504901,45368.0,43.1163,28.1608,505.26,12.328,9.73,1.3915,0.4905,0.547,0.54,0.775,0.391,44.9912,7458.781520014107,12.055239184948064,6.612590372068418,0
1504950,20478.0,62.1643,27.5173,535.3,5.5229,19.13,0.4315,0.4991,0.502,0.482,0.757,0.346,45.8649,17120.470749096592,7.292228637968517,68.36605137220432,1
1504976,13955.0,50.5195,23.7836,824.87,5.4419,17.68,8.2258,0.4997,0.581,0.59,0.766,0.435,23.8626,13788.032963095664,8.921584672902933,42.99534217126478,1
1505007,12806.0,71.0995,21.7632,709.95,3.2122,11.89,7.0395,0.5245,0.609,0.564,0.791,0.507,34.4863,11505.622364516632,26.14259000677756,62.47071685147587,1
1505031,33638.0,80.0612,26.1104,1274.42,1.3634,8.67,18.2931,0.46,0.673,0.709,0.828,0.519,13.3662,28869.284737499256,0.881452684755567,77.29353707116951,1
1505064,60732.0,53.825,26.7059,721.31,5.3483,15.13,8.2623,0.4846,0.537,0.557,0.741,0.376,28.2997,18378.515444905486,3.9439600756841338,51.04393071198051,1
1505106,52229.0,60.6923,25.6199,652.59,4.9193,8.64,1.0181,0.5188,0.594,0.556,0.756,0.499,38.7668,18482.433131019166,1.8646787803489155,9.573225602634553,0
1505205,33844.0,46.2977,29.0155,460.54,5.9361,12.81,0.2842,0.4996,0.507,0.502,0.754,0.344,50.5826,12369.51896938896,8.78542145440207,5.90946696607966,0
1505304,68294.0,69.3443,26.8179,727.72,8.2701,7.17,13.9619,0.5295,0.623,0.599,0.778,0.52,34.6909,33346.85331068615,0.6349376884997411,19.03534717544733,1
1505403,17855.0,60.9577,24.9902,694.89,3.7656,12.72,1.1462,0.5253,0.568,0.575,0.727,0.438,34.4265,11228.61943433212,31.78686510832992,28.003360403248397,1
1505437,32467.0,84.686,25.2379,935.72,3.5872,11.69,5.8761,0.49,0.624,0.653,0.795,0.467,22.8471,40102.07287399513,2.252999482948866,77.00126282071025,1
1505486,41097.0,46.1445,26.126,689.59,6.2712,14.66,0.4169,0.5092,0.515,0.541,0.746,0.338,35.893,21097.306372727937,3.4732824653282366,70.56476141810838,1
1505494,6885.0,68.6129,24.0378,856.12,13.2287,17.06,0.1818,0.4606,0.589,0.574,0.761,0.467,22.613,14331.590413943357,6.994378084485179,58.09731299927378,1
1505502,105550.0,91.0943,27.2525,992.06,6.2732,7.99,21.3416,0.4965,0.645,0.667,0.781,0.514,19.9117,40541.02321174799,5.456877099805533,44.52865940312648,1
1505536,267836.0,96.4116,27.0203,1321.92,4.8598,5.37,28.3368,0.4877,0.715,0.701,0.809,0.644,12.5735,185771.34888513864,38.89649303319191,29.869024328320315,1
1505551,6931.0,61.16,22.5076,882.09,7.0228,15.76,1.2584,0.4668,0.574,0.571,0.748,0.443,25.661,16555.475400375126,4.146778364239228,43.28379743182802,1
1505601,8285.0,60.1811,22.0036,756.62,2.8243,16.17,0.7126,0.4819,0.581,0.543,0.754,0.478,30.0181,8719.37235968618,18.40195102882121,36.210018105009055,1
1505635,12832.0,41.4433,24.4155,864.32,3.7267,13.24,0.4175,0.4398,0.563,0.561,0.792,0.402,17.2532,22799.71945137157,3.873573936450083,15.586034912718205,1
1505650,18668.0,43.1755,25.766,793.04,6.7166,8.89,0.1872,0.521,0.552,0.541,0.77,0.404,31.5804,17301.10349260767,2.602464729827692,10.713520462824084,0
1505700,24984.0,52.0413,26.9372,574.17,10.9718,10.53,9.3309,0.5576,0.562,0.558,0.773,0.412,45.8003,11003.162023695166,7.427440205746991,8.005123278898495,0
1505809,62503.0,48.3545,31.0001,508.31,4.2285,24.27,0.414,0.5045,0.483,0.513,0.767,0.286,48.4579,15117.674351631122,2.462089773489947,19.19907844423468,1
1505908,40597.0,48.9273,29.9973,484.97,5.7684,15.17,4.8538,0.5143,0.503,0.512,0.77,0.322,49.9692,9954.30696849521,2.3301706677677823,17.24265339803434,1
1506005,35577.0,52.0561,28.5381,451.71,4.9784,11.02,0.6627,0.4944,0.523,0.512,0.779,0.359,50.5948,12301.402591561964,2.4057712543435845,14.054023666975857,1
1506104,10851.0,66.3718,23.4264,716.9,4.2553,11.39,1.4739,0.5296,0.577,0.571,0.772,0.435,34.9283,29635.056676803983,41.842278786570056,0.0,0
1506112,11524.0,83.747,23.2732,649.32,2.2607,16.65,3.3982,0.4669,0.543,0.55,0.732,0.397,31.3151,10477.785491148908,38.08504028606743,8.677542519958347,0
1506138,85597.0,95.3655,25.7708,1295.2,4.0085,7.84,10.1099,0.4682,0.672,0.674,0.804,0.561,9.5458,29809.058728693763,22.38527081242813,47.89887496057105,1
1506161,18384.0,75.99,24.4887,1039.0,2.8394,11.09,1.5224,0.5067,0.638,0.651,0.804,0.495,17.199,32726.011749347257,4.467962709621066,70.71366405570062,1
1506187,53143.0,63.7356,26.3007,946.14,3.3421,14.91,3.4282,0.481,0.602,0.606,0.788,0.457,19.4653,13803.32310934648,6.444392542970904,47.04288429332179,1
1506195,35769.0,60.4909,25.3683,731.95,4.7,14.35,0.4626,0.4329,0.548,0.548,0.764,0.392,23.9778,13880.259442534038,5.0943405094283545,8.387150884844418,0
1506203,44772.0,91.8856,25.6321,875.11,4.67,7.66,10.3991,0.4702,0.647,0.628,0.798,0.541,20.6505,14327.54846779237,198.00106138333624,15.634771732332707,1
1506302,24129.0,73.8282,25.5543,723.4,6.9234,6.39,5.5202,0.5716,0.608,0.58,0.793,0.488,37.4495,8707.986240623317,26.26820370513509,16.577562269468274,1
1506351,21087.0,65.2724,23.5121,762.45,8.0362,7.07,2.926,0.4204,0.627,0.575,0.784,0.546,19.0196,11395.077535922606,75.81052222869346,33.19580784369517,1
1506401,7445.0,84.2176,30.8395,520.36,13.7667,7.44,15.6409,0.4276,0.557,0.483,0.775,0.461,37.2708,12885.963734049696,6.914954878642309,0.0,0
1506500,73019.0,80.349,27.4271,914.02,11.526,7.02,8.0918,0.4912,0.665,0.654,0.808,0.56,20.6515,12798.627754420082,101.74566857378542,31.49865103603172,1
1506559,20370.0,53.7653,26.3328,685.08,4.3622,15.85,0.808,0.4775,0.546,0.53,0.724,0.424,29.7731,9617.034855179185,15.12808744435582,24.545900834560623,1
1506583,16548.0,49.432,23.3563,1175.42,3.2193,12.39,1.8413,0.5006,0.544,0.555,0.783,0.37,11.9367,64780.63814358231,1.6019029228242512,30.21513173797437,1
1506609,24624.0,69.3632,24.602,793.59,7.2044,15.16,7.8251,0.4775,0.598,0.595,0.764,0.471,26.2961,15084.348602988954,53.79661105819228,8.122157244964262,0
1506708,32413.0,79.6563,24.9252,1137.95,3.5266,10.31,7.5712,0.4817,0.602,0.591,0.774,0.478,14.7988,42620.73859254003,2.7962873640990797,52.448091815012496,1
1506807,331942.0,79.6847,26.8523,1024.3,4.2465,4.24,11.1196,0.5239,0.691,0.632,0.807,0.648,21.2232,19243.22321369396,18.545035269099163,11.74904049502624,0
1506906,6116.0,31.2296,24.5749,743.73,15.8798,10.46,1.0199,0.459,0.587,0.52,0.774,0.502,25.078,9803.956834532371,26.64807633654307,0.0,0
1507003,27461.0,66.7019,23.9066,697.67,8.1535,8.73,1.953,0.4694,0.632,0.598,0.753,0.561,28.0461,17305.48778267361,51.07901893165779,21.8491679108554,1
1507102,16666.0,55.3822,23.5209,611.22,6.054,7.77,6.9732,0.5254,0.585,0.552,0.767,0.473,40.5751,10979.659186367457,35.90525803268658,12.000480019200769,0
1507151,21092.0,70.5955,25.422,922.63,3.4707,14.56,1.3676,0.4789,0.594,0.629,0.738,0.451,17.9583,17006.96946709653,15.14724976731894,47.41134079271762,1
1507201,30599.0,30.4258,27.4715,520.37,7.9676,15.06,1.028,0.4648,0.532,0.509,0.773,0.382,43.4834,14314.19327429001,18.14064199814437,6.536161312461191,0
1507300,65418.0,59.7909,25.519,980.71,3.1833,11.77,2.8124,0.4696,0.594,0.638,0.798,0.411,19.5006,30700.556421779936,0.7768168442505027,67.25977559693051,1
1507409,14894.0,49.9664,23.1704,681.98,2.8482,10.06,13.1542,0.4738,0.608,0.571,0.785,0.502,31.2508,17737.746743655163,31.065344849522678,40.28467839398415,1
1507458,24255.0,69.8536,24.8897,852.58,4.4308,12.26,23.2914,0.4511,0.595,0.594,0.793,0.447,20.7119,29285.59059987632,7.655302752942187,28.86002886002886,1
1507466,4430.0,19.7743,22.1445,566.06,7.5829,8.64,11.4698,0.4657,0.583,0.522,0.767,0.495,40.9255,12940.40632054176,22.6115007298972,22.57336343115124,1
1507474,20689.0,63.4637,23.8484,624.11,9.7147,12.95,2.7926,0.4873,0.539,0.529,0.753,0.393,34.5852,8793.99680989898,30.968867972541307,29.000918362414808,1
1507508,13664.0,39.6809,23.1923,684.94,10.6767,18.26,14.123,0.4781,0.55,0.53,0.741,0.424,27.3981,13663.27576112412,10.675925802940723,58.5480093676815,1
1507607,52894.0,71.5506,26.5172,739.47,4.1525,10.38,5.0756,0.4746,0.591,0.582,0.752,0.471,26.8018,14982.984837599728,48.32422012397619,13.234015200211743,1
1507706,25643.0,43.9106,28.6667,541.45,5.9412,9.48,2.1341,0.4998,0.558,0.52,0.76,0.439,44.1051,9542.097258511094,15.710206334687497,11.69909916936396,0
1507755,5847.0,81.4777,27.1934,780.97,2.5615,12.59,1.5766,0.4456,0.59,0.639,0.792,0.405,22.7398,24122.62698819908,4.503963210315901,17.10278775440397,1
1507805,22576.0,39.7015,25.6423,627.7,8.7922,15.58,0.354,0.4947,0.514,0.533,0.754,0.338,37.0117,10897.501771793057,1.5656123402097253,22.14741318214033,1
1507904,24204.0,93.1375,25.5288,728.05,3.5016,6.06,1.2565,0.5301,0.615,0.583,0.76,0.525,34.8065,9979.548834903322,8.470788832585729,20.657742521897205,1
1507953,72493.0,86.727,29.0869,829.7,6.3674,10.99,5.179,0.4687,0.588,0.583,0.776,0.45,21.8843,17808.850509704385,16.362346537404438,60.69551542907592,1
1507961,10400.0,56.8077,23.4038,729.04,12.4081,7.07,0.3577,0.483,0.605,0.555,0.743,0.536,28.7019,7972.9807692307695,50.7391325559838,19.23076923076923,1
1507979,18782.0,86.5669,25.7534,692.2,4.4243,5.15,12.9052,0.4674,0.635,0.602,0.763,0.558,28.222,27646.57650942392,9.906724251061776,5.324246619103397,0
1508001,67585.0,63.338,27.0385,710.04,5.8898,11.05,3.734,0.4523,0.586,0.596,0.798,0.424,25.9543,15383.901753347636,13.135132792431865,36.99045646223275,1
1508035,28595.0,35.5761,24.5323,536.71,3.4644,15.24,0.6181,0.481,0.531,0.514,0.776,0.376,43.6426,9966.917293233082,32.9425995795052,13.98845952089526,1
1508050,15242.0,61.6651,26.2039,964.72,3.345,11.74,0.064,0.4688,0.562,0.594,0.763,0.392,16.1841,21475.52814591261,1.271110996210935,104.97310064296023,1
1508084,39550.0,86.263,25.6814,1120.97,2.9476,11.14,2.2612,0.481,0.659,0.67,0.813,0.525,16.4097,24880.80910240202,15.740704626374177,73.32490518331225,1
1508100,91306.0,93.7069,26.5065,1124.55,7.2723,7.81,14.6423,0.5111,0.666,0.675,0.8,0.548,16.1063,61473.88999627626,43.80682698687849,37.23742141808863,1
1508126,37972.0,69.7514,27.3991,718.62,7.1336,12.64,10.9897,0.44,0.604,0.682,0.759,0.425,21.858,52550.90593068577,7.462363917784292,44.76983040134836,1
1508159,43558.0,58.9513,25.9401,840.09,4.7271,11.22,7.6237,0.4782,0.589,0.609,0.798,0.42,24.4642,17769.50273198953,4.036362288488983,75.76105422654851,1
1508209,50832.0,77.8958,24.2229,699.55,4.2972,7.53,6.2821,0.4537,0.617,0.594,0.768,0.516,26.6171,9372.973717343406,126.57717218350103,19.67264715140069,1
1508308,58692.0,51.0052,27.0565,515.8,4.4072,16.96,4.2008,0.4963,0.515,0.482,0.776,0.366,47.2699,10528.589927076944,11.802283399585276,22.149526340898248,1
1508357,15607.0,55.7442,25.7192,838.42,6.852,12.7,7.5418,0.4692,0.596,0.594,0.792,0.451,24.432,271046.6457358877,5.051565978980023,25.62952521304543,1
1508407,52893.0,87.7054,26.3135,1187.19,3.1479,8.79,4.9106,0.4642,0.646,0.671,0.8,0.503,11.0384,30331.745221484885,13.995271142006503,28.359140150870623,1
1600055,4673.0,58.2281,27.2844,1096.98,10.2032,5.02,38.1232,0.4322,0.709,0.659,0.783,0.692,13.0087,19717.312219131178,0.6058566226624346,21.39952921035737,1
1600105,7943.0,83.4823,26.2621,841.51,8.4728,9.35,8.2725,0.4923,0.642,0.631,0.79,0.532,25.5201,20084.0992068488,0.9394612273245428,25.17940324814302,1
1600154,12847.0,66.9962,26.5276,885.6,12.2227,8.07,2.8571,0.4676,0.626,0.628,0.779,0.502,21.6743,35287.07091149685,1.3351291636398404,38.91959212267456,1
1600204,10612.0,83.1323,25.9518,827.69,10.6819,8.84,0.252,0.4864,0.643,0.636,0.759,0.55,26.2262,17607.614021862042,0.7517019724101576,75.38635506973237,1
1600212,4461.0,63.5059,27.0567,642.81,19.1283,8.88,1.0381,0.4772,0.628,0.576,0.76,0.566,31.0844,21293.88029589778,2.047162287057951,0.0,0
1600238,6666.0,70.8971,25.0825,758.6,9.4918,6.82,1.0579,0.5264,0.656,0.635,0.82,0.542,35.0189,86819.23192319232,1.3402079473567283,60.00600060006001,1
1600253,5599.0,48.4015,26.469,628.24,3.1196,9.55,0.8817,0.4866,0.576,0.528,0.758,0.477,36.2743,15695.302732630827,3.450067072655985,0.0,0
1600279,35114.0,91.9434,27.0889,867.35,6.3415,10.04,3.746,0.5258,0.665,0.641,0.801,0.573,27.0029,32310.30358261662,1.149684810736486,28.478669476562057,1
1600303,442933.0,94.5515,27.2441,1313.17,8.9731,4.7,16.9061,0.555,0.733,0.723,0.82,0.663,19.492,29210.040796237805,67.48068092364709,26.86636579347215,1
1600402,21924.0,50.8575,29.137,650.57,10.5929,11.76,4.5292,0.5408,0.592,0.609,0.758,0.449,41.3235,17103.95000912242,1.6490685290119174,4.561211457763181,0
1600501,27482.0,67.8917,28.2185,846.41,2.0079,6.67,2.1446,0.5139,0.658,0.693,0.779,0.527,26.8755,19250.527618077285,1.1918524167342637,36.387453605996654,1
1600535,17848.0,67.6883,25.846,889.05,8.344,9.43,1.5962,0.495,0.64,0.61,0.777,0.554,27.077,20969.57642312864,4.030701806882681,16.808606006275213,1
1600550,3803.0,45.1486,25.2958,639.24,1.2281,9.41,0.1095,0.5045,0.614,0.539,0.79,0.544,40.9391,22240.07362608467,0.7685144694117904,0.0,0
1600600,107618.0,95.9245,28.0882,1029.14,9.4295,7.05,5.0427,0.4831,0.692,0.654,0.794,0.638,17.5578,23350.331728892936,69.82627455433179,39.95614116597595,1
1600709,12945.0,56.0216,25.168,669.0,6.3119,10.34,1.4453,0.5631,0.592,0.553,0.794,0.473,40.4353,20167.63229045964,1.9365102872901647,23.17497103128621,1
1600808,11291.0,79.9663,28.0046,656.35,5.8962,12.73,5.6221,0.4943,0.619,0.587,0.781,0.517,33.8847,20981.046851474624,4.500236948974065,8.856611460455229,0
1700251,2576.0,58.1522,21.0404,1103.87,1.6546,14.35,1.0811,0.4617,0.665,0.7,0.835,0.502,13.1313,43530.66770186336,1.3513123624622632,0.0,0
1700301,4497.0,83.3,24.7721,969.45,1.7376,8.66,31.8056,0.4396,0.657,0.618,0.804,0.571,12.9506,36797.86524349566,18.9913510591574,0.0,0
1700350,5147.0,84.5153,21.6825,962.77,5.8577,10.96,1.6739,0.4221,0.663,0.61,0.801,0.596,14.1966,119792.30619778512,3.2555365310161486,19.428793471925395,1
1700400,6499.0,81.4587,23.2343,901.21,4.0034,16.47,0.4329,0.3995,0.636,0.616,0.796,0.524,14.0297,42120.48007385752,1.6218501319640484,15.386982612709648,1
1700707,8802.0,94.4558,23.4492,1420.73,2.4927,8.68,1.7611,0.4217,0.708,0.677,0.843,0.623,5.3786,53864.0081799591,7.291246445289558,11.361054305839582,0
1701002,10325.0,75.2252,24.6489,905.85,6.9561,13.15,43.2118,0.4425,0.671,0.621,0.804,0.605,16.5815,15473.995157384988,6.530437213562058,9.685230024213077,0
1701051,2876.0,69.3672,21.4882,864.48,14.0572,9.08,1.2304,0.4092,0.648,0.576,0.773,0.612,18.2008,16785.813630041725,6.426112001144009,34.770514603616135,1
1701101,4856.0,73.6614,21.6227,1086.79,3.1847,10.9,1.2055,0.4425,0.651,0.593,0.791,0.588,11.5846,52700.1647446458,4.189695901932126,0.0,0
1701309,5290.0,48.034,19.6219,948.87,4.3998,17.44,0.7088,0.4443,0.593,0.611,0.739,0.461,16.0136,18608.884688090737,4.52828379756089,37.80718336483932,1
1701903,5927.0,47.6126,20.6344,1126.54,2.7273,10.68,32.7996,0.4821,0.639,0.587,0.805,0.553,10.867,40534.165682470055,2.1362369143324664,0.0,0
1702000,8133.0,67.9454,20.0295,1309.8,8.5661,11.18,0.4915,0.4578,0.675,0.642,0.796,0.602,9.0016,42917.74253043158,1.5776233152280708,12.295585884667403,1
1702109,171301.0,97.2394,25.9187,1450.2,4.7732,6.29,28.364,0.5005,0.752,0.727,0.821,0.712,9.4972,30583.884507387585,42.775576861369736,27.43708443033024,1
1702158,4310.0,67.0998,23.3411,882.97,3.2699,12.5,13.7602,0.4115,0.604,0.617,0.756,0.473,16.0698,23632.94663573086,5.162703004429623,46.40371229698376,1
1702208,31918.0,71.0571,25.5874,968.04,4.3147,12.74,0.9011,0.5001,0.631,0.604,0.793,0.525,22.2177,16582.805940221817,12.121014188399403,31.330283852371704,1
1702307,5550.0,78.5045,22.8468,1063.76,3.4339,12.15,4.9439,0.4681,0.68,0.645,0.81,0.601,13.4045,58472.61261261261,3.5619438072879297,0.0,0
1702406,10287.0,69.2038,22.3583,1165.13,6.51,16.2,1.0196,0.5151,0.651,0.636,0.829,0.523,17.1342,21707.98094682609,1.7726778084415444,29.163021289005545,1
1702554,17484.0,86.4162,25.8865,995.19,6.7119,12.52,11.7699,0.524,0.67,0.614,0.793,0.619,20.6099,17451.2697323267,44.967979218641496,45.75611988103409,1
1702703,3342.0,67.9533,19.8683,988.14,6.6038,14.81,1.8068,0.4927,0.677,0.676,0.804,0.57,19.5568,17596.05026929982,4.800386099276926,29.92220227408737,1
1702901,10262.0,82.5473,25.229,729.12,6.6342,15.57,43.8079,0.4704,0.627,0.595,0.733,0.566,26.681,13748.976807639836,66.83643895036441,9.744689144416292,0
1703008,7880.0,52.0558,19.7843,877.11,10.4991,15.43,2.6473,0.4632,0.642,0.589,0.792,0.568,20.5206,20144.79695431472,4.40150433140423,25.38071065989848,1
1703057,3407.0,61.2269,24.5377,1113.71,1.6456,9.74,0.6891,0.3909,0.638,0.57,0.797,0.571,7.9304,52437.33489873789,2.21156074392048,29.3513354857646,1
1703073,4476.0,74.4191,25.6032,750.89,1.1732,13.76,1.5407,0.4367,0.603,0.557,0.76,0.517,22.4458,25303.842716711348,4.047601823048542,22.34137622877569,1
1703107,4846.0,84.0487,20.7594,1073.11,2.7218,12.85,0.6845,0.4028,0.642,0.6,0.817,0.541,9.633,25178.704085843998,6.945091356757849,61.90672719768881,1
1703206,4229.0,51.6434,21.2107,1113.41,6.9855,12.94,0.1974,0.455,0.638,0.606,0.748,0.573,12.698,24280.91747458028,4.576616939651208,0.0,0
1703305,4038.0,80.0396,24.6409,1047.77,2.4072,9.88,1.1219,0.4921,0.66,0.621,0.833,0.555,17.9049,34524.51708766716,3.043075571217238,0.0,0
1703602,1974.0,64.8936,20.922,945.34,6.7909,11.56,6.6763,0.4324,0.684,0.64,0.831,0.601,15.744,38315.09625126646,3.056162797178545,0.0,0
1703701,4725.0,79.4497,19.1746,889.67,1.7363,13.17,15.7987,0.4196,0.686,0.635,0.82,0.619,17.7143,57766.13756613757,2.742962631850876,21.164021164021165,1
1703800,10307.0,76.6469,24.8278,665.2,5.0288,18.19,2.9113,0.3932,0.627,0.575,0.713,0.601,25.6261,15682.64286407296,40.78265342460333,9.702144173862424,0
1703826,1961.0,77.2565,22.0806,763.82,3.3445,14.31,10.815,0.4152,0.627,0.548,0.762,0.59,21.4176,29855.6858745538,5.578391909767164,0.0,0
1703842,8653.0,71.8017,28.129,912.29,3.3972,10.5,0.4134,0.4768,0.544,0.578,0.738,0.377,17.8385,116136.7155899688,2.6752657720258037,11.556685542586386,0
1703867,4007.0,62.1912,23.7085,1174.15,0.9259,10.0,3.5156,0.3832,0.662,0.639,0.826,0.549,9.2287,129202.64537060144,3.557695124972143,49.91265285749938,1
1703883,2201.0,83.5075,23.1259,982.1,5.6,13.96,0.6693,0.413,0.64,0.621,0.81,0.521,11.0404,31450.249886415266,6.485623191480585,0.0,0
1703891,3318.0,45.5998,24.5027,590.1,6.1475,20.61,2.2727,0.4029,0.594,0.543,0.728,0.531,28.5112,15238.396624472574,17.430864923930404,30.13863773357444,1
1703909,4847.0,63.3175,23.1277,1047.86,3.8482,8.88,0.4911,0.4569,0.658,0.647,0.825,0.534,14.801,80357.54074685373,2.885095005160672,20.631318341242007,1
1704105,2131.0,64.8053,21.3515,860.47,14.0244,12.13,0.6477,0.4499,0.569,0.571,0.7,0.461,20.1783,30294.22806194275,1.0910669723633917,46.92632566870014,1
1704600,1501.0,63.6909,17.7881,927.68,2.993,14.9,0.7105,0.3353,0.619,0.619,0.726,0.529,10.3931,26531.645569620254,2.279201413985581,0.0,0
1705102,3117.0,57.7799,22.2329,809.82,2.2078,14.27,0.5837,0.4685,0.62,0.59,0.814,0.497,22.508,47793.71190247032,1.8996448754992128,32.08213025344883,1
1705508,34233.0,96.4508,25.2154,1378.65,4.1053,8.45,76.6015,0.4758,0.701,0.69,0.814,0.614,8.39,25184.441912774226,40.6332197016456,32.132737417112146,1
1705557,4756.0,85.7233,22.1405,1156.96,5.494,9.66,0.2872,0.4633,0.697,0.649,0.815,0.639,11.2167,16089.991589571067,22.77875962086489,0.0,0
1705607,3887.0,72.7811,22.7682,966.54,4.3056,16.76,10.0386,0.4351,0.592,0.588,0.739,0.478,14.3853,17450.21867764343,1.5359708406585353,0.0,0
1706001,5331.0,51.3412,21.2343,878.4,17.2303,12.06,1.084,0.4674,0.605,0.574,0.76,0.508,21.1217,38167.88595010317,3.365113912672422,18.758206715438003,1
1706100,6371.0,81.5728,18.2389,1299.17,2.5624,9.92,0.9378,0.4557,0.673,0.663,0.805,0.57,7.3992,27828.284413749803,3.4423882209914898,78.48061528802386,1
1706258,1470.0,67.6871,20.068,1034.63,3.6923,8.41,0.5906,0.3807,0.644,0.603,0.798,0.555,9.9795,53500.0,1.49425778081373,0.0,0
1706506,5827.0,73.1938,23.7858,865.8,5.1452,9.07,29.0955,0.4009,0.581,0.597,0.764,0.429,15.5211,41519.13506092329,3.5492182217972066,85.8074480864939,1
1707009,17739.0,87.4063,24.4602,1143.3,6.908,9.89,4.0915,0.5035,0.701,0.673,0.822,0.624,13.9271,36350.92169795367,5.346141489662439,5.63729635266926,0
1707108,7024.0,74.6298,21.2415,1231.09,2.6688,9.76,1.4607,0.4628,0.683,0.667,0.816,0.585,9.4477,35483.342824601365,2.978439389352079,42.710706150341686,1
1707207,6327.0,48.0639,18.8557,1097.58,3.0616,12.36,0.917,0.4063,0.583,0.551,0.813,0.442,9.4244,34162.95242611032,1.6882602274228216,15.8052789631737,1
1707306,4248.0,67.8672,20.3861,1188.81,2.7425,9.09,0.9225,0.3999,0.679,0.654,0.846,0.566,7.4524,48202.68361581921,1.241866694029831,0.0,0
1707405,7530.0,77.3041,24.8473,723.55,6.4848,18.41,34.7864,0.4867,0.57,0.495,0.715,0.524,32.4037,15766.799468791502,14.876277967106237,39.8406374501992,1
1707553,3467.0,84.5399,22.1229,1181.37,2.9345,9.32,23.0318,0.5258,0.697,0.653,0.813,0.638,13.1465,25699.45197577156,9.11473737620704,0.0,0
1707652,5211.0,79.5433,19.6315,1201.32,0.7058,10.1,2.2587,0.4395,0.689,0.664,0.822,0.6,8.4951,49271.15716753023,2.692036871244593,19.190174630589137,1
1707702,7712.0,65.223,20.9155,922.76,4.5825,12.67,2.1518,0.486,0.621,0.578,0.792,0.522,21.875,16769.061203319503,3.872928570782892,38.90041493775934,1
1708205,18881.0,71.2356,22.5041,1174.54,3.0346,9.53,2.8651,0.5008,0.67,0.64,0.801,0.587,15.234,74892.11376516074,1.405687566302242,47.666966792013135,1
1708254,3455.0,78.3502,25.0072,1092.33,1.4124,9.5,0.1747,0.4172,0.665,0.654,0.808,0.56,11.7221,67408.97250361794,5.53275374201514,28.94356005788712,1
1708304,4738.0,60.7218,22.2035,1104.48,0.8772,13.21,0.5322,0.4452,0.621,0.598,0.805,0.497,11.2144,40840.439003799074,2.636280629791752,21.10595187842972,1
1709005,12433.0,55.1355,24.2661,803.98,3.9601,16.65,3.842,0.5236,0.576,0.541,0.765,0.462,32.4187,18573.47381967345,1.9381603237240612,8.043111075363951,0
1709302,24775.0,91.6529,23.6327,1406.97,2.6409,6.39,51.3985,0.4983,0.741,0.724,0.839,0.67,7.9109,35535.943491422804,11.759802881495837,8.072653884964684,0
1709500,85125.0,97.6505,24.0787,1665.16,2.8673,4.16,41.4389,0.4825,0.759,0.736,0.843,0.706,6.4732,31112.129221732743,46.1591268455517,21.145374449339208,1
1709807,1590.0,53.0818,19.1195,1060.8,1.0753,15.4,0.1776,0.502,0.62,0.576,0.797,0.518,17.0978,30045.283018867925,1.936304119091228,0.0,0
1710508,6819.0,59.9355,22.5986,951.97,2.9637,12.17,34.9375,0.4987,0.612,0.585,0.798,0.491,23.7425,27314.855550667253,2.237789133907674,29.32981375568265,1
1710706,5172.0,55.9745,20.9203,850.59,5.136,15.25,35.8209,0.4809,0.616,0.572,0.799,0.511,24.2459,15972.737819025522,7.083349882149602,0.0,0
1710904,3577.0,66.0889,22.0296,933.46,0.8914,11.38,0.314,0.3973,0.601,0.611,0.796,0.446,11.6578,47951.35588481968,2.8699826453104227,83.86916410399776,1
1711100,2404.0,65.4742,21.8386,1076.92,5.6553,10.26,0.2433,0.3932,0.65,0.613,0.842,0.531,9.0756,29109.81697171381,2.4788769573744527,0.0,0
1711506,3334.0,40.2819,18.5363,1033.94,2.1475,11.48,0.5659,0.3604,0.662,0.672,0.815,0.529,7.1386,29353.629274145173,1.5383898401671094,29.99400119976005,1
1711803,2243.0,53.9902,21.8457,791.63,4.5005,13.71,32.5516,0.3825,0.584,0.563,0.742,0.478,16.0499,19792.688363798483,4.639550565516329,0.0,0
1711902,15288.0,75.2747,25.9942,1229.28,1.2563,7.21,1.625,0.5147,0.627,0.63,0.787,0.496,15.0318,65309.06593406593,1.4472913036328734,78.49293563579279,1
1711951,3516.0,71.3879,24.6871,777.8,6.9786,15.03,7.1161,0.4255,0.579,0.543,0.758,0.471,21.7292,25434.869169510806,3.8316013390988974,0.0,0
1712009,3357.0,72.4754,20.852,1306.33,1.4526,6.4,4.2955,0.5084,0.675,0.673,0.798,0.573,9.0582,19185.284480190647,10.546919181129278,29.78850163836759,1
1712157,1626.0,65.7442,20.5412,904.21,5.28,17.23,0.8532,0.4145,0.66,0.598,0.775,0.62,14.6371,23290.28290282903,3.4743144318662584,0.0,0
1712405,2999.0,72.8243,21.3071,912.48,3.6817,18.56,0.8105,0.5708,0.57,0.584,0.765,0.415,28.2565,22118.03934644881,0.5246087693804806,0.0,0
1712454,2717.0,73.6106,21.4207,658.43,0.3871,11.63,0.6897,0.4659,0.639,0.593,0.726,0.605,35.4731,26198.012513801987,9.650390881677044,36.8052999631947,1
1712504,4615.0,55.9263,22.9686,1221.45,0.935,8.75,0.941,0.4153,0.631,0.63,0.792,0.504,5.7137,54676.2730227519,2.2085830850771093,21.668472372697725,1
1712702,2748.0,56.4774,27.2562,775.8,5.1232,15.69,2.0962,0.4733,0.607,0.586,0.823,0.463,25.7492,91834.06113537116,0.2865702123612499,0.0,0
1712801,3095.0,59.2569,22.7787,810.37,3.413,15.77,0.7014,0.4975,0.58,0.542,0.724,0.498,28.7423,18064.943457189016,4.203432554260949,32.31017770597739,1
1713205,18566.0,82.7642,23.0691,1345.89,3.807,8.26,3.4093,0.5107,0.684,0.675,0.82,0.579,12.0574,34579.500161585696,6.969886381767024,75.40665733060433,1
1713304,12701.0,89.6622,22.4077,1172.19,1.5283,8.5,1.1369,0.4372,0.662,0.633,0.804,0.571,10.2275,30731.83213920164,12.291674933054358,31.49358318242658,1
1713601,5694.0,49.4029,19.4064,1018.53,1.6848,15.73,0.4666,0.4842,0.622,0.608,0.808,0.489,16.1801,52035.12469265894,1.5811374248341874,17.562346329469616,1
1713700,2396.0,55.0918,18.5726,969.74,1.459,10.42,1.2472,0.3981,0.62,0.572,0.76,0.547,9.4521,31303.839732888147,2.233158110576744,83.47245409015025,1
1713809,4872.0,59.3801,22.7217,812.99,2.3346,14.8,0.6439,0.4239,0.628,0.586,0.81,0.522,18.165,19572.454844006566,6.553610606303142,0.0,0
1713957,3367.0,54.2026,22.4532,925.82,4.0712,12.29,0.4244,0.4166,0.596,0.543,0.745,0.524,15.091,20631.125631125637,2.819064141035259,0.0,0
1714203,8754.0,83.1391,21.7843,1184.27,0.6466,12.16,0.9474,0.4855,0.673,0.646,0.847,0.556,10.7956,28254.51222298378,2.700458282022364,34.27004797806717,1
1714302,4521.0,44.415,20.7697,810.68,3.5494,15.67,0.5225,0.4305,0.643,0.584,0.792,0.576,23.0038,12859.765538597656,11.416753157220889,22.119000221190003,1
1714880,10367.0,74.5635,23.0057,916.26,3.6956,10.94,0.8814,0.4125,0.631,0.614,0.765,0.535,15.9054,30897.173724317545,6.612307170274404,96.45992090286484,1
1715002,3362.0,82.6889,20.0476,1068.55,1.5115,8.86,0.7712,0.4454,0.661,0.582,0.791,0.628,15.0239,30016.359309934563,6.530805705616453,0.0,0
1715101,3969.0,82.2625,22.4238,1024.13,1.8315,8.64,0.6767,0.5151,0.639,0.618,0.797,0.53,16.6919,21346.182917611488,1.4819311926913796,25.195263290501387,1
1715150,1846.0,74.7021,17.0639,1123.63,3.6936,13.14,22.0056,0.502,0.699,0.642,0.812,0.654,16.2778,19242.1451787649,9.211025287906912,0.0,0
1715259,2230.0,75.0224,23.6771,876.15,4.2353,17.78,0.142,0.3997,0.596,0.559,0.73,0.52,15.5485,19135.42600896861,1.8370647165771608,89.68609865470852,1
1715507,1164.0,84.4502,20.0172,925.74,2.6455,13.91,1.7588,0.4085,0.675,0.627,0.798,0.614,14.5189,25317.01030927835,5.561607705980162,0.0,0
1715705,4798.0,40.4752,21.6757,862.06,4.3584,14.15,0.1203,0.4587,0.571,0.564,0.756,0.436,21.1976,38630.47102959567,1.8184815792515725,0.0,0
1715754,6975.0,84.0143,21.448,1242.87,2.9588,9.64,0.5538,0.4548,0.673,0.652,0.817,0.571,11.2552,24389.67741935484,4.081379488712865,14.336917562724016,1
1716109,52360.0,96.6749,24.2819,1526.29,3.3468,4.45,19.7386,0.4898,0.764,0.759,0.831,0.706,8.7105,28909.339190221544,40.51794249949894,13.368983957219251,1
1716208,10542.0,59.059,21.4286,977.59,2.82,16.94,0.7902,0.4975,0.595,0.588,0.777,0.461,19.9123,29918.1369759059,0.939792231211354,18.97173211914248,1
1716307,4043.0,69.3792,21.4939,933.91,1.4947,13.24,1.6035,0.4618,0.661,0.621,0.792,0.587,17.1407,22549.83922829582,2.939185824444168,74.20232500618353,1
1716505,14055.0,91.8392,24.7456,1441.4,2.4636,8.3,1.8569,0.4914,0.732,0.699,0.846,0.664,10.1179,60382.14158662398,6.959450493078677,7.114905727499111,0
1716604,9317.0,48.9428,19.4591,1080.34,7.2437,14.26,23.5518,0.4502,0.674,0.679,0.812,0.555,12.0892,78773.10293012773,1.7567273020726253,21.46613716861651,1
1716653,4921.0,51.8797,21.6623,1002.46,4.8654,13.52,32.5516,0.4359,0.627,0.589,0.806,0.518,13.3713,21866.693761430604,4.080031970337894,81.2842918106076,1
1716703,8941.0,72.0277,21.9662,1172.54,4.592,11.18,1.5581,0.4396,0.671,0.645,0.816,0.574,10.6849,20444.69298736159,7.700920734175689,11.184431271669837,0
1717008,4478.0,64.7387,21.8624,787.79,11.4994,13.49,1.8121,0.4224,0.605,0.579,0.733,0.521,20.1925,18983.02813756141,2.869499298645158,66.99419383653417,1
1717206,2282.0,48.0719,19.0622,857.47,0.2886,16.46,0.3783,0.3662,0.621,0.593,0.792,0.511,13.1926,39412.79579316389,1.6737420530257912,87.64241893076249,1
1717503,7128.0,53.367,20.9877,1037.53,3.0581,11.23,0.2527,0.4247,0.65,0.633,0.822,0.527,12.3099,50773.70931537599,0.7125471170281666,14.029180695847364,1
1717800,4220.0,55.1185,20.4028,817.92,16.6346,17.04,2.0253,0.523,0.603,0.589,0.82,0.455,24.887,15677.251184834124,2.455214159254965,0.0,0
1717909,7586.0,68.0596,22.3306,906.89,3.7874,12.1,0.4804,0.5053,0.624,0.587,0.779,0.531,25.259,15972.844713946744,1.159435706645954,13.18217769575534,1
1718006,2866.0,73.9358,23.0635,881.18,18.9939,13.99,32.5516,0.4338,0.645,0.586,0.785,0.584,15.806,16414.16608513608,5.656017066725608,34.89183531053733,1
1718204,64418.0,89.7498,23.0727,1349.96,4.2226,5.76,48.7714,0.475,0.74,0.699,0.826,0.701,9.8315,56652.19348629265,14.525963541901556,24.837778260734577,1
1718303,9044.0,60.2278,25.8182,721.44,15.0321,14.83,25.9169,0.4341,0.583,0.526,0.73,0.517,20.3409,10298.4298982751,30.04661145053638,33.171163202122955,1
1718402,3047.0,84.8704,21.5294,1017.64,1.7529,10.22,1.0319,0.3829,0.669,0.628,0.82,0.582,9.2075,21386.609780111587,3.948343691202463,65.63833278634722,1
1718451,2193.0,80.2098,23.2102,912.8,3.9146,10.46,1.0191,0.4594,0.669,0.621,0.809,0.595,22.0238,37694.02644778842,5.466455951781522,45.59963520291838,1
1718501,3421.0,52.9085,23.4142,723.11,1.9231,22.48,0.2876,0.5373,0.5,0.49,0.738,0.345,37.8735,26740.71908798597,1.544003188201848,58.46243788365975,1
1718550,3960.0,45.101,22.1717,708.06,1.3195,15.69,0.6354,0.3722,0.572,0.503,0.76,0.49,20.258,17307.070707070707,7.732019150415109,0.0,0
1718659,1768.0,90.724,24.6606,913.38,7.4074,11.02,0.5282,0.431,0.608,0.557,0.718,0.561,15.1394,16483.031674208145,2.090271841744668,0.0,0
1718709,2738.0,58.656,21.5486,916.21,2.0115,13.38,0.4162,0.4062,0.616,0.588,0.795,0.501,12.9657,31383.491599707817,3.231612678591451,0.0,0
1718758,4841.0,41.8302,19.7273,987.98,1.9387,13.16,1.0817,0.4715,0.6,0.574,0.779,0.482,16.1124,23020.656889072507,0.7628091989022228,20.65688907250568,1
1718808,4215.0,83.5113,26.121,832.94,8.3586,16.22,20.9729,0.4626,0.606,0.546,0.691,0.59,19.9284,34605.693950177934,18.949355991638008,0.0,0
1718840,3723.0,56.0838,20.0645,1043.85,2.3907,10.64,8.4668,0.4683,0.659,0.626,0.791,0.578,12.2267,31355.35858178888,1.053142242092593,0.0,0
1718865,7216.0,66.4634,24.3902,1011.88,4.6216,12.29,0.381,0.4223,0.616,0.604,0.804,0.482,12.5245,24380.127494456763,4.317754671833293,0.0,0
1718881,2680.0,68.6567,20.3358,915.7,3.1893,9.71,0.6508,0.4284,0.634,0.6,0.784,0.543,18.8209,52100.74626865672,1.8975896363283624,37.3134328358209,1
1718899,2219.0,45.1555,22.2623,1145.36,3.2096,10.13,0.7692,0.3929,0.651,0.63,0.83,0.527,7.2464,81240.6489409644,0.6762730558368704,45.06534474988734,1
1718907,4653.0,71.5237,22.8025,848.41,1.4892,13.27,0.9579,0.4334,0.595,0.574,0.78,0.471,21.5775,66126.15516870836,2.578287857278219,0.0,0
1719004,2781.0,65.9115,22.5458,942.39,0.7018,12.7,1.4068,0.4126,0.662,0.618,0.817,0.575,12.7292,17295.217547644734,5.154667838097834,35.95828838547285,1
1720002,2406.0,62.0116,21.3633,793.1,1.5965,13.4,32.5516,0.4655,0.637,0.583,0.758,0.584,21.5295,17427.68079800499,8.777690219770598,0.0,0
1720101,5654.0,57.1277,24.0891,750.11,6.0009,13.05,2.0528,0.3935,0.605,0.595,0.736,0.506,18.6034,13015.56420233463,5.141963295076303,35.373187124159884,1
1720150,1783.0,71.3965,25.687,1195.77,2.9308,9.95,32.5516,0.4881,0.574,0.55,0.771,0.446,12.4788,20494.11104879417,0.9319903194275292,0.0,0
1720200,13241.0,69.3754,24.6507,820.57,1.9488,13.54,0.69,0.4251,0.623,0.582,0.762,0.544,19.8021,19319.839891246884,32.53660706167974,30.209198701004453,1
1720259,2385.0,50.8176,18.7421,815.37,10.0522,15.92,3.1469,0.431,0.605,0.592,0.794,0.471,22.6605,20740.880503144654,1.6739743660831037,0.0,0
1720309,4100.0,76.3902,23.561,868.76,3.8585,14.66,0.5668,0.4716,0.573,0.516,0.748,0.487,19.2439,15074.146341463416,14.15760522381102,0.0,0
1720499,4422.0,67.4582,18.3627,1074.49,5.7485,13.8,0.472,0.4718,0.643,0.605,0.814,0.539,17.2837,35444.142921754865,1.7544381691473596,22.61420171867933,1
1720655,5108.0,83.5944,21.2999,1231.48,3.6214,9.86,1.7361,0.5204,0.675,0.638,0.814,0.592,12.9796,47049.530148786216,4.057926342440364,39.15426781519186,1
1720804,10830.0,51.3666,24.3952,803.3,5.791,16.05,17.7914,0.4278,0.604,0.55,0.762,0.526,18.0163,12267.959372114496,35.26596004493723,18.467220683287163,1
1720853,1577.0,72.1623,20.6088,1087.47,9.9462,11.65,0.6768,0.4103,0.667,0.623,0.794,0.599,10.5263,337586.5567533291,1.5487781642903022,63.41154090044388,1
1720903,14011.0,73.7992,22.8606,1004.29,8.5682,11.67,24.3864,0.4788,0.634,0.628,0.818,0.497,17.529,22714.510027835277,5.9827005118452,21.411747912354578,1
1720937,2021.0,78.8718,20.6333,1041.52,1.3382,13.86,0.4412,0.4702,0.601,0.578,0.798,0.47,16.5428,17439.881246907473,1.8284578979700588,0.0,0
1720978,2456.0,59.2834,18.8925,1136.59,4.8908,11.37,33.952,0.4046,0.654,0.654,0.801,0.535,8.8463,59734.52768729642,1.139409223740352,0.0,0
1721000,302692.0,97.8688,27.2382,2260.06,3.3869,2.98,73.2643,0.5362,0.788,0.789,0.827,0.749,5.3853,34138.39480395914,135.8990970799554,31.054669432954952,1
1721109,7459.0,35.1656,24.6548,755.36,1.262,9.16,4.8,0.4985,0.589,0.57,0.782,0.459,28.1779,25656.6563882558,2.8581007941297623,26.81324574339724,1
1721208,22615.0,77.3071,23.9133,1055.63,3.9836,9.28,31.636,0.5252,0.681,0.634,0.801,0.623,18.2425,16477.64757904046,20.870247323735697,8.843687817820031,0
1721257,1909.0,67.6794,21.5296,1308.74,0.5587,13.09,2.5836,0.4224,0.67,0.629,0.808,0.593,4.9344,62251.96437925616,2.7005883576207093,0.0,0
1721307,1874.0,58.4845,19.6905,1052.03,7.3236,15.53,0.1475,0.4759,0.587,0.601,0.791,0.425,17.2654,20607.79082177161,2.107687774286209,0.0,0
1722081,10522.0,83.9859,22.9424,870.86,4.9193,13.11,0.4241,0.4374,0.638,0.619,0.748,0.561,17.7467,17432.427295191028,7.705991734477978,19.00779319521004,1
1722107,10517.0,80.3556,22.9248,1051.05,8.5171,14.18,1.9088,0.4676,0.671,0.648,0.818,0.57,13.0534,44786.53608443472,8.834184944170001,19.016829894456592,1
2100055,106550.0,88.7658,25.4735,1007.41,6.35,11.66,10.3117,0.4611,0.672,0.643,0.785,0.602,15.9027,35931.79727827311,18.354363765057943,26.27874237447208,1
2100105,6144.0,49.3978,26.6113,605.56,1.7789,21.39,5.9447,0.4971,0.529,0.471,0.725,0.434,39.2566,13843.098958333334,16.526569203663605,16.276041666666664,1
2100154,12142.0,24.757,24.7323,597.92,3.9834,21.66,7.1126,0.4693,0.5,0.494,0.697,0.363,37.4568,8371.108548838742,27.452452226131157,32.943501894251355,1
2100204,18467.0,27.0049,22.6404,681.48,3.5456,17.73,5.4389,0.4526,0.573,0.525,0.753,0.475,31.0201,8055.612714571939,15.811275005051526,0.0,0
2100303,23286.0,67.4912,25.6248,533.46,5.9826,25.6,7.443,0.4868,0.513,0.5,0.72,0.374,44.1896,10710.126256119556,11.9820130872851,17.1777033410633,1
2100402,6447.0,46.0059,24.1508,798.15,11.116,25.11,17.6923,0.4485,0.549,0.486,0.719,0.473,21.5306,11092.29098805646,12.294659918302584,15.511090429657203,1
2100436,24048.0,80.4641,25.9606,671.08,7.4331,21.98,4.3103,0.4701,0.554,0.516,0.744,0.444,29.9734,12604.70725216234,61.22978994271165,58.216899534264805,1
2100477,25710.0,54.7608,25.0292,616.57,4.9793,20.58,1.1044,0.4612,0.558,0.465,0.774,0.483,34.7272,9790.70400622326,13.707759732989263,31.11629716063788,1
2100501,11109.0,75.2723,26.105,803.48,9.1725,10.68,27.6358,0.4943,0.633,0.683,0.785,0.474,27.7082,52116.39211450175,0.9983478596586584,18.003420649923484,1
2100550,7170.0,75.7322,27.4756,546.81,6.3025,19.6,1.4815,0.4548,0.52,0.503,0.688,0.406,40.533,9790.516039051605,14.521871923975874,0.0,0
2100600,37085.0,42.6102,25.7894,602.61,8.3178,19.95,1.4103,0.5184,0.555,0.541,0.716,0.441,41.0247,10479.600916812728,4.983356784292341,35.05460428744775,1
2100709,25322.0,32.7186,23.3394,647.55,6.1298,18.82,0.4903,0.4679,0.581,0.523,0.762,0.492,34.0484,8198.641497512044,26.924291512181423,23.69481083642682,1
2100808,13793.0,55.9414,26.8687,647.27,1.6272,20.0,0.1752,0.5335,0.581,0.511,0.764,0.502,42.4227,10809.97607482056,22.6522122571247,21.75016312622345,1
2100832,17519.0,66.1739,26.6682,594.97,2.2764,14.16,0.0991,0.4406,0.568,0.529,0.718,0.483,34.5518,7645.756036303442,51.357293621013135,34.24853016724699,1
2100873,11181.0,45.8099,25.2571,601.3,9.4074,18.54,0.5607,0.455,0.533,0.483,0.706,0.444,33.8939,9098.291744924423,13.88609453125582,26.831231553528305,1
2100907,39052.0,28.6464,23.8631,495.55,10.4546,25.65,0.1754,0.4933,0.521,0.497,0.709,0.402,48.6864,7240.8327358393935,21.82005106915568,10.242753252074158,0
2100956,25517.0,41.3724,26.982,570.78,2.9684,23.05,0.629,0.5114,0.512,0.525,0.701,0.365,43.0527,11377.31708272916,8.57414838985645,43.10851589136654,1
2101004,29472.0,59.358,24.4639,723.36,6.5852,14.91,4.4613,0.4785,0.626,0.587,0.764,0.546,30.4088,10628.766286644952,26.79735590692938,10.17915309446254,0
2101103,11790.0,41.3062,26.2002,692.03,5.817,9.9,0.628,0.4765,0.641,0.535,0.776,0.634,31.3206,8263.104325699745,73.4753399558774,33.92705682782019,1
2101202,103711.0,80.06,25.0986,894.93,5.2212,12.21,22.7343,0.4674,0.651,0.619,0.753,0.591,19.6578,14603.658242616502,62.59959341741834,15.42748599473537,1
2101251,16966.0,69.6393,25.3448,704.29,10.0165,11.95,2.5142,0.4771,0.629,0.558,0.768,0.58,29.3104,35322.7042319934,31.247179815861543,17.682423670871152,1
2101301,16290.0,51.2216,24.3217,639.65,5.1983,17.5,0.8194,0.5187,0.578,0.54,0.737,0.484,40.0837,7542.786985880908,19.577350363665207,36.83241252302026,1
2101350,5252.0,27.361,22.3534,624.92,3.5115,16.45,0.4018,0.4255,0.537,0.474,0.681,0.479,29.7828,7538.080731150038,12.696693589523536,0.0,0
2101400,101767.0,87.948,28.1928,1166.62,6.1474,8.06,11.9058,0.4813,0.687,0.674,0.807,0.597,12.6755,61979.07966236599,7.744140130073733,31.44437784350526,1
2101509,18984.0,65.8239,24.1098,815.92,6.4747,14.4,1.4295,0.4323,0.592,0.578,0.743,0.484,20.9203,14145.490939738727,8.592323575391482,5.267593763168985,0
2101608,84532.0,68.9301,25.0142,817.61,5.661,19.52,3.4112,0.5009,0.606,0.585,0.763,0.498,25.9283,10518.97506269815,16.294781880045253,11.829839587375195,0
2101707,65589.0,43.7741,27.7851,612.86,6.2996,14.79,8.0296,0.4827,0.57,0.515,0.752,0.479,37.4845,9692.34170363933,21.53065284271978,4.573937702968485,0
2101731,8460.0,52.5768,29.3735,388.46,12.2559,21.17,0.0966,0.4911,0.512,0.417,0.707,0.455,59.0936,7176.241134751773,14.852371639343689,0.0,0
2101772,11750.0,59.8128,25.9915,670.39,7.3402,18.22,0.8305,0.4197,0.554,0.515,0.735,0.45,26.3736,9152.595744680852,79.41925933936693,34.04255319148936,1
2101806,5469.0,61.748,23.2401,715.98,3.8436,18.63,2.0501,0.4297,0.546,0.531,0.719,0.426,25.6678,13375.388553666118,3.064483593329747,18.2848784055586,1
2101905,19584.0,30.6628,21.7167,679.09,6.619,15.29,0.1789,0.4537,0.601,0.51,0.757,0.561,29.52,7052.389705882353,24.782909106554868,20.42483660130719,1
2101939,5840.0,44.2295,22.6712,728.32,1.9471,16.92,2.274,0.4041,0.604,0.544,0.742,0.547,21.1644,17998.972602739726,23.625933507561108,0.0,0
2101970,7574.0,81.1724,27.0663,570.27,11.8562,18.95,0.466,0.5161,0.545,0.515,0.681,0.461,43.6236,8917.348824927383,18.91844635943549,26.406126221283337,1
2102002,33100.0,49.0846,24.9728,545.68,5.214,24.57,6.398,0.4942,0.538,0.519,0.75,0.4,43.1342,12427.552870090634,5.0304364199949365,69.48640483383686,1
2102036,28599.0,63.2644,25.7142,698.74,6.133,20.56,1.7304,0.4632,0.558,0.537,0.751,0.431,28.4205,13135.599146823315,10.68350685299952,24.47638029301724,1
2102077,12212.0,31.7393,25.3112,638.84,9.9239,24.62,8.118,0.4245,0.562,0.486,0.741,0.493,30.3308,9659.351457582705,27.43215528414924,0.0,0
2102101,34120.0,46.8699,25.7532,615.04,7.1773,19.83,1.2236,0.4968,0.562,0.517,0.758,0.454,39.5943,9631.682297772568,31.791051173156877,8.792497069167643,0
2102150,9218.0,32.4365,27.3161,516.09,7.0976,23.5,0.7859,0.4329,0.519,0.507,0.677,0.408,37.6074,7709.372965936212,9.348543055223136,10.848340203948796,0
2102200,29685.0,33.3165,27.1248,489.45,9.2549,21.6,0.0742,0.5097,0.548,0.479,0.714,0.48,54.4896,9362.270506990062,20.11480038677878,10.106114199090449,0
2102309,22455.0,75.8851,24.0036,593.63,7.7501,21.28,0.4804,0.457,0.59,0.539,0.752,0.506,36.2923,10628.946782453795,14.196561846242163,13.36005344021376,1
2102325,55499.0,71.9346,26.6293,667.09,8.4413,19.04,8.9357,0.4945,0.556,0.533,0.708,0.455,32.5945,13478.224832879872,21.73309477405593,30.63118254382962,1
2102358,12918.0,30.8794,22.7976,696.88,5.5176,18.84,0.2187,0.4111,0.583,0.54,0.725,0.505,24.0514,9480.879393094909,15.72946968138022,54.18795479176343,1
2102374,9732.0,44.5849,26.9523,389.45,5.3938,19.07,0.1119,0.4799,0.537,0.422,0.773,0.476,53.8635,6265.310316481709,13.760611733565598,51.376900945334974,1
2102408,10121.0,35.787,25.2445,507.33,13.5306,17.58,0.318,0.5083,0.553,0.466,0.72,0.505,49.1355,6980.831933603399,18.56233172671317,19.760893192372293,1
2102507,16412.0,22.7334,24.3237,552.62,4.9628,13.59,0.3261,0.4785,0.523,0.456,0.747,0.421,42.5002,7803.923958079454,24.789069367706546,18.27930782354375,1
2102556,12301.0,79.3594,24.6647,833.52,4.6063,14.31,17.3902,0.404,0.652,0.611,0.774,0.586,17.0037,17397.853833021705,20.049582008348423,40.64710186163727,1
2102606,19932.0,67.5647,24.6639,587.02,7.3756,16.34,0.1408,0.4497,0.561,0.52,0.745,0.456,36.4202,7364.439092915914,12.125592226772666,25.08528998595224,1
2102705,24303.0,67.9875,28.9964,737.41,13.1085,15.89,1.7121,0.5024,0.565,0.497,0.774,0.468,35.5594,6311.8956507427065,31.439478712408263,16.458873390116448,1
2102754,11374.0,52.6376,23.5713,780.81,15.1316,21.2,0.6147,0.466,0.537,0.517,0.698,0.43,22.8086,24967.117988394584,19.26911537243063,17.583963425356075,1
2102804,24062.0,69.4539,23.1693,936.53,4.7511,10.86,23.8126,0.4392,0.634,0.6,0.802,0.529,16.0743,21855.74765189926,3.8391078437973567,12.467791538525477,1
2102903,24238.0,73.7478,25.7282,676.39,12.6672,12.14,3.7226,0.4567,0.574,0.533,0.747,0.476,29.9901,8333.979701295486,19.227824894948235,16.503011799653436,1
2103000,156973.0,77.2585,24.6125,853.08,7.9349,16.44,19.339,0.5183,0.624,0.595,0.753,0.543,26.4575,13458.607531231486,30.183487561591157,42.04544730622464,1
2103109,10208.0,23.7265,23.3738,616.29,4.5455,10.92,0.8422,0.4511,0.605,0.52,0.748,0.57,33.7484,7698.17789968652,35.791045927401115,9.796238244514106,0
2103125,7094.0,57.9645,24.6828,580.82,6.0552,17.09,0.181,0.5178,0.585,0.503,0.713,0.557,41.0213,8224.83789117564,22.20080240847724,84.57851705666761,1
2103158,12342.0,57.8674,27.9938,735.27,5.2432,18.42,0.6397,0.4107,0.542,0.51,0.707,0.442,21.4552,8405.201750121536,10.87740140977891,0.0,0
2103174,16267.0,45.2757,28.4687,705.59,4.2676,16.45,0.1109,0.482,0.518,0.508,0.717,0.382,30.8109,12341.365955615664,1.93631664413364,30.737075059937297,1
2103208,81386.0,75.4098,26.1986,741.25,6.7455,16.14,0.8677,0.5167,0.604,0.554,0.77,0.517,32.6232,10989.187329516131,25.051273140631075,38.090089204531495,1
2103257,12878.0,54.8455,24.274,831.99,9.8884,16.35,4.3195,0.442,0.6,0.562,0.728,0.529,20.3378,14253.766112750429,8.803610040682003,15.53036185743128,1
2103307,114275.0,72.8095,24.5075,725.27,8.5017,20.14,13.4831,0.4849,0.595,0.568,0.754,0.492,29.4035,14426.47123167797,26.200253622581997,18.376722817764165,1
2103406,41658.0,82.8028,24.5811,671.03,11.1007,18.76,3.7093,0.469,0.564,0.544,0.728,0.454,30.971,11182.942051946806,42.6538391834152,26.405492342407214,1
2103505,40316.0,68.665,26.1137,711.68,9.6442,18.26,1.4661,0.4754,0.596,0.571,0.709,0.524,29.7937,13720.880047623772,20.37531289973209,32.24526242682806,1
2103554,14915.0,47.4891,26.9058,542.17,2.7488,19.65,2.363,0.477,0.512,0.492,0.738,0.37,43.5098,9868.521622527656,20.512094090206457,13.40931947703654,1
2103604,59566.0,70.834,24.326,625.41,9.4026,20.76,7.6394,0.475,0.576,0.545,0.737,0.475,36.0912,8957.777927005338,26.31366206783523,35.2550112480274,1
2103703,31558.0,71.3702,22.926,699.05,7.5693,15.04,3.2699,0.4687,0.612,0.568,0.768,0.525,31.279,8382.533747385765,25.132459481693797,15.843843082578111,1
2103752,14404.0,88.2949,25.6526,823.31,6.4447,11.69,9.3914,0.3519,0.607,0.561,0.747,0.535,11.9351,13204.179394612607,43.3530273981261,48.59761177450708,1
2103802,23053.0,71.2836,23.9014,863.58,6.6532,15.23,9.2266,0.4518,0.622,0.582,0.759,0.545,19.9765,11389.190127098424,64.30530024296151,34.70264173860235,1
2103901,10223.0,54.9252,27.3012,535.56,9.0833,24.3,0.6186,0.4683,0.533,0.485,0.693,0.451,41.3061,8500.831458475985,32.199033682526284,0.0,0
2104008,18311.0,54.6884,23.9474,641.75,4.5931,18.83,5.0622,0.5117,0.586,0.561,0.713,0.503,35.2436,8682.103653541588,40.47506421280189,5.461198186882203,0
2104057,33294.0,77.3593,24.7943,1045.87,3.7978,9.73,7.9253,0.4818,0.659,0.666,0.8,0.536,15.6512,34084.85012314531,12.240603184453912,90.10632546404756,1
2104073,8048.0,35.1889,25.8325,680.02,2.0,14.71,0.2818,0.4338,0.532,0.511,0.729,0.405,26.4289,14662.524850894632,4.949408168122441,0.0,0
2104081,10873.0,19.4243,27.4993,584.52,2.5215,24.45,6.6342,0.473,0.443,0.417,0.728,0.286,36.6762,9235.53757012784,2.137580945666754,9.197093718384991,0
2104099,17719.0,36.8362,26.971,658.6,5.9555,14.12,0.585,0.4768,0.556,0.485,0.774,0.459,34.4769,11408.600936847452,4.801103340640165,16.930978046165134,1
2104107,12640.0,64.3038,26.1313,922.26,2.4202,10.23,0.2819,0.46,0.616,0.566,0.773,0.534,15.2093,27428.401898734177,6.81987648685717,15.822784810126585,1
2104206,16976.0,59.3426,23.598,663.54,5.5251,20.94,3.1542,0.5195,0.58,0.558,0.706,0.494,39.9163,8441.152214891612,20.31428749216196,0.0,0
2104305,10186.0,86.5993,24.7006,799.67,14.6299,11.64,0.5732,0.4965,0.604,0.537,0.75,0.546,26.8927,261013.9407029256,14.035967683927536,19.6347928529354,1
2104404,17206.0,47.7624,23.7766,761.9,6.3533,21.73,1.9667,0.4662,0.568,0.542,0.758,0.445,26.3825,8721.434383354645,19.4728764990018,29.0596303615018,1
2104503,10231.0,72.339,25.325,708.84,3.2955,18.29,3.1682,0.4471,0.565,0.545,0.687,0.481,27.5144,8982.895122666407,22.94687073853441,9.77421561919656,0
2104552,18411.0,83.738,24.8601,790.85,3.0459,14.6,4.3675,0.4058,0.629,0.589,0.764,0.552,17.5935,20367.60632230732,29.8900734953901,48.88381945576015,1
2104602,13930.0,35.6856,24.1709,734.73,5.5218,21.65,0.2529,0.4556,0.572,0.55,0.736,0.462,26.614,8501.507537688442,21.52963996197924,7.178750897343862,0
2104628,7063.0,69.4181,24.0974,710.62,4.1902,19.9,0.4119,0.4778,0.544,0.508,0.692,0.459,30.9359,10063.712303553732,17.587720718051134,0.0,0
2104651,10713.0,53.9158,29.5902,619.07,34.7021,21.28,2.1383,0.4471,0.521,0.509,0.718,0.387,31.2319,7856.996172874078,9.36331552092128,56.00672080649679,1
2104677,23128.0,67.9782,26.5566,678.51,5.7392,17.54,6.1582,0.4979,0.569,0.54,0.722,0.472,32.8462,11154.098927706676,22.043293608131084,21.61881701833276,1
2104701,6023.0,47.2024,21.8662,681.18,6.9393,20.56,1.1122,0.4177,0.57,0.538,0.748,0.459,27.9429,8991.034368255023,22.188657002339333,33.20604349991699,1
2104800,73872.0,64.7918,26.3713,821.45,3.4545,16.21,2.341,0.5185,0.609,0.603,0.754,0.497,27.6867,15563.85369287416,8.336081107523393,24.366471734892787,1
2104909,10290.0,54.1983,19.9708,740.79,4.0242,11.52,0.3982,0.5147,0.625,0.535,0.772,0.592,33.6708,9076.09329446064,21.488669895187915,38.87269193391643,1
2105005,25680.0,44.9922,27.8816,415.69,7.6894,17.85,2.5773,0.5279,0.535,0.443,0.759,0.455,60.3193,7179.244548286604,14.977035794998908,62.30529595015577,1
2105104,24794.0,38.6747,27.2485,439.27,17.3716,18.66,3.2832,0.4668,0.546,0.475,0.727,0.472,51.944,7216.382995886101,22.04996949608963,12.09970154069533,1
2105153,13974.0,50.9446,25.8194,646.04,3.3851,20.27,6.1493,0.4326,0.569,0.53,0.687,0.506,28.7565,26524.47402318592,37.90032112480472,28.62458852154,1
2105203,10231.0,65.1061,23.1258,800.72,5.2696,20.76,12.3526,0.4458,0.614,0.578,0.747,0.536,19.9706,11506.988564167725,29.55074548405917,9.77421561919656,0
2105302,273110.0,95.932,25.6948,1324.19,4.4391,6.73,46.6044,0.5038,0.731,0.697,0.803,0.698,11.1566,28167.785873823734,199.490299399798,31.85529640071766,1
2105351,13828.0,43.1371,25.8316,553.45,2.4766,24.22,3.6998,0.4498,0.518,0.456,0.726,0.419,38.046,7758.5334104715075,11.112200437480611,21.69511136823836,1
2105401,60440.0,60.7644,24.9024,658.19,5.7976,15.37,12.014,0.5053,0.599,0.534,0.747,0.539,35.8314,12786.730641958968,40.82015829630545,26.472534745201852,1
2105427,22513.0,75.1699,24.2704,882.07,4.1338,15.28,1.1093,0.4167,0.63,0.601,0.764,0.545,14.3836,21730.822191622618,6.282540464801393,53.30253631235286,1
2105450,7471.0,47.1289,26.1545,559.77,9.6695,19.82,0.8772,0.4697,0.561,0.522,0.702,0.481,37.2134,10131.040021416142,12.627675415837754,0.0,0
2105476,17076.0,16.4734,26.4406,465.99,1.7651,28.17,10.3249,0.5333,0.49,0.445,0.766,0.346,56.1101,7363.141250878426,8.701758391163303,11.71234481143125,0
2105500,24709.0,68.6956,25.6425,850.02,4.4347,13.24,3.2258,0.415,0.641,0.585,0.785,0.573,16.2639,10951.920352907848,21.7685097085668,28.329758387632037,1
2105609,14924.0,48.2645,23.2779,669.96,12.1894,21.35,1.3659,0.5176,0.561,0.533,0.743,0.445,37.2637,7809.0994371482175,21.226180283148484,26.80246582685607,1
2105658,5146.0,58.6086,24.5433,569.66,12.8651,17.52,1.4009,0.4208,0.552,0.55,0.69,0.443,34.007,11990.089389817334,9.051906863512512,0.0,0
2105708,44403.0,69.7768,25.6762,819.51,5.1409,21.85,3.2648,0.4228,0.589,0.561,0.724,0.502,18.2029,12395.64894263901,35.796053671104865,31.52940116658784,1
2105807,9506.0,44.1931,24.5424,780.64,2.573,22.51,5.9951,0.4254,0.581,0.537,0.741,0.492,19.9453,9114.033242162845,28.93539304466936,0.0,0
2105906,14769.0,35.6558,25.4316,665.18,7.4909,24.46,1.6256,0.4737,0.557,0.508,0.731,0.466,32.019,9190.398808314712,23.388840059861742,13.541878258514457,1
2105922,10572.0,47.1623,24.4892,568.19,20.7929,20.91,0.4736,0.454,0.566,0.525,0.726,0.475,39.7087,9175.747256905031,6.987511442611791,0.0,0
2105948,8758.0,56.8851,23.156,774.33,3.0096,20.85,1.1429,0.4074,0.602,0.555,0.737,0.534,19.6905,9589.289792189998,39.66916693843533,11.418131993605847,0
2105963,11411.0,66.4447,25.6156,589.81,1.8182,25.76,0.921,0.4433,0.502,0.48,0.731,0.36,37.2009,8976.60152484445,15.333264355367316,26.29042152309175,1
2105989,7057.0,51.0982,22.7717,765.61,4.4832,15.65,1.7933,0.4646,0.589,0.561,0.738,0.494,26.5694,14378.206036559444,6.634888399992479,0.0,0
2106003,11297.0,61.3614,22.7228,831.6,6.4031,21.07,19.2676,0.4781,0.581,0.578,0.705,0.481,25.8299,24301.938567761357,35.09126150864157,8.8519075860848,0
2106102,11597.0,59.8689,26.0412,747.53,4.5577,12.43,0.9991,0.4414,0.582,0.516,0.771,0.495,23.0663,35635.33672501509,3.22430867952646,8.622919720617402,0
2106201,7161.0,86.5801,24.7172,592.02,5.0136,13.18,0.8038,0.4573,0.588,0.541,0.734,0.512,34.9909,8006.842619745846,15.325809896608034,13.964530093562352,1
2106300,13807.0,55.1025,24.2413,660.15,9.9758,20.76,0.9492,0.4611,0.567,0.502,0.729,0.499,32.7515,10209.458970087637,31.781655629291517,7.242702976750923,0
2106326,21149.0,83.3089,25.6182,546.44,10.9614,17.77,0.2,0.4903,0.582,0.546,0.719,0.501,39.3683,9862.121140479456,33.265802396509365,37.826847605087714,1
2106359,7027.0,21.3178,27.3943,425.87,3.2416,24.86,0.2086,0.4555,0.452,0.4,0.774,0.299,51.8661,12922.15739291305,5.010006466594372,28.461647929415115,1
2106375,13761.0,56.9726,26.5242,468.04,3.1444,23.02,2.5256,0.5039,0.55,0.497,0.719,0.465,48.9683,8786.425405130442,17.604480628802726,7.266913741733886,0
2106409,17090.0,51.5448,26.2259,624.96,4.2571,19.0,5.0385,0.4697,0.57,0.483,0.776,0.494,36.1044,10485.430076067876,31.1531022766009,17.554125219426563,1
2106508,22034.0,38.5677,23.2958,630.66,4.1945,12.82,0.3666,0.473,0.619,0.579,0.731,0.56,35.8901,8929.109557955886,53.65861974074173,40.84596532631388,1
2106607,32174.0,50.5097,25.0886,597.81,10.5193,24.5,1.9853,0.4956,0.55,0.519,0.739,0.434,40.2904,7967.520358053086,15.257951572341064,37.29719649406353,1
2106631,17432.0,47.8603,31.1152,446.05,12.4426,25.73,7.4046,0.4558,0.533,0.452,0.768,0.436,47.1149,5697.280862781092,21.942113703247767,0.0,0
2106672,8818.0,17.8612,26.2078,433.27,1.9833,28.07,32.5516,0.4507,0.527,0.465,0.764,0.413,50.4494,7296.552506237242,13.890595414748796,0.0,0
2106706,21030.0,52.0352,25.5159,584.89,4.5667,20.23,1.3798,0.4807,0.545,0.485,0.74,0.451,40.7404,13210.22349025202,2.467475493322035,4.75511174512601,0
2106755,23864.0,83.1545,27.6316,629.09,4.6339,11.74,11.4784,0.4249,0.61,0.55,0.751,0.55,26.6202,33044.75360375461,69.96045229209602,16.761649346295677,1
2106805,13978.0,64.1079,24.0163,750.33,5.5877,9.4,13.6835,0.4588,0.622,0.546,0.756,0.582,27.3261,8016.16826441551,20.34809242092514,14.308198597796538,1
2106904,27751.0,45.6596,25.6928,555.93,4.6908,18.14,1.2569,0.4675,0.546,0.499,0.704,0.464,39.7932,9283.809592447118,22.28015299289951,54.05210623040611,1
2107001,9106.0,53.3824,23.5559,775.51,5.4102,14.56,1.385,0.4972,0.575,0.534,0.732,0.486,29.744,9497.803645947726,6.114700664384453,54.908851306830655,1
2107100,18554.0,40.6597,26.7382,509.29,13.5818,17.69,0.386,0.4856,0.548,0.485,0.706,0.48,46.3136,8079.066508569581,10.83685090014082,64.67608062951385,1
2107209,14176.0,40.371,28.252,535.22,8.2456,14.89,1.1061,0.496,0.585,0.474,0.774,0.547,41.9343,6243.862866817156,24.829315967758323,7.054176072234762,0
2107258,5021.0,46.0864,25.8713,765.0,2.7877,15.37,0.1358,0.4948,0.566,0.502,0.749,0.481,30.24,17213.10495917148,6.7569658921926825,59.749053973312094,1
2107308,4320.0,67.3148,23.3102,727.08,1.8714,16.62,29.0855,0.4427,0.584,0.558,0.729,0.489,30.2546,11797.685185185184,4.415642823558272,0.0,0
2107357,14314.0,66.5223,25.5973,627.94,9.612,21.14,1.28,0.4538,0.581,0.536,0.755,0.484,33.331,12794.606678776025,5.836219708352107,41.917004331423776,1
2107407,17919.0,56.7889,24.0527,786.89,5.8368,23.07,2.5582,0.4223,0.589,0.551,0.754,0.491,21.0179,10511.91472738434,25.77038627535296,11.161337128187956,0
2107456,13577.0,46.6966,25.3296,566.55,6.2746,17.15,3.3886,0.4273,0.575,0.495,0.724,0.531,33.9399,7901.745599175076,67.92609528764903,29.46158945275097,1
2107506,145643.0,99.4432,23.8748,1055.14,7.6556,3.89,42.3757,0.4777,0.724,0.646,0.796,0.739,16.6402,8516.365359131576,1145.055152406186,13.732208207740843,1
2107605,21059.0,19.2982,22.7836,522.16,18.3709,19.04,2.2934,0.4233,0.556,0.488,0.715,0.492,37.3889,6605.204425661237,39.572536182591016,33.23994491666271,1
2107704,18274.0,78.2204,22.9069,735.73,4.3691,19.74,4.3345,0.4863,0.58,0.572,0.723,0.473,30.6067,10033.544927219,34.44564453165497,5.472255663784613,0
2107803,31250.0,42.4896,23.552,609.43,4.4141,23.18,23.2536,0.4777,0.542,0.504,0.758,0.416,36.4291,10334.176,9.625741913683738,19.2,1
2107902,17220.0,66.1266,24.0825,634.75,11.6967,23.56,1.0574,0.4512,0.532,0.525,0.717,0.401,32.4233,11619.512195121952,12.67735972265883,5.807200929152149,0
2108009,18802.0,72.12,24.8059,759.03,6.7111,15.47,0.2451,0.4851,0.61,0.54,0.753,0.559,29.6736,16460.961599829807,11.498421275687525,10.637166258908628,0
2108058,17056.0,37.7521,27.2749,560.24,6.5983,19.77,0.0905,0.47,0.561,0.481,0.72,0.511,38.4159,6937.5,17.413285798003436,0.0,0
2108108,20341.0,56.5656,25.7706,668.82,3.286,25.82,1.5948,0.4651,0.549,0.546,0.677,0.447,31.8618,9544.27019320584,17.406164080543622,0.0,0
2108207,37050.0,83.1687,23.3009,1102.76,4.6698,12.95,28.3331,0.5044,0.682,0.644,0.792,0.621,16.2702,21259.37921727396,141.51267693858998,16.194331983805668,1
2108256,24320.0,32.3067,24.7492,507.8,7.929,18.78,0.2882,0.4348,0.516,0.475,0.696,0.415,41.4215,6491.077302631579,13.866501849912224,20.559210526315788,1
2108306,32511.0,46.901,24.4994,565.26,4.9238,16.12,0.6923,0.4974,0.554,0.519,0.693,0.472,41.0953,7804.619974777767,40.5922718487332,21.531174064162897,1
2108405,11108.0,29.4112,22.2722,665.56,10.3387,13.72,0.4759,0.4899,0.599,0.506,0.744,0.572,33.5074,8636.658264314008,27.91003861876968,27.00756211739287,1
2108454,20479.0,61.6388,25.0256,710.01,7.9719,21.98,1.0487,0.4477,0.564,0.499,0.774,0.464,27.5869,11251.86776698081,24.83142784044544,29.298305581327217,1
2108504,31429.0,70.5145,25.0947,786.22,7.1104,14.4,20.316,0.4873,0.633,0.568,0.755,0.592,26.291,9423.907855801966,117.14780923271891,31.81774793980082,1
2108603,84621.0,66.9574,24.3651,833.75,10.3366,12.29,2.8112,0.4816,0.637,0.579,0.771,0.579,23.2672,12289.301709977428,55.93042554077447,37.81567223266092,1
2108702,21886.0,56.7989,25.1302,726.65,3.6494,20.5,8.5048,0.474,0.541,0.535,0.727,0.408,29.6887,8741.981175180481,40.14181509380669,18.276523805172257,1
2108801,17714.0,67.4212,27.5545,629.73,20.25,21.22,0.6679,0.5211,0.576,0.501,0.741,0.514,39.7031,7381.957773512476,25.718645509835778,22.58100937111889,1
2108900,17161.0,47.4098,21.5838,810.21,7.2037,22.95,13.2866,0.5084,0.576,0.543,0.732,0.481,27.579,9502.70963230581,17.32274244622036,17.481498747159257,1
2109007,23903.0,80.6677,24.2689,1084.18,8.848,10.16,7.3524,0.5183,0.684,0.664,0.796,0.606,15.5668,42926.66192528135,16.821122426216263,37.65217755093503,1
2109056,5954.0,41.5687,20.8767,671.08,2.2234,10.93,0.4805,0.4319,0.615,0.538,0.772,0.561,31.5674,7701.713134027545,24.30412402695741,67.18172657037286,1
2109106,45155.0,72.3419,24.5598,1062.56,3.7408,14.5,8.8424,0.5009,0.653,0.628,0.788,0.563,16.9931,16735.666039198317,58.52322654729164,33.21891263425977,1
2109205,11356.0,38.9486,27.2455,539.16,14.2689,18.46,0.2847,0.4736,0.563,0.452,0.743,0.532,44.4719,7439.151109545614,31.9376321828736,8.805917576611483,0
2109239,4696.0,77.96,25.724,663.31,4.3277,19.13,0.8658,0.4463,0.591,0.518,0.762,0.522,29.3967,12922.06132879046,10.729128349711097,0.0,0
2109270,17511.0,51.2478,24.5389,516.19,7.1499,19.44,4.2562,0.4809,0.557,0.486,0.752,0.472,44.7732,9420.82119810405,24.11398889525404,11.421392267717437,0
2109304,10549.0,45.957,25.5854,549.26,6.5155,17.57,2.7644,0.4862,0.587,0.47,0.768,0.56,45.4278,7220.210446487818,22.932409283397536,18.959143046734287,1
2109403,13614.0,29.4256,27.5892,413.0,28.3773,19.24,0.333,0.4586,0.512,0.448,0.722,0.414,53.6759,6543.48464815631,10.181272113081372,7.345379756133392,0
2109452,30839.0,99.2412,25.8893,872.96,6.7343,8.87,7.4779,0.4885,0.626,0.568,0.735,0.587,22.7737,9278.932520509745,389.3174100210824,19.455883783520864,1
2109502,22145.0,52.7072,24.168,751.06,6.632,13.1,0.2659,0.4729,0.576,0.572,0.757,0.442,29.8321,30399.50327387672,3.4586268884227755,31.60984420862497,1
2109551,7420.0,51.1186,22.2102,725.47,8.0042,15.75,12.2373,0.4524,0.615,0.592,0.744,0.527,27.2249,16737.466307277627,10.11646201963848,53.90835579514825,1
2109601,38475.0,66.4769,24.7771,675.16,6.5983,10.97,5.0066,0.4715,0.632,0.566,0.752,0.592,31.9556,11518.544509421705,59.375183256738445,38.98635477582846,1
2109700,5568.0,52.5144,24.6049,703.14,8.0304,18.67,0.4765,0.4764,0.565,0.542,0.728,0.456,32.9023,85255.56752873563,2.248879195444081,0.0,0
2109759,6697.0,33.7912,26.4447,602.71,9.3301,20.68,0.4998,0.4567,0.525,0.461,0.722,0.435,37.9166,8989.547558608332,10.745924748039595,14.932059130954157,1
2109809,41561.0,50.3453,26.6452,599.67,20.9661,19.37,0.4083,0.4697,0.571,0.531,0.746,0.471,36.2122,8612.665720266596,18.967544191123984,33.685426240947045,1
2109908,85014.0,89.5676,25.5158,979.59,5.937,11.01,26.3037,0.4687,0.674,0.633,0.788,0.615,16.216,17243.43049380102,108.0655761044072,48.227350789281765,1
2110005,57635.0,47.0599,25.1896,712.85,5.9127,21.34,6.045,0.4957,0.55,0.525,0.7,0.452,32.7558,12898.759434371475,11.915029620637531,36.4361932853301,1
2110039,24307.0,75.9575,25.9514,793.93,3.1691,13.47,0.3645,0.4388,0.599,0.583,0.723,0.51,21.9878,10422.18291027276,24.054833183734907,41.14041222693052,1
2110104,23957.0,56.0462,26.6144,509.6,15.052,20.72,2.4187,0.4975,0.555,0.49,0.76,0.458,46.7982,9118.21179613474,16.74928163430817,16.696581374963475,1
2110203,37035.0,47.3228,25.6325,667.41,7.0034,14.53,1.0167,0.4709,0.609,0.553,0.743,0.551,33.7277,9575.56365600108,48.93650476944279,27.00148508167949,1
2110237,10567.0,22.4094,24.0087,552.6,7.5909,24.7,5.5894,0.5369,0.51,0.445,0.758,0.394,44.6976,7011.450742878774,11.33761788783623,18.926847733509984,1
2110278,13949.0,39.7663,27.3926,520.09,4.6911,16.79,0.2535,0.4791,0.518,0.454,0.738,0.416,43.9226,6877.338877338877,8.812829873022974,21.5069180586422,1
2110302,14304.0,49.1471,24.6504,717.65,4.759,20.36,13.0046,0.4276,0.566,0.547,0.714,0.465,24.4827,213614.024049217,18.55438221456617,34.955257270693515,1
2110401,18364.0,65.2581,27.7173,445.33,11.1457,18.19,0.4981,0.5055,0.541,0.468,0.749,0.452,55.7232,7810.771073840122,19.714756544657188,0.0,0
2110500,46395.0,59.5711,23.44,536.73,10.6899,15.86,0.8151,0.4649,0.602,0.525,0.762,0.545,40.1194,6728.311240435392,101.52145418897716,12.932428063368896,1
2110609,26943.0,49.4266,25.4203,648.46,5.6181,18.11,1.159,0.477,0.572,0.514,0.762,0.479,33.0838,10435.99450692202,26.7869925553576,7.42307835059199,0
2110658,7992.0,70.1326,26.464,762.98,10.7284,17.41,0.3557,0.4324,0.59,0.576,0.732,0.486,20.2654,40105.35535535536,8.31501332254074,12.512512512512512,1
2110708,34034.0,54.2516,24.1876,758.81,6.4404,18.95,4.0858,0.5309,0.582,0.549,0.713,0.504,35.177,10457.659987071753,29.543966985480623,44.073573485338194,1
2110807,4402.0,38.846,22.2853,673.96,8.642,19.78,0.1413,0.414,0.557,0.517,0.778,0.43,27.4421,19572.46706042708,2.1649641713675867,0.0,0
2110856,9051.0,52.1379,24.3951,766.28,8.4006,14.97,0.3172,0.4239,0.584,0.556,0.748,0.479,22.6067,13396.641255109933,12.143174344642905,11.048502927853276,0
2110906,12064.0,35.9582,23.8312,595.04,5.7981,22.77,0.1576,0.4612,0.528,0.503,0.733,0.4,37.243,8203.995358090186,5.2814596861856815,0.0,0
2111003,18544.0,32.6898,23.6303,591.36,10.0,16.17,0.1016,0.4684,0.598,0.493,0.752,0.577,38.6378,7312.068593615186,28.5311621094351,21.570319240724764,1
2111029,12251.0,54.6323,27.2794,554.76,5.9364,25.78,1.0253,0.4793,0.509,0.487,0.684,0.397,41.1966,10040.486490898702,13.461675814364908,73.46339074361278,1
2111052,9904.0,56.2803,23.3542,773.11,7.2692,13.79,0.7484,0.4914,0.609,0.554,0.753,0.542,26.4237,15292.609046849757,4.82573935550263,10.096930533117932,0
2111078,16889.0,43.6912,24.9748,537.27,5.5975,24.5,1.7527,0.4687,0.517,0.486,0.711,0.401,40.5554,9258.096986204038,11.74424539624746,23.68405471016638,1
2111102,25020.0,86.4468,23.3413,851.72,8.1943,15.05,1.8496,0.5122,0.615,0.613,0.726,0.522,27.7399,13627.897681854516,16.868295156062068,11.990407673860911,0
2111201,244579.0,98.4713,25.2667,1134.31,7.3816,4.35,32.2727,0.5056,0.708,0.642,0.79,0.7,15.9963,9378.2990363032,1356.0375465034404,23.714219127562057,1
2111250,6957.0,40.1897,23.4728,543.75,4.1053,21.9,0.6167,0.4624,0.557,0.501,0.719,0.48,42.6097,8903.262900675578,19.6680990614045,0.0,0
2111300,1037775.0,99.2449,24.5186,1595.48,7.3144,3.4,53.6444,0.565,0.768,0.741,0.813,0.752,13.0514,35203.90258003902,1779.867698687792,19.946520199465205,1
2111409,17818.0,42.053,24.8513,635.4,11.9002,23.53,18.9029,0.4875,0.54,0.503,0.716,0.438,36.6775,9543.607587832528,19.59822430276606,16.83690649904591,1
2111508,38829.0,74.1044,24.5255,753.38,7.1867,17.51,9.37,0.4909,0.616,0.627,0.723,0.515,27.7168,11054.418089572227,48.53351998950059,38.63092018851889,1
2111532,14338.0,83.0799,25.1918,728.31,6.5495,17.52,2.5407,0.4581,0.605,0.577,0.735,0.523,25.9267,8899.637327381783,19.90114662695136,13.948946854512483,1
2111573,5783.0,54.4181,27.529,726.47,14.7091,8.41,6.9631,0.457,0.6,0.558,0.738,0.524,25.7958,14445.962303302784,5.9036770628415445,17.292062943109116,1
2111607,18672.0,73.7307,25.7337,850.43,9.0507,12.25,3.5899,0.4737,0.61,0.583,0.749,0.521,21.488,39611.23607540703,5.298614618864113,53.55612682090831,1
2111631,5650.0,33.9292,26.7434,589.9,8.2991,20.13,0.178,0.4755,0.516,0.478,0.7,0.41,39.1504,7779.646017699115,13.466809677034918,0.0,0
2111672,4544.0,54.3354,25.7923,545.37,0.9091,23.31,2.8571,0.4859,0.516,0.475,0.738,0.391,45.825,10071.74295774648,20.03430168730793,0.0,0
2111706,19498.0,28.3978,23.4127,605.08,4.4998,20.77,0.2723,0.4748,0.592,0.504,0.762,0.541,37.3682,7475.22822853626,49.49635466379643,10.257462303826031,0
2111722,8784.0,43.6362,27.1744,634.69,3.561,23.31,1.3469,0.4713,0.493,0.45,0.72,0.369,33.4244,10596.08378870674,19.881804663079915,0.0,0
2111748,10207.0,61.0072,26.1291,661.54,6.3639,22.58,32.5516,0.4823,0.538,0.52,0.689,0.435,33.4411,9976.486724796709,23.935877082107076,0.0,0
2111763,14700.0,68.7279,24.8435,797.07,5.3222,18.28,16.1346,0.3964,0.602,0.57,0.743,0.515,17.075,12729.931972789116,19.943615194050015,54.42176870748299,1
2111789,10202.0,43.4033,24.3384,642.91,5.5603,19.31,1.4295,0.4453,0.519,0.44,0.735,0.433,32.7027,7100.666535973339,8.607031072040225,49.00999803960007,1
2111805,17074.0,34.4208,23.7086,668.73,9.2027,13.98,2.309,0.483,0.564,0.509,0.774,0.456,34.1953,12972.88274569521,5.4817777603691935,29.28429190582172,1
2111904,10238.0,55.6652,24.3407,694.83,3.5536,17.4,2.4304,0.478,0.579,0.526,0.731,0.505,31.2561,12328.286774760696,9.528729052944106,0.0,0
2111953,4985.0,53.9619,23.992,658.02,3.3083,22.8,0.5747,0.4334,0.568,0.538,0.761,0.447,28.325,9628.686058174524,5.781546833428823,0.0,0
2112001,8862.0,69.6005,26.1228,889.15,8.0212,11.19,26.5353,0.4952,0.599,0.562,0.777,0.491,27.4539,265337.621304446,2.0282350830198594,11.284134506883325,0
2112100,26484.0,70.6464,25.2417,538.9,7.0737,25.16,3.2475,0.4586,0.537,0.498,0.73,0.427,41.6516,7413.419423047878,17.81534040457855,41.53451140311131,1
2112209,174465.0,89.2311,24.523,937.58,7.8695,10.52,21.7532,0.4702,0.649,0.614,0.768,0.579,18.2145,13301.642163184591,98.94681321672849,29.80540509557791,1
2112233,22484.0,84.8203,23.9281,801.9,4.8851,15.41,20.6821,0.4155,0.606,0.565,0.738,0.534,17.3321,23372.17576943604,77.10298000754432,31.133250311332503,1
2112274,5507.0,54.349,25.9125,622.31,3.4409,19.7,5.4882,0.4186,0.555,0.502,0.709,0.481,29.6222,10904.122026511712,20.32598344984387,18.158707100054475,1
2112308,36251.0,47.789,24.0573,648.84,4.6857,21.41,11.9814,0.467,0.572,0.534,0.726,0.483,32.0146,10073.984165954043,10.759786163682552,24.82690132685995,1
2112407,37491.0,34.4269,27.1078,548.2,6.2971,12.63,0.3227,0.483,0.561,0.493,0.776,0.461,41.8336,7892.987650369422,14.297094781222912,16.003840921821237,1
2112456,31638.0,42.9831,28.5606,469.19,18.349,20.55,0.513,0.4402,0.536,0.495,0.774,0.402,43.9048,7050.603704406094,20.980440007002763,31.60756052847841,1
2112506,53356.0,54.8242,26.267,594.37,8.5709,19.1,2.7265,0.5079,0.561,0.543,0.722,0.451,41.5225,10236.05592623135,34.06975756681807,16.867831171752005,1
2112605,32812.0,60.0512,29.0443,552.47,7.74,17.45,0.7559,0.5105,0.588,0.506,0.77,0.522,43.8026,7542.514933560892,19.23108482261124,0.0,0
2112704,43261.0,66.4825,25.924,616.42,9.5761,19.5,5.8531,0.5365,0.542,0.487,0.768,0.425,43.3786,10019.948683571807,22.08656549081994,41.607914750005776,1
2112803,51442.0,57.558,24.3867,717.55,4.5602,12.02,7.4252,0.4936,0.618,0.567,0.758,0.548,29.5134,9752.9256249757,44.090182516316766,33.046926635822864,1
2112852,10362.0,65.0936,24.5512,727.65,6.1547,20.65,1.5097,0.4552,0.581,0.555,0.718,0.491,27.4947,15143.215595444895,8.70750448736479,28.95193977996525,1
2112902,30805.0,58.7989,23.8078,641.96,4.1839,16.72,1.2611,0.4945,0.596,0.54,0.733,0.534,34.007,10328.290861873073,43.046288209606985,45.44716766758643,1
2113009,30845.0,56.6802,24.3216,754.86,4.5716,20.32,1.3309,0.4222,0.57,0.563,0.688,0.477,22.7305,10553.055600583562,25.846624646174835,32.42016534284325,1
2114007,40801.0,67.2974,24.867,760.1,4.8189,17.88,5.0598,0.4707,0.595,0.559,0.745,0.505,27.3125,13898.43386191515,19.064916786948704,44.116565770446805,1
2200053,6420.0,23.9097,22.2741,611.2,4.1501,15.89,0.0903,0.4307,0.528,0.517,0.692,0.411,36.5903,11467.757009345794,5.0123434813770364,15.576323987538942,1
2200103,4940.0,81.1943,20.749,728.51,10.9897,19.24,5.5749,0.4575,0.599,0.55,0.742,0.526,27.7812,9571.457489878543,43.953306285144855,0.0,0
2200202,17573.0,89.1538,23.2345,838.94,6.0751,11.56,26.0374,0.4407,0.639,0.6,0.763,0.569,22.3196,13886.47356740454,181.4605233266558,22.762191999089517,1
2200251,6819.0,56.0199,20.6189,640.87,15.9311,31.78,15.8835,0.4662,0.531,0.535,0.716,0.391,36.8089,9597.00835899692,12.724626322566198,14.664906877841323,1
2200277,4634.0,65.5589,21.817,652.29,50.4673,27.57,0.6897,0.5054,0.585,0.564,0.749,0.475,38.9081,10397.928355632284,19.01268606502224,21.57962883038412,1
2200301,13479.0,49.885,20.9363,754.37,5.2423,24.9,0.9432,0.433,0.585,0.567,0.751,0.47,24.9647,9715.70591290155,7.73175031018206,29.67579197269827,1
2200400,47453.0,72.0734,23.4211,836.62,10.1059,16.18,15.2254,0.464,0.614,0.59,0.767,0.512,22.0456,11340.484268644765,49.57314423253715,18.96613491243968,1
2200459,5322.0,39.5716,23.9384,644.28,10.4452,16.89,0.5389,0.4585,0.578,0.52,0.749,0.496,34.7989,15431.228861330326,2.496826187681386,0.0,0
2200509,17234.0,53.3074,20.8889,765.13,5.6835,18.63,4.7619,0.4844,0.598,0.574,0.75,0.497,30.7333,11175.23500058025,14.958420382475197,34.814900777532785,1
2200608,6827.0,78.1602,22.0302,869.02,9.1105,16.99,1.2225,0.4014,0.63,0.61,0.737,0.555,16.5441,9777.208144133589,30.75114410291521,0.0,0
2200707,9407.0,50.6538,22.6746,740.25,14.2633,21.94,1.1927,0.4938,0.594,0.534,0.768,0.512,33.1346,10476.453704687998,27.841492614176165,10.630381630700542,0
2200806,3152.0,79.9492,21.4467,906.69,5.9581,15.84,18.8462,0.4158,0.62,0.579,0.781,0.527,15.619,44466.05329949239,4.88833746898263,0.0,0
2200905,5369.0,64.8165,18.9607,732.79,8.6927,24.2,4.1277,0.4048,0.583,0.563,0.752,0.468,23.8778,10673.309741106352,6.537897643970132,0.0,0
2200954,2690.0,13.4201,20.7063,705.46,4.1338,33.96,0.4255,0.3354,0.519,0.502,0.738,0.378,18.9963,9156.133828996282,8.506332316157287,0.0,0
2201002,4520.0,56.8584,23.8717,683.68,5.0405,23.11,2.0222,0.4524,0.56,0.514,0.761,0.449,33.2522,10823.451327433628,6.620508636687871,0.0,0
2201051,7452.0,42.0558,23.3092,499.26,6.8716,26.56,2.2959,0.4646,0.499,0.462,0.706,0.382,47.8663,8623.993558776168,4.40763398420657,26.838432635534083,1
2201101,10866.0,64.5592,21.259,678.26,8.4314,17.41,0.1911,0.494,0.554,0.532,0.722,0.442,36.8518,8982.330204307013,8.903849730942476,55.21811154058532,1
2201150,13272.0,62.9822,28.0591,816.19,7.0809,14.63,15.4005,0.4871,0.564,0.537,0.751,0.446,26.6868,133265.89813140445,1.699595910571443,15.06931886678722,1
2201176,3995.0,55.194,21.0763,661.27,12.3675,21.16,0.1367,0.4371,0.577,0.526,0.777,0.471,34.4931,9752.941176470587,15.135843723834313,0.0,0
2201200,47938.0,50.7301,23.7223,741.61,4.873,22.9,0.8188,0.4787,0.595,0.558,0.779,0.485,30.3377,10383.03642204514,27.830365856278085,12.516166715340647,1
2201309,3264.0,59.4669,25.1532,660.51,0.2632,13.48,1.3848,0.4847,0.557,0.56,0.73,0.423,34.4975,49991.42156862745,1.5050400859864812,0.0,0
2201408,6640.0,73.8102,22.3343,740.09,13.0457,20.42,2.2049,0.4277,0.612,0.611,0.729,0.514,25.9069,13583.132530120482,41.64680498758122,0.0,0
2201507,26300.0,44.1673,23.1559,649.57,6.0361,23.7,0.9205,0.439,0.545,0.54,0.755,0.398,31.8158,9536.38783269962,16.55117554252299,3.802281368821293,0
2201556,4091.0,43.1435,24.2972,691.55,10.0432,14.47,0.8921,0.5266,0.576,0.52,0.709,0.519,36.7392,11458.32314837448,8.196885544148174,0.0,0
2201572,3423.0,59.48,22.6702,843.88,5.2968,27.85,0.7958,0.4536,0.551,0.537,0.696,0.448,22.3492,12054.922582529944,14.07286810232122,87.64241893076249,1
2201606,9929.0,62.2923,20.8782,652.94,8.468,24.9,23.3048,0.439,0.557,0.561,0.78,0.394,33.6187,9255.514150468323,10.59547667373103,0.0,0
2201705,5562.0,79.288,23.6246,945.82,5.7057,14.54,0.1702,0.4321,0.612,0.596,0.758,0.507,12.8478,13029.665587918014,4.573576862733489,0.0,0
2201739,6220.0,35.1447,23.6817,574.1,6.9712,26.34,0.0488,0.4542,0.489,0.486,0.702,0.342,39.9067,10059.485530546624,10.731983380954352,16.077170418006432,1
2201770,6902.0,48.0875,24.109,616.36,8.3032,25.79,0.9126,0.4675,0.575,0.534,0.772,0.46,37.4381,9056.360475224572,20.48350813464152,14.488554042306578,1
2201804,4078.0,43.7715,18.1707,900.37,6.7337,15.45,13.0628,0.4965,0.632,0.614,0.773,0.532,25.282,11714.5659637077,15.585646529155248,24.52182442373713,1
2201903,28796.0,82.0044,26.6877,1130.24,6.6689,10.24,23.4345,0.5071,0.668,0.665,0.799,0.562,14.5537,49000.03472704542,5.263366650076229,38.19974996527295,1
2201919,5636.0,33.978,24.1128,544.35,11.9266,19.01,0.11,0.4848,0.532,0.526,0.77,0.372,42.7303,12449.609652235627,10.773365548933176,0.0,0
2201929,5913.0,30.2723,23.423,637.35,22.1523,23.42,32.5516,0.4617,0.542,0.542,0.707,0.415,36.5297,8953.999661762218,20.449664359897493,0.0,0
2201945,6545.0,47.9603,22.0474,672.54,21.6807,19.25,0.5725,0.4454,0.56,0.555,0.729,0.434,30.4966,7902.979373567608,24.25996901247656,0.0,0
2201960,8436.0,46.8468,22.0365,799.36,11.3227,20.27,0.7447,0.4338,0.577,0.572,0.752,0.446,21.2541,8217.757230915126,9.577265234390964,0.0,0
2201988,3904.0,38.7039,22.1311,662.87,10.5922,22.22,0.0724,0.3935,0.515,0.531,0.725,0.354,27.1252,11265.112704918032,1.72185208479063,51.22950819672131,1
2202000,19654.0,64.4296,23.5677,655.04,6.0045,20.2,2.5546,0.4541,0.565,0.544,0.735,0.452,29.653,10928.716800651267,28.461783531728795,35.61615956039483,1
2202026,7434.0,36.481,25.1143,666.86,2.7563,21.63,0.3386,0.4326,0.574,0.527,0.78,0.46,29.7632,9374.49556093624,3.050060127295084,13.451708366962604,1
2202059,10212.0,23.5703,22.4834,623.38,5.0142,22.97,12.2506,0.4343,0.583,0.54,0.769,0.476,33.3431,8435.174304739523,16.775442014498637,0.0,0
2202075,3108.0,37.7735,22.8121,630.48,4.6429,20.37,32.5516,0.4474,0.562,0.525,0.752,0.449,33.9452,10998.0694980695,6.045445880810572,0.0,0
2202083,7957.0,71.4842,23.9412,833.97,3.9258,18.67,0.16,0.4948,0.546,0.551,0.739,0.4,23.4324,14500.31418876461,29.34375749082661,150.81060701269325,1
2202091,5503.0,39.1241,24.6048,710.22,3.2299,23.48,0.0539,0.4763,0.588,0.561,0.744,0.486,29.4748,35449.57296020353,11.781657182250656,0.0,0
2202109,4938.0,34.0219,20.3119,685.57,1.0033,21.07,4.122,0.4436,0.544,0.524,0.776,0.397,32.0227,11643.985419198056,6.2997309410175255,0.0,0
2202117,4616.0,29.2461,23.0069,636.4,24.4052,28.89,1.0019,0.4558,0.537,0.528,0.762,0.385,36.0243,11119.584055459272,7.0173731673649575,0.0,0
2202133,6020.0,39.1528,22.7409,686.67,14.3611,24.5,6.7691,0.4423,0.56,0.545,0.721,0.446,30.0814,10322.093023255817,19.31455778646184,0.0,0
2202174,7419.0,22.8737,27.5913,525.88,10.2378,24.98,0.1368,0.4442,0.528,0.479,0.766,0.401,40.9489,7622.860223749832,15.518388212802096,0.0,0
2202208,45793.0,75.4089,21.6583,1038.91,5.5626,13.47,9.0028,0.4696,0.656,0.629,0.793,0.566,15.4467,15424.278819906973,27.24377566021224,19.65365885615705,1
2202251,3414.0,49.6485,21.6169,755.33,1.1732,16.18,17.4067,0.4101,0.583,0.525,0.778,0.485,20.5038,12287.05330990041,1.576703581112255,0.0,0
2202307,19365.0,60.8366,22.6801,913.41,9.1816,19.16,8.9225,0.4923,0.576,0.571,0.724,0.462,22.3031,14015.078750322748,4.476791080539933,20.655822359927704,1
2202406,11100.0,59.4955,22.7117,618.65,9.2117,20.26,0.7735,0.4216,0.583,0.552,0.773,0.465,32.119,9586.576576576575,19.41720399259697,0.0,0
2202455,3974.0,37.4434,22.5969,677.47,8.8078,20.03,2.6243,0.4177,0.553,0.503,0.725,0.464,28.8631,10989.431303472573,3.507517685426679,0.0,0
2202505,10318.0,39.2033,24.937,643.52,21.5646,27.17,0.1806,0.5062,0.552,0.533,0.771,0.409,40.165,9448.051948051949,6.404880571138061,0.0,0
2202539,5630.0,17.9929,24.2274,554.55,2.8427,28.89,0.1048,0.4494,0.505,0.48,0.775,0.347,40.469,10201.95381882771,11.947811619299854,0.0,0
2202554,5033.0,46.1554,24.4586,633.05,12.2826,22.43,2.8002,0.4019,0.541,0.52,0.715,0.426,27.7977,9940.790780846412,10.090358124512573,0.0,0
2202604,19288.0,59.1611,21.5937,711.61,7.1376,21.36,2.1474,0.473,0.587,0.566,0.754,0.473,32.244,10488.593944421402,8.10812969476389,15.553712152633762,1
2202653,5496.0,18.4316,25.6732,577.3,1.9904,27.97,0.6222,0.4327,0.488,0.498,0.708,0.329,36.1415,9669.57787481805,11.191362939402516,0.0,0
2202703,28212.0,44.7682,25.7692,594.08,3.2218,25.79,0.6486,0.5098,0.497,0.516,0.712,0.334,44.3003,9668.757975329649,21.79994003702868,10.633772862611655,0
2202711,4911.0,54.8361,22.2969,716.92,1.7159,21.83,1.0916,0.4133,0.555,0.55,0.78,0.399,22.3491,9562.410914274078,15.827078452162649,0.0,0
2202729,6386.0,48.9665,24.3815,567.23,7.2086,30.32,0.2719,0.4766,0.498,0.504,0.779,0.315,41.9618,8919.824616348262,19.657940749131924,0.0,0
2202737,4117.0,40.4178,22.6864,658.23,1.3863,21.16,0.2331,0.4104,0.565,0.543,0.732,0.453,29.8853,9159.096429438912,8.498121619947984,24.28953121204761,1
2202752,6150.0,79.3496,22.5691,843.92,9.5652,15.14,1.0664,0.443,0.628,0.578,0.778,0.55,21.218,11473.170731707318,14.315942373094408,16.260162601626018,1
2202778,6994.0,40.692,22.4335,716.44,4.189,23.59,1.7343,0.3848,0.588,0.57,0.772,0.462,22.6434,9738.490134400916,7.360609897147211,0.0,0
2202802,4932.0,52.4534,20.6813,776.18,19.8987,23.36,2.0528,0.4659,0.589,0.559,0.759,0.482,26.2165,12255.8799675588,5.980146205602082,0.0,0
2202851,4250.0,34.7294,20.8,724.86,13.001,21.94,32.5516,0.5029,0.546,0.518,0.725,0.433,33.7267,9592.941176470587,2.206527895964027,0.0,0
2202901,27278.0,63.7143,25.1925,946.37,7.5648,10.44,12.6443,0.5091,0.642,0.62,0.789,0.54,21.1562,24955.53193049344,8.947282276948531,36.659579148031376,1
2203008,7356.0,45.5546,22.7433,684.39,2.1352,19.73,1.6515,0.5254,0.573,0.521,0.77,0.469,38.0472,10205.138662316476,6.115241882922547,13.594344752582924,1
2203107,10503.0,72.446,23.717,857.08,8.9115,14.41,4.3056,0.5215,0.566,0.586,0.713,0.434,25.4346,11565.076644768162,5.690533169853991,38.08435685042369,1
2203206,11270.0,70.63,23.6735,693.11,12.4598,13.6,0.9879,0.4908,0.607,0.574,0.741,0.527,35.0107,12498.757763975154,4.806074673692264,44.36557231588288,1
2203230,4854.0,30.3461,24.0832,664.97,24.5098,19.79,2.0,0.3943,0.542,0.49,0.743,0.438,25.5987,84263.08199423156,1.537702702574274,0.0,0
2203255,4413.0,41.4231,21.7312,744.99,4.4787,17.87,32.5516,0.466,0.555,0.512,0.762,0.438,26.4198,8987.083616587355,12.761306031329251,0.0,0
2203271,5073.0,46.6194,26.2567,567.11,10.3846,24.46,0.0635,0.4279,0.527,0.506,0.685,0.422,37.1338,15457.12596096984,6.716972238368436,0.0,0
2203305,16352.0,84.1854,23.1103,862.34,4.1688,12.03,19.7253,0.4166,0.618,0.588,0.781,0.515,15.9895,13199.24168297456,75.42191903397953,24.46183953033268,1
2203354,7054.0,39.467,22.0442,799.6,9.2885,20.43,0.8392,0.4457,0.561,0.563,0.718,0.436,24.4259,9568.0464984406,7.014919881341049,0.0,0
2203404,6320.0,59.3987,21.6456,918.12,6.1895,16.66,0.7159,0.4373,0.601,0.583,0.762,0.488,19.4269,12350.158227848102,28.883770246060475,0.0,0
2203420,4075.0,22.8221,22.8466,591.0,23.796,23.56,0.6829,0.4701,0.55,0.547,0.755,0.403,38.3595,11418.895705521472,4.801432771104212,0.0,0
2203453,9159.0,32.5145,22.1749,748.74,4.4518,17.37,0.0315,0.4032,0.549,0.498,0.756,0.439,22.8837,17943.77115405612,2.365551739955122,0.0,0
2203503,13607.0,71.691,19.4238,794.04,8.4753,24.26,10.9655,0.4201,0.58,0.573,0.758,0.45,22.1961,12107.371205996911,9.831817892795828,14.69831704269861,1
2203602,4377.0,78.7526,20.4935,886.51,5.0667,16.39,2.9335,0.4687,0.595,0.616,0.742,0.462,22.9838,12700.936714644731,3.987101358183259,0.0,0
2203701,40970.0,61.2741,23.7442,826.99,6.2376,17.92,4.0051,0.4722,0.605,0.579,0.769,0.497,25.438,11145.106175250185,45.08400568694511,7.322431047107639,0
2203750,5284.0,26.1166,22.5587,575.61,10.4545,25.23,0.2869,0.4863,0.548,0.506,0.738,0.441,45.625,8852.006056018168,7.41046159714801,18.92505677517033,1
2203800,4414.0,44.0643,20.9334,629.95,21.3129,25.03,0.4467,0.436,0.547,0.525,0.704,0.443,33.2352,10901.676483914816,4.662418309973709,0.0,0
2203859,2333.0,42.4775,19.8457,727.11,10.1871,36.85,3.1323,0.4409,0.538,0.53,0.753,0.391,26.1056,10826.403771967423,10.452555791020568,0.0,0
2203909,62036.0,90.2154,23.4396,1223.01,7.5176,8.73,23.4182,0.4966,0.7,0.676,0.802,0.633,12.8051,22175.897865755367,18.203163810575123,22.56754142755819,1
2204006,4505.0,62.7969,19.3341,679.25,17.907,25.3,0.3652,0.4783,0.564,0.523,0.722,0.475,34.8946,9943.840177580469,16.76566035488865,0.0,0
2204105,4412.0,48.3908,19.447,701.6,0.6203,24.07,0.2628,0.4661,0.577,0.565,0.756,0.45,34.9955,10599.048050770623,6.7207433641799,22.66545784224841,1
2204154,2929.0,45.7835,22.226,693.49,15.9453,25.22,0.098,0.3906,0.553,0.567,0.701,0.425,28.1325,10468.419255718676,16.340762643309436,0.0,0
2204204,8237.0,59.6576,21.2335,882.67,2.5112,21.09,4.903,0.4654,0.608,0.598,0.754,0.498,24.6902,10082.91853830278,16.735373056394774,0.0,0
2204303,10259.0,70.1238,22.0879,790.71,4.5315,20.97,39.3503,0.5054,0.619,0.621,0.748,0.511,30.0614,12168.63242031387,13.200305206393894,29.242616239399556,1
2204352,5445.0,27.1258,22.6079,667.92,9.0652,26.38,0.3106,0.3685,0.561,0.524,0.755,0.446,22.4516,10891.0927456382,12.35797969160656,110.19283746556472,1
2204402,10892.0,69.5832,24.2931,747.26,12.5,15.92,0.5633,0.4526,0.548,0.574,0.753,0.38,25.8427,38275.79875137716,3.115835147947817,18.36210062431142,1
2204501,10270.0,94.3233,21.5093,1002.95,5.1246,14.53,56.4748,0.4417,0.65,0.639,0.794,0.542,14.4506,62045.764362220056,10.004490818176416,0.0,0
2204550,4276.0,32.3901,25.8887,511.07,36.0275,24.06,0.3808,0.4768,0.508,0.483,0.711,0.381,45.0691,10547.006548175865,1.371290324546193,0.0,0
2204600,3518.0,81.9784,21.7453,795.13,3.8961,22.79,4.1281,0.4712,0.599,0.528,0.776,0.524,25.171,9683.342808413872,15.665284784902903,0.0,0
2204659,9274.0,84.656,25.1564,675.74,8.4144,16.38,21.9222,0.4414,0.563,0.534,0.708,0.472,27.8251,12909.963338365322,71.50567480878362,75.47983610092733,1
2204709,14958.0,50.8089,21.7877,822.11,6.9729,21.31,1.1298,0.4568,0.624,0.562,0.772,0.56,23.7197,10940.566920711324,15.291007562700493,13.370771493515177,1
2204808,9420.0,66.6242,22.7495,708.73,9.706,14.95,16.7832,0.4507,0.63,0.56,0.765,0.583,27.3567,8750.31847133758,17.793157378777032,21.231422505307854,1
2204907,7774.0,28.9812,22.3437,606.85,4.2206,23.74,19.5669,0.4656,0.582,0.628,0.767,0.41,38.6159,10393.362490352456,9.709150130887435,12.863390789812197,1
2205003,10790.0,27.2845,20.2132,783.42,11.1555,27.51,7.922,0.4439,0.541,0.545,0.725,0.401,26.4692,10028.08155699722,13.037384306807471,9.267840593141798,0
2205102,10323.0,61.7069,20.7788,828.9,11.5175,17.53,2.4178,0.5019,0.583,0.594,0.727,0.46,26.5209,12773.32170880558,4.041611805593892,0.0,0
2205151,5613.0,39.3551,20.7732,800.2,0.6497,25.74,0.0511,0.4148,0.535,0.509,0.724,0.416,23.1757,12305.89702476394,4.208289723465957,0.0,0
2205201,17527.0,51.4977,22.4168,728.46,10.8813,28.93,6.6975,0.502,0.524,0.556,0.709,0.366,33.0095,10941.575854396076,20.220630650170516,5.705482969133337,0
2205250,4180.0,31.1722,20.3589,698.08,19.6017,25.74,1.8169,0.4848,0.593,0.532,0.711,0.55,34.8804,9481.578947368422,8.192448052431667,0.0,0
2205276,4494.0,21.2506,20.2937,724.37,13.8286,20.35,0.6102,0.3804,0.566,0.525,0.78,0.442,23.676,13073.43124165554,6.9096684619914415,0.0,0
2205300,4497.0,54.881,22.8597,958.54,7.1786,18.85,2.2773,0.401,0.591,0.569,0.787,0.461,10.7922,14127.863019790972,2.410045339078427,0.0,0
2205359,2970.0,28.4512,20.404,613.26,1.194,21.1,5.2314,0.4292,0.561,0.51,0.752,0.46,33.7824,23329.62962962963,1.6497891936030395,33.670033670033675,1
2205409,13886.0,32.6948,25.198,613.19,6.3386,23.26,9.2272,0.4671,0.522,0.485,0.765,0.384,35.0497,8562.436986893274,18.75064984518493,0.0,0
2205458,5394.0,36.7445,23.7301,545.86,50.9717,30.9,0.1228,0.4737,0.504,0.501,0.726,0.353,43.8636,8569.89247311828,31.916215496582943,0.0,0
2205508,42559.0,64.2614,23.1044,709.87,8.3814,16.61,12.5886,0.4162,0.618,0.591,0.781,0.512,23.6777,9181.066284452172,27.668557222469268,7.0490378063394346,0
2205516,5214.0,34.2539,24.9329,798.22,7.722,19.1,0.0565,0.4162,0.57,0.522,0.753,0.47,22.6782,10730.341388569235,5.574062116475876,0.0,0
2205524,5388.0,35.5234,23.1626,611.82,13.8308,12.08,32.5516,0.4634,0.582,0.5,0.777,0.508,37.9259,14611.915367483296,4.196536221995832,18.55976243504083,1
2205532,4425.0,16.3842,21.6949,570.59,6.4,27.06,0.2625,0.4694,0.555,0.511,0.767,0.435,45.4011,9845.42372881356,3.479099066657965,0.0,0
2205540,2939.0,61.4495,23.2392,646.62,16.2816,19.2,1.5826,0.4632,0.597,0.561,0.776,0.488,31.7115,13786.662129976185,43.44484027849636,0.0,0
2205557,8256.0,41.1701,25.0363,735.09,9.3697,21.05,7.0667,0.444,0.55,0.538,0.728,0.425,27.9966,9365.31007751938,20.94341776486853,12.112403100775191,1
2205565,4995.0,30.3103,24.2242,791.53,15.3129,20.74,3.021,0.4759,0.502,0.474,0.744,0.358,27.6677,107612.61261261262,3.75274694314532,20.02002002002002,1
2205573,6331.0,32.1118,24.3563,610.03,4.5179,21.61,0.4008,0.461,0.529,0.499,0.743,0.4,39.1166,8684.252092876322,40.61978698832285,0.0,0
2205581,4810.0,57.1726,22.4116,781.88,8.3478,16.16,1.8228,0.4342,0.583,0.548,0.778,0.464,20.1871,15520.37422037422,11.24249429110347,0.0,0
2205599,4520.0,39.9336,19.7124,692.81,8.2454,27.57,0.759,0.4737,0.541,0.504,0.745,0.421,33.6947,10751.106194690265,5.614781284393641,44.24778761061947,1
2205607,5213.0,73.873,21.3505,766.24,4.7364,15.42,4.5708,0.4858,0.584,0.563,0.738,0.48,30.4873,21062.535967772877,4.788794239851256,0.0,0
2205706,30641.0,46.4606,24.2453,694.72,5.1208,19.55,0.8203,0.4624,0.541,0.544,0.73,0.398,28.9345,12357.037955680298,28.5262625764221,110.96243595182924,1
2205805,25375.0,55.9921,22.999,648.33,4.4567,24.2,1.8251,0.443,0.545,0.55,0.7,0.42,30.7847,9507.231527093596,35.962352554354524,11.822660098522167,0
2205854,8032.0,43.7749,25.4731,617.37,11.3511,21.56,0.4421,0.4415,0.563,0.472,0.772,0.489,31.4314,9355.204183266933,44.91115062457365,24.900398406374503,1
2205904,5209.0,70.0518,21.9428,790.65,11.1823,18.1,0.694,0.4429,0.573,0.534,0.758,0.466,23.9201,10521.597235553849,3.214612570992704,0.0,0
2205953,8533.0,86.8159,26.0635,723.89,6.416,22.69,0.1417,0.447,0.562,0.578,0.7,0.438,26.5909,23246.572131723897,62.38211512874125,35.1576233446619,1
2206001,4724.0,85.6054,21.486,822.41,1.1288,17.07,12.4272,0.4038,0.59,0.58,0.717,0.494,19.6228,11618.120237087214,6.973558345241329,0.0,0
2206050,5218.0,18.0337,22.4032,569.05,8.399,32.81,8.0367,0.435,0.525,0.514,0.73,0.386,38.463,9990.417784591798,9.84214467462262,0.0,0
2206100,10641.0,49.422,23.6726,625.81,2.9916,23.37,1.218,0.4597,0.562,0.521,0.779,0.438,34.9027,8980.07706042665,46.92109266485879,9.3976130062964,0
2206209,32150.0,33.1975,24.8398,561.01,7.0275,25.68,2.9012,0.4777,0.539,0.533,0.742,0.396,41.4913,9730.513219284603,23.09422371442753,15.552099533437012,1
2206308,1318.0,68.5129,25.1138,694.67,1.084,16.79,1.2315,0.4123,0.623,0.579,0.782,0.533,23.1531,17919.5751138088,14.109536248019523,0.0,0
2206357,6542.0,29.7615,22.6689,548.51,7.6976,27.0,0.0468,0.46,0.508,0.476,0.772,0.357,42.1431,8187.557321919902,4.99721952322462,0.0,0
2206407,10255.0,55.3096,21.0336,799.67,7.0829,15.91,3.5562,0.4434,0.615,0.568,0.781,0.524,23.5007,12422.720624085812,18.05906043577719,0.0,0
2206506,7577.0,49.2675,22.2647,748.47,6.6723,25.84,9.2613,0.4727,0.561,0.591,0.739,0.404,30.8424,9618.846509172496,18.86853534146147,0.0,0
2206605,10660.0,29.531,24.531,587.18,9.9323,16.09,0.4888,0.4838,0.578,0.531,0.768,0.474,38.5251,27963.320825515948,4.409729202914558,0.0,0
2206654,4377.0,38.1997,21.613,579.63,6.5332,17.97,32.5516,0.4498,0.542,0.472,0.774,0.435,39.3209,8944.254055289011,1.982644050844832,0.0,0
2206670,6425.0,37.821,24.4514,591.58,7.8886,26.12,0.7218,0.4538,0.55,0.536,0.742,0.418,36.661,9719.844357976654,19.56407882877396,15.564202334630352,1
2206696,9797.0,21.3739,26.11,586.54,10.5304,29.65,9.9932,0.4597,0.53,0.489,0.777,0.391,37.3249,7646.116158007553,20.594046918355332,0.0,0
2206704,6665.0,56.5491,19.865,722.03,17.111,22.14,0.3433,0.4628,0.576,0.531,0.707,0.51,31.4779,10059.564891222806,5.065201646703516,0.0,0
2206720,10262.0,32.3719,21.2434,634.76,12.4141,20.9,1.0436,0.4198,0.602,0.546,0.78,0.512,27.2072,9247.515104268174,28.318652449389585,9.744689144416292,0
2206753,5228.0,34.1431,20.4858,759.01,9.7724,19.74,0.5257,0.4215,0.586,0.557,0.78,0.462,23.1388,9159.334353481256,14.649510188526978,38.25554705432288,1
2206803,8525.0,46.1935,26.1232,607.6,9.1127,24.17,0.5492,0.471,0.533,0.503,0.732,0.411,39.9695,9213.724340175952,23.819768871403983,11.730205278592376,0
2206902,6097.0,55.1091,21.0595,724.29,9.2708,23.51,0.0443,0.4289,0.562,0.547,0.775,0.418,28.1815,9541.741840249302,11.59332656406278,0.0,0
2206951,2827.0,42.0941,19.6675,664.96,10.3506,27.75,2.6866,0.425,0.528,0.536,0.702,0.392,30.7747,11049.522461973824,6.3689532117367165,0.0,0
2207009,38161.0,69.6261,23.4611,986.29,5.9063,14.13,35.9825,0.4959,0.634,0.619,0.753,0.547,20.1455,15317.156259007888,14.117296268263036,7.861429207829984,0
2207108,2637.0,53.4699,22.6773,688.37,7.4026,19.41,0.6711,0.4732,0.576,0.537,0.746,0.477,31.5131,10895.335608646188,14.362510416496464,37.92188092529389,1
2207207,6382.0,56.2833,20.8712,711.16,13.8351,33.21,0.6806,0.4519,0.541,0.531,0.699,0.427,30.9385,11582.419304293326,22.899503401555812,31.338138514572236,1
2207306,4088.0,59.271,23.9481,709.55,2.6201,19.71,4.065,0.4514,0.575,0.537,0.721,0.492,31.3112,10824.363992172212,10.184912974801808,24.46183953033268,1
2207355,3000.0,52.2,19.8,907.28,10.7365,21.09,1.732,0.4257,0.559,0.56,0.732,0.427,19.7,17527.0,3.0396337849215924,0.0,0
2207405,4952.0,38.8126,22.8393,749.81,6.6248,18.37,0.1247,0.4335,0.557,0.57,0.704,0.431,24.6514,28565.630048465267,2.4465980084336487,0.0,0
2207504,13264.0,41.9632,22.1879,746.07,12.3252,20.79,1.2104,0.5093,0.562,0.515,0.776,0.443,31.7688,10466.978287092885,8.879582049105482,0.0,0
2207553,3813.0,15.4996,20.3777,640.94,12.2004,34.25,0.387,0.3698,0.509,0.519,0.731,0.348,28.6126,11601.626016260165,8.814717549910766,26.226068712300027,1
2207603,10103.0,52.3904,24.6066,668.53,8.1967,16.56,2.7686,0.4759,0.575,0.526,0.777,0.464,36.3916,11800.059388300504,2.9465024464748857,39.5922003365337,1
2207702,162159.0,95.3768,23.6613,1121.72,7.0267,10.79,31.2136,0.5096,0.687,0.658,0.816,0.604,16.0593,18339.561788121537,371.1522131712241,44.40086581688343,1
2207751,4135.0,64.0871,24.9819,776.48,8.4584,21.83,36.3711,0.4029,0.561,0.594,0.758,0.393,24.1838,11791.535671100362,6.42853367245727,0.0,0
2207777,5425.0,46.1014,20.0737,610.9,12.4378,29.51,8.9157,0.4607,0.563,0.529,0.755,0.448,38.5806,11913.364055299538,6.7693782029765295,0.0,0
2207793,3880.0,22.4742,22.8093,539.48,7.4722,25.52,4.9732,0.4513,0.514,0.488,0.742,0.376,44.688,8663.144329896908,9.022773200503227,25.77319587628866,1
2207801,21055.0,59.6438,23.7093,853.62,13.0458,20.76,3.2165,0.5039,0.6,0.596,0.767,0.472,27.5385,12717.83424364759,10.846880987228449,14.248397055331276,1
2207850,3628.0,51.8467,20.5072,612.34,28.2427,29.88,1.7747,0.439,0.526,0.512,0.748,0.379,37.2414,10389.47078280044,3.3263133574219057,0.0,0
2207900,37894.0,62.5587,23.6053,726.92,4.8627,21.85,2.242,0.4953,0.571,0.566,0.767,0.428,31.0418,10194.964902095318,24.536246551269773,13.194701008075157,1
2207934,2458.0,44.1823,21.3995,630.74,2.217,19.44,0.2463,0.4129,0.562,0.479,0.746,0.496,31.3518,12742.880390561431,2.8232980669941754,0.0,0
2207959,4076.0,21.5653,23.5525,581.67,22.8242,21.52,0.1458,0.4536,0.554,0.52,0.77,0.425,41.1678,10777.968596663395,4.480430543433575,0.0,0
2208007,83090.0,79.5054,23.4011,1207.78,6.3012,12.01,51.2551,0.479,0.698,0.684,0.8,0.621,10.8721,23369.34649175593,143.9326224180819,9.628114093152004,0
2208106,11341.0,41.4161,22.5465,696.28,11.01,24.44,0.2326,0.4789,0.566,0.553,0.774,0.423,32.9151,9432.677894365575,2.485655046048508,17.635129177321225,1
2208205,17613.0,33.0495,23.4713,696.71,6.3701,23.34,13.0927,0.4677,0.564,0.538,0.758,0.44,30.9923,11500.369045591324,9.04092206830919,11.355248963833532,0
2208304,28846.0,74.6377,23.5111,817.75,7.323,21.42,4.8912,0.5187,0.596,0.575,0.77,0.478,30.2399,12602.05921098246,12.176774720802923,20.80011093392498,1
2208403,65538.0,76.1512,22.8799,943.13,7.3068,17.11,14.2785,0.4966,0.635,0.621,0.775,0.533,21.7841,13996.39903567396,46.5736018965429,51.87829961243858,1
2208502,12052.0,65.3087,26.4852,562.71,2.8902,22.27,28.6095,0.4597,0.549,0.537,0.758,0.406,39.0637,9836.292731496847,47.61509681446626,41.4868901427149,1
2208551,2364.0,70.5584,23.308,768.43,0.7153,21.16,37.8906,0.4554,0.563,0.539,0.732,0.452,21.6159,16587.14043993232,2.023898092792817,0.0,0
2208601,3042.0,82.3471,21.7949,756.31,22.7513,22.69,0.0917,0.4305,0.565,0.527,0.764,0.448,26.693,9067.718606180144,15.45833820323497,0.0,0
2208650,8738.0,24.7997,24.3992,691.98,5.0284,21.29,0.2429,0.4135,0.515,0.49,0.758,0.368,28.2559,28989.92904554818,6.808641941639545,0.0,0
2208700,8394.0,64.3317,24.2435,697.28,11.5156,15.7,0.7773,0.457,0.589,0.557,0.766,0.478,31.3754,11666.666666666666,3.39765014079969,0.0,0
2208809,17133.0,79.9685,21.0471,691.08,13.2902,21.48,3.4562,0.4511,0.591,0.582,0.714,0.498,30.972,15439.035778906204,13.691930367987112,17.51006828926633,1
2208858,4165.0,61.9688,22.6411,613.04,5.2427,14.2,1.161,0.4493,0.541,0.483,0.761,0.431,35.8223,11111.40456182473,1.875620891309458,0.0,0
2208874,4055.0,26.4858,21.7509,710.23,1.9301,25.31,0.5018,0.3937,0.52,0.505,0.758,0.368,26.3327,53610.35758323058,4.005021338714186,0.0,0
2208908,6164.0,71.8527,25.0649,822.23,3.6354,15.86,35.1018,0.47,0.601,0.568,0.787,0.485,24.6059,112890.16872160934,1.5459675803274873,16.223231667748216,1
2209005,5801.0,72.0738,20.393,770.9,12.4097,21.64,0.1891,0.4402,0.572,0.552,0.767,0.442,24.8575,10600.068953628685,9.121743273480902,0.0,0
2209104,5831.0,70.3824,21.3685,778.5,9.3458,21.07,3.4483,0.4335,0.601,0.57,0.72,0.53,24.1291,10463.385354141656,10.007585925191108,0.0,0
2209153,3435.0,77.3799,19.4178,635.96,3.3647,21.85,1.1008,0.4094,0.577,0.524,0.719,0.509,29.8981,13238.136826783117,3.5103101949218534,0.0,0
2209203,6087.0,67.1102,27.3369,791.19,12.6576,17.04,6.0076,0.4629,0.544,0.53,0.789,0.385,24.905,101059.30671923772,1.1498588981265063,16.42845408247084,1
2209302,5336.0,61.6567,22.4888,703.92,11.6107,16.15,0.4084,0.3963,0.588,0.539,0.768,0.49,23.2445,11706.334332833583,4.501441709872971,18.74062968515742,1
2209351,4125.0,46.4727,20.5576,756.73,2.882,25.7,4.2143,0.364,0.574,0.539,0.736,0.476,18.4485,9892.60606060606,36.76831061868811,24.24242424242424,1
2209377,4650.0,72.5591,21.2473,716.12,6.2888,20.48,32.5516,0.4317,0.567,0.539,0.699,0.483,27.8925,10801.720430107527,13.743734039534663,0.0,0
2209401,5839.0,65.6619,22.2641,764.21,2.4055,19.65,1.7686,0.4136,0.584,0.597,0.704,0.473,23.3419,12334.475081349548,15.15497578422263,0.0,0
2209450,2138.0,53.8821,24.1347,593.44,22.007,18.5,1.8152,0.5077,0.619,0.524,0.776,0.582,42.5164,8442.937324602432,63.55529131985731,0.0,0
2209500,3646.0,65.853,20.6253,761.49,4.3841,25.4,3.7509,0.3831,0.613,0.543,0.776,0.546,22.1613,11074.328030718596,4.278810382745808,0.0,0
2209559,4358.0,21.5466,21.5007,707.43,8.751,20.04,0.1975,0.3987,0.596,0.533,0.771,0.514,24.5525,9057.13630105553,6.64286737739352,0.0,0
2209609,2842.0,58.4448,17.7692,899.57,1.758,17.76,0.1944,0.3984,0.61,0.587,0.742,0.52,14.6582,11300.492610837438,4.532456824441457,0.0,0
2209658,5572.0,33.3812,23.9232,564.56,6.2624,23.21,0.1061,0.4841,0.485,0.462,0.734,0.336,44.2391,9968.59296482412,5.196253698787013,17.946877243359655,1
2209708,5392.0,31.6951,19.6402,677.67,8.3855,26.12,2.6417,0.4675,0.57,0.557,0.744,0.448,36.2945,10831.973293768546,4.01952810799649,37.0919881305638,1
2209757,2947.0,51.1028,24.4316,669.94,29.4243,16.5,1.1841,0.4497,0.56,0.572,0.701,0.438,30.8789,18529.691211401427,2.1274061454389264,0.0,0
2209807,4837.0,75.0258,22.2452,761.61,10.8258,17.23,0.7653,0.4898,0.616,0.538,0.739,0.588,30.8361,11729.377713458756,32.140602677829825,0.0,0
2209856,4242.0,29.3965,20.5328,801.84,6.9804,21.8,0.8307,0.4172,0.559,0.539,0.726,0.446,25.6961,11626.826968411127,8.827624095543111,23.573785950023574,1
2209872,5522.0,47.9536,23.9044,592.16,16.9747,26.17,17.2872,0.5058,0.515,0.516,0.753,0.351,44.3608,11033.140166606305,6.757955773450608,0.0,0
2209906,6114.0,63.8371,19.9378,704.34,8.1677,25.31,3.0947,0.4496,0.582,0.545,0.757,0.478,29.3202,9768.236833496892,6.1495196253560565,16.35590448151783,1
2209955,4383.0,32.5576,21.0815,606.44,17.5541,25.79,0.3401,0.4249,0.559,0.536,0.708,0.46,32.3288,8361.396303901438,11.11150546575537,0.0,0
2209971,8186.0,58.991,25.1405,562.84,7.1403,21.92,0.513,0.4377,0.523,0.496,0.72,0.401,37.4924,8335.572929391645,38.364022364172335,36.64793549963352,1
2210003,21421.0,71.8687,24.2846,938.51,11.1535,16.75,6.0572,0.5061,0.645,0.615,0.769,0.567,24.6457,19931.469119088742,14.023595463689944,9.33663227673778,0
2210052,4841.0,55.3398,23.3629,675.53,4.6811,28.81,2.4566,0.4018,0.565,0.529,0.775,0.44,26.8348,13169.593059285273,15.158109635622964,41.31377814501136,1
2210102,3297.0,65.4231,21.3831,840.15,6.6219,20.24,32.5516,0.4322,0.573,0.548,0.766,0.449,19.7993,12992.720655141038,2.56142526185271,0.0,0
2210201,6597.0,52.8119,21.2369,717.8,4.331,26.53,0.3498,0.4201,0.552,0.569,0.7,0.423,28.5151,10321.055025011368,17.669888870139577,0.0,0
2210300,6025.0,68.2324,21.9087,844.95,14.301,24.76,1.7768,0.4329,0.594,0.593,0.775,0.455,21.9751,9882.98755186722,20.6981369959016,16.59751037344398,1
2210359,4410.0,31.1338,20.6576,792.54,9.1993,14.08,0.4035,0.4282,0.595,0.56,0.753,0.499,22.3735,10275.283446712016,6.544755143049648,0.0,0
2210375,2309.0,35.4266,20.1819,627.35,8.3558,24.94,0.601,0.436,0.554,0.52,0.757,0.433,36.9424,10971.41619748809,10.595436941318992,0.0,0
2210383,2269.0,59.3213,19.4359,668.78,13.9021,28.52,8.6741,0.3995,0.563,0.557,0.774,0.413,25.4738,12019.391802556192,5.104290393406039,0.0,0
2210391,2829.0,41.0746,22.6935,686.11,14.7355,21.18,6.7669,0.4598,0.535,0.505,0.747,0.407,36.7991,16777.65995051255,3.477805478926638,0.0,0
2210409,17554.0,43.5513,21.6304,649.54,10.4562,26.37,5.123,0.4607,0.556,0.508,0.78,0.434,33.3884,9307.166457787398,3.518559831853169,11.393414606357526,0
2210508,13755.0,65.4235,22.8208,706.19,8.4107,19.81,0.5682,0.4919,0.595,0.553,0.776,0.492,33.4012,9802.689930934206,26.539298613898065,7.270083605961468,0
2210607,38934.0,68.5057,24.6186,1068.24,7.4738,13.26,10.8409,0.5173,0.661,0.631,0.779,0.587,18.8852,14544.99922946525,16.11981676719298,20.547593363127344,1
2210623,3202.0,44.0037,23.173,634.49,11.0629,17.28,0.2037,0.4276,0.536,0.508,0.77,0.394,30.9956,14588.38226108682,3.5837078953494617,31.23048094940662,1
2210631,4446.0,53.3963,22.0648,814.19,3.8321,19.13,1.7325,0.4736,0.562,0.516,0.736,0.467,25.5286,57448.9428699955,1.4119409042709783,0.0,0
2210656,9460.0,36.0359,21.797,659.91,11.8878,25.49,0.184,0.4352,0.581,0.518,0.764,0.496,32.3803,8262.262156448203,9.1746589325391,0.0,0
2210706,14350.0,48.9756,24.5923,698.6,4.491,21.24,32.8953,0.4854,0.575,0.56,0.771,0.44,33.6751,30279.09407665505,13.335749566704305,27.874564459930312,1
2210805,13870.0,62.5739,21.7664,856.73,4.6628,16.23,14.8314,0.4766,0.627,0.613,0.767,0.525,23.732,13187.59913482336,10.19831944636434,7.209805335255949,0
2210904,4141.0,38.6863,21.2509,569.04,7.767,21.45,2.2743,0.4784,0.561,0.513,0.739,0.465,44.0232,9917.169765757064,5.435424635166318,24.14875633904854,1
2210938,6220.0,51.7524,22.1704,798.91,5.117,20.29,1.4123,0.4194,0.586,0.563,0.749,0.476,19.7749,12364.630225080386,30.31277717672057,0.0,0
2210953,2949.0,53.1027,23.1265,671.89,10.2886,23.78,0.0995,0.4785,0.501,0.509,0.685,0.36,34.3899,10304.51000339098,1.85787653972542,0.0,0
2210979,2316.0,44.3437,22.0207,955.24,3.882,17.95,0.1149,0.4722,0.579,0.553,0.704,0.499,23.9637,14326.85664939551,5.8189931332866,0.0,0
2211001,866300.0,94.8129,23.3748,1559.89,7.3285,6.08,40.1744,0.5559,0.751,0.731,0.82,0.707,12.0629,27651.51910423641,622.6582035559728,39.59367424679672,1
2211100,46119.0,51.9027,24.259,727.69,6.8221,19.01,31.2883,0.4408,0.577,0.542,0.781,0.453,25.5768,9114.898414969968,39.39239416481103,21.68303735987337,1
2211209,25203.0,85.3351,25.3978,1041.2,2.2392,11.27,9.5562,0.4653,0.631,0.614,0.794,0.516,13.4,112287.38642225132,2.995720195953834,7.935563226600008,0
2211308,22279.0,81.0943,20.9839,1059.55,8.2483,16.69,1.9721,0.4842,0.647,0.62,0.773,0.566,16.5154,13003.186857578889,16.70438067303381,13.465595403743436,1
2211357,5055.0,28.8427,23.7587,610.54,16.9742,21.97,0.6639,0.459,0.553,0.518,0.743,0.44,39.9643,8811.27596439169,11.222634421851168,19.782393669634025,1
2211407,4417.0,64.0706,20.4664,839.8,13.9569,19.82,0.4281,0.4686,0.571,0.554,0.708,0.474,27.005,9281.412723568032,18.680245122709376,0.0,0
2211506,3185.0,40.5024,20.471,599.07,6.0721,29.86,1.4742,0.4112,0.503,0.494,0.685,0.375,37.9906,9757.613814756673,9.313573546526928,0.0,0
2211605,2935.0,42.7257,19.2164,738.02,3.5044,22.48,0.366,0.4393,0.565,0.559,0.685,0.471,28.9608,12618.39863713799,13.24297129862336,0.0,0
2211704,4059.0,31.5102,21.9019,601.14,18.9155,27.23,7.3434,0.421,0.544,0.513,0.708,0.443,34.8854,9363.882729736388,15.009595935317108,0.0,0
2300101,10038.0,55.5091,23.3911,677.33,10.3933,19.49,3.0043,0.4493,0.628,0.54,0.748,0.612,30.6141,11752.440725244072,55.50977974152948,19.924287706714484,1
2300150,14027.0,62.4296,26.8411,674.46,5.4789,13.6,32.282,0.4507,0.606,0.559,0.709,0.562,27.8677,12831.96692093819,108.0937372367397,28.516432594282456,1
2300200,65264.0,44.2725,24.5434,694.7,6.3076,19.26,8.3083,0.4785,0.601,0.554,0.758,0.517,31.7241,15631.910394704584,77.46744691205622,26.048050992890417,1
2300309,44962.0,54.5616,20.653,758.47,5.0757,25.3,28.7108,0.4728,0.595,0.563,0.724,0.517,30.4133,12555.491303767623,19.94517981137206,22.24100351407856,1
2300408,14076.0,40.324,22.0943,659.88,8.3209,26.55,17.0221,0.4758,0.569,0.518,0.749,0.474,36.4709,10769.820971867008,5.772251936898903,7.104290991759022,0
2300507,11369.0,35.6144,24.3381,753.79,11.0072,16.57,22.0899,0.4101,0.6,0.549,0.751,0.524,22.1655,8637.699006069135,83.74337065409547,0.0,0
2300606,6782.0,73.1937,23.6508,699.36,5.7237,21.22,16.7002,0.459,0.602,0.547,0.774,0.515,31.5246,11007.667354762609,93.31957344341244,29.48982601002654,1
2300705,14155.0,50.0177,22.3243,803.58,7.2829,19.51,23.6525,0.3896,0.601,0.563,0.774,0.499,19.0533,16408.9014482515,12.33864099741198,105.9696220416814,1
2300754,42156.0,40.0417,25.1044,582.24,9.4386,17.94,7.9138,0.5,0.606,0.503,0.761,0.582,40.6156,15785.937944776544,35.8761033629379,26.093557263497487,1
2300804,7245.0,75.804,22.6915,793.02,7.3946,24.81,47.4942,0.4042,0.599,0.55,0.772,0.506,20.98,10897.584541062804,27.8969296050149,0.0,0
2300903,12928.0,51.81,23.2828,627.92,7.8616,16.63,10.9059,0.4622,0.618,0.536,0.741,0.593,35.6529,9357.82797029703,23.76557961689768,30.940594059405942,1
2301000,80645.0,79.3763,21.9679,930.64,4.1852,11.35,14.8762,0.4745,0.641,0.608,0.788,0.55,18.4993,47794.667989335976,167.9278521393648,88.04017608035215,1
2301109,75113.0,63.286,22.9228,904.09,7.3338,12.89,26.4912,0.4769,0.655,0.607,0.742,0.624,20.3069,22715.468693834624,61.207011756883176,25.29522186572231,1
2301208,25553.0,65.9844,22.7175,718.73,4.6525,20.28,7.5307,0.3994,0.615,0.55,0.759,0.556,24.9442,10426.251320784251,39.67931079461108,46.96121786091653,1
2301257,11096.0,47.3143,22.5397,623.37,14.5578,21.79,0.5051,0.4485,0.59,0.522,0.763,0.516,35.6994,9623.64816149964,32.415914648218966,36.04902667627974,1
2301307,19783.0,61.2698,23.8033,545.54,11.1667,22.34,23.2731,0.5025,0.564,0.515,0.759,0.459,47.877,10513.16787140474,18.028058632426447,15.164535206995904,1
2301406,11224.0,33.5086,24.9555,732.99,4.0152,14.88,19.4188,0.478,0.622,0.53,0.775,0.587,28.3054,13510.780470420528,93.7223400524391,62.36635780470421,1
2301505,7429.0,57.6659,21.2545,732.65,17.3931,22.5,18.0839,0.4423,0.618,0.565,0.74,0.564,28.5927,9452.685421994884,6.953147448094741,13.460761879122357,1
2301604,21697.0,59.0957,23.418,720.44,7.9161,22.78,11.969,0.4692,0.6,0.573,0.783,0.482,31.2532,10935.106235885143,18.78326482697961,32.26252477301009,1
2301703,23714.0,53.3862,22.046,714.57,11.3689,24.17,12.4555,0.479,0.605,0.557,0.764,0.521,33.1365,9141.941469174328,26.76916477587005,4.216918276123809,0
2301802,5704.0,51.8583,21.0203,660.22,3.286,19.38,13.2273,0.4602,0.627,0.563,0.763,0.575,35.9923,11840.988779803649,39.18766660254472,0.0,0
2301851,17195.0,55.4464,24.8968,740.46,7.439,20.79,32.6052,0.4651,0.606,0.54,0.779,0.53,29.8416,15122.47746437918,15.906774000773366,29.078220412910728,1
2301901,75033.0,71.7871,23.9908,1005.61,10.3477,11.57,20.3836,0.5245,0.683,0.613,0.817,0.637,19.1807,17928.178268228647,123.38072358100574,10.66197539749177,0
2301950,22392.0,47.2624,24.1649,713.88,4.3105,18.81,15.2139,0.4574,0.616,0.551,0.771,0.551,28.1484,10718.828152911754,86.04464392073379,31.26116470167917,1
2302008,19381.0,62.8141,21.4643,729.66,8.0988,19.33,16.0236,0.4585,0.599,0.556,0.758,0.51,28.8633,12487.848924204118,27.24553171030694,10.319384964656106,0
2302057,14567.0,65.3944,24.3084,509.21,5.484,24.84,14.9106,0.5083,0.571,0.512,0.72,0.505,47.5258,9153.223038374408,37.7784693586452,20.594494405162354,1
2302107,35218.0,74.5216,24.6238,773.07,7.2397,14.37,43.3249,0.4634,0.619,0.574,0.753,0.548,25.5853,12728.49111249929,112.1324524397039,31.23402805383611,1
2302206,53114.0,41.812,22.0676,759.16,6.8395,17.01,9.3474,0.4694,0.638,0.585,0.778,0.571,26.2079,19938.35900139323,33.26381712854235,28.2411416952216,1
2302305,32775.0,37.8337,22.2914,621.73,14.3343,16.59,22.9903,0.5122,0.623,0.533,0.76,0.598,40.2364,9832.006102212052,38.92027844475636,15.255530129672008,1
2302404,50411.0,56.7971,23.2806,714.71,7.0273,22.55,42.8619,0.4626,0.598,0.553,0.768,0.504,30.0702,10696.435301819049,17.78142578033373,49.59235087580091,1
2302503,51090.0,63.6994,23.6994,873.09,6.8592,16.22,59.6231,0.4499,0.647,0.596,0.768,0.592,19.3327,15992.053239381485,78.04074799360887,15.658641612840087,1
2302602,62326.0,74.3317,24.7906,731.25,5.6787,16.82,43.2808,0.4755,0.62,0.565,0.729,0.578,28.5884,13469.499085453905,55.62591425401781,20.858068863716586,1
2302701,25135.0,72.4687,23.1311,748.63,5.4247,21.25,28.8564,0.5121,0.63,0.584,0.769,0.556,33.7202,11631.470061666998,23.21764078841141,15.914064054107818,1
2302800,74174.0,68.6319,23.9518,816.43,5.5224,18.32,26.4686,0.5049,0.612,0.571,0.765,0.526,28.1177,12286.731199611724,24.460574002684357,14.829994337638526,1
2302909,17254.0,46.8819,23.5076,612.32,8.9855,17.82,8.2178,0.488,0.611,0.527,0.73,0.593,39.5734,10247.42088791005,76.16012429982034,57.9575750550597,1
2303006,16377.0,63.9739,23.6124,655.3,6.1535,20.7,3.8849,0.4444,0.592,0.528,0.779,0.505,32.5021,11367.710813946387,17.680570804872442,36.63674665689687,1
2303105,17632.0,49.2173,23.1965,608.07,12.0356,22.24,26.2017,0.4457,0.596,0.537,0.749,0.526,35.7605,10951.962341197825,23.335190584398827,22.686025408348456,1
2303204,26320.0,56.2576,24.0995,627.49,8.2346,20.84,5.4572,0.4618,0.578,0.549,0.73,0.483,34.8582,9617.287234042553,41.502478006998025,7.598784194528876,0
2303303,17015.0,50.9962,20.5466,681.18,7.7417,23.58,4.0382,0.4533,0.597,0.546,0.751,0.519,32.2421,10636.732295033791,16.417137117588773,17.63150161622098,1
2303402,17210.0,57.5305,23.3585,654.73,4.865,19.0,1.1884,0.4876,0.593,0.536,0.76,0.513,36.9369,9690.412550842531,47.382795722608286,5.8105752469494485,0
2303501,72720.0,70.6779,23.1312,873.81,5.5876,14.97,4.3468,0.4954,0.646,0.587,0.793,0.578,23.0654,14774.161166116612,86.76613591213616,78.38283828382838,1
2303600,10243.0,56.6436,20.9509,715.33,4.6349,24.6,29.9644,0.4933,0.618,0.551,0.764,0.56,34.1547,15045.20160109343,20.983175356906543,29.28829444498682,1
2303659,10444.0,60.7717,23.8797,659.33,4.9004,22.63,18.3858,0.4612,0.609,0.537,0.717,0.587,32.6844,10731.616238988892,13.321054766320332,19.149751053236308,1
2303709,355679.0,89.5785,24.3236,947.97,6.0232,7.57,47.363,0.4706,0.682,0.62,0.808,0.632,18.8871,29303.67269363668,290.77746893394374,50.04512495817858,1
2303808,22344.0,62.6074,21.2898,857.12,6.5082,19.49,14.2415,0.5287,0.627,0.592,0.753,0.553,26.8031,11068.967060508414,30.609477101798703,44.75474400286431,1
2303907,12462.0,70.1011,22.9016,672.47,11.8834,21.84,0.3315,0.5034,0.586,0.524,0.716,0.536,35.8085,8852.351147488365,52.52908447142134,80.24394158241053,1
2303931,12113.0,35.9614,23.4954,549.53,10.8565,22.14,5.5291,0.4361,0.585,0.493,0.778,0.523,40.6671,14776.60364897218,14.857690967878048,74.30033847931975,1
2303956,20163.0,60.9036,23.7812,723.23,3.1228,18.98,0.714,0.4376,0.604,0.57,0.742,0.522,26.3756,12908.446163765311,68.01920177039514,79.35327084263254,1
2304004,20953.0,66.0908,24.9511,656.99,5.2511,24.06,17.9775,0.4673,0.61,0.526,0.758,0.568,34.4103,10742.61442275569,27.92493466234325,52.49844890946404,1
2304103,76390.0,73.2151,22.5867,920.1,7.0229,15.27,50.4886,0.4931,0.644,0.618,0.787,0.55,24.1111,12470.860060217306,25.621666692940146,19.636078020683332,1
2304202,131050.0,83.7421,23.8779,1060.11,7.624,10.23,43.3244,0.5193,0.713,0.655,0.822,0.673,19.169,14281.472720335749,115.14299521152746,26.707363601678747,1
2304236,17481.0,57.7084,23.0193,576.04,7.4844,24.46,15.8119,0.4459,0.59,0.497,0.76,0.544,38.6019,12838.910817458956,25.103719245035908,34.32297923459756,1
2304251,29761.0,39.7634,23.6854,834.25,4.3026,13.41,2.3667,0.5001,0.632,0.573,0.752,0.586,26.7407,12522.4622828534,88.59523518922605,30.240919323947445,1
2304269,8932.0,46.1599,20.3762,606.51,7.4436,25.6,1.4952,0.4202,0.609,0.542,0.742,0.562,35.1978,11294.558889386475,18.95851286470516,11.195700850873264,0
2304277,6474.0,55.1437,20.5283,705.28,4.5198,21.42,2.0907,0.4186,0.61,0.551,0.754,0.547,27.68,12463.70095767686,18.54838940730533,0.0,0
2304285,74170.0,99.0198,20.1429,2512.7,3.2682,5.47,34.8337,0.6015,0.701,0.7,0.794,0.621,9.211,48233.746797896725,941.0286990281407,20.223810165835243,1
2304301,18217.0,46.7805,22.2704,691.36,7.8087,21.36,14.9829,0.4628,0.633,0.541,0.774,0.605,33.108,11102.157325575012,34.33671353715083,16.46813416039963,1
2304350,24173.0,75.3113,24.8873,727.41,6.9767,16.35,64.3792,0.4331,0.644,0.583,0.76,0.602,24.5356,12615.604186489058,42.49988571991181,99.28432548711372,1
2304400,2428708.0,100.0,22.9292,1668.98,5.8003,5.08,71.715,0.5815,0.754,0.749,0.824,0.695,13.7493,30237.368592683848,7775.523206116157,33.721633065811126,1
2304459,17294.0,71.5797,23.4937,900.17,9.9306,15.98,2.7282,0.4201,0.624,0.562,0.734,0.588,15.0212,18067.53787440731,60.675592230829686,17.3470567826992,1
2304509,15657.0,69.7899,26.6143,822.31,5.3402,21.48,17.9889,0.4678,0.604,0.551,0.746,0.536,22.3516,17622.852398288305,74.4564493732286,63.86919588682379,1
2304608,6734.0,56.8607,24.1313,634.44,3.4787,22.68,13.3607,0.4473,0.568,0.548,0.744,0.449,32.3139,12914.018414018414,29.23110981851014,59.4000594000594,1
2304657,13801.0,45.3445,22.2737,574.75,6.0196,24.08,8.2575,0.4648,0.57,0.514,0.755,0.477,40.1348,9398.666763278025,53.2974438389916,0.0,0
2304707,53344.0,49.6701,26.5653,564.83,7.8656,25.53,9.092,0.4979,0.559,0.495,0.778,0.453,43.297,8799.621325734854,20.03021955740064,11.247750449910018,0
2304806,4841.0,53.9145,23.838,693.39,7.6236,23.32,23.4416,0.4065,0.585,0.533,0.715,0.526,24.5404,10604.627143152242,43.40614016211176,0.0,0
2304905,10910.0,70.3116,23.1989,753.78,9.1957,18.09,40.3342,0.4688,0.633,0.585,0.724,0.598,28.0433,10151.695692025663,70.07920041623576,54.99541704857928,1
2304954,24325.0,79.1942,24.7112,601.44,12.677,16.61,18.1256,0.4346,0.617,0.546,0.768,0.56,33.4773,9537.225077081192,94.9998633095492,57.55395683453237,1
2305001,42053.0,49.0643,24.2955,716.54,5.1901,19.02,12.45,0.4936,0.609,0.552,0.776,0.528,29.933,15913.466340094645,67.32681193064472,9.511806529855182,0
2305100,5654.0,27.7503,24.3368,748.44,4.5089,21.07,16.858,0.4144,0.637,0.576,0.736,0.61,20.7896,14219.31376016979,62.257066408271584,0.0,0
2305209,17855.0,65.3038,21.8986,659.36,5.5166,17.61,3.7539,0.4496,0.597,0.549,0.775,0.499,35.7099,10362.643517222066,19.269538264953724,5.6006720806496775,0
2305233,74755.0,95.2003,24.6779,762.19,5.533,11.36,24.7159,0.4221,0.658,0.594,0.788,0.61,21.1824,28316.259781954384,465.5978873546467,64.20975185606314,1
2305266,11956.0,38.1148,23.3188,624.16,11.6116,25.47,3.7304,0.4659,0.577,0.517,0.759,0.489,34.7862,11062.64637002342,13.59787547412298,25.092004014720644,1
2305308,23965.0,45.458,22.4953,692.97,4.9989,17.77,5.723,0.471,0.608,0.559,0.767,0.525,34.0964,14543.70957646568,57.87361262714566,16.69100771959107,1
2305332,11611.0,53.7938,21.7725,627.47,10.7208,20.91,24.4232,0.4226,0.606,0.514,0.758,0.571,31.4815,10761.43312376195,27.393737495753275,68.90018086297476,1
2305357,21433.0,56.1144,21.9055,824.14,7.374,17.27,1.672,0.4179,0.616,0.572,0.757,0.541,20.179,19177.01674987169,50.856345594411565,32.6599169504969,1
2305407,62642.0,51.2867,22.4705,706.4,12.7458,23.33,33.8546,0.468,0.606,0.568,0.731,0.536,31.6752,11773.075572299736,33.57272249793661,9.578238242712557,0
2305506,98064.0,76.2686,21.9163,1009.72,5.8602,14.89,34.2822,0.4644,0.677,0.642,0.808,0.599,16.9839,19424.20256159243,100.34062852050164,30.592266275085656,1
2305605,24024.0,48.8636,21.1247,705.5,7.9961,23.82,31.4552,0.4609,0.632,0.561,0.759,0.592,30.6069,12770.937395937395,7.421384114086172,45.78754578754579,1
2305654,11575.0,52.1555,21.486,648.09,6.8951,24.67,2.2346,0.4628,0.579,0.502,0.766,0.506,37.646,9859.784017278618,16.42372792374282,17.278617710583156,1
2305704,12083.0,55.1105,22.5937,744.84,5.1689,19.2,29.4941,0.4449,0.606,0.621,0.729,0.491,28.5038,11872.134403707689,43.69855483385653,16.552180749813786,1
2305803,41081.0,61.072,23.2248,735.8,3.4238,19.17,16.0746,0.47,0.618,0.583,0.762,0.532,28.425,12654.146685815827,65.61946429113377,0.0,0
2305902,36798.0,50.6114,22.1751,625.83,11.512,23.84,16.9289,0.4838,0.573,0.534,0.735,0.479,39.2195,8916.653078971683,24.808816777604516,2.717538996684602,0
2306009,14001.0,79.7586,21.8413,850.77,7.2857,21.35,30.5109,0.4648,0.652,0.597,0.733,0.632,21.9833,13947.718020141418,16.684263335136695,35.71173487608028,1
2306108,23915.0,64.4324,26.013,584.86,19.986,18.11,33.2879,0.474,0.605,0.526,0.755,0.557,37.9218,9211.540873928498,16.308513569174284,8.3629521220991,0
2306207,7536.0,63.2696,20.5281,772.01,3.8489,15.9,0.6392,0.4499,0.656,0.581,0.758,0.642,25.9294,10994.559447983014,35.28040336512127,39.80891719745223,1
2306256,64650.0,81.4602,27.2622,1008.7,3.904,9.42,8.8362,0.4212,0.626,0.583,0.768,0.548,13.024,19471.39984532096,420.6629100894031,35.57617942768755,1
2306306,46426.0,75.3673,24.7641,687.35,10.696,15.96,30.4882,0.4769,0.665,0.654,0.808,0.56,32.1865,12807.069314608194,106.4035570223689,25.847585404730108,1
2306405,131123.0,58.4833,25.3464,720.4,8.4354,12.91,31.9127,0.4917,0.64,0.562,0.761,0.613,31.7071,13605.599322773274,82.14568748140144,3.813213547585092,0
2306504,17841.0,51.7011,23.4852,597.58,8.9981,23.65,5.7727,0.4525,0.604,0.525,0.775,0.542,37.7725,9546.213777254638,30.07428809350826,39.23546886385292,1
2306553,42957.0,35.745,26.1704,642.63,3.6508,16.0,7.681,0.4734,0.606,0.529,0.753,0.558,32.2005,17850.082640780314,60.09375616402713,32.59073026514887,1
2306603,20424.0,49.3537,25.6267,602.54,7.5391,21.77,16.5371,0.4842,0.562,0.514,0.747,0.463,39.5074,8520.808852330592,24.63022701920468,9.792401096748922,0
2306702,17232.0,51.8164,22.2899,744.65,3.318,21.29,6.5289,0.4812,0.612,0.552,0.776,0.535,29.7373,13152.5069637883,9.432753858331337,58.03156917363045,1
2306801,10356.0,57.3001,21.6589,892.83,4.5696,18.37,62.5707,0.416,0.618,0.575,0.735,0.559,17.4182,14870.79953650058,16.623780224507716,86.90614136732329,1
2306900,33726.0,69.0209,21.135,882.89,3.4967,16.97,62.3841,0.4739,0.621,0.58,0.76,0.543,23.6613,16639.23975567811,17.967440606650182,29.650714582221436,1
2307007,31701.0,60.9034,22.381,789.66,7.1571,19.26,13.4317,0.4888,0.624,0.568,0.779,0.548,27.4359,17884.640863064258,37.104967461023456,18.926847733509984,1
2307106,27411.0,37.1457,23.7788,726.42,8.1087,18.19,31.2521,0.4392,0.614,0.547,0.779,0.542,26.3406,10731.239283499324,50.29587427407591,7.296340885046149,0
2307205,7861.0,62.3076,22.0328,727.11,4.931,19.27,28.6641,0.4338,0.651,0.562,0.776,0.634,28.2714,16502.862231268286,21.34071023490798,12.721027859051013,1
2307254,25555.0,51.9977,27.8458,968.32,3.3057,12.3,19.6362,0.4658,0.652,0.614,0.723,0.625,17.9501,21586.304050088045,122.25576355433935,62.61005674036392,1
2307304,286120.0,96.7,25.5564,1021.94,7.6956,9.8,41.3226,0.5024,0.694,0.644,0.81,0.642,18.8061,17876.36655948553,1105.6154072058982,21.319725989095485,1
2307403,23922.0,61.989,21.7958,694.23,6.9774,24.07,22.9207,0.4198,0.598,0.541,0.772,0.511,26.8401,13350.597776105677,25.439842779602184,29.26176741075161,1
2307502,30802.0,61.1714,22.4076,677.99,5.1549,20.43,30.4572,0.4566,0.613,0.576,0.778,0.515,32.5476,11145.510031816117,32.58564018691094,9.73962729692877,0
2307601,59560.0,73.0591,22.1206,1128.21,4.9918,12.62,36.1664,0.463,0.682,0.633,0.804,0.623,13.5074,23898.018804566826,74.94755810134531,72.19610476830087,1
2307635,16896.0,59.7064,25.0829,656.35,13.1366,19.09,13.118,0.4705,0.61,0.536,0.778,0.545,33.7992,10347.478693181818,16.926772873083266,41.42992424242424,1
2307650,234509.0,98.4845,23.956,910.74,7.0135,6.36,53.5275,0.4467,0.686,0.617,0.788,0.665,18.3094,52606.582263367294,2231.633740626546,54.58212691197353,1
2307700,105093.0,84.037,23.4497,833.02,6.0605,9.57,31.8884,0.4294,0.659,0.587,0.788,0.618,18.8983,15695.888403604427,180.10642582325772,39.96460278039451,1
2307809,25799.0,65.0103,27.222,584.74,1.2754,15.42,11.8646,0.4401,0.612,0.564,0.734,0.553,34.3865,15154.424590100392,44.97655201269155,15.504476917709988,1
2307908,10846.0,73.9535,27.577,622.75,7.4962,21.88,4.6512,0.4905,0.599,0.541,0.76,0.522,39.6991,8881.33874239351,35.74288586069963,18.439977872026557,1
2308005,37697.0,68.3078,26.1294,652.16,8.6908,18.93,29.5906,0.4818,0.616,0.541,0.778,0.554,33.3563,10046.369737644904,66.39367360597414,21.221847892405236,1
2308104,45561.0,54.2635,23.8362,667.97,9.1038,23.77,12.163,0.4698,0.605,0.544,0.772,0.526,33.5602,11358.310836022036,42.22477806064999,21.948596387261038,1
2308203,15157.0,52.352,24.1671,752.71,3.1666,14.41,7.898,0.4526,0.618,0.559,0.761,0.554,25.4788,8530.250049482087,99.94658788929844,6.597611664577422,0
2308302,25900.0,52.8803,22.5598,740.97,8.3469,22.03,27.687,0.4513,0.628,0.561,0.777,0.569,27.1132,11089.69111969112,44.72480430739583,7.722007722007723,0
2308351,14123.0,49.2672,23.09,827.51,6.2469,16.93,23.3906,0.4389,0.626,0.56,0.784,0.558,21.7626,13827.798626354172,28.125790371950284,28.32259434964243,1
2308377,14196.0,57.9036,25.4649,453.17,8.0798,20.1,3.6628,0.4739,0.592,0.51,0.778,0.523,50.4546,7931.74133558749,20.031664592381876,21.132713440405748,1
2308401,36822.0,44.6635,24.5587,629.9,8.8104,18.08,7.6936,0.4637,0.622,0.579,0.754,0.552,34.7984,14011.650643636956,60.03746838910384,27.1576774754223,1
2308500,37735.0,54.6045,21.863,765.22,3.2786,24.21,37.7353,0.4652,0.582,0.549,0.735,0.489,29.669,11841.711938518616,17.921955547281,10.600238505366372,0
2308609,17149.0,53.8107,22.3103,705.32,10.8055,18.84,13.4546,0.4212,0.61,0.545,0.773,0.538,27.7451,9370.750481077614,19.21374776200005,81.63741326024841,1
2308708,61443.0,63.3254,22.1587,842.15,4.6556,18.93,17.5926,0.4376,0.61,0.569,0.758,0.525,21.2937,20781.276955877805,21.76640796702324,63.47346320980421,1
2308807,8254.0,55.1975,25.7693,763.44,3.5088,19.89,20.1845,0.5056,0.581,0.495,0.768,0.516,28.8587,9156.166707051128,19.915742943592168,12.1153380179307,1
2308906,22753.0,51.1976,25.6625,667.16,7.9501,20.75,24.3651,0.522,0.588,0.524,0.76,0.511,38.5583,8491.363776205335,55.27832306466347,0.0,0
2309003,13666.0,65.6739,21.323,730.44,6.5359,22.16,22.7673,0.4423,0.607,0.565,0.732,0.541,27.9453,9607.200351236646,71.10671731099433,43.904580711254205,1
2309102,10569.0,63.4876,24.5719,768.51,3.9474,13.86,29.6218,0.4492,0.607,0.551,0.759,0.534,25.1396,11713.596366732898,107.90088922012028,151.38612924590785,1
2309201,15399.0,68.8227,24.2873,674.97,9.8875,14.77,44.5925,0.4649,0.625,0.567,0.779,0.554,31.6319,10609.844795116564,54.49353112702772,25.975712708617444,1
2309300,30699.0,76.6735,22.4274,744.82,7.1188,18.47,32.8876,0.4655,0.614,0.585,0.754,0.524,29.1338,10975.276067624352,41.65903345180083,9.77230528681716,0
2309409,27545.0,54.4745,23.0931,771.68,10.8531,24.96,28.5452,0.4441,0.605,0.552,0.763,0.526,25.2702,10280.813214739515,28.86154839142316,3.630422944273008,0
2309458,24493.0,42.2039,22.288,714.07,6.3277,19.8,5.62,0.4835,0.594,0.524,0.771,0.519,30.6047,11629.281835626503,32.09776234315107,20.41399583554485,1
2309508,19675.0,75.4307,19.7865,673.92,9.9299,21.12,42.8113,0.4415,0.636,0.582,0.793,0.557,30.5972,11125.74332909784,34.06773028400453,15.247776365946631,1
2309607,70983.0,89.6863,24.465,835.89,7.3281,12.47,5.4463,0.4284,0.659,0.609,0.788,0.596,18.9591,19167.054083372077,283.5860250494397,46.49000464900046,1
2309706,81524.0,96.574,24.3891,862.29,6.5219,7.67,62.3842,0.4479,0.675,0.605,0.779,0.652,19.561,15151.0720769344,611.9363773522589,36.79897944163682,1
2309805,11186.0,41.4894,22.7517,720.8,7.1803,18.49,27.3546,0.4305,0.635,0.571,0.773,0.58,23.6476,13263.543715358484,99.4903631496091,17.879492222420883,1
2309904,6175.0,65.004,21.3117,723.25,8.5609,18.71,35.2888,0.4427,0.621,0.562,0.745,0.571,28.0642,9706.882591093115,69.88851791070114,0.0,0
2310001,9346.0,63.2142,20.3296,838.31,6.3655,20.96,8.5074,0.428,0.638,0.572,0.723,0.628,19.7174,10568.478493473143,21.38770653119136,32.09929381553606,1
2310100,10242.0,46.7877,22.7397,689.96,6.6119,17.35,14.8609,0.4866,0.622,0.59,0.742,0.551,34.5636,11240.382737746531,79.45940913604767,48.81859011911736,1
2310209,38980.0,70.6208,22.8733,871.22,4.8551,12.85,12.5481,0.488,0.637,0.597,0.746,0.581,24.2165,14261.95484864033,127.91399768980364,38.48127244740893,1
2310258,32216.0,59.7684,23.8484,813.25,5.6082,12.93,24.6245,0.4503,0.634,0.574,0.738,0.602,21.115,16610.659299726845,111.38501751195412,18.62428606903402,1
2310308,31445.0,52.9782,23.2565,643.03,6.2225,23.56,30.5101,0.5014,0.57,0.526,0.764,0.46,37.7676,9180.760057242804,13.589804426961445,6.360311655271108,0
2310407,10384.0,58.619,24.1718,569.94,4.4187,19.89,12.6472,0.4587,0.583,0.515,0.741,0.518,42.9274,10680.6625577812,19.256803118474583,48.15100154083205,1
2310506,40187.0,63.6524,23.3359,667.71,6.7105,22.39,36.6632,0.4497,0.603,0.541,0.779,0.521,30.3276,9702.4908552517,30.243554421013577,34.83713638738896,1
2310605,8972.0,70.7869,24.7548,712.89,18.7568,14.29,63.3436,0.4499,0.646,0.566,0.761,0.626,28.4775,13615.916183682568,59.60036137535207,0.0,0
2310704,37813.0,64.893,23.6294,733.42,5.517,17.28,25.8196,0.4803,0.629,0.562,0.734,0.604,28.8424,12819.92965382276,27.40398134271029,37.0243038108587,1
2310803,15274.0,43.4988,22.8689,719.3,7.3733,21.68,8.5211,0.4723,0.601,0.525,0.776,0.534,32.4183,36700.99515516564,33.96176910710832,6.547073458164201,0
2310852,23391.0,78.077,22.3548,794.0,5.7711,15.51,5.3757,0.4358,0.636,0.581,0.754,0.588,20.7698,11750.33132401351,315.953696324612,42.751485614125095,1
2310902,16616.0,59.1839,21.8946,704.36,4.6608,16.97,7.8264,0.4837,0.6,0.53,0.779,0.523,35.6463,9755.175734232063,28.18177038370016,6.018295618680789,0
2310951,10606.0,39.1948,25.5893,651.65,2.9092,20.48,1.2879,0.4602,0.591,0.51,0.769,0.526,34.4886,7941.73109560626,43.38471104129852,0.0,0
2311009,12065.0,65.3543,22.3208,654.04,6.8892,22.58,23.3507,0.4834,0.581,0.527,0.746,0.5,38.4296,9067.71653543307,9.204527422091475,41.44218814753419,1
2311108,17050.0,43.9824,23.2493,829.82,3.9669,18.1,23.8634,0.4575,0.622,0.531,0.765,0.592,22.2555,10931.08504398827,75.8249577514898,11.730205278592376,0
2311207,8833.0,57.5682,22.6084,604.42,9.0674,25.97,6.2241,0.5155,0.562,0.529,0.759,0.441,42.7941,12517.830861541945,25.732380907989185,11.32118193139364,0
2311231,5974.0,43.9069,23.8366,756.94,6.8966,21.58,13.1394,0.4469,0.604,0.544,0.754,0.538,25.3483,16206.22698359558,14.601466012607023,50.217609641781046,1
2311264,20213.0,35.591,21.9364,677.69,4.1445,22.93,16.8923,0.4491,0.594,0.524,0.774,0.518,31.4245,9138.673131153218,19.76056216858801,0.0,0
2311306,84168.0,74.7303,24.8396,888.08,8.4178,15.07,48.4968,0.5129,0.659,0.592,0.775,0.624,25.8013,13186.353483509172,41.65524258804129,38.0191996958464,1
2311355,15910.0,33.4381,19.5726,693.31,4.2004,27.76,28.7892,0.4392,0.591,0.548,0.725,0.52,31.9245,12496.54305468259,25.651278049535502,12.570710245128849,1
2311405,82177.0,66.891,25.0873,853.65,6.6698,18.48,48.8238,0.4641,0.642,0.592,0.789,0.567,22.2612,17066.34459763681,24.88595288394449,6.084427516214999,0
2311504,20874.0,70.2836,23.2299,900.07,5.3956,18.88,7.4648,0.4021,0.622,0.56,0.774,0.556,14.2891,30517.150522180706,34.25117197947621,76.65037846124365,1
2311603,27214.0,62.4385,23.6459,670.02,7.3438,16.01,5.3403,0.4412,0.626,0.567,0.75,0.577,28.8822,15060.88777834938,109.7387384117844,25.72205482472257,1
2311702,18606.0,58.981,22.6809,724.54,3.5264,19.92,2.4305,0.4851,0.601,0.56,0.761,0.509,34.0669,10249.919380844887,49.88885879838798,10.74922068150059,0
2311801,72928.0,68.8062,22.7348,867.47,5.7641,13.56,26.9832,0.4492,0.674,0.617,0.791,0.626,20.2066,15885.846314172884,48.43377878843827,42.50767880649408,1
2311900,13854.0,54.7928,21.4667,665.49,13.726,26.19,15.9156,0.4398,0.575,0.533,0.715,0.499,31.7883,12260.430200664068,10.0298709741876,7.218131947451999,0
2311959,16633.0,46.0891,25.762,544.51,2.9598,25.0,5.8133,0.4448,0.54,0.497,0.732,0.434,39.3541,9576.384296278482,20.63000075658633,18.036433595863645,1
2312007,30628.0,48.1292,25.7803,587.81,6.9961,21.73,36.9615,0.4998,0.587,0.536,0.755,0.5,41.2649,9144.312393887943,31.4924358722576,9.794958861172784,0
2312106,16954.0,43.5472,23.8115,597.15,5.2994,20.79,18.7922,0.4875,0.612,0.527,0.779,0.557,38.9662,9394.656128347293,19.825552908874258,0.0,0
2312205,40183.0,64.7065,23.281,770.52,6.7434,18.71,29.5629,0.4517,0.616,0.546,0.775,0.553,26.4067,15770.599507254312,9.427554604997828,9.954458353034866,0
2312304,47640.0,52.458,23.4215,718.45,2.6427,19.13,26.8058,0.4852,0.611,0.562,0.764,0.531,30.4556,13164.987405541562,135.78568435813904,48.27875734676742,1
2312403,54143.0,74.2552,24.3079,834.41,7.6909,10.99,28.7075,0.4365,0.665,0.587,0.775,0.646,20.8743,159300.13113421865,64.25096121896806,49.8679423009438,1
2312502,5855.0,43.006,17.7626,939.84,3.1968,18.14,27.1615,0.4024,0.654,0.62,0.784,0.576,16.5841,18428.35183603757,20.951794769029277,153.71477369769428,1
2312601,10822.0,70.9296,21.6134,622.89,8.046,15.95,19.7413,0.456,0.62,0.558,0.719,0.593,34.3805,12299.852153021622,88.08041346192977,64.6830530401035,1
2312700,24266.0,61.4811,21.9525,781.3,3.1772,19.15,43.3021,0.4545,0.619,0.574,0.77,0.537,27.5048,14517.10211819006,25.19161552939662,16.483969339817026,1
2312809,7262.0,74.6764,24.9105,623.36,12.3653,24.0,3.9571,0.4809,0.603,0.528,0.735,0.565,38.0729,8643.073533461857,17.101464292274432,13.770311209033324,1
2312908,203023.0,87.6438,25.6439,1013.74,7.7663,11.67,74.7008,0.5193,0.714,0.647,0.832,0.675,21.6387,26573.984228387915,98.1511007631713,35.46396221117804,1
2313005,18179.0,49.3977,21.5908,788.81,2.6905,23.75,18.4522,0.4369,0.625,0.565,0.754,0.574,24.7263,16683.205896914023,11.836403827184206,44.00682105726388,1
2313104,30652.0,65.3204,21.5908,895.75,8.5861,15.65,18.6078,0.4446,0.645,0.62,0.791,0.547,20.7984,14700.280568967768,29.258225893129016,48.93644786637088,1
2313203,24815.0,56.9011,22.2648,688.17,3.1838,21.33,16.628,0.4842,0.58,0.526,0.779,0.476,34.7046,11374.047954866008,12.334835484162795,72.53677211364095,1
2313252,7529.0,41.5726,22.0215,767.47,11.2401,24.68,10.5975,0.4649,0.576,0.529,0.751,0.482,29.3404,11380.26298313189,18.242436136935783,26.563952716164167,1
2313302,61227.0,64.2772,23.1173,831.53,7.4831,18.8,26.5387,0.5047,0.633,0.585,0.773,0.56,28.0515,11626.177993368938,15.266225803604332,3.266532738824375,0
2313351,17154.0,37.8046,24.6007,554.86,6.1073,23.0,9.0844,0.4455,0.584,0.517,0.742,0.52,40.8027,7985.775912323656,22.60954836260686,52.46589716684156,1
2313401,81506.0,67.2098,26.0815,844.1,5.4957,15.22,35.0745,0.4868,0.657,0.628,0.768,0.587,22.8485,21258.4349618433,89.58150382534322,58.891369960493705,1
2313500,58415.0,44.6837,24.0726,662.17,3.8028,16.35,4.8234,0.4705,0.606,0.522,0.739,0.577,33.5743,19090.028246169648,62.89799144203995,68.47556278353163,1
2313559,15412.0,62.7239,24.2928,565.11,4.252,17.33,1.3,0.4573,0.606,0.508,0.76,0.576,38.8139,8959.187645990138,78.15693254831561,45.41915390604724,1
2313609,32767.0,47.1969,23.603,785.04,3.0588,15.69,20.965,0.4562,0.648,0.595,0.769,0.594,21.3719,19594.28693502609,77.34030726527298,30.51850947599719,1
2313708,6871.0,56.4838,21.9619,629.05,25.0464,20.48,25.7689,0.4411,0.591,0.535,0.778,0.497,33.8242,10106.38917188182,26.10711096757034,14.553922282055012,1
2313757,17470.0,59.3818,24.5163,558.68,8.6103,19.45,10.0248,0.4628,0.587,0.514,0.751,0.524,40.6359,9891.07040641099,55.34663722449445,28.62049227246708,1
2313807,20189.0,75.1796,25.3059,661.25,4.5281,14.72,23.0348,0.453,0.639,0.564,0.76,0.608,28.4709,14833.523205706078,195.10427337211772,24.76596166229135,1
2313906,13746.0,58.1842,25.1928,611.47,7.5726,22.64,21.8696,0.4624,0.566,0.503,0.745,0.485,36.4636,21694.09282700422,19.70235766100077,21.82453077258839,1
2313955,18105.0,75.0677,23.4079,702.29,5.9967,17.81,14.3021,0.4771,0.611,0.575,0.728,0.545,31.0476,20757.74647887324,101.01038278499657,44.186688760011045,1
2314003,38984.0,61.4072,22.4271,768.75,8.6439,19.76,37.6548,0.4633,0.629,0.569,0.759,0.576,29.3073,12007.5159039606,46.97003286842029,7.695464806074287,0
2314102,59712.0,31.4476,25.8558,548.18,7.1013,19.98,5.6805,0.4703,0.571,0.521,0.753,0.475,41.5255,10103.848472668811,45.55003776002929,18.421757770632368,1
2400109,10597.0,87.1001,20.2982,1023.87,2.6161,10.95,84.1732,0.4198,0.679,0.633,0.779,0.634,13.1085,13399.263942625272,17.41592792366377,28.3098990280268,1
2400208,56496.0,75.8124,23.1645,1026.89,10.3787,15.56,2.6312,0.5241,0.661,0.641,0.795,0.568,19.893,25976.387708864346,43.34370075538459,38.94080996884736,1
2400307,10839.0,53.2983,24.0889,792.26,6.8758,19.65,36.342,0.4472,0.585,0.56,0.713,0.502,21.7781,12755.973798320878,18.81186228585214,55.35566011624688,1
2400406,2946.0,65.3428,23.5913,773.54,8.7512,16.91,0.8073,0.4206,0.616,0.527,0.776,0.572,23.15,11728.445349626612,58.12485202430748,33.944331296673454,1
2400505,13640.0,72.9399,21.4223,767.82,9.8599,20.99,63.0242,0.4917,0.606,0.581,0.779,0.491,29.1276,11054.91202346041,35.7812725436445,7.331378299120234,0
2400604,4687.0,71.6876,21.3783,918.71,8.8753,18.51,7.5812,0.5003,0.624,0.578,0.739,0.568,23.5972,10680.819287390656,36.606319998750365,42.67121826328142,1
2400703,12484.0,72.693,22.8132,885.33,8.798,13.32,6.4371,0.4414,0.672,0.647,0.8,0.585,20.1318,49368.95225889138,65.247159417563,48.06151874399231,1
2400802,11632.0,88.3167,22.2576,913.59,6.5793,17.94,13.8263,0.4675,0.624,0.606,0.756,0.53,19.4595,15488.566024759284,15.685386106998282,8.59697386519945,0
2400901,6577.0,55.3292,21.5144,702.33,6.352,20.98,23.3558,0.4286,0.578,0.554,0.76,0.458,29.3447,9962.748973696214,26.856188520071704,45.61350159647256,1
2401008,36093.0,59.5905,21.7106,923.68,5.6711,16.34,4.8147,0.4634,0.639,0.611,0.747,0.571,19.5066,19659.934059235864,23.001683718404788,38.7886847865237,1
2401107,24093.0,82.0031,21.7532,1004.75,8.9753,8.37,33.3986,0.4622,0.682,0.647,0.79,0.621,18.4961,38848.1301622878,70.29342171676649,49.80699788320259,1
2401206,13251.0,64.8706,23.6661,714.09,12.7815,19.23,17.4178,0.4714,0.606,0.587,0.725,0.523,28.2086,29177.496038034864,114.81972497335518,22.639800769753226,1
2401305,9730.0,54.0391,24.296,716.29,5.3339,22.62,3.5571,0.4295,0.665,0.654,0.808,0.56,25.1285,10827.74922918808,10.921662607055866,0.0,0
2401404,8825.0,79.6034,22.9235,917.51,9.5183,13.78,4.6043,0.5038,0.609,0.59,0.718,0.534,21.0419,36830.59490084986,35.658870876501105,11.331444759206798,0
2401453,26913.0,69.2453,25.8388,816.94,5.3477,17.39,1.2063,0.4314,0.574,0.562,0.756,0.446,18.9548,27733.623156095568,32.594912563084286,44.58811726674841,1
2401503,3986.0,50.1004,22.6794,727.09,5.2533,19.63,4.1787,0.4359,0.566,0.564,0.726,0.442,26.8544,11506.27195183141,26.11612700326288,0.0,0
2401602,4807.0,41.398,24.6515,702.64,7.4645,17.11,1.2878,0.4628,0.582,0.542,0.737,0.494,29.9077,18395.881006864987,15.966439586938542,0.0,0
2401651,2306.0,59.3235,22.68,748.45,6.7164,17.55,8.4967,0.4424,0.629,0.57,0.772,0.565,26.843,124273.20034692108,9.09596519393024,0.0,0
2401701,9952.0,79.3408,24.2062,760.67,9.5433,17.21,7.7858,0.4113,0.584,0.583,0.743,0.46,20.6914,10986.334405144697,81.55037489244889,10.04823151125402,0
2401800,12202.0,78.7658,23.1437,714.73,6.2244,17.86,28.711,0.4499,0.592,0.585,0.722,0.492,28.4191,11429.519750860514,198.21634529475787,73.7584002622521,1
2401859,6293.0,89.8459,23.693,765.49,4.733,17.91,27.3279,0.4372,0.574,0.572,0.727,0.454,21.5795,17825.520419513745,27.890423829847585,0.0,0
2401909,3268.0,80.7528,22.7356,744.88,8.2341,18.76,25.1429,0.4013,0.587,0.553,0.734,0.499,22.3684,18499.38800489596,12.511772858488326,91.79926560587516,1
2402006,61146.0,93.6087,21.3473,1387.38,3.8306,10.21,74.2874,0.4827,0.71,0.703,0.824,0.619,9.7549,22811.598469237564,49.76953124046157,22.896019363490662,1
2402105,10215.0,57.1806,22.9369,737.65,19.9918,15.84,41.0153,0.4874,0.626,0.554,0.758,0.584,31.5599,10471.36563876652,47.794616496745846,0.0,0
2402204,29668.0,88.3106,24.582,678.69,12.9088,17.8,2.7702,0.4828,0.579,0.557,0.718,0.486,29.7679,20415.02629095321,120.85463470273132,30.335715248752862,1
2402303,19727.0,70.259,21.8229,863.21,6.0278,17.75,11.4363,0.4509,0.638,0.594,0.786,0.556,21.9263,18941.40011152228,18.023952752337166,96.31469559486996,1
2402402,7992.0,82.5075,22.1471,1016.38,2.7446,8.43,42.9643,0.403,0.659,0.624,0.796,0.577,8.9837,14811.31131131131,32.44717995355409,12.512512512512512,1
2402501,9714.0,51.9868,22.761,770.65,8.4223,14.85,26.8707,0.4215,0.589,0.583,0.738,0.476,21.2271,21715.87399629401,18.76242184738584,51.47210212065061,1
2402600,79115.0,67.4992,24.5415,749.64,10.3208,14.15,25.3695,0.4805,0.616,0.599,0.774,0.505,27.412,12667.547241357515,109.14852698120131,18.959742147506795,1
2402709,11000.0,47.7182,22.2364,795.91,5.8187,17.56,23.5613,0.455,0.607,0.573,0.754,0.518,25.1366,12764.545454545454,27.94907170969553,9.09090909090909,0
2402808,5117.0,57.0061,22.2787,623.76,5.1235,20.1,16.6224,0.457,0.587,0.545,0.778,0.476,37.2875,10261.09048270471,27.548075887761915,19.54270080125073,1
2402907,4237.0,42.1289,23.6252,777.32,3.0581,24.91,3.5441,0.4497,0.578,0.549,0.748,0.471,26.7029,11367.949020533397,36.17070318169013,0.0,0
2403004,8005.0,84.6596,20.0999,984.82,6.1305,13.87,72.8202,0.4461,0.654,0.602,0.748,0.621,17.7537,15383.010618363523,27.05945982489944,12.492192379762647,1
2403103,41313.0,87.159,21.0757,1156.23,5.9539,12.32,73.9603,0.482,0.691,0.673,0.794,0.617,13.9943,19466.608573572485,47.79666546730545,19.364364727809647,1
2403202,7044.0,38.5718,21.3089,730.16,13.4627,19.76,29.4558,0.4428,0.621,0.567,0.747,0.566,31.392,11152.044293015331,61.93235270844141,42.58943781942079,1
2403251,252716.0,100.0,22.9056,1846.59,7.4684,4.7,16.1816,0.5277,0.766,0.75,0.825,0.726,10.5139,27087.157124994064,2037.933648371853,14.640940818943005,1
2403301,6016.0,56.9315,21.5426,783.97,11.0169,16.05,13.0521,0.4356,0.629,0.589,0.787,0.536,22.4149,10354.38829787234,47.84133472234372,0.0,0
2403400,5360.0,84.5149,22.9291,866.99,9.9261,15.49,45.5102,0.431,0.623,0.578,0.765,0.546,20.0,15294.029850746268,20.2275600505689,0.0,0
2403509,10620.0,50.725,24.209,705.54,14.8089,24.33,16.4464,0.4288,0.558,0.549,0.748,0.423,24.2185,9188.700564971752,78.18193864705493,18.832391713747647,1
2403608,61635.0,87.4828,23.5467,910.25,9.1849,6.96,5.5591,0.4601,0.66,0.64,0.808,0.555,18.1369,9254.77407317271,438.2497031406651,25.959276385170764,1
2403707,5944.0,73.0316,20.5081,860.07,4.4118,16.08,0.7752,0.4267,0.636,0.582,0.768,0.575,18.9481,29243.77523553163,20.34383267676785,16.823687752355315,1
2403756,2938.0,86.6576,20.5922,820.99,3.1904,20.7,3.2289,0.4855,0.597,0.565,0.727,0.519,19.8094,13297.821647379167,9.106463171206467,0.0,0
2403806,10196.0,71.1063,21.4594,884.77,8.3814,16.38,63.4197,0.4662,0.642,0.611,0.775,0.56,23.4209,11817.575519811691,20.07513408362408,29.423303256178897,1
2403905,2700.0,63.1481,20.7037,823.81,6.9412,17.64,13.8804,0.3733,0.606,0.582,0.732,0.523,16.7285,12132.592592592591,14.87128080282885,0.0,0
2404002,4122.0,69.6507,20.524,794.96,1.455,19.42,0.9156,0.4911,0.597,0.565,0.737,0.512,32.7553,10895.4391072295,65.14009387000426,48.5201358563804,1
2404101,2104.0,60.5989,23.7643,993.68,0.4314,16.78,1.4423,0.4175,0.564,0.578,0.723,0.429,17.6806,77288.97338403043,6.174270546910077,0.0,0
2404200,26741.0,81.1226,25.2234,825.49,6.7764,14.71,38.4162,0.4955,0.638,0.619,0.783,0.537,24.771,20439.40017202049,139.07394983331514,29.91660745671441,1
2404309,11938.0,56.0395,22.4242,792.12,9.4946,14.61,0.4185,0.421,0.592,0.564,0.759,0.485,22.3991,32355.419668286144,10.761159587509916,50.25967498743508,1
2404408,9924.0,72.8839,21.584,875.5,2.4272,15.07,1.5362,0.4089,0.664,0.633,0.79,0.585,14.9469,15952.035469568722,79.68652138303169,40.306328093510686,1
2404507,15295.0,81.4122,24.2236,840.99,9.7016,14.69,27.754,0.4276,0.626,0.632,0.769,0.505,18.1425,133516.37790127491,59.21248746646432,26.15233736515201,1
2404606,11615.0,13.1985,24.9247,602.87,10.1494,23.02,13.2972,0.4689,0.55,0.521,0.766,0.418,36.6268,12115.19586741283,37.224223467124745,25.82866982350409,1
2404705,14131.0,49.5153,24.3507,767.65,8.953,18.95,1.1854,0.4812,0.603,0.568,0.744,0.518,25.74,13905.45608944873,37.75868749081484,35.38320005661312,1
2404804,2035.0,92.629,20.0,929.94,2.9052,13.58,77.0914,0.4318,0.679,0.627,0.788,0.633,17.4939,17164.127764127763,15.979834783428087,0.0,0
2404853,7292.0,85.4772,23.7658,820.66,6.1902,15.25,4.4621,0.436,0.624,0.586,0.769,0.539,18.8109,13637.410861217772,35.81110281695675,95.99561162918266,1
2404903,5320.0,82.5376,20.7331,705.31,4.2816,17.97,23.5263,0.4498,0.614,0.588,0.727,0.542,29.8684,13868.609022556391,39.990678864324856,56.39097744360903,1
2405009,7834.0,82.3589,22.9768,714.44,4.4789,19.75,25.9084,0.4298,0.604,0.559,0.773,0.509,27.0998,11027.444472810825,143.5824123458148,0.0,0
2405108,6562.0,60.0274,25.0686,762.69,10.0921,20.21,1.3384,0.4354,0.569,0.561,0.709,0.462,21.2892,15457.0252971655,14.820871183546618,15.239256324291372,1
2405207,4746.0,77.0544,21.6814,822.98,2.1825,21.18,30.8241,0.4137,0.615,0.567,0.776,0.529,19.5541,17803.834808259588,15.640241491128627,21.07037505267594,1
2405306,9051.0,45.4314,24.1631,683.18,13.7395,23.83,16.0796,0.4557,0.574,0.511,0.771,0.481,30.3872,9380.068500718153,54.18397768225955,66.29101756711965,1
2405405,5117.0,80.2423,23.6271,600.23,18.1913,23.72,41.5541,0.4617,0.569,0.528,0.726,0.48,37.6197,10073.675982020715,27.075506640562992,0.0,0
2405504,2437.0,37.0127,22.2815,735.11,2.9151,19.91,0.6289,0.3952,0.565,0.557,0.74,0.437,20.8214,26422.24045958145,9.59403492748374,0.0,0
2405603,13977.0,83.1008,22.9663,822.69,5.0057,17.42,26.1588,0.4386,0.603,0.59,0.792,0.469,19.4963,15261.715675753025,42.28663056303513,14.309222293768334,1
2405702,11655.0,84.1699,19.245,1184.5,2.3007,14.23,72.7558,0.4513,0.663,0.647,0.772,0.584,10.4674,17845.645645645647,31.70177752995417,8.58000858000858,0
2405801,33290.0,67.7711,25.6353,758.0,9.5547,20.02,31.4903,0.5288,0.595,0.6,0.724,0.484,34.7577,38144.57795133674,46.56132906089897,27.035145689396217,1
2405900,2076.0,63.2948,22.158,669.87,3.2103,19.97,19.3634,0.4221,0.53,0.495,0.771,0.39,25.8205,13483.140655105974,23.54462250348746,48.16955684007707,1
2406007,5803.0,53.1794,21.5923,869.82,9.2849,19.47,7.5163,0.4549,0.608,0.583,0.788,0.489,21.6716,11616.922281578494,49.33055638202916,17.232465965879715,1
2406106,17793.0,66.1608,20.9914,812.37,14.7261,19.76,37.9767,0.4665,0.601,0.583,0.755,0.492,24.7322,17750.688472995,19.05582984374498,5.620187714269657,0
2406155,3739.0,22.4926,24.4183,716.6,8.0769,18.93,0.3213,0.425,0.595,0.552,0.775,0.492,24.7724,11272.265311580635,83.75708429470666,0.0,0
2406205,6654.0,70.3036,25.2179,691.84,2.583,20.56,1.0023,0.4821,0.601,0.58,0.739,0.507,33.5041,10645.776976254883,63.94080622687744,0.0,0
2406304,7338.0,29.3268,25.2794,552.73,3.578,28.36,0.1165,0.4679,0.553,0.529,0.734,0.436,42.9681,11090.351594439902,62.20172754320977,40.88307440719542,1
2406403,2567.0,69.887,23.0619,815.39,9.7416,15.52,0.5754,0.459,0.589,0.566,0.789,0.458,24.1771,14896.76665368134,23.000349440447284,0.0,0
2406502,15573.0,48.3979,23.3674,787.33,8.0628,17.07,23.0513,0.4664,0.585,0.542,0.764,0.483,25.2007,17275.541000449495,88.33138591734638,0.0,0
2406601,8319.0,68.001,24.8347,692.89,6.206,20.76,0.531,0.4196,0.582,0.551,0.771,0.464,26.5375,11336.819329246304,105.13345465574766,48.08270224786633,1
2406700,9866.0,80.4581,23.505,860.33,8.0399,17.59,57.2719,0.4477,0.624,0.578,0.756,0.557,17.3294,16818.163389418205,14.581171873383523,10.135819987837015,0
2406809,4787.0,51.2847,21.8926,785.09,15.7935,19.83,29.8595,0.4595,0.625,0.559,0.769,0.568,25.8617,10777.73135575517,36.76340708542288,0.0,0
2406908,3490.0,66.0172,22.1203,780.38,12.4685,18.87,56.9167,0.4541,0.646,0.624,0.785,0.551,25.8739,14759.025787965616,112.83178688047587,0.0,0
2407005,9070.0,71.6869,22.4917,751.13,8.277,19.18,9.7602,0.5081,0.608,0.545,0.776,0.531,35.8183,9683.020948180816,54.42936185023824,22.050716648291072,1
2407104,82249.0,77.4842,23.1383,850.48,7.3373,13.75,10.3335,0.4567,0.64,0.613,0.784,0.545,20.6997,22226.92069204489,161.2434619637242,46.20116961908352,1
2407203,27369.0,80.1893,21.1663,974.59,9.2594,13.14,58.6993,0.4546,0.665,0.65,0.792,0.572,17.682,40597.68351054112,35.30108267488024,18.268844312908765,1
2407252,3924.0,84.4292,21.2538,774.51,11.2172,20.25,25.0558,0.4521,0.617,0.573,0.774,0.529,25.9684,12233.180428134556,122.73622970817304,76.45259938837921,1
2407302,7896.0,62.9053,22.3278,714.94,6.3056,22.17,29.5713,0.4733,0.609,0.571,0.776,0.51,29.6958,10497.5937183384,22.839886494789,50.658561296859176,1
2407401,8179.0,74.0188,20.088,888.12,9.0068,13.14,2.3978,0.4378,0.622,0.58,0.772,0.538,19.1588,13228.26751436606,48.26393806354152,0.0,0
2407500,10255.0,70.6387,25.2072,770.28,9.2897,16.83,0.9975,0.4666,0.608,0.582,0.764,0.506,24.8532,13153.778644563628,77.61354433924423,39.005363237445145,1
2407609,4274.0,90.1731,24.3332,907.34,8.0749,19.19,27.4441,0.4578,0.644,0.608,0.779,0.565,16.9595,12992.278895648104,29.9702681476495,0.0,0
2407708,11444.0,81.4051,23.4359,708.38,22.5323,19.37,0.8751,0.4433,0.557,0.553,0.7,0.447,26.9069,11384.306186648026,139.1977035541392,61.1674239776302,1
2407807,23031.0,55.7944,25.0923,743.36,10.0488,18.34,10.5352,0.4608,0.609,0.578,0.77,0.507,27.6839,11786.331466284571,109.01784066004288,34.735790890538844,1
2407906,2276.0,65.9051,23.2865,652.71,12.5418,19.15,39.5729,0.4762,0.598,0.56,0.752,0.509,37.0826,14220.562390158171,31.634837239040397,0.0,0
2408003,264577.0,92.7254,22.4921,1397.73,6.4187,8.36,53.6689,0.5224,0.72,0.694,0.811,0.663,12.309,30508.014680036435,126.02901682152532,51.402805232503205,1
2408102,751300.0,100.0,22.1008,2049.37,8.3929,5.68,45.2854,0.609,0.763,0.768,0.835,0.694,14.1888,32192.38519898842,4488.0257585080135,25.2894982031146,1
2408201,31942.0,84.4875,25.5275,849.24,8.0991,12.3,4.5824,0.4941,0.622,0.601,0.773,0.518,21.1966,14861.81203431219,103.80249513354715,65.74416129234237,1
2408300,34269.0,67.3553,23.7795,796.06,6.939,19.54,39.6908,0.5159,0.629,0.589,0.788,0.537,31.7791,16355.74425865943,123.57249232832946,67.11605240888267,1
2408409,3905.0,80.3073,21.1012,779.49,15.8659,23.13,13.7241,0.4856,0.665,0.654,0.808,0.56,27.5032,12172.087067861716,28.6305015653296,0.0,0
2408508,4913.0,74.0688,19.0108,1010.77,2.3062,16.02,57.7966,0.453,0.645,0.61,0.789,0.558,15.3689,12559.128841848158,19.40286718534023,61.06248727864848,1
2408607,3934.0,60.9812,20.9456,792.64,8.5521,19.62,3.6293,0.4389,0.589,0.532,0.776,0.496,22.4453,11166.751398068123,48.33517631158619,0.0,0
2408706,3579.0,88.4884,21.7379,867.89,3.255,22.06,30.3178,0.4298,0.603,0.582,0.721,0.522,19.4406,15438.949427214306,9.339429144029184,55.88153115395362,1
2408805,4801.0,66.632,26.0362,692.93,4.6385,22.11,44.7051,0.4483,0.549,0.543,0.719,0.424,29.6598,126273.48469068944,20.78291999809529,20.828993959591752,1
2408904,21499.0,84.6923,21.2242,1039.24,5.0784,12.0,74.4261,0.4729,0.676,0.625,0.802,0.617,13.2201,17160.053955997955,41.86700473411268,18.60551653565282,1
2408953,10351.0,60.3517,25.0797,688.26,3.5563,16.54,2.3977,0.4407,0.569,0.546,0.738,0.457,26.839,17929.66863105014,68.50566192578277,9.660902328277462,0
2409100,10896.0,68.1535,22.4394,741.29,4.3918,18.8,53.7853,0.4723,0.606,0.565,0.763,0.516,29.7123,13979.625550660792,247.04682008842536,27.53303964757709,1
2409209,3115.0,58.4591,23.0498,744.56,8.7362,17.62,2.0427,0.3887,0.589,0.547,0.747,0.501,21.0594,14808.346709470305,75.57927938857212,0.0,0
2409308,11007.0,87.1536,22.7673,832.72,9.6316,17.8,16.1042,0.4729,0.618,0.599,0.768,0.513,25.9762,14619.0605978014,34.490106067964966,36.34051058417371,1
2409332,4847.0,67.9596,25.1083,756.95,3.7313,19.9,6.7485,0.438,0.59,0.554,0.779,0.477,26.0734,16098.82401485455,22.074964703739127,20.631318341242007,1
2409407,30479.0,91.8993,23.7803,1254.99,5.5788,10.66,48.7658,0.4981,0.678,0.666,0.803,0.584,12.3896,23272.679549854,117.24541177647244,6.5618950752977465,0
2409506,3618.0,36.7606,25.539,865.04,9.5442,18.41,0.8234,0.5106,0.559,0.526,0.773,0.43,23.9405,81062.18905472636,16.35867918812481,0.0,0
2409605,2441.0,43.179,23.8017,756.32,5.9744,20.87,1.6667,0.4316,0.558,0.53,0.752,0.435,23.6379,14799.672265464971,8.274997033747479,0.0,0
2409704,6242.0,58.5389,23.1496,764.88,6.639,21.52,40.4554,0.4677,0.583,0.577,0.788,0.435,26.4451,12815.44376802307,6.551526887814811,16.020506247997435,1
2409803,13824.0,55.013,22.7358,697.64,8.6856,18.81,35.5205,0.4863,0.568,0.562,0.738,0.442,30.6858,12558.955439814816,71.73547543433588,65.10416666666666,1
2409902,12278.0,81.5931,23.0086,903.44,4.7958,15.15,63.3856,0.4366,0.631,0.633,0.753,0.526,18.3168,61694.982896237176,29.29352455163825,32.57859586251832,1
2410009,2965.0,72.0742,21.113,753.42,9.7946,21.23,52.9187,0.4518,0.614,0.566,0.777,0.527,27.7909,14107.588532883645,35.85681460877978,0.0,0
2410108,12390.0,57.3931,25.23,657.73,10.855,21.12,14.8139,0.5036,0.587,0.562,0.766,0.471,34.2716,10642.372881355932,53.77580826472107,16.142050040355127,1
2410207,7601.0,59.3211,20.1816,910.62,6.4671,16.55,0.595,0.4748,0.621,0.581,0.754,0.547,20.9792,10384.55466386002,69.06609482617624,0.0,0
2410256,5228.0,54.8967,24.9809,666.78,2.2966,23.73,2.1301,0.435,0.59,0.558,0.732,0.504,29.2674,28590.474368783474,14.472493127780377,153.0221882172915,1
2410306,10125.0,56.1383,26.1037,632.55,12.4509,23.19,31.0377,0.4987,0.665,0.654,0.808,0.56,38.4395,10795.654320987656,44.01484984958876,9.876543209876544,0
2410405,9362.0,39.6176,24.9092,619.44,9.8567,18.71,2.8411,0.4493,0.567,0.516,0.774,0.456,34.9818,18097.415082247386,18.56456749435845,0.0,0
2410504,5432.0,61.1009,22.662,890.46,9.636,16.14,1.5434,0.4675,0.608,0.588,0.737,0.518,22.7934,9806.885125184095,69.43539006276285,36.81885125184094,1
2410603,2934.0,68.4731,21.1656,762.21,10.122,17.51,0.3738,0.4681,0.654,0.583,0.789,0.607,30.4363,14809.134287661896,29.31859742388057,0.0,0
2410702,2701.0,88.5228,22.5472,662.16,3.1034,24.33,43.9914,0.4799,0.584,0.545,0.751,0.487,32.8027,13886.338393187709,21.230437892519436,0.0,0
2410801,4127.0,43.8818,21.0807,708.26,6.3508,18.15,7.7832,0.449,0.591,0.545,0.776,0.489,31.7906,10543.251756724012,32.215509031583224,0.0,0
2410900,7389.0,63.8246,26.553,761.66,10.8062,18.21,52.0682,0.4558,0.592,0.561,0.767,0.481,25.455,26005.68412505075,28.107133483207612,0.0,0
2411007,4242.0,85.6436,22.9609,589.27,1.6369,21.24,59.8814,0.4353,0.604,0.561,0.758,0.519,38.1895,13953.795379537954,27.39602169981917,188.5902876001886,1
2411056,5382.0,87.4582,23.1884,965.37,2.5306,13.97,3.5269,0.3855,0.635,0.627,0.769,0.53,9.2019,21371.60906726124,31.77752192011336,55.74136008918617,1
2411106,3206.0,55.864,24.7349,690.88,6.7442,21.23,1.1927,0.424,0.605,0.548,0.78,0.517,25.9655,39542.10854647536,25.48307354799736,0.0,0
2411205,37313.0,85.7476,23.6138,962.17,7.6238,16.19,79.6496,0.5384,0.635,0.597,0.761,0.564,26.1452,16590.35724814408,59.76237915548181,48.240559590491245,1
2411403,12456.0,50.4255,19.1073,707.32,9.5568,22.17,47.6095,0.4566,0.591,0.559,0.767,0.482,31.4451,11804.51188182402,8.757843106924996,24.084778420038536,1
2411429,2696.0,72.1439,20.3635,1041.01,5.2814,10.0,69.5983,0.416,0.642,0.595,0.767,0.58,11.2885,13484.050445103858,14.309750906301918,0.0,0
2411502,22177.0,64.1205,24.2819,756.25,6.1084,20.67,28.7107,0.4742,0.62,0.595,0.782,0.512,26.7482,13641.745953014384,73.65767465341668,13.527528520539295,1
2411601,3304.0,36.5617,23.8801,775.91,3.7307,16.38,2.4857,0.394,0.555,0.541,0.76,0.415,15.8518,166235.16949152542,11.441988357153493,30.26634382566586,1
2411700,3792.0,62.8165,22.7848,715.33,13.8728,21.23,59.0734,0.4265,0.595,0.526,0.763,0.525,27.0042,12031.381856540083,19.872339087507463,0.0,0
2411809,3492.0,75.8018,20.2749,1045.69,3.7234,21.96,71.6586,0.4657,0.608,0.591,0.75,0.508,16.5808,18211.912943871703,8.634438353522391,0.0,0
2411908,4161.0,83.826,21.1247,913.11,4.6074,18.45,3.1081,0.3849,0.628,0.581,0.779,0.547,13.0205,13085.07570295602,55.04842038418797,0.0,0
2412005,115838.0,91.3491,23.387,946.92,8.4317,8.11,33.4497,0.4281,0.661,0.619,0.829,0.564,15.2978,16450.914207772923,463.7229783827061,37.98408121687184,1
2412104,5956.0,85.3089,19.5937,1017.09,10.747,13.4,46.4982,0.492,0.655,0.62,0.779,0.581,19.13,14201.645399597044,21.5009512257636,0.0,0
2412203,47286.0,65.2138,23.6455,824.72,7.3047,13.87,5.3502,0.4604,0.611,0.599,0.748,0.508,23.3808,22014.04221122531,163.06248211126703,76.13247049866769,1
2412302,11121.0,89.2366,24.1345,797.93,9.2879,19.06,28.9134,0.4453,0.615,0.564,0.789,0.522,24.4043,11248.089200611455,32.60190844729783,44.9599856128046,1
2412401,4558.0,81.7025,21.7859,1033.87,3.8126,9.67,64.3596,0.3828,0.694,0.634,0.815,0.647,8.6976,18397.103992979377,26.11959542706513,21.93944712593243,1
2412500,23537.0,68.1778,24.3744,778.63,4.7168,22.19,7.2949,0.4712,0.606,0.574,0.747,0.518,28.4317,13584.568976505076,141.5904182683342,21.243149084420278,1
2412559,10221.0,54.1434,25.2813,892.15,5.4522,16.76,35.0467,0.4732,0.591,0.558,0.79,0.468,21.7451,48198.51286566872,23.69015749400271,29.3513354857646,1
2412609,16786.0,71.506,22.9715,907.11,8.0471,15.83,55.8979,0.4961,0.622,0.584,0.744,0.555,22.8563,13794.35243655427,69.8180305708641,0.0,0
2412708,5776.0,61.6863,22.4723,766.63,2.2451,17.02,6.5974,0.4767,0.589,0.574,0.794,0.449,27.5,9660.491689750692,29.58455620604701,34.62603878116344,1
2412807,7711.0,77.5386,20.2568,766.6,5.0947,18.18,57.8274,0.4242,0.611,0.588,0.787,0.493,22.3462,11499.67578783556,16.437824690205307,0.0,0
2412906,9972.0,55.8564,22.132,779.34,9.9099,19.64,26.6534,0.4594,0.585,0.565,0.77,0.461,26.3084,11208.68431608504,11.560599824944788,50.14039310068191,1
2413003,6310.0,68.5261,21.2044,795.8,7.2315,16.21,61.8919,0.4606,0.642,0.606,0.787,0.556,25.1625,12190.174326465927,31.898168509278776,0.0,0
2413102,5965.0,46.4878,23.8223,685.44,6.9606,25.0,4.5611,0.4428,0.583,0.523,0.752,0.504,30.1124,10138.306789606037,41.54651956482371,0.0,0
2413201,4065.0,98.9668,25.0677,676.62,8.935,16.52,1.9984,0.4062,0.57,0.543,0.748,0.455,23.5902,28655.842558425586,155.7471264367816,49.20049200492005,1
2413300,5703.0,66.316,22.76,664.27,4.9928,23.88,5.7543,0.4463,0.582,0.551,0.741,0.482,31.3535,10066.631597404874,59.046435781953726,0.0,0
2413359,13091.0,41.6851,25.0401,697.83,6.1996,16.17,0.4954,0.4153,0.614,0.574,0.773,0.521,25.1704,65596.28752578107,21.106311901341577,22.916507524253305,1
2413409,7597.0,69.9487,23.3513,966.15,3.9578,16.58,70.6019,0.4265,0.597,0.578,0.787,0.468,12.1144,15647.49243122285,13.50827530779024,78.97854416216927,1
2413508,6436.0,42.2778,24.4096,684.65,9.6791,23.11,3.1626,0.4258,0.592,0.547,0.757,0.502,28.1299,11171.068986948416,33.28661346463168,15.537600994406462,1
2413557,4659.0,56.6645,20.498,795.22,21.2466,17.07,0.2974,0.4401,0.598,0.555,0.782,0.492,24.0275,10685.984116763251,38.07150153217569,21.4638334406525,1
2413607,5487.0,39.2746,21.3414,852.77,4.8438,19.75,9.6823,0.416,0.604,0.579,0.728,0.522,17.8598,11499.544377619828,34.76084890719037,54.67468562055768,1
2413706,4654.0,58.1006,21.2291,664.2,6.1344,20.84,29.468,0.472,0.572,0.528,0.722,0.491,35.2827,11556.295659647614,21.803088224271047,85.94757198109154,1
2413805,2338.0,85.8854,21.728,845.26,14.1339,13.9,24.1505,0.4915,0.612,0.57,0.792,0.507,21.2575,13888.79384088965,18.84070817854351,256.6295979469632,1
2413904,11422.0,28.9266,24.2865,669.73,3.4617,20.7,16.8268,0.4327,0.569,0.544,0.778,0.435,27.5182,13587.550341446333,32.37363173080739,43.77517072316582,1
2414001,13281.0,75.0546,23.8913,716.71,12.3469,17.91,54.6711,0.4865,0.608,0.566,0.77,0.516,31.5579,15193.28363828025,39.12113678406052,52.7068744823432,1
2414100,10262.0,72.2569,22.0425,689.68,11.2992,19.51,29.8587,0.4918,0.592,0.57,0.779,0.468,34.2087,11068.60261157669,45.879886082683946,0.0,0
2414159,5891.0,68.7999,23.3577,789.17,3.3712,16.26,5.3617,0.466,0.623,0.559,0.737,0.586,25.2928,18211.509081649976,85.92975086061031,0.0,0
2414209,16929.0,67.5055,24.2956,1286.38,3.7139,10.92,23.325,0.5287,0.645,0.672,0.794,0.504,13.7611,24563.116545572684,164.87144526684844,41.3491641561817,1
2414308,2348.0,86.0307,20.954,1082.62,2.0372,14.31,26.8957,0.3893,0.64,0.614,0.723,0.591,9.8249,18576.235093696763,17.334042050555162,42.58943781942079,1
2414407,33035.0,45.1824,25.7273,701.16,6.3544,19.76,11.6683,0.4693,0.572,0.562,0.716,0.466,29.3688,24665.89980323899,43.81526365422084,24.216739821401543,1
2414456,3376.0,68.2761,24.1706,736.83,6.0725,22.93,14.273,0.4204,0.602,0.579,0.73,0.516,23.1183,13574.940758293838,12.563029118987812,0.0,0
2414506,10078.0,86.7831,22.1274,836.22,19.6682,16.05,5.1677,0.4882,0.618,0.59,0.792,0.506,28.9774,15003.472911291925,40.37498497656344,49.61301845604287,1
2414605,13577.0,56.4042,22.354,825.81,5.1981,17.86,17.2082,0.4531,0.596,0.542,0.758,0.516,22.98,15773.145761213818,15.549625489612204,29.46158945275097,1
2414704,5233.0,77.5846,21.1924,723.48,16.6779,20.01,11.105,0.439,0.626,0.577,0.771,0.552,26.8951,10807.376266004205,71.99658796984205,57.32849226065354,1
2414753,3014.0,39.4824,22.6941,592.1,31.0096,30.02,6.4897,0.4427,0.555,0.501,0.722,0.473,38.852,14333.775713337756,42.08262939640608,0.0,0
2414803,10735.0,75.8826,24.3596,662.24,7.8177,22.7,2.2235,0.4793,0.587,0.558,0.735,0.494,32.4087,12433.06939916162,127.60469290477494,9.315323707498836,0
2414902,1822.0,98.0241,21.9539,860.02,4.893,16.28,95.1258,0.3833,0.592,0.552,0.747,0.502,16.5203,12754.116355653128,48.067537264213165,0.0,0
2415008,3174.0,92.6906,25.0473,758.88,17.223,17.4,4.6606,0.3887,0.576,0.561,0.722,0.471,15.846,13989.60302457467,66.6023166023166,0.0,0
2500106,9335.0,48.1414,23.5779,771.95,5.8848,16.23,36.6697,0.5073,0.572,0.542,0.712,0.484,32.6299,9884.092126406,38.62833213331016,42.849491162292445,1
2500205,5003.0,56.9458,20.3878,737.35,1.8237,29.68,45.3704,0.4575,0.597,0.632,0.753,0.447,31.661,12043.973615830502,14.2289544861166,79.95202878273037,1
2500304,26062.0,64.1931,22.2661,725.37,7.3844,25.57,49.4079,0.459,0.582,0.576,0.797,0.43,26.6344,11540.403652827872,80.92004558001186,7.674008134448623,0
2500403,21013.0,55.1325,23.0572,726.13,5.1902,18.4,41.7131,0.4463,0.576,0.567,0.749,0.451,27.4067,15969.542664065102,163.86960929579664,23.794793699138623,1
2500502,13725.0,69.6976,23.694,687.49,9.7902,23.61,15.0056,0.451,0.595,0.574,0.795,0.462,28.9074,10116.138433515483,123.24781566257488,36.42987249544627,1
2500536,5578.0,47.0061,22.9473,723.59,4.1538,16.85,4.5523,0.3998,0.578,0.55,0.765,0.458,24.3001,9899.78486912872,17.99958695820533,53.78271782000717,1
2500577,2953.0,59.0247,23.2306,556.64,3.0794,26.04,15.3926,0.4381,0.548,0.532,0.749,0.413,40.8814,9714.866237724347,13.257609769237677,0.0,0
2500601,21730.0,82.6645,24.1417,764.63,7.4557,16.77,12.0168,0.415,0.582,0.544,0.778,0.465,20.3812,156093.0050621261,118.11451618163436,50.62126092959042,1
2500700,17964.0,43.6261,20.9976,847.03,6.9961,19.73,35.3016,0.4514,0.608,0.586,0.782,0.49,22.5354,12598.864395457582,37.72071468617516,16.7000668002672,1
2500734,2234.0,57.6097,21.1728,642.4,6.0561,19.02,26.0101,0.428,0.606,0.537,0.752,0.551,30.5282,13211.280214861235,18.297377430504365,0.0,0
2500775,7960.0,54.9372,19.799,735.42,6.9776,23.56,16.71,0.4169,0.578,0.567,0.747,0.456,25.1884,13261.557788944723,27.30909365372344,25.12562814070352,1
2500809,16646.0,44.2749,21.3805,644.87,8.4112,27.11,8.0787,0.426,0.549,0.54,0.745,0.412,32.2955,11181.124594497176,71.69530142951282,24.029796948215782,1
2500908,12212.0,78.8405,20.4389,763.66,7.7303,28.44,65.105,0.4335,0.548,0.569,0.712,0.407,25.1742,9212.65967900426,133.74805598755833,16.377333770062233,1
2501005,17189.0,55.6984,22.7122,657.11,5.5605,29.6,37.6387,0.4617,0.567,0.549,0.758,0.439,33.2809,11904.008377450697,69.67091850176517,11.63534818779452,0
2501104,22633.0,64.9008,22.3258,782.89,7.277,19.41,37.1281,0.4766,0.594,0.593,0.756,0.467,22.2375,11400.609729156542,84.0969048415264,17.67330888525604,1
2501153,2005.0,52.7182,22.3441,611.76,11.3772,19.9,39.5245,0.4383,0.562,0.566,0.68,0.462,36.9077,13040.399002493765,17.575693823524254,0.0,0
2501203,7128.0,78.0443,21.0438,763.73,16.7731,16.62,56.4196,0.4845,0.608,0.573,0.779,0.503,29.9172,8794.332210998879,199.0505445406311,14.029180695847364,1
2501302,18705.0,51.9701,22.6196,639.85,12.6537,24.56,26.4268,0.4662,0.548,0.537,0.745,0.411,37.5569,15294.627105052125,49.7317331263061,32.07698476343224,1
2501351,4152.0,79.6243,22.9528,687.73,4.2571,17.25,41.7921,0.4462,0.609,0.601,0.738,0.51,29.019,11706.40655105973,31.42145770741416,48.16955684007707,1
2501401,9224.0,29.575,24.4905,660.37,8.0013,16.97,1.2885,0.4881,0.581,0.541,0.731,0.495,31.2663,11722.679965307892,89.76604772470708,43.365134431916736,1
2501500,23134.0,58.775,22.7933,803.76,11.8918,24.13,5.4359,0.5382,0.568,0.555,0.766,0.43,29.7565,12088.138670355322,90.49409132337928,12.96792599636898,1
2501534,4762.0,82.1714,23.0785,689.63,8.5885,23.13,51.6484,0.4651,0.558,0.526,0.718,0.459,32.8079,10472.910541789164,95.1828902658405,20.999580008399832,1
2501575,8059.0,13.0413,21.0572,596.44,4.8969,22.9,7.9646,0.4878,0.567,0.526,0.747,0.465,40.2434,11289.24184141953,21.48052785751792,37.225462216155854,1
2501609,12904.0,61.6011,21.412,686.75,7.216,23.78,58.7859,0.4621,0.562,0.542,0.753,0.434,31.2868,11712.64724116553,16.51845204797315,0.0,0
2501708,5906.0,45.022,21.0972,692.09,5.2273,20.53,12.4941,0.393,0.572,0.584,0.728,0.44,24.5852,14402.472062309516,9.686778842605426,33.863867253640365,1
2501807,82742.0,99.5262,22.6656,854.8,8.4378,10.58,19.5515,0.4269,0.649,0.619,0.779,0.566,17.4616,16529.694713688332,2986.536726222704,43.508738004882645,1
2501906,16401.0,85.5497,22.0901,772.54,6.3568,20.96,75.9335,0.4838,0.592,0.557,0.759,0.492,27.2126,13270.04450948113,164.6537963437039,24.38875678312298,1
2502003,6268.0,81.254,22.0964,798.02,8.2602,28.07,58.3768,0.3945,0.578,0.55,0.779,0.451,16.2572,12564.454371410338,10.419766303326911,15.954052329291642,1
2502052,3504.0,40.3253,23.8014,774.5,6.7597,23.08,0.3559,0.4751,0.558,0.526,0.716,0.462,26.8265,11448.344748858448,60.98898229857448,28.538812785388128,1
2502102,5207.0,73.9581,20.7413,693.65,8.7237,21.9,31.3907,0.4573,0.599,0.566,0.79,0.48,30.7264,9942.577299788743,30.87202959730589,0.0,0
2502151,6377.0,59.2285,21.405,958.96,5.5704,10.81,30.5116,0.4073,0.649,0.59,0.796,0.582,10.4006,31927.395326956248,13.598957633606506,0.0,0
2502201,2286.0,50.5249,22.0472,755.41,9.8495,20.4,8.5714,0.3728,0.597,0.584,0.762,0.477,18.3727,14065.616797900262,48.261447843435306,0.0,0
2502300,4661.0,49.7533,19.4379,782.42,2.5229,23.68,35.5942,0.3909,0.592,0.558,0.752,0.494,22.1841,11743.831795751985,25.051193438640432,85.8184938854323,1
2502409,10252.0,73.176,24.2002,665.95,14.2535,18.66,64.3177,0.5011,0.574,0.564,0.786,0.427,38.0804,9438.158408115489,45.20322048695315,0.0,0
2502508,17598.0,73.605,23.0651,769.1,4.6235,16.38,62.0851,0.4506,0.607,0.592,0.763,0.496,23.8736,14790.714853960675,47.16988718146656,17.047391749062392,1
2502607,5648.0,79.6565,21.6714,702.71,5.4125,22.63,44.906,0.4199,0.61,0.575,0.794,0.496,26.0075,10778.50566572238,28.661612317185803,53.11614730878188,1
2502706,4214.0,82.2734,23.2558,691.08,9.204,21.15,62.4551,0.5258,0.558,0.544,0.75,0.426,37.6221,16448.74228761272,161.412647948826,23.730422401518748,1
2502805,13613.0,82.1861,22.8238,732.48,4.0046,22.66,77.034,0.4348,0.597,0.575,0.798,0.463,24.3003,10840.299713509146,33.92098476259297,66.11327407625063,1
2502904,5742.0,84.7266,21.8391,910.04,4.1644,18.71,24.773,0.469,0.619,0.564,0.776,0.541,20.6374,11237.0254266806,61.178175309247045,87.07767328456984,1
2503001,21193.0,85.1602,23.4936,673.18,14.7637,14.44,16.6228,0.4194,0.602,0.565,0.757,0.509,24.7393,19662.482895295616,140.33426478962772,84.93370452507904,1
2503100,5335.0,51.6589,20.075,833.95,2.1053,7.7,33.0847,0.4396,0.611,0.574,0.759,0.523,21.7905,21890.159325210872,11.371120550929191,0.0,0
2503209,66519.0,99.997,22.3154,1834.97,6.5565,7.58,24.8276,0.6097,0.748,0.782,0.822,0.651,13.5062,47169.63574317112,2226.72647541258,15.033298756746191,1
2503308,9151.0,45.2956,21.6807,695.21,8.3823,19.35,20.5939,0.4198,0.587,0.583,0.766,0.453,28.5761,13675.117473500164,47.36174727635018,10.927767457108512,0
2503407,3291.0,53.2665,20.6624,672.45,4.5096,19.6,32.6241,0.4649,0.596,0.553,0.771,0.497,32.9172,11916.4387724096,15.449326116449706,30.385900941962927,1
2503506,16064.0,70.493,22.4166,686.16,7.7878,28.63,20.5492,0.5051,0.564,0.551,0.777,0.419,36.5527,9604.892928286852,97.31511098187455,12.450199203187251,1
2503555,7223.0,46.8365,25.9034,559.0,11.9942,22.6,35.0065,0.4705,0.523,0.501,0.672,0.425,45.1059,9310.674235082375,58.2180739594416,13.844662882458811,1
2503605,6602.0,74.4168,21.3572,617.26,10.2517,24.32,59.2117,0.4399,0.592,0.58,0.733,0.488,32.0509,9966.222356861555,53.38098433823588,30.29385034837928,1
2503704,63239.0,83.2018,22.8482,1119.77,7.9987,12.58,53.673,0.5017,0.679,0.668,0.815,0.574,14.8684,19479.07145906798,112.38433063267834,15.813026771454323,1
2503753,2740.0,48.4307,20.8759,624.16,7.2443,27.46,27.1801,0.3899,0.55,0.521,0.773,0.413,25.6598,15379.56204379562,9.692493270084508,0.0,0
2503803,5753.0,59.0301,23.0836,668.83,8.6028,24.66,3.5236,0.3973,0.568,0.562,0.723,0.451,23.4394,13023.987484790545,102.80006432821686,17.382235355466715,1
2503902,6085.0,59.5234,21.9721,687.73,6.7293,20.27,25.7119,0.4402,0.567,0.549,0.77,0.431,30.0728,11809.36729663106,11.230231746951596,32.86770747740345,1
2504009,419379.0,96.857,23.097,1373.42,7.6394,6.9,87.5093,0.5562,0.72,0.702,0.812,0.654,16.2724,24678.82511999885,708.8199601796983,11.683942209791145,0
2504033,6970.0,96.2267,25.4806,624.27,8.8528,25.78,5.0137,0.4107,0.533,0.52,0.728,0.4,27.6614,10886.083213773314,87.26025339275877,14.347202295552368,1
2504074,3944.0,45.7657,22.5406,790.87,2.6397,18.45,50.1721,0.3644,0.585,0.58,0.71,0.485,16.7596,10729.46247464503,8.1048534591531,0.0,0
2504108,2312.0,71.237,24.2215,697.38,9.8472,20.84,9.8143,0.4248,0.603,0.529,0.765,0.543,28.763,13413.062283737025,39.14000338581344,0.0,0
2504157,6889.0,58.2233,22.3545,581.94,11.5242,28.59,46.6833,0.4358,0.514,0.492,0.73,0.379,37.451,10178.835825228623,33.97596184670622,0.0,0
2504207,4491.0,66.8448,22.1109,663.05,11.7241,23.68,38.7052,0.4561,0.574,0.553,0.753,0.455,34.4912,11822.533956802494,8.514970877320714,0.0,0
2504306,30661.0,78.1938,21.4344,1018.31,5.9624,15.47,53.899,0.4507,0.64,0.617,0.787,0.539,13.5235,16529.43478686279,55.56894692486838,88.0597501712273,1
2504355,5254.0,24.5337,23.2965,674.16,12.0245,13.84,12.3751,0.4694,0.623,0.617,0.782,0.502,34.8877,11765.13132851161,44.59231219710922,19.03311762466692,1
2504405,18260.0,68.0559,21.5882,749.69,6.8945,25.39,41.7376,0.5056,0.592,0.577,0.754,0.476,32.4065,11476.232201533408,31.44751571514682,16.42935377875137,1
2504504,6451.0,74.2831,20.648,770.62,3.454,19.8,48.967,0.4568,0.594,0.573,0.769,0.476,26.9069,14047.899550457294,24.30002297785462,0.0,0
2504603,27605.0,74.2981,23.177,880.41,5.317,15.34,1.8961,0.4951,0.618,0.591,0.797,0.5,21.8066,46158.232204310814,161.1810798344106,43.47038579967397,1
2504702,4933.0,70.0385,22.6232,763.73,1.7013,22.57,66.5597,0.4115,0.581,0.562,0.731,0.477,23.211,12551.59132373809,15.19314044954202,121.6298398540442,1
2504801,14683.0,83.7635,22.1413,772.26,5.0686,24.42,72.4735,0.4681,0.592,0.578,0.794,0.452,26.0319,17035.891847715044,39.46915690891692,47.67418102567595,1
2504850,1824.0,48.2456,19.2434,882.3,6.3963,14.37,39.1008,0.4582,0.641,0.586,0.794,0.567,20.614,13220.94298245614,10.486254038702556,109.64912280701752,1
2504900,17095.0,51.4653,24.8669,671.67,3.9149,23.33,27.7322,0.3771,0.552,0.531,0.778,0.408,22.4764,11217.54899093302,88.79965924202128,111.14360924246856,1
2505006,7580.0,69.1029,24.1953,693.24,8.033,18.46,37.5714,0.4344,0.566,0.545,0.742,0.448,28.5279,10154.353562005275,46.341016078743046,26.385224274406333,1
2505105,19719.0,72.5747,21.6796,864.92,8.6399,22.15,10.7937,0.4893,0.591,0.574,0.766,0.47,26.2318,11204.574268472032,26.871785647122312,15.213753232922562,1
2505204,6730.0,83.7147,23.2987,625.73,11.2183,21.8,27.9345,0.4186,0.57,0.563,0.732,0.45,28.3507,9928.23179791976,159.89166330094318,44.57652303120357,1
2505238,6251.0,33.7546,22.6204,661.45,4.2621,26.69,0.5709,0.4113,0.524,0.529,0.683,0.398,25.4248,11878.739401695728,58.05163447251114,15.997440409534471,1
2505279,5254.0,11.7815,22.8397,653.58,10.3418,27.77,0.1706,0.4191,0.529,0.528,0.715,0.392,29.246,10604.111153406928,60.79048456518721,38.06623524933384,1
2505303,2292.0,60.6021,23.6038,745.84,5.8559,18.47,24.4926,0.3863,0.606,0.613,0.739,0.491,21.0227,11715.968586387437,10.531926625739809,0.0,0
2505352,4982.0,61.3208,21.658,566.06,9.8703,30.68,9.7875,0.4521,0.521,0.503,0.72,0.391,42.0514,10109.995985547972,26.756463549554773,20.07226013649137,1
2505402,8067.0,65.3403,23.404,696.72,6.8619,17.96,42.6108,0.4326,0.58,0.551,0.724,0.49,28.3625,9039.295896863769,44.31979254798976,49.58472790380564,1
2505501,3641.0,49.4644,22.6037,649.3,19.7347,21.21,33.4169,0.446,0.566,0.554,0.773,0.424,32.7657,10851.689096402088,60.29143897996357,0.0,0
2505600,6299.0,65.2326,21.5907,720.93,2.8271,23.6,34.6209,0.4845,0.593,0.562,0.748,0.496,32.2115,9450.23019526909,23.17589618493622,47.62660739799968,1
2505709,10380.0,51.3487,23.5067,657.97,5.0365,24.72,12.0916,0.5038,0.545,0.524,0.69,0.447,39.1006,9057.996146435453,59.77609877453239,19.26782273603083,1
2505808,3327.0,81.1241,23.2041,696.67,14.7874,19.57,35.506,0.4429,0.603,0.565,0.795,0.488,30.3954,13572.287345957318,123.16748111950244,60.11421701232341,1
2505907,3011.0,74.0286,23.0488,759.34,8.7133,21.24,69.4045,0.4024,0.595,0.554,0.773,0.492,23.5963,13862.836267020924,12.13007501228719,0.0,0
2506004,31231.0,71.7332,22.737,809.81,11.4506,16.38,58.9317,0.481,0.623,0.598,0.767,0.526,25.3275,22728.314815407768,197.85113809858663,9.605840350933368,0
2506103,11049.0,55.5525,22.0653,651.81,10.3976,22.31,13.5571,0.4766,0.56,0.543,0.749,0.432,35.1525,9555.525386912845,59.70463793019599,18.10118562765861,1
2506202,2846.0,69.0091,19.3605,854.92,1.0695,17.75,66.9124,0.3698,0.641,0.631,0.77,0.542,16.2257,10664.792691496838,11.925014036822567,0.0,0
2506251,8179.0,17.4349,22.5455,554.19,9.2459,20.87,2.1462,0.4392,0.513,0.491,0.737,0.373,39.8582,9334.88201491625,42.50597650971833,0.0,0
2506301,57484.0,88.8282,22.4619,1027.67,6.1936,12.6,64.9952,0.5021,0.673,0.641,0.812,0.586,19.3055,30944.68025885464,353.9938541878352,10.437687008558903,0
2506400,13766.0,45.4961,22.9043,684.73,7.5437,25.97,2.2933,0.4168,0.556,0.544,0.728,0.435,25.4903,10997.60278948133,40.43970764494371,65.37846869097777,1
2506509,3242.0,70.4812,20.8513,777.68,20.6709,14.47,61.5721,0.4017,0.625,0.576,0.729,0.581,21.715,11849.784083898829,9.410685569314548,0.0,0
2506608,5631.0,67.75,19.9432,719.73,7.6923,27.74,25.6817,0.4798,0.586,0.548,0.768,0.479,33.043,10302.255372047592,23.427651368589224,53.276505061267976,1
2506707,10392.0,52.9446,25.3657,599.58,5.2032,18.19,37.4413,0.4504,0.557,0.524,0.715,0.461,37.9426,9475.558121632024,32.69939962996061,19.24557351809084,1
2506806,17692.0,69.0142,22.3039,841.64,9.0964,21.34,8.491,0.4139,0.592,0.573,0.768,0.471,18.2664,11046.913859371469,67.48061438940572,5.652272213429799,0
2506905,23182.0,84.475,20.6324,811.3,5.3409,19.76,28.3526,0.4457,0.613,0.592,0.727,0.536,23.5151,14529.63506168579,110.09061033755675,47.45060823052368,1
2507002,23940.0,78.7051,23.3375,875.23,7.8922,16.82,64.7325,0.4499,0.615,0.607,0.742,0.517,19.8029,14294.862155388471,52.019730123204624,45.948203842940686,1
2507101,18382.0,68.1808,23.3598,653.03,9.196,23.48,12.6775,0.4462,0.564,0.543,0.757,0.437,30.5344,11251.985638124252,126.07076477809709,10.88020890001088,0
2507200,10499.0,60.0629,22.6403,675.15,19.5973,25.03,25.3444,0.4664,0.562,0.549,0.742,0.436,28.6546,14713.210781979236,41.704237156850674,9.52471663967997,0
2507309,14477.0,62.6511,22.3734,721.89,7.1286,22.08,9.1147,0.4675,0.558,0.554,0.72,0.435,27.9289,11430.614077502243,56.36473359419104,75.98259307867653,1
2507408,7516.0,71.5806,21.7536,811.24,4.9961,19.66,41.8983,0.4148,0.603,0.577,0.798,0.476,21.0435,10186.402341671102,42.37804190441823,93.13464608834488,1
2507507,833932.0,99.9346,22.3337,1879.0,6.9677,5.62,70.3307,0.5756,0.763,0.77,0.832,0.693,12.3636,26219.928003722125,3970.2728952029097,23.982770777473466,1
2507606,7796.0,77.3089,23.7045,753.84,8.2946,25.12,11.3969,0.4095,0.579,0.544,0.768,0.465,22.8725,9399.563878912262,103.01540738391608,0.0,0
2507705,17007.0,54.9068,23.5668,673.57,10.4383,16.49,46.9501,0.5018,0.567,0.557,0.753,0.435,36.7139,12391.250661492326,35.833933831430706,0.0,0
2507804,6793.0,67.1721,22.2876,836.75,6.0643,14.58,62.5645,0.4046,0.617,0.571,0.715,0.576,15.438,14251.582511408804,37.649993071913535,0.0,0
2507903,10012.0,92.9884,23.1622,659.58,7.15,24.12,22.497,0.4297,0.548,0.544,0.677,0.448,28.0164,11749.001198561726,127.20758264935328,89.8921294446664,1
2508000,9234.0,50.3032,21.7674,626.11,12.8722,21.86,48.5349,0.4574,0.57,0.552,0.758,0.443,37.102,9478.557504873294,23.37277732076188,21.65908598657137,1
2508109,4415.0,63.6693,20.7022,737.35,2.692,22.67,32.3253,0.4293,0.563,0.533,0.747,0.448,26.7522,11633.975084937712,24.99306534427028,0.0,0
2508208,7819.0,64.177,22.0489,738.79,8.0913,24.08,12.1673,0.4436,0.57,0.539,0.772,0.444,28.3884,10706.739992326384,93.6317478564928,51.15743701240568,1
2508307,27730.0,54.0966,22.4991,927.2,9.2553,13.53,34.9978,0.5227,0.627,0.621,0.769,0.516,24.5991,11197.98052650559,256.2396621665327,18.03101334294988,1
2508406,3162.0,45.2245,20.1771,607.64,19.2504,26.88,8.222,0.3831,0.533,0.532,0.747,0.38,31.5823,9350.727387729285,29.43695538839652,0.0,0
2508505,6877.0,55.0531,22.0736,619.98,2.4756,16.22,38.1818,0.433,0.566,0.523,0.732,0.473,36.0913,10205.32208811982,25.76157154202317,72.70612185546024,1
2508554,4797.0,73.5668,21.5134,713.72,14.1718,20.68,35.7189,0.4746,0.583,0.544,0.776,0.47,30.9777,10164.47779862414,111.88077246011756,62.53908692933083,1
2508604,12560.0,87.1975,23.4554,759.66,4.7378,16.19,1.3747,0.4587,0.583,0.577,0.734,0.469,25.5855,17743.789808917198,133.90191897654586,39.80891719745223,1
2508703,3583.0,45.4647,19.9833,740.54,16.0991,19.58,54.2706,0.4793,0.542,0.52,0.712,0.429,31.0075,10799.888361708066,15.668456681068411,83.72871895060005,1
2508802,6046.0,89.7784,21.9649,879.93,9.4891,20.1,83.585,0.3974,0.642,0.62,0.8,0.533,15.5333,13223.784320211713,35.14911923725365,16.539861065167052,1
2508901,44599.0,82.6678,23.6463,772.08,4.8787,18.89,19.7984,0.4398,0.585,0.585,0.756,0.453,22.2881,18109.30738357362,132.17103196476938,35.87524383954798,1
2509008,10434.0,65.2482,22.4938,617.91,11.6064,23.39,30.5843,0.5082,0.543,0.537,0.698,0.426,43.0805,9739.60130343109,29.639940345145945,19.16810427448725,1
2509057,8999.0,35.315,25.025,547.14,6.2274,21.28,2.3896,0.4007,0.529,0.525,0.691,0.408,32.248,11569.063229247697,73.36240981535074,88.8987665296144,1
2509107,21512.0,83.2233,21.3974,675.91,12.1749,24.1,1.5366,0.4346,0.548,0.553,0.692,0.429,28.5226,11272.59204165117,138.55022059060315,9.297136481963555,0
2509156,6705.0,85.1156,22.1626,737.18,3.8706,17.31,39.4022,0.464,0.608,0.582,0.753,0.512,26.6677,12252.199850857569,95.85144098810612,14.914243102162564,1
2509206,14139.0,60.4498,23.6085,759.5,8.3384,19.67,21.3213,0.4289,0.567,0.552,0.747,0.441,19.9802,9236.650399603932,67.52084507311297,0.0,0
2509305,8244.0,86.8753,24.0539,761.17,9.8562,17.36,2.3881,0.495,0.536,0.533,0.675,0.427,26.5013,27884.036875303253,45.187706575896605,48.5201358563804,1
2509339,4571.0,23.5397,22.9053,557.71,9.5176,22.41,10.6855,0.464,0.541,0.531,0.747,0.4,42.2008,11837.891052286152,125.15743935162368,0.0,0
2509370,2543.0,50.2163,21.3134,812.1,6.6872,32.47,51.937,0.3744,0.565,0.566,0.76,0.419,15.8081,12550.5308690523,29.82116681325125,0.0,0
2509396,6433.0,73.7914,24.3588,653.01,4.8343,19.78,42.4729,0.4662,0.572,0.54,0.73,0.474,36.4273,9631.898025804448,77.45656388089533,0.0,0
2509404,13899.0,44.4636,22.3182,685.55,7.5717,23.0,4.2118,0.4297,0.574,0.538,0.732,0.481,28.3729,11841.715231311606,64.92038506630297,21.58428663932657,1
2509503,5812.0,70.2856,22.488,711.2,8.1352,15.2,50.2307,0.4345,0.59,0.545,0.748,0.505,27.8562,9532.863041982106,182.80753625011795,0.0,0
2509602,4338.0,62.6325,23.2365,588.45,3.8339,20.02,66.815,0.4595,0.587,0.579,0.755,0.463,41.7748,11104.88704472107,37.12324781351088,0.0,0
2509701,32277.0,67.5682,21.8236,855.1,8.2458,16.46,61.0273,0.4815,0.628,0.625,0.709,0.558,24.3619,19719.55262261053,32.516975277548305,24.785450940298045,1
2509800,8791.0,49.8237,21.1921,701.66,7.2072,23.95,11.1989,0.3977,0.565,0.548,0.778,0.423,25.3928,11209.98748720282,46.94567417320396,56.87635081333182,1
2509909,8945.0,42.616,22.929,597.24,7.732,24.01,18.1376,0.4811,0.541,0.516,0.71,0.432,39.8434,10691.894913359418,44.24428583440915,44.71771939631079,1
2510006,7203.0,50.4096,20.6858,710.83,4.9777,22.99,24.9604,0.5042,0.562,0.528,0.747,0.449,36.9269,9190.33735943357,37.28202978214624,13.883104262113008,1
2510105,9724.0,92.1946,22.8198,745.22,12.4291,18.07,0.9226,0.4591,0.601,0.576,0.758,0.498,28.8919,10266.145619086796,204.40595308164464,20.56766762649116,1
2510204,5787.0,56.6615,22.2222,669.66,30.1991,21.85,8.731,0.443,0.573,0.557,0.744,0.453,31.8127,10017.79851391049,70.99219785072869,0.0,0
2510303,4259.0,68.4198,20.9439,859.4,7.2591,17.92,61.9171,0.4503,0.595,0.567,0.762,0.488,21.7892,11531.11058934022,13.531460088705886,0.0,0
2510402,6060.0,61.7657,21.1221,506.11,5.8442,28.44,52.6729,0.4748,0.572,0.533,0.776,0.452,50.462,10233.993399339934,10.439816011163368,16.501650165016503,1
2510501,3580.0,57.8771,21.3128,705.86,4.7798,20.26,41.3686,0.448,0.603,0.531,0.766,0.54,30.2404,12196.648044692738,11.378625347636074,0.0,0
2510600,2918.0,69.2598,17.7176,789.71,4.1578,23.38,29.1964,0.3989,0.614,0.585,0.764,0.518,20.2879,13149.760109664154,22.77730075716181,68.54009595613434,1
2510659,1720.0,52.1512,18.4884,810.88,9.0909,15.61,21.8944,0.4319,0.584,0.583,0.733,0.467,24.1279,12527.32558139535,8.276631988220236,0.0,0
2510709,2463.0,49.5331,21.7621,746.66,1.6518,21.11,57.6744,0.3886,0.62,0.566,0.79,0.534,20.3816,11747.868453105968,19.95592357926464,0.0,0
2510808,103165.0,97.0513,22.813,1142.69,8.4327,11.0,82.6077,0.5031,0.701,0.667,0.821,0.628,16.105,19369.96074249988,218.1576343012781,47.496728541656566,1
2510907,11834.0,55.5603,21.1425,838.4,4.052,21.5,35.3212,0.4355,0.587,0.587,0.747,0.461,21.8945,13316.376542166638,20.49606930629621,16.900456312320433,1
2511004,3739.0,70.2059,22.0112,803.95,5.3131,20.66,47.5177,0.4882,0.599,0.532,0.761,0.532,29.3127,10047.606311848089,31.99199130680311,53.49023803155924,1
2511103,6859.0,45.4585,20.6736,756.49,6.5944,17.64,41.8314,0.437,0.574,0.564,0.733,0.458,25.0876,11703.74690188074,20.43710799576896,0.0,0
2511202,29662.0,59.4869,22.8238,753.14,8.0484,19.18,18.0681,0.4252,0.59,0.568,0.771,0.468,22.0532,22148.4053671364,72.92816592866504,53.941069381700494,1
2511301,16441.0,72.8788,22.1337,818.71,4.7589,22.18,42.3732,0.4524,0.621,0.593,0.736,0.55,22.6741,12587.190560184905,28.49462551951001,18.24706526367009,1
2511400,18333.0,69.6667,22.8986,811.97,6.0054,16.85,63.2012,0.5046,0.608,0.596,0.745,0.506,29.2151,11658.266513936616,27.45636604893712,27.273223149511807,1
2511509,12311.0,70.7335,22.6545,684.5,2.4227,22.85,4.2389,0.4836,0.579,0.544,0.775,0.461,34.5287,9913.65445536512,119.17023212591718,24.368450978799448,1
2511608,6815.0,57.6963,22.8173,631.44,9.8549,27.32,9.453,0.4577,0.56,0.559,0.767,0.409,33.4654,14029.200293470289,103.92838625064812,14.673514306676449,1
2511707,5329.0,65.2843,22.4432,698.44,1.0435,26.02,25.9067,0.4207,0.564,0.532,0.802,0.421,25.258,9631.07524863952,130.26791825559792,18.76524676299493,1
2511806,9340.0,80.2784,22.7623,705.61,7.6098,18.5,55.4728,0.4551,0.595,0.566,0.745,0.499,30.4954,10206.316916488222,115.77746925823088,10.70663811563169,0
2511905,16751.0,63.2261,23.718,792.24,3.5993,16.83,6.8666,0.4196,0.57,0.538,0.753,0.456,19.6023,25747.955345949496,123.34960714575004,131.33544266013968,1
2512002,17469.0,64.6288,23.3213,675.29,12.2597,16.94,43.7055,0.4407,0.591,0.556,0.779,0.477,31.8965,16316.389031999544,27.99667290097073,22.89770450512336,1
2512036,3830.0,36.3708,23.7859,624.78,5.8743,27.47,16.2882,0.4897,0.525,0.506,0.702,0.408,38.1723,10526.892950391644,39.17837926307821,0.0,0
2512077,4006.0,35.8962,19.5207,838.02,17.8396,18.2,35.3103,0.4489,0.612,0.578,0.797,0.497,23.6895,11715.426859710436,42.32614162246688,0.0,0
2512101,32473.0,84.2977,21.1191,933.34,7.3973,16.92,69.7761,0.4737,0.634,0.629,0.787,0.515,19.8593,14368.737104671573,36.31928491060264,46.19222122994488,1
2512200,3915.0,66.8455,19.9234,839.7,3.8885,19.42,40.2661,0.4349,0.608,0.566,0.772,0.514,19.657,16555.30012771392,19.40155014173291,25.542784163473826,1
2512309,21114.0,74.6329,22.5206,878.34,6.7977,14.97,60.7726,0.5239,0.606,0.6,0.72,0.514,25.6886,12643.459316093587,57.286423980313046,14.208581983518044,1
2512408,14277.0,56.9167,23.7235,699.33,8.142,13.68,10.9121,0.4258,0.617,0.574,0.754,0.542,25.5048,9671.149401134691,200.7508647599764,14.008545212579673,1
2512507,47658.0,59.7864,23.079,731.28,11.3368,13.45,47.1476,0.4143,0.608,0.578,0.796,0.489,22.6864,12743.02320701666,118.33205875634393,23.0811196441311,1
2512606,1743.0,53.2989,22.3178,661.14,4.1338,17.13,47.7352,0.4614,0.622,0.564,0.737,0.579,31.1673,15386.11589213999,11.844412128460569,57.37234652897303,1
2512705,17885.0,80.0168,22.7621,855.49,6.763,18.48,66.5383,0.5071,0.607,0.592,0.797,0.474,27.051,10155.60525580095,97.48772205233868,50.32149846239866,1
2512721,5766.0,43.2189,21.8869,566.4,5.0567,24.45,0.8727,0.4847,0.542,0.529,0.754,0.399,41.658,9936.177592785292,77.69214185620352,86.71522719389526,1
2512747,2927.0,61.0523,21.4554,576.42,4.1338,25.37,24.0157,0.4359,0.574,0.515,0.763,0.481,38.3168,12491.28800819952,34.31780609911949,0.0,0
2512754,4690.0,64.6055,23.6247,669.38,9.9145,28.74,12.9618,0.3534,0.553,0.561,0.721,0.417,21.0021,10703.411513859275,116.43206474516522,0.0,0
2512762,4738.0,36.1545,22.6889,516.3,9.3713,25.37,32.5516,0.4581,0.555,0.537,0.748,0.426,41.8919,11889.826931194597,117.1033119130005,0.0,0
2512788,1955.0,76.9309,25.422,750.97,12.3269,19.66,47.9452,0.4533,0.594,0.569,0.735,0.502,28.117,15660.358056265984,20.874709035385568,51.15089514066496,1
2512804,8493.0,55.5516,22.7952,677.3,1.8111,20.63,42.3729,0.4101,0.568,0.546,0.752,0.447,25.4599,10933.003650064758,32.35034205354014,82.42081714352996,1
2512903,24581.0,63.3294,22.0821,898.43,5.8099,16.92,17.1014,0.4493,0.585,0.562,0.742,0.48,17.4882,13153.167080265246,52.83509586450004,16.27273097107522,1
2513000,3355.0,39.076,23.4277,704.73,17.2708,24.27,24.0541,0.4638,0.563,0.531,0.739,0.454,30.0745,9988.971684053651,18.74249322644619,0.0,0
2513109,11505.0,44.6241,20.8083,636.36,11.8947,26.46,2.1392,0.4327,0.568,0.531,0.77,0.448,32.3537,11217.470664928293,56.3752272404314,26.07561929595828,1
2513158,7670.0,36.3755,25.176,619.23,5.7805,22.45,3.7376,0.4436,0.525,0.515,0.699,0.402,32.4247,8582.268578878748,35.251887837409285,26.07561929595828,1
2513208,5947.0,50.7483,17.2188,784.35,15.9159,23.52,40.5748,0.401,0.618,0.578,0.779,0.523,22.0447,10480.74659492181,27.32029566743386,50.44560282495376,1
2513307,5865.0,48.3887,20.3751,806.74,10.6181,20.34,45.8133,0.3685,0.609,0.57,0.786,0.504,15.5973,10637.169650468884,27.777383100552704,0.0,0
2513356,3227.0,44.8714,21.661,715.43,4.7953,24.18,13.4342,0.4841,0.572,0.54,0.706,0.492,33.7372,11417.725441586614,9.849375066766372,0.0,0
2513406,14959.0,91.8711,22.1205,1091.08,5.4942,13.07,87.393,0.4512,0.682,0.62,0.804,0.635,11.595,24928.33745571228,33.9386431802816,13.36987766561936,1
2513505,5010.0,48.4232,25.3293,646.52,5.6497,27.07,28.651,0.543,0.535,0.488,0.756,0.414,41.0457,10212.375249500998,12.365363161583952,0.0,0
2513604,6569.0,58.8826,19.8356,712.84,4.794,27.49,16.1234,0.4527,0.594,0.568,0.772,0.479,30.3977,10274.16653980819,18.17231191422027,30.446034404018874,1
2513653,2539.0,37.7314,20.0473,642.82,4.4574,16.95,39.5429,0.4444,0.665,0.654,0.808,0.56,33.1627,13027.569909413154,35.362609507096195,0.0,0
2513703,149910.0,88.8707,22.6423,798.63,7.1133,13.27,7.2319,0.4116,0.627,0.597,0.774,0.534,18.3855,17214.27523180575,208.6209391908441,56.03362017210326,1
2513802,4402.0,58.2008,22.0809,755.28,5.343,21.37,55.3163,0.4149,0.627,0.586,0.82,0.513,22.8234,13014.993184915947,12.246760256174849,45.433893684688776,1
2513851,2622.0,46.1098,20.061,760.73,8.3437,17.13,0.5015,0.4588,0.6,0.568,0.797,0.476,27.0714,11228.45156369184,13.256417127169588,0.0,0
2513901,32235.0,84.3741,23.8902,768.83,2.417,24.4,74.2505,0.4593,0.58,0.597,0.769,0.424,24.1991,17643.275942298744,131.12186788154898,80.65767023421746,1
2513927,4327.0,74.6707,20.7303,710.23,4.3036,19.61,57.6123,0.4228,0.606,0.575,0.787,0.491,26.2306,12860.411370464524,21.67455606481829,23.110700254217704,1
2513943,2585.0,56.0542,21.3153,736.91,3.9779,13.14,42.8261,0.3631,0.589,0.603,0.773,0.438,20.3868,11149.323017408124,11.054803600829644,38.684719535783366,1
2513968,2595.0,45.5877,18.6513,612.72,2.6915,36.03,23.0185,0.3508,0.548,0.555,0.754,0.394,23.9692,13976.878612716762,15.232359518903976,0.0,0
2513984,3137.0,40.3252,16.9908,799.27,2.3499,24.71,23.3036,0.4102,0.58,0.56,0.726,0.481,23.43,12529.486770800127,34.57739958555619,31.877590054191906,1
2514008,4226.0,59.9858,19.6403,945.1,5.1345,15.07,49.1481,0.4243,0.622,0.618,0.797,0.488,17.299,13127.307146237576,6.894346505352663,23.6630383341221,1
2514107,4263.0,34.3889,22.6366,646.3,27.2096,24.03,29.6884,0.4438,0.552,0.523,0.758,0.424,32.9732,9618.578465869106,5.246013804781343,46.91531785127844,1
2514206,7126.0,44.5552,21.2602,704.78,6.3457,28.79,17.9122,0.4514,0.53,0.53,0.722,0.389,30.6515,10130.788661240527,21.35297431410387,42.09935447656469,1
2514305,5034.0,58.82,23.0433,647.02,8.4255,24.9,10.0299,0.4816,0.565,0.545,0.762,0.434,35.5582,11066.348827969803,27.467221030921085,19.864918553833927,1
2514404,4083.0,41.5626,20.6711,728.77,4.2891,16.77,39.5089,0.4268,0.577,0.543,0.79,0.448,25.3646,13479.059515062454,5.618108941503144,24.49179524859172,1
2514453,5891.0,44.0842,23.9009,555.75,4.3074,26.46,0.1022,0.431,0.541,0.527,0.738,0.406,37.2942,14729.757256832456,58.53421036942827,50.92514004413513,1
2514503,19067.0,65.8363,22.6412,820.53,5.8255,19.24,60.0991,0.4495,0.591,0.594,0.755,0.461,24.6289,12111.816226989038,27.757316011518117,20.97865421933183,1
2514552,3416.0,19.233,21.5164,600.8,5.4852,19.69,2.3018,0.4432,0.565,0.533,0.765,0.443,37.0273,9980.386416861827,21.613139979247336,0.0,0
2514602,3242.0,53.979,22.5787,706.28,12.8012,15.79,52.8182,0.4038,0.578,0.549,0.713,0.493,22.7946,10021.900061690314,21.10278658326228,0.0,0
2514651,1699.0,80.6357,22.1307,631.9,4.1338,22.98,56.0886,0.4169,0.581,0.535,0.776,0.473,30.9594,17166.56856974691,6.694590345447166,58.85815185403178,1
2514701,4138.0,71.6771,22.088,857.72,6.1468,14.58,66.289,0.4172,0.617,0.584,0.781,0.514,17.3272,30281.05364910585,19.376741354686143,0.0,0
2514800,3411.0,52.3014,19.4664,702.98,6.904,16.45,47.0497,0.3926,0.556,0.542,0.778,0.407,25.7403,10858.106127235416,9.05588845141918,58.63383172090296,1
2514909,7470.0,80.3481,17.6171,964.15,5.5537,15.07,78.7505,0.411,0.641,0.617,0.765,0.558,12.3996,11056.35876840696,14.003291804606276,40.16064257028113,1
2515005,7066.0,43.9004,23.2097,666.13,9.7712,24.77,28.0579,0.5181,0.548,0.516,0.721,0.443,35.1967,11741.57939428248,76.46110395723545,113.21822813472969,1
2515104,11040.0,48.1703,21.875,790.63,12.2938,16.48,41.6578,0.4375,0.594,0.561,0.795,0.471,23.4185,9604.257246376812,238.07470025015093,9.057971014492754,0
2515203,3279.0,70.4483,21.7139,649.4,6.3512,20.44,53.3333,0.438,0.581,0.561,0.763,0.459,32.9979,12350.411710887463,7.0618335784910204,0.0,0
2515302,51306.0,76.0671,22.6582,745.51,7.4178,21.59,21.9743,0.4256,0.569,0.563,0.711,0.461,22.4812,13212.060967528165,163.56263429376622,15.59271820060032,1
2515401,10291.0,51.822,24.9733,565.48,11.6629,17.12,0.2349,0.4327,0.665,0.654,0.808,0.56,35.9732,8748.90681177728,39.16635902432341,9.71722864639005,0
2515500,13614.0,72.3153,20.0896,799.81,8.4385,13.95,27.9976,0.4371,0.628,0.598,0.77,0.537,24.9391,10876.744527692084,19.50144821243887,14.690759512266784,1
2515609,3094.0,81.4156,20.7822,775.82,4.1761,25.96,8.9,0.4737,0.626,0.57,0.792,0.544,25.5333,11993.212669683258,97.6672243442028,0.0,0
2515708,2942.0,77.2604,21.8559,808.7,4.2045,18.34,41.4914,0.4521,0.586,0.549,0.745,0.491,25.1106,11302.17539089055,45.7173048234709,0.0,0
2515807,6828.0,54.1154,22.232,753.33,9.4134,20.09,28.2716,0.4174,0.57,0.565,0.772,0.424,24.0293,10436.145284124195,123.7023751290831,29.291154071470416,1
2515906,4885.0,72.4872,22.6407,675.36,5.7933,25.7,3.6064,0.4399,0.547,0.536,0.779,0.392,30.3608,13878.812691914023,75.08222925824599,20.47082906857728,1
2515930,5054.0,79.2837,21.3692,740.43,11.1628,16.19,46.4452,0.4306,0.621,0.554,0.769,0.561,23.4863,10887.811634349033,155.72330919735018,0.0,0
2515971,8236.0,12.2268,22.1952,652.46,7.4969,23.14,7.0239,0.4285,0.573,0.525,0.753,0.477,29.4825,13731.058766391452,132.9394863848401,36.42544924720738,1
2516003,26774.0,79.4913,22.9588,839.65,6.512,21.59,6.6293,0.4687,0.595,0.592,0.762,0.468,24.0911,13209.456935833272,114.88866861480498,7.469933517591694,0
2516102,13968.0,76.5536,22.48,706.29,8.3002,13.66,64.8536,0.486,0.616,0.598,0.772,0.506,32.7399,18144.401489117983,24.15865010429314,35.79610538373425,1
2516151,3345.0,63.1091,23.4978,616.53,3.0544,22.33,42.8448,0.4464,0.573,0.531,0.769,0.46,35.1868,11596.11360239163,22.71430899608865,0.0,0
2516201,67259.0,79.4496,21.8053,981.33,5.8242,16.07,76.4223,0.4848,0.668,0.645,0.814,0.567,17.647,19628.198456712114,92.32633989117244,22.30184807981088,1
2516300,17166.0,79.6749,20.5523,880.46,6.3407,14.8,57.425,0.4792,0.627,0.602,0.765,0.534,22.4216,11744.902714668531,20.59965319237023,17.476406850751484,1
2516409,8010.0,46.3046,22.2722,650.92,4.5528,25.62,17.412,0.4688,0.551,0.513,0.726,0.45,34.382,11468.789013732834,32.66241497985614,0.0,0
2516508,14068.0,67.6642,21.261,700.22,6.7976,17.57,63.885,0.4449,0.578,0.564,0.749,0.456,31.6107,9916.19277793574,22.388261599548034,14.216661927779356,1
2516607,14101.0,59.1518,22.9275,663.48,6.8086,22.92,32.5688,0.4767,0.586,0.56,0.777,0.462,36.7421,9943.337351960854,58.875105946799046,35.458478122119,1
2516706,14631.0,72.0798,24.0517,702.92,4.1033,15.16,40.0239,0.469,0.605,0.566,0.741,0.527,32.3719,11582.325199917985,94.11908499086536,20.50440844781628,1
2516755,2966.0,65.3405,21.6453,702.81,21.4765,21.34,32.5516,0.4379,0.581,0.565,0.707,0.49,27.6129,11690.82939986514,33.91574806751132,0.0,0
2516805,9892.0,51.6781,23.4129,789.08,10.8671,17.61,30.2018,0.442,0.609,0.578,0.78,0.501,23.2226,8865.952284674484,44.09457242707367,0.0,0
2516904,14930.0,73.0944,21.0918,952.63,7.0733,19.71,64.5408,0.4678,0.636,0.612,0.797,0.528,21.5005,12931.748158070995,50.9239994269771,73.67716008037509,1
2517001,9124.0,45.3968,22.8518,654.31,7.2374,26.25,28.2522,0.4628,0.584,0.545,0.712,0.514,36.058,10003.288031565104,49.1653105432756,21.920210434020166,1
2517100,2668.0,77.6612,19.2654,1170.44,6.7103,7.91,73.3602,0.4144,0.707,0.619,0.8,0.714,10.1199,14120.314842578711,13.947993015547723,37.48125937031484,1
2517209,4864.0,24.7738,19.634,639.99,14.6232,32.18,2.0345,0.383,0.571,0.537,0.762,0.455,28.8509,10865.748355263158,33.066391113407384,20.559210526315788,1
2517407,2228.0,66.9659,21.6338,663.21,11.6317,20.58,53.6527,0.452,0.623,0.567,0.725,0.587,32.6733,12140.035906642728,20.859274793794647,0.0,0
2600054,98462.0,97.8002,21.8206,846.62,13.3081,7.37,37.1106,0.4392,0.679,0.625,0.791,0.632,19.5853,17511.913225406755,779.0701354601848,32.49984765696411,1
2600104,40241.0,79.8887,22.9716,919.32,8.4473,12.88,69.8078,0.4974,0.657,0.623,0.807,0.565,23.6638,13464.277726696651,106.44894201798265,9.94011083223578,0
2600203,18674.0,32.232,24.6225,691.79,5.9078,16.51,21.1251,0.4269,0.588,0.542,0.761,0.493,26.3855,11235.675270429474,12.52789156537595,16.06511727535611,1
2600302,23779.0,79.1455,24.1516,705.78,10.0394,21.95,71.4185,0.4843,0.592,0.581,0.76,0.47,32.2115,14839.059674502712,118.67604270121626,37.84852180495395,1
2600401,26461.0,65.2319,23.956,648.88,10.5363,20.36,48.3316,0.4455,0.553,0.514,0.761,0.432,28.4129,9820.717282037716,49.74479964657336,37.79146668682211,1
2600500,41548.0,64.9273,24.8243,664.95,6.824,25.99,45.5148,0.4846,0.526,0.546,0.691,0.385,35.82,9654.159044960046,46.8945403323747,26.47540194473861,1
2600609,13542.0,60.545,22.2715,874.61,6.2546,18.19,50.4097,0.5444,0.599,0.569,0.801,0.472,26.6578,10703.367301727958,65.05916434861565,22.15330084182543,1
2600708,35741.0,80.465,22.9904,690.2,8.7872,20.69,54.0953,0.4681,0.604,0.565,0.799,0.488,28.5298,11564.142021767717,131.0283642442617,55.958143308805006,1
2600807,20674.0,66.7118,22.1099,750.58,6.0432,23.34,58.9286,0.4892,0.598,0.559,0.792,0.482,30.9181,10766.6150720712,45.92405670645834,58.04391989939055,1
2600906,18205.0,81.3238,22.774,660.2,5.1803,19.62,63.2491,0.4439,0.58,0.575,0.748,0.454,30.2984,16171.7659983521,78.05298427792951,27.464982147761603,1
2601003,10241.0,64.1734,24.1969,715.39,10.9451,20.0,57.8826,0.4657,0.572,0.555,0.751,0.448,30.8549,13891.221560394491,86.26179245283019,39.05868567522703,1
2601052,19243.0,91.9035,24.7051,654.41,14.9446,16.27,5.5944,0.4807,0.592,0.544,0.765,0.498,31.7622,8412.617575222159,199.6990452469905,25.983474510211508,1
2601102,85088.0,59.791,25.1457,739.65,7.8903,17.46,42.5704,0.4973,0.602,0.595,0.785,0.467,31.3969,14950.310267017676,41.76315430397852,19.979315532154946,1
2601201,77742.0,93.4038,24.2636,1070.66,8.5669,10.94,86.0578,0.5516,0.667,0.654,0.799,0.567,22.7918,15633.544287515117,226.0447832799784,27.01242571582928,1
2601300,12263.0,88.184,25.1814,636.98,6.6065,23.75,62.6357,0.4249,0.577,0.558,0.726,0.474,30.0334,11982.63067764821,103.36398654742538,89.70072576041753,1
2601409,40121.0,87.5427,23.4565,716.35,9.0104,15.76,67.7149,0.4637,0.586,0.561,0.73,0.491,27.613,12561.700854913886,171.8737282218024,32.40198399840482,1
2601508,10378.0,71.5841,23.4246,699.08,8.3012,24.1,62.0528,0.4273,0.578,0.537,0.749,0.479,26.1507,9587.492773174024,136.71092844346083,19.27153594141453,1
2601607,18301.0,66.1221,24.9822,787.99,11.7209,14.77,49.066,0.4911,0.642,0.611,0.784,0.553,29.5343,20014.91721763838,9.996023657055714,16.392546855363094,1
2601706,79507.0,85.0906,24.1601,891.95,8.0607,15.29,74.4871,0.4789,0.629,0.617,0.783,0.514,21.8241,34777.264894914915,122.80116457768612,36.47477580590388,1
2601805,11232.0,36.4583,22.5962,640.05,3.247,24.27,30.5776,0.4557,0.559,0.533,0.742,0.441,34.5442,9375.62321937322,8.941692712106473,26.70940170940171,1
2601904,61694.0,85.8868,21.7914,924.11,9.9736,18.84,71.4178,0.4528,0.606,0.608,0.752,0.487,18.958,15606.47712905631,124.09384579488128,34.03896651214056,1
2602001,34478.0,42.8969,24.5838,682.16,5.8475,21.69,28.8589,0.4938,0.565,0.543,0.745,0.445,33.3846,9194.558849121178,21.25927835115114,5.800800510470445,0
2602100,44294.0,68.7678,23.3598,770.5,6.6921,23.11,57.2491,0.5185,0.563,0.585,0.704,0.433,31.4222,14520.047862012914,56.01347540510943,15.803494829999549,1
2602209,37629.0,47.1525,22.7644,690.72,11.5565,21.14,17.2151,0.4502,0.602,0.552,0.767,0.515,29.4692,9752.797044832443,166.03055961242327,18.602673469930107,1
2602308,37474.0,76.0634,23.9606,709.58,8.0811,20.35,67.6171,0.4918,0.561,0.559,0.754,0.42,32.6312,14392.378715909696,95.44427662896337,34.690718898436245,1
2602407,9079.0,40.9847,24.6283,636.03,2.3009,20.07,27.55,0.4365,0.547,0.54,0.725,0.417,31.3471,20231.19286265007,56.81974641082448,44.05771560744576,1
2602506,7720.0,50.8679,22.1373,773.01,9.3996,16.07,46.669,0.4416,0.574,0.563,0.681,0.493,25.9048,10865.155440414508,72.78486979805027,12.953367875647668,1
2602605,48648.0,79.7854,24.6238,675.81,4.1029,21.04,63.0117,0.4129,0.562,0.581,0.734,0.417,25.0998,9483.575892123006,63.85726887050028,43.1672422298964,1
2602704,12808.0,72.0175,22.8373,708.2,8.4726,20.58,16.4331,0.4113,0.593,0.556,0.778,0.481,21.7208,10396.002498438476,137.44406408619227,39.03810118675828,1
2602803,52097.0,42.895,25.0417,568.15,9.0314,26.27,29.5111,0.4895,0.527,0.497,0.746,0.395,44.1197,10538.322744111943,38.97888883568367,28.792444862468088,1
2602902,203440.0,93.8232,22.7433,945.95,11.2332,9.67,49.4431,0.5006,0.686,0.654,0.812,0.609,20.3684,67373.12721195439,456.77232782350586,80.61344868265827,1
2603009,30294.0,66.1055,24.7178,696.24,10.3024,14.64,69.871,0.5006,0.623,0.581,0.773,0.539,33.0746,14552.815739090249,18.26462544675802,33.00983693140556,1
2603108,19899.0,83.5921,23.172,751.83,4.1695,18.1,78.2561,0.4795,0.579,0.587,0.753,0.439,30.1121,12783.004171063872,111.00512099608396,35.177647117945625,1
2603207,28827.0,30.4194,23.9081,638.0,5.9919,22.99,29.4111,0.4583,0.522,0.497,0.732,0.392,34.9684,14698.962777951228,97.73653482332358,20.81382037673015,1
2603306,11093.0,33.8862,23.898,649.94,2.8209,20.89,38.1408,0.4591,0.566,0.529,0.731,0.468,34.5263,10393.851978725324,91.349281508626,45.073469755701794,1
2603405,5228.0,40.3596,21.9587,734.95,11.3879,19.13,36.546,0.4915,0.571,0.567,0.715,0.46,32.6894,9621.270084162205,29.155559521286683,19.12777352716144,1
2603454,147771.0,100.0,21.4088,1097.38,7.9936,6.83,35.6073,0.5238,0.692,0.656,0.805,0.628,19.1618,15088.752190889958,2879.34763547086,36.54302941713868,1
2603504,17419.0,84.9188,23.4457,756.16,8.3687,19.76,78.9056,0.4384,0.588,0.585,0.738,0.472,25.3522,10400.19518916126,241.89695875572835,11.48171536827602,0
2603603,7750.0,85.5871,22.2452,704.26,11.7626,18.78,9.5108,0.4195,0.606,0.57,0.76,0.514,23.8642,36821.8064516129,198.1286430105328,25.806451612903228,1
2603702,24329.0,67.6189,24.0824,705.83,9.5612,23.31,54.4654,0.4753,0.541,0.543,0.725,0.403,32.2626,10406.140819598011,57.53849064635906,12.330963048214066,1
2603801,18338.0,36.7216,23.0069,632.03,6.8289,20.63,36.0471,0.444,0.549,0.529,0.746,0.419,34.7911,13308.648707601702,54.39799708105414,16.3594721343658,1
2603900,18644.0,47.7044,21.6102,701.37,9.1465,17.94,47.8817,0.4897,0.583,0.54,0.727,0.505,36.2422,10381.141385968676,43.14372525379683,0.0,0
2603926,12239.0,16.9703,26.9221,646.68,3.2249,17.93,16.0997,0.4784,0.573,0.491,0.755,0.508,35.7791,6816.161451098946,12.1872286526834,16.341204346760357,1
2604007,79293.0,94.9466,21.7737,1015.04,10.9704,9.83,4.2239,0.48,0.68,0.63,0.806,0.619,17.3708,22005.914771795746,541.2713148661379,25.222907444541136,1
2604106,378048.0,92.1806,24.0991,1147.39,6.0059,9.52,81.5888,0.5316,0.677,0.681,0.799,0.569,18.3224,22916.46827916032,411.3379952974152,24.071017436939226,1
2604155,12967.0,17.5522,24.4235,604.46,23.3718,20.58,11.1639,0.4293,0.567,0.518,0.721,0.489,34.85,7829.181769106192,110.98747785300388,84.83072414590885,1
2604205,32156.0,78.5141,23.0937,751.85,6.1547,18.7,62.0556,0.4561,0.609,0.578,0.76,0.515,25.6646,11213.024007961189,154.15592011275493,55.97711158104242,1
2604304,10518.0,64.3944,24.2346,684.12,9.6583,16.57,58.9774,0.4826,0.615,0.565,0.717,0.573,33.3016,11922.513785890853,70.71114517365173,0.0,0
2604403,12984.0,81.947,23.4673,658.43,18.8198,17.62,30.771,0.4397,0.604,0.546,0.762,0.529,28.6121,12997.381392483056,263.2229813286841,30.80714725816389,1
2604502,20546.0,61.4962,23.9268,751.12,5.9204,23.43,51.2968,0.4486,0.599,0.603,0.803,0.443,24.2609,12225.883383626984,242.3248847110996,38.93701937116714,1
2604601,24587.0,92.069,23.789,767.77,11.4726,17.24,3.0599,0.4621,0.602,0.581,0.713,0.527,25.5085,10205.189734412494,274.27073456411404,32.537519827551144,1
2604700,17131.0,60.5043,24.5695,619.92,9.922,21.34,60.3024,0.4574,0.536,0.551,0.726,0.385,34.3595,11208.686007822076,53.90615904063337,29.18685424084992,1
2604809,10198.0,78.2408,23.2987,678.09,10.1771,22.68,74.6331,0.4445,0.568,0.541,0.707,0.478,27.1363,11914.296920964896,98.61143343389804,58.8350656991567,1
2604908,15920.0,48.8882,21.495,750.88,9.0256,22.5,21.8502,0.447,0.572,0.553,0.72,0.47,26.8875,6863.065326633166,54.62737064602357,25.12562814070352,1
2605004,23518.0,94.332,23.3183,712.78,4.7291,18.72,87.8026,0.479,0.592,0.601,0.763,0.453,33.0252,12057.828046602604,247.1702277480583,34.01649800153074,1
2605103,37699.0,67.3042,22.6292,857.53,3.9929,18.52,57.7303,0.4526,0.594,0.607,0.706,0.489,22.1562,15753.203002732169,27.277417244849897,15.915541526300432,1
2605152,17188.0,45.4329,22.4168,775.81,8.67,17.19,20.905,0.4616,0.589,0.558,0.741,0.495,25.1644,14313.649057481964,11.167913754700946,17.454037700721432,1
2605202,59891.0,88.1385,23.2906,822.04,9.5018,13.43,31.9567,0.464,0.632,0.594,0.781,0.543,21.7543,21813.4778180361,175.04004021557418,70.12739810656025,1
2605301,31843.0,49.1725,23.776,647.76,18.8177,20.36,14.9847,0.5301,0.576,0.543,0.775,0.454,38.3398,10209.999057877712,23.82056664267878,18.84244574945828,1
2605400,21427.0,81.22,22.999,738.81,3.8434,18.83,31.5352,0.4192,0.6,0.581,0.807,0.46,21.2722,11553.180566574882,198.9027718470936,42.00308022588323,1
2605459,3167.0,97.4424,23.2397,2566.14,1.6543,1.97,79.219,0.4297,0.788,0.781,0.839,0.748,1.7346,72485.31733501736,170.1864689128916,0.0,0
2605509,15026.0,88.3003,21.9886,803.44,5.395,19.03,53.4333,0.4455,0.622,0.589,0.787,0.519,21.7591,8818.24836949288,162.4151498119244,26.62052442433116,1
2605608,20347.0,45.3335,21.1137,666.01,8.7705,23.8,34.3351,0.4637,0.556,0.544,0.745,0.423,35.2446,9480.611392342851,20.437784639368072,39.3178355531528,1
2605707,30137.0,73.2853,26.6749,843.67,6.5121,10.55,61.9983,0.4817,0.626,0.588,0.775,0.538,24.5286,14772.970103195408,8.285662205508727,13.272721239672164,1
2605806,13636.0,31.1308,20.9372,794.41,10.6193,20.67,15.4385,0.4224,0.576,0.575,0.758,0.438,23.0566,9639.263713699032,63.79862914356563,29.33411557641537,1
2605905,18214.0,81.3825,23.2568,707.33,12.9821,21.25,56.2611,0.4355,0.602,0.541,0.759,0.532,24.1231,15057.538157461291,70.65687540974703,60.39310420555616,1
2606002,142506.0,90.933,23.6685,1128.17,8.6719,10.96,59.5729,0.5328,0.664,0.662,0.795,0.556,18.1782,21592.859248031666,310.494940779669,41.40176553969658,1
2606101,29347.0,70.8352,23.1063,691.86,9.6252,16.97,52.0919,0.4548,0.604,0.57,0.765,0.506,27.6621,18898.558626094666,125.1545934512082,54.52005315705184,1
2606200,81055.0,94.1065,22.4872,839.04,7.9532,11.1,28.4207,0.4753,0.651,0.614,0.779,0.576,21.9662,131552.20529270248,181.98044476375435,60.452778977237685,1
2606309,6967.0,55.1457,24.0706,697.41,10.4862,18.79,39.8759,0.4338,0.595,0.543,0.773,0.502,29.3542,11257.643174967705,13.354674231823497,0.0,0
2606408,86516.0,85.6813,22.471,1029.73,7.5911,14.96,60.2139,0.4862,0.634,0.63,0.794,0.51,16.511,15715.948495076056,170.521917376222,49.70178926441351,1
2606507,17165.0,46.9735,24.2004,670.09,7.7321,27.22,35.7772,0.4579,0.528,0.518,0.768,0.369,33.009,11406.932711913778,27.025665328897546,40.7806583163414,1
2606606,26593.0,55.932,24.7998,646.06,11.3398,24.25,51.0552,0.5132,0.552,0.533,0.706,0.446,36.0661,12413.755499567556,13.783484283210097,18.801940360245176,1
2606705,7140.0,45.9104,21.5826,704.48,4.925,22.73,44.3014,0.4666,0.58,0.545,0.753,0.476,32.1794,11978.57142857143,37.6590223422435,28.011204481792717,1
2606804,115196.0,95.6908,22.4704,880.67,11.285,8.48,15.632,0.4766,0.665,0.622,0.781,0.606,22.1023,30134.961283377896,375.37922112624193,32.98725650196187,1
2606903,11081.0,53.2353,20.2238,691.37,17.9414,18.14,45.2393,0.4785,0.665,0.654,0.808,0.56,35.8555,10140.69127335078,13.254055398865612,18.04891255301868,1
2607000,25603.0,45.4634,26.9812,506.86,21.6057,22.47,27.4419,0.4966,0.523,0.503,0.711,0.4,45.7941,7689.723860485099,20.63159116201073,31.246338319728157,1
2607109,4765.0,52.6128,22.5603,728.49,6.6164,16.72,42.3168,0.4429,0.608,0.575,0.766,0.51,30.3673,10597.481636935992,19.54006019896825,0.0,0
2607208,98932.0,85.677,25.3487,829.65,8.9246,11.36,48.1546,0.4695,0.619,0.613,0.774,0.499,22.038,150905.12675372983,189.59718360064468,48.5181740993814,1
2607307,29009.0,65.0695,25.6817,677.16,9.1394,18.42,31.7899,0.5072,0.55,0.541,0.712,0.433,34.865,11733.393084904685,41.8048922488954,27.57764831603985,1
2607406,4284.0,73.436,24.4631,662.99,6.2453,11.0,74.5536,0.3968,0.595,0.567,0.712,0.523,22.0976,16640.056022408964,9.813803467360628,23.342670401493933,1
2607505,32650.0,34.1194,24.1868,603.53,19.0754,27.38,32.0686,0.4462,0.51,0.531,0.688,0.364,34.316,8680.336906584993,31.575058701563957,21.43950995405819,1
2607604,24540.0,85.9332,23.423,871.13,13.8003,9.02,2.3014,0.5319,0.653,0.627,0.809,0.548,27.9071,12193.64303178484,370.99749040002416,93.72453137734313,1
2607653,34935.0,91.9565,23.6096,728.38,7.3654,23.08,12.7188,0.4638,0.575,0.566,0.727,0.463,24.5854,14960.841562902531,114.91549508891272,71.56147130385,1
2607703,13791.0,62.7656,19.4982,874.77,5.271,15.58,61.6141,0.4949,0.592,0.598,0.704,0.494,28.4582,10142.339206729026,33.4834597875569,29.00442317453412,1
2607752,27749.0,98.5765,28.6929,745.48,11.5933,9.6,9.9866,0.4446,0.633,0.589,0.764,0.564,24.1763,85900.06847093589,375.1487129569544,10.811200403618148,0
2607802,16554.0,80.8687,24.8158,625.18,5.996,18.79,22.8077,0.4532,0.586,0.554,0.715,0.509,29.8773,9717.107647698442,101.72116087723286,60.40836051709556,1
2607901,644037.0,99.2775,22.0167,1141.05,9.0184,6.74,42.0479,0.5454,0.717,0.692,0.83,0.642,20.4665,25050.66634370385,2489.28201481115,42.69941012705792,1
2607950,10247.0,66.0193,25.5977,544.67,12.8603,20.21,52.9736,0.4619,0.575,0.557,0.751,0.454,39.5528,10910.607982824242,117.50068801027427,19.517907680296677,1
2608008,15843.0,64.0851,25.355,627.22,6.9056,23.64,45.4214,0.4443,0.53,0.549,0.712,0.381,34.3073,9774.790128132296,22.17041397926955,50.49548696585243,1
2608057,14020.0,59.6933,21.9116,826.57,11.3488,15.34,53.7871,0.482,0.645,0.604,0.775,0.573,26.417,10969.543509272467,50.45670152809668,21.398002853067048,1
2608107,27725.0,58.817,21.8792,727.48,16.0351,22.93,40.7361,0.4503,0.576,0.569,0.72,0.466,28.9414,11420.883678990082,206.6762581347328,21.641118124436428,1
2608206,13269.0,80.413,23.9506,689.95,9.2308,19.64,56.4185,0.4455,0.554,0.561,0.676,0.449,27.1295,13664.179666892758,108.22560254475756,67.82726656115759,1
2608255,11517.0,45.5848,23.6086,651.62,4.5707,19.67,42.1563,0.4703,0.55,0.541,0.681,0.451,35.2067,11224.277155509248,95.84162041159388,34.731266822957366,1
2608305,15329.0,65.3793,23.4979,802.92,4.7267,19.59,56.4088,0.5084,0.575,0.56,0.698,0.487,30.3244,13975.079913888709,146.2202508704154,78.28299301976645,1
2608404,13648.0,79.6014,23.9083,613.2,12.529,24.98,66.3118,0.4503,0.509,0.522,0.681,0.372,36.6134,9733.294255568582,92.05822439866716,51.28956623681126,1
2608453,17981.0,76.1192,22.8964,736.67,6.4185,16.62,19.5992,0.4395,0.609,0.566,0.789,0.505,23.5107,16719.592903620487,259.6759286003119,27.807129748067407,1
2608503,19003.0,83.2868,22.728,702.56,8.1475,17.93,24.8994,0.4483,0.602,0.555,0.774,0.509,28.3283,25409.61953375783,331.6520646444902,42.098616007998736,1
2608602,11933.0,57.1189,23.5565,631.35,15.0656,24.6,50.289,0.4877,0.525,0.536,0.733,0.369,38.4777,11667.05773904299,59.66619332386647,16.760244699572613,1
2608701,14076.0,66.624,23.3092,619.0,2.354,28.07,48.6008,0.4485,0.551,0.555,0.725,0.416,32.9803,9622.264847968172,62.57473982760384,42.62574595055413,1
2608750,24088.0,70.5621,25.4691,740.89,8.2276,15.64,58.982,0.4152,0.597,0.581,0.705,0.52,20.2793,18965.626037861177,13.020047890079836,58.12022583859183,1
2608800,39582.0,80.577,23.4399,731.14,5.5673,15.6,59.3095,0.5027,0.611,0.599,0.758,0.503,32.6151,14793.99727148704,209.32224901637264,53.054418675155375,1
2608909,56510.0,80.9804,22.3058,937.06,8.9182,12.57,40.4448,0.5053,0.663,0.628,0.797,0.583,23.7908,14835.303486108653,206.4420438894836,15.926384710670678,1
2609006,23879.0,75.9328,23.8075,730.04,4.8617,19.96,71.5094,0.4795,0.609,0.571,0.778,0.508,28.7961,11875.622932283595,221.0015826152949,33.50224046233092,1
2609105,11333.0,75.4257,23.7183,730.09,10.8208,16.76,8.5134,0.453,0.578,0.541,0.767,0.466,27.0127,19085.414276890497,194.3244170096022,35.2951557398747,1
2609154,23763.0,23.0484,28.3592,359.1,18.5021,27.67,2.9131,0.4542,0.487,0.477,0.682,0.354,62.4584,5855.868366788705,61.47140233334196,12.624668602449184,1
2609204,9359.0,73.9182,24.0197,663.74,7.6759,22.67,25.4686,0.439,0.534,0.541,0.698,0.403,27.2786,9882.46607543541,46.82660796037325,32.0547066994337,1
2609303,14166.0,51.3836,25.54,719.61,3.8084,14.75,46.8995,0.4854,0.591,0.512,0.769,0.525,32.8084,11535.084003953129,17.240372117476962,7.059155724975294,0
2609402,55292.0,90.4597,22.5385,783.46,17.6739,11.19,50.0077,0.4544,0.652,0.61,0.805,0.564,23.13,16141.68414960573,284.7211851882367,59.68313680098387,1
2609501,30648.0,92.3225,21.003,908.93,8.6916,14.17,72.3837,0.4833,0.662,0.608,0.789,0.604,18.7864,22463.71704515792,234.72107343075083,65.25711302531975,1
2609600,349976.0,100.0,20.9626,1277.73,9.0217,5.2,53.8397,0.5543,0.735,0.704,0.836,0.675,20.1434,16538.99124511395,8473.995157384988,36.00246874071365,1
2609709,21808.0,45.3733,23.175,685.96,8.1386,20.66,27.3711,0.4538,0.61,0.545,0.787,0.528,29.6008,18286.592076302277,157.61553027565373,32.09831254585473,1
2609808,13613.0,37.8168,25.3581,578.24,2.9907,14.68,36.5842,0.4563,0.61,0.536,0.766,0.553,38.3914,13696.319694409756,24.5385834209089,51.42143539263939,1
2609907,65245.0,51.8461,24.8448,725.6,8.7224,19.7,50.249,0.4939,0.572,0.578,0.773,0.419,30.2687,11962.801747260326,27.395793531158017,32.1863744348226,1
2610004,54584.0,78.4497,23.5344,872.56,9.0431,15.93,63.2613,0.4953,0.622,0.588,0.744,0.55,23.1229,16930.712296643705,160.83067167961156,71.44950901363038,1
2610103,7031.0,64.8414,22.6568,744.56,8.6826,21.51,40.1454,0.4593,0.549,0.554,0.681,0.438,26.6534,11372.351016925046,41.60059640735569,28.44545583842981,1
2610202,22991.0,62.2504,22.8742,609.74,5.9829,26.29,56.9582,0.4644,0.569,0.546,0.778,0.433,38.4585,9984.602670610238,60.43456317621206,56.54386499064851,1
2610301,12199.0,20.7968,22.5592,567.51,5.0705,21.36,2.995,0.4918,0.537,0.528,0.703,0.418,42.4643,23425.93655217641,65.80856768318668,40.986966144765965,1
2610400,18612.0,42.8326,23.6568,704.76,9.7397,18.92,40.4535,0.4749,0.599,0.556,0.776,0.499,32.5543,11454.437996991188,7.132269649763101,16.118633139909736,1
2610509,28340.0,51.7925,22.0007,698.48,8.7084,21.07,17.0297,0.4659,0.592,0.559,0.763,0.487,29.802,9334.756527875794,86.61104489471593,17.642907551164434,1
2610608,56665.0,82.9348,23.1113,1129.46,11.8617,14.48,27.4323,0.5928,0.639,0.612,0.782,0.545,23.4715,16347.445513103326,210.14199836084416,45.88370246183711,1
2610707,342167.0,99.9471,20.7115,1197.17,8.4274,4.19,51.6286,0.4846,0.732,0.673,0.83,0.703,15.3727,16341.879842299228,3529.969463128791,20.750101558595656,1
2610806,22795.0,55.2972,23.9614,566.96,8.4958,25.4,40.1424,0.4677,0.567,0.55,0.743,0.445,40.6692,13441.456459749945,24.71053604356079,21.934634788330776,1
2610905,62722.0,72.6444,23.6504,863.67,6.9731,16.3,60.8905,0.5079,0.61,0.597,0.751,0.506,26.4913,13865.16692707503,64.63260441923707,35.075412136092595,1
2611002,34161.0,72.5037,24.4724,745.92,11.7489,12.12,59.5328,0.4583,0.623,0.604,0.755,0.531,27.1209,49058.16574456251,32.3313984908039,11.70925909663066,0
2611101,386791.0,90.3529,26.2992,1290.18,6.2221,7.4,70.5079,0.5288,0.697,0.695,0.799,0.611,14.5684,20667.595678286205,84.78781727668698,34.90257012184875,1
2611200,10500.0,64.3619,23.6857,654.04,15.0938,19.83,54.8387,0.4989,0.528,0.542,0.677,0.402,38.3905,9724.47619047619,51.18979714214675,28.571428571428573,1
2611309,27552.0,65.0044,22.1944,774.09,6.3004,19.96,51.8,0.458,0.598,0.584,0.79,0.463,24.1921,19330.103077816493,135.65397208340514,54.44250871080139,1
2611408,13838.0,62.5018,24.9313,660.57,6.1742,17.43,27.951,0.3957,0.58,0.572,0.767,0.444,23.5154,21079.34672640555,121.8530683409209,79.4912559618442,1
2611507,17928.0,70.3871,24.71,633.82,8.0711,25.07,63.2696,0.4751,0.552,0.53,0.743,0.427,33.205,10727.632753235162,77.7392820130346,33.467202141900934,1
2611533,6554.0,51.5105,22.6579,551.89,20.2692,18.3,41.0628,0.5284,0.577,0.53,0.752,0.482,49.6491,10232.529752822704,31.10509954675969,0.0,0
2611606,1488920.0,100.0,21.1324,2284.77,7.8098,4.65,67.4355,0.6312,0.772,0.798,0.825,0.698,15.2431,36919.58063562851,6803.598927084714,34.72315503855143,1
2611705,20639.0,51.1023,22.5302,744.57,3.4697,21.71,48.4825,0.418,0.57,0.586,0.757,0.418,24.0709,12624.788022675515,65.81040964500833,24.225979940888607,1
2611804,33507.0,83.5079,22.5266,833.71,7.5531,16.14,58.1187,0.4995,0.602,0.595,0.711,0.516,25.6606,17202.584534574864,115.71455212283212,53.72011818426001,1
2611903,20009.0,72.4724,24.3141,729.18,7.9842,14.59,34.2808,0.4469,0.613,0.562,0.809,0.506,24.6289,18985.006746963867,87.96788857723185,34.98425708431206,1
2612000,10887.0,60.3013,21.8609,838.63,8.7412,22.53,27.0763,0.4832,0.585,0.581,0.784,0.44,22.8768,16186.73647469459,57.16310939592029,9.18526683200147,0
2612109,5727.0,35.8477,20.22,771.72,8.2583,27.54,11.214,0.5061,0.534,0.516,0.73,0.405,29.7887,14132.704731971364,65.66380407489366,0.0,0
2612208,62372.0,80.464,23.7927,952.41,8.774,10.31,64.7889,0.5033,0.669,0.645,0.799,0.58,21.6259,16066.584364779068,37.15795167774359,14.429551721926504,1
2612307,13836.0,58.6008,21.8922,658.78,10.0929,23.95,49.76,0.4527,0.559,0.559,0.744,0.421,31.3697,12362.749349522985,55.00298151460942,21.682567215958368,1
2612406,18624.0,76.3048,23.5664,656.04,17.8191,16.96,50.4165,0.4479,0.603,0.564,0.758,0.514,30.654,13330.3264604811,69.47568686699121,21.477663230240548,1
2612455,13841.0,38.1114,25.2222,661.87,12.4358,19.17,34.1503,0.476,0.549,0.522,0.722,0.438,33.5189,9651.90376417889,11.108498270040602,0.0,0
2612471,11567.0,54.9321,22.106,629.41,5.7867,15.32,49.2717,0.4605,0.612,0.557,0.786,0.523,36.2237,9817.06579061122,100.64299449234758,25.93585199273796,1
2612505,98254.0,97.4505,26.7419,965.72,4.5461,11.3,88.9577,0.4408,0.648,0.667,0.806,0.506,15.0452,19599.54811000061,293.0252394060404,27.479797260162435,1
2612554,12106.0,36.6678,23.2695,600.05,10.5449,23.1,9.3376,0.4173,0.533,0.496,0.752,0.406,34.3549,9237.568148025772,12.04168535850025,8.260366760284157,0
2612604,40578.0,36.8303,24.8213,698.96,3.943,14.52,39.8595,0.435,0.59,0.564,0.773,0.472,25.4145,13899.15717876682,13.522511192112436,29.57267484844004,1
2612703,14013.0,28.1881,24.0491,698.75,15.257,23.39,19.413,0.4297,0.548,0.571,0.735,0.393,26.4824,8724.898308713338,152.0705821070452,35.681153214871905,1
2612802,10244.0,65.8629,22.6279,710.2,11.6011,16.32,77.022,0.4651,0.593,0.54,0.737,0.524,34.098,11208.90277235455,51.1363919990815,48.809058961343226,1
2612901,13113.0,61.8928,22.1307,606.58,3.5382,34.05,40.0675,0.4332,0.53,0.499,0.736,0.406,32.1835,8923.739800198276,81.71264417953975,30.504079920689392,1
2613008,49449.0,60.4522,24.9004,678.99,9.7744,19.37,50.3636,0.4648,0.593,0.593,0.789,0.446,30.9025,30045.218305729137,68.75623094218103,40.4457117434124,1
2613107,37126.0,79.2167,23.6357,698.82,11.185,20.77,59.7252,0.4298,0.591,0.583,0.756,0.469,27.4909,12058.368798146852,97.06575194191636,94.27355492107957,1
2613206,23837.0,54.2098,24.0676,739.27,6.1268,19.02,24.309,0.4726,0.57,0.565,0.768,0.426,29.3871,16369.971053404372,92.23310362439688,33.56127029408063,1
2613305,20037.0,73.6937,22.9326,646.01,8.9808,25.05,71.1787,0.4831,0.537,0.549,0.741,0.381,38.6431,9256.225981933423,89.20240045587293,34.93536956630234,1
2613404,18825.0,76.9084,23.9894,953.27,4.804,13.61,1.0814,0.5236,0.608,0.585,0.736,0.522,20.998,15458.539176626826,272.1004856614246,84.9933598937583,1
2613503,34843.0,56.7919,23.4739,780.35,12.8184,16.0,40.4026,0.4693,0.61,0.569,0.769,0.52,27.3464,9802.37063398674,23.63701982109592,17.22010159859943,1
2613602,31004.0,66.6527,21.1392,818.37,8.3992,15.15,60.8861,0.4715,0.635,0.602,0.769,0.554,25.6124,14227.744807121662,40.05493277453145,38.70468326667527,1
2613701,111249.0,95.0462,21.7144,850.82,9.4305,11.03,40.3546,0.4885,0.653,0.614,0.793,0.571,24.5007,12981.68972305369,421.8979320178848,48.53976215516544,1
2613800,16677.0,73.3465,24.7886,623.2,6.6654,20.85,52.3196,0.4615,0.549,0.558,0.715,0.414,33.5753,12563.890387959464,148.27690447400244,35.97769382982551,1
2613909,92228.0,80.1178,23.7509,992.09,7.5438,13.26,76.841,0.5076,0.661,0.632,0.8,0.571,22.2077,18360.443683046364,30.94892058978385,22.76965780457128,1
2614006,18207.0,35.8873,23.9523,632.57,14.8946,19.4,27.967,0.4638,0.595,0.542,0.76,0.512,34.8063,8851.156148734004,11.859769800480722,5.49239303564563,0
2614105,32811.0,57.2582,21.9652,787.05,12.7472,18.26,50.1062,0.474,0.613,0.601,0.752,0.51,27.3218,11197.12901161196,13.617285831025466,6.095516747432264,0
2614204,37596.0,80.7772,24.5611,728.49,8.9399,14.88,33.6614,0.4615,0.597,0.568,0.763,0.492,23.6444,19217.33695073944,100.43785948423944,55.85700606447494,1
2614303,10540.0,63.7381,24.0038,640.24,26.7788,17.12,16.0023,0.4591,0.6,0.522,0.768,0.54,32.6905,8632.542694497153,26.070523982903275,9.487666034155598,0
2614402,5210.0,37.025,21.8618,650.08,5.013,17.08,32.6837,0.4683,0.585,0.547,0.755,0.485,37.1489,10875.431861804223,37.59045880561909,19.193857965451052,1
2614501,64120.0,78.9941,23.3219,868.11,7.8999,16.15,48.8953,0.4911,0.635,0.617,0.756,0.548,22.3418,14278.82096069869,253.14256837849788,29.631940112289456,1
2614600,27681.0,75.6801,23.1964,836.97,6.3729,14.4,71.1107,0.4983,0.605,0.57,0.77,0.504,26.8016,11376.14248040172,71.2584854514891,25.288103753477117,1
2614709,13738.0,56.6676,23.1548,667.75,5.5913,25.42,44.4375,0.4341,0.554,0.536,0.748,0.423,29.6133,10857.40282428301,60.360015992899854,36.39539962148784,1
2614808,23902.0,47.8705,24.3954,581.9,10.5033,17.68,27.7271,0.4451,0.573,0.521,0.711,0.507,36.4234,10542.130365659776,18.90185459917187,20.91875156890637,1
2614857,23561.0,79.8481,25.139,807.27,7.4282,12.1,53.2102,0.4948,0.593,0.583,0.745,0.479,25.2636,16800.39047578626,110.22690058479532,67.90883239251305,1
2615003,24736.0,70.7147,23.6457,869.56,3.2002,13.79,53.936,0.4308,0.641,0.636,0.796,0.52,16.3701,13528.541397153946,52.05573431709468,56.59767141009055,1
2615102,6513.0,50.2533,22.5242,627.03,9.7424,23.8,43.1955,0.4495,0.545,0.536,0.711,0.425,36.1342,11610.317825886688,42.954657873042045,15.353907569476432,1
2615201,8920.0,68.0717,23.2623,676.58,11.4148,14.87,64.0719,0.4204,0.599,0.545,0.741,0.533,26.861,10679.596412556051,27.987913739492765,0.0,0
2615300,46147.0,85.9146,22.0664,824.27,10.8563,15.03,64.984,0.4956,0.618,0.592,0.769,0.519,24.8881,16178.884867922076,160.40920040461202,39.00578585823564,1
2615409,41137.0,98.1112,27.1678,775.68,4.251,13.32,77.6824,0.4339,0.618,0.655,0.797,0.452,21.9797,18585.993144857428,1600.412387177093,38.8944259425821,1
2615508,13867.0,83.0966,22.485,697.46,14.8781,16.71,27.0096,0.4418,0.605,0.567,0.776,0.504,26.2422,12736.640946131103,100.98236977592649,28.845460445662365,1
2615607,30321.0,79.6082,25.9985,700.43,7.3651,15.97,40.2869,0.4783,0.595,0.602,0.768,0.455,29.8649,13819.596978991458,102.51720115632344,32.980442597539664,1
2615706,14705.0,58.5719,21.3533,988.78,4.5305,10.3,20.9249,0.48,0.67,0.624,0.817,0.591,20.0082,10700.98605916355,76.78129470859136,6.800408024481469,0
2615805,26937.0,39.262,26.7699,507.68,10.3807,28.27,34.647,0.4755,0.519,0.494,0.747,0.379,44.7847,8431.8966477336,31.77488513645023,11.137097672346586,0
2615904,8005.0,81.0868,19.7502,802.72,6.9734,13.87,61.6322,0.4641,0.634,0.612,0.749,0.557,25.4263,11135.415365396628,42.483070456620034,24.98438475952529,1
2616001,17251.0,65.3469,23.9233,812.65,6.4307,17.3,56.7362,0.5192,0.592,0.57,0.751,0.484,26.2767,14338.241261376152,51.96898309373758,86.95148107356096,1
2616100,9169.0,30.1669,23.5795,697.9,7.5658,16.79,37.0859,0.5119,0.605,0.56,0.76,0.52,35.6831,8826.589595375723,19.260986471725065,0.0,0
2616183,7558.0,25.774,21.9767,693.87,11.277,26.11,11.2241,0.3572,0.563,0.532,0.726,0.461,20.733,9798.888594866366,102.64698292838614,0.0,0
2616209,21959.0,74.6937,23.8809,820.75,3.7169,18.42,52.1374,0.4243,0.582,0.602,0.728,0.45,18.2386,8857.91702718703,111.85024831274671,31.877590054191906,1
2616308,26359.0,58.811,23.8438,752.56,9.0909,17.79,47.1962,0.42,0.605,0.551,0.754,0.534,22.5857,19705.8310254562,115.65733240897563,56.9065594294169,1
2616407,134084.0,90.5134,22.779,945.42,7.9411,13.53,69.7404,0.4794,0.64,0.629,0.768,0.543,19.4307,33947.69696608096,359.1856415751406,50.71447749172161,1
2616506,11611.0,90.5865,23.4002,639.13,8.9957,24.3,75.4239,0.4374,0.552,0.549,0.703,0.436,30.2213,12179.054345017656,104.77823399359292,60.287658255102926,1
2700102,19008.0,32.1654,24.8843,625.07,11.7922,20.07,29.4396,0.4845,0.549,0.527,0.728,0.432,36.0585,10664.194023569024,40.11438339541411,10.52188552188552,0
2700201,13966.0,66.0819,22.3973,686.24,16.2046,26.79,31.2147,0.4723,0.568,0.546,0.756,0.444,31.4693,17936.417012745238,75.05616045229317,14.320492624946295,1
2700300,234696.0,92.2099,24.4026,1080.25,7.0145,13.69,20.7158,0.5168,0.649,0.638,0.78,0.549,18.4526,25208.09046596448,677.9437762140802,30.677983433888944,1
2700409,37512.0,71.4171,25.0533,711.54,10.7893,23.58,22.1414,0.4378,0.561,0.545,0.752,0.431,25.5578,39999.466837278735,70.3448043071003,21.32650885050117,1
2700508,16365.0,95.5026,25.1329,823.52,9.2747,18.62,8.3955,0.4462,0.557,0.552,0.732,0.428,19.3948,16012.648945921172,124.577509820042,73.32722273143905,1
2700607,7944.0,94.6375,24.7608,1090.24,2.6527,12.62,39.8734,0.4926,0.615,0.638,0.767,0.475,9.0323,30017.119838872102,106.87187214120434,113.29305135951662,1
2700706,16448.0,74.2096,24.9453,781.96,6.0251,21.5,40.0742,0.4705,0.594,0.563,0.752,0.496,24.0192,13982.3686770428,49.57920374255468,0.0,0
2700805,4722.0,51.4824,22.554,785.36,6.0161,21.92,7.3389,0.4468,0.593,0.587,0.764,0.464,24.0093,40520.11859381618,70.87004157348902,21.17746717492588,1
2700904,5936.0,19.6429,24.2082,552.98,19.1214,27.3,1.4642,0.4668,0.517,0.507,0.725,0.376,43.75,25506.570080862533,18.384140581689568,16.846361185983827,1
2701001,21187.0,90.6924,22.8159,747.1,8.1813,21.89,65.1716,0.4629,0.604,0.56,0.758,0.518,26.3912,23886.39259923538,109.80451096645798,47.19875395289564,1
2701100,9603.0,64.7194,23.5343,590.5,10.0895,31.79,58.6815,0.4294,0.513,0.534,0.699,0.362,35.5479,80749.24502759555,57.04424894412004,72.89388732687702,1
2701209,10482.0,54.2931,23.8409,674.58,2.968,30.22,0.6423,0.4705,0.531,0.559,0.697,0.384,31.3038,13402.690326273612,37.16876292059529,66.78114863575654,1
2701308,16024.0,90.4269,24.0389,735.55,10.8478,24.44,28.5628,0.5097,0.562,0.542,0.691,0.473,34.8966,12975.47428856715,149.5222454464019,31.203195207189214,1
2701357,6665.0,90.3826,25.4164,700.77,4.159,21.61,69.9043,0.4919,0.559,0.55,0.729,0.435,31.8523,13169.842460615151,102.50849751611068,15.003750937734434,1
2701407,32106.0,95.4401,25.9204,751.21,8.9312,20.06,29.667,0.4402,0.57,0.531,0.742,0.47,24.5135,22885.62885441973,102.66495270620288,34.261508752258145,1
2701506,8143.0,50.4974,23.7259,550.5,4.8974,29.73,16.5725,0.4407,0.524,0.502,0.739,0.387,39.8132,13034.75377624954,47.85917893561374,36.8414589217733,1
2701605,15559.0,35.0922,24.3525,628.19,8.8933,25.97,4.1411,0.4844,0.506,0.504,0.719,0.357,37.7106,10702.5515778649,25.89373234877571,64.27148274310689,1
2701704,15032.0,79.6434,24.9268,743.82,6.4571,21.24,72.172,0.4679,0.573,0.554,0.743,0.456,25.778,16500.266098988825,59.37559249194211,6.652474720596062,0
2701803,8999.0,65.1961,26.6807,607.69,9.833,20.34,4.9234,0.463,0.526,0.517,0.709,0.398,37.0279,10090.34337148572,80.5676171717624,22.2246916324036,1
2701902,5910.0,72.132,23.8917,674.99,2.4215,25.63,21.4397,0.4275,0.575,0.537,0.737,0.481,29.2037,29693.57021996616,37.44511534489423,0.0,0
2702009,10810.0,47.5116,23.3858,649.14,37.0954,26.51,0.2771,0.4724,0.533,0.52,0.73,0.398,35.9841,19566.512488436638,122.37643489483098,27.752081406105457,1
2702108,15816.0,83.2575,25.0569,704.1,6.5698,23.92,78.4583,0.4614,0.517,0.548,0.693,0.363,29.59,25127.40263024785,78.50573058080144,25.290844714213456,1
2702207,5581.0,89.6255,23.9742,846.43,1.3361,15.28,59.2792,0.4262,0.586,0.582,0.757,0.457,16.4176,17211.25246371618,140.90587760048476,89.58967926894822,1
2702306,50414.0,89.132,24.0925,849.84,7.1549,17.57,26.3174,0.4599,0.626,0.591,0.769,0.541,19.439,35358.59086761614,56.17590655994722,37.68794382512794,1
2702355,25397.0,50.5768,24.8573,558.43,3.1983,26.64,7.1092,0.467,0.525,0.517,0.687,0.408,41.627,18929.519234555264,91.4821498683438,23.624837579241643,1
2702405,51318.0,79.892,23.937,919.98,10.5888,14.8,66.733,0.4778,0.612,0.599,0.774,0.494,20.3534,13132.136872052692,81.64544576618773,27.2808761058498,1
2702504,9805.0,56.9913,26.3539,614.92,7.7286,24.85,0.1225,0.4608,0.532,0.513,0.762,0.385,37.9388,10736.562978072412,68.87274872861116,71.39214686384497,1
2702553,15429.0,27.3316,21.3818,603.82,14.4464,31.61,1.5523,0.4862,0.534,0.515,0.72,0.41,42.1882,10004.472097997275,59.20227154998753,6.481301445330222,0
2702603,22712.0,35.8973,24.7578,543.54,8.446,27.25,1.6759,0.4822,0.533,0.512,0.736,0.402,42.2757,18826.963719619584,129.11441337987333,17.611835153222966,1
2702702,3963.0,80.3936,23.8456,731.46,5.9972,21.49,4.2954,0.4573,0.565,0.55,0.708,0.462,27.4035,41391.370174110525,36.006977885191986,50.46681806712087,1
2702801,9618.0,70.0354,24.0902,656.18,6.4783,24.49,59.9742,0.431,0.527,0.528,0.693,0.4,27.5005,30961.842378872945,28.817459461402944,83.17737575379496,1
2702900,36102.0,33.9926,25.6052,607.35,8.602,24.65,6.3435,0.4663,0.536,0.498,0.762,0.405,37.7635,15223.533322253616,69.71476461466865,27.69929643787048,1
2703007,13731.0,83.002,24.5867,666.04,5.2096,26.17,64.7764,0.4343,0.518,0.517,0.684,0.393,24.6225,14309.882747068676,51.754161138584,29.13116306168524,1
2703106,23995.0,25.2344,22.0254,646.11,9.3606,25.05,7.8832,0.4743,0.564,0.547,0.774,0.424,37.7287,13001.333611168991,71.76804519936232,45.84288393415295,1
2703205,21372.0,21.0369,22.5856,525.81,7.4646,27.01,16.7254,0.428,0.568,0.556,0.771,0.428,37.9375,26758.235073928503,49.93189618314904,4.679019277559424,0
2703304,15167.0,43.3705,24.0852,599.89,4.7896,27.87,2.3576,0.5199,0.484,0.501,0.718,0.316,43.0013,11523.439045295709,40.76942306710141,32.966308432781695,1
2703403,5083.0,62.2074,24.159,724.87,6.8986,19.37,2.9412,0.4357,0.583,0.543,0.759,0.481,22.2922,14747.196537477868,34.03825034152091,0.0,0
2703502,5352.0,74.346,24.1592,677.81,5.8061,24.42,47.173,0.4238,0.548,0.532,0.755,0.41,23.9542,36347.34678624813,25.528261388027666,18.68460388639761,1
2703601,9219.0,62.3712,26.0657,827.16,7.1556,18.15,7.1006,0.3959,0.57,0.56,0.735,0.451,14.4228,27335.06887948801,107.57418406282454,21.69432693350689,1
2703700,4985.0,50.8927,23.2497,637.77,4.0311,29.44,32.163,0.404,0.552,0.532,0.701,0.451,28.0008,15626.27883650953,47.28883660924338,0.0,0
2703759,9470.0,44.8152,24.2239,778.85,3.6203,18.88,9.8827,0.3632,0.556,0.517,0.772,0.43,14.036,40340.549102428726,28.30084364605716,21.119324181626187,1
2703809,17150.0,66.6706,24.9563,618.24,6.5047,28.35,8.3224,0.4432,0.531,0.509,0.764,0.386,31.9715,30378.65889212828,57.00268893150703,34.98542274052478,1
2703908,4092.0,77.3949,23.0205,714.04,4.9893,23.76,21.6533,0.4402,0.562,0.573,0.715,0.434,24.9878,13392.228739002932,46.09561573469112,0.0,0
2704005,23907.0,48.994,23.9428,749.29,1.6978,23.19,5.622,0.4534,0.575,0.586,0.714,0.454,25.5292,23009.453298197182,96.80436666369724,20.91437654243527,1
2704104,18457.0,53.1126,25.5404,633.44,13.2859,24.59,5.3075,0.4539,0.552,0.541,0.703,0.443,34.3911,14794.495313431218,220.7220674232549,43.34398873056293,1
2704203,24740.0,35.3557,24.907,652.14,8.7341,24.06,0.4469,0.446,0.58,0.575,0.742,0.457,30.8286,27695.796281325787,80.02044176200226,4.042037186742118,0
2704302,957916.0,99.9663,23.8942,1605.6,7.2696,7.74,48.2924,0.5819,0.721,0.739,0.799,0.635,14.8194,28692.819620927097,1880.8666882651507,39.04308937318095,1
2704401,17700.0,55.8362,24.4859,744.14,4.5462,24.76,1.9558,0.4397,0.566,0.566,0.755,0.424,25.1314,16015.53672316384,40.447620331670485,28.24858757062147,1
2704500,32174.0,78.9675,25.7693,833.62,4.094,19.06,33.3034,0.4627,0.574,0.556,0.766,0.443,20.1354,34776.77627898303,96.3434755398247,59.05389444893392,1
2704609,9534.0,53.6186,23.0858,713.11,7.6384,24.68,0.1248,0.4316,0.569,0.539,0.742,0.46,26.1905,9519.404237465911,28.54063762909744,41.95510803440319,1
2704708,60370.0,97.9626,24.1743,1208.19,6.6413,11.68,28.752,0.5385,0.642,0.641,0.793,0.52,16.4866,56479.17839986749,177.04487267843055,34.78548948153056,1
2704807,13679.0,74.0332,23.6567,783.47,8.349,21.43,68.6584,0.4186,0.597,0.581,0.751,0.487,20.7525,13744.425762117116,75.94929680689812,43.862855471891216,1
2704906,3155.0,48.2726,23.3597,904.73,6.5379,19.16,23.4463,0.4484,0.577,0.54,0.766,0.465,16.5874,16149.286846275752,34.39029441580101,31.69572107765452,1
2705002,21844.0,26.4695,24.1668,528.9,11.1237,28.82,9.3241,0.4705,0.504,0.506,0.685,0.369,45.0238,16235.167551730452,24.01666785775149,50.35707745834096,1
2705101,23857.0,91.5999,25.4642,681.56,8.0949,22.22,4.6173,0.3929,0.584,0.541,0.777,0.473,22.3047,16176.384289726286,100.1923464588093,50.29970239342751,1
2705200,15405.0,87.0951,24.4336,643.98,15.8584,19.73,42.4583,0.4262,0.568,0.557,0.714,0.46,27.9307,14354.4952937358,134.94691474823924,32.45699448231094,1
2705309,4845.0,46.2126,22.3736,646.55,6.4176,29.31,0.3085,0.4898,0.563,0.541,0.767,0.43,35.9133,15379.772961816305,28.93193679760185,0.0,0
2705408,7184.0,40.0195,25.0974,635.08,6.8163,24.2,0.6332,0.4528,0.539,0.497,0.71,0.443,34.368,10905.76280623608,82.95133075457537,27.839643652561247,1
2705507,25187.0,91.1264,25.0447,749.66,11.1825,22.37,86.6096,0.4409,0.527,0.542,0.685,0.395,22.5336,23351.64966053917,60.2519448457998,59.5545320998928,1
2705606,10020.0,72.4651,24.1317,705.65,5.8124,24.23,54.5202,0.4437,0.521,0.546,0.69,0.375,27.6751,18688.22355289421,45.68520975529689,9.98003992015968,0
2705705,20695.0,68.7074,24.0686,697.42,6.5776,18.73,3.0057,0.5022,0.565,0.568,0.752,0.422,34.2919,13134.04203913989,109.8478213559664,43.48876540227108,1
2705804,8349.0,53.192,25.4641,576.56,5.9587,24.47,25.6154,0.4655,0.525,0.527,0.785,0.35,38.0525,11134.147802131993,25.479281489755188,23.95496466642712,1
2705903,4330.0,30.3233,25.0115,436.54,15.3846,27.0,0.2179,0.4522,0.503,0.473,0.673,0.399,51.0171,16207.621247113164,37.48625648217888,92.37875288683604,1
2706000,10812.0,42.1939,25.0277,521.06,4.9113,26.97,4.6993,0.4838,0.493,0.513,0.677,0.345,48.8069,10069.552349241583,62.0708659609158,36.99593044765076,1
2706109,11446.0,65.9969,24.6811,758.14,7.1856,19.99,0.403,0.4932,0.547,0.538,0.7,0.434,30.3512,9651.843438755895,58.29386299974536,0.0,0
2706208,4325.0,72.4393,25.7341,726.16,5.9116,18.52,2.1953,0.4331,0.558,0.505,0.735,0.467,24.6579,10618.959537572257,113.25250726649035,0.0,0
2706307,71574.0,74.0576,22.6367,878.62,8.1593,16.04,18.5867,0.5003,0.638,0.625,0.794,0.523,24.1533,16508.955766060302,158.70418412825117,16.765864699471877,1
2706406,23823.0,47.0722,24.3378,738.27,7.7108,21.31,8.6164,0.4847,0.593,0.536,0.793,0.491,29.1644,11192.838853209085,34.58272242948597,12.59287243420224,1
2706422,10573.0,31.5048,26.5298,606.59,7.9459,20.46,5.9166,0.4576,0.548,0.526,0.754,0.416,36.1014,13714.555944386646,41.5084858216309,9.458053532582994,0
2706448,13835.0,94.9042,24.8717,1071.88,4.3848,13.36,7.5063,0.4593,0.605,0.595,0.767,0.486,11.0517,17118.250813155042,149.06317003006043,28.912179255511383,1
2706505,13804.0,70.1391,26.5213,721.98,5.5983,18.72,3.9489,0.3999,0.533,0.513,0.703,0.421,18.8207,24439.29295856273,54.95901166147096,79.68704723268617,1
2706604,6576.0,79.5316,23.9811,731.19,19.617,22.48,34.9629,0.4594,0.589,0.551,0.732,0.507,25.5627,16054.744525547443,55.51381513967094,45.62043795620438,1
2706703,58650.0,80.3649,23.1407,911.94,8.2701,15.94,17.9287,0.5256,0.63,0.602,0.774,0.536,23.923,16776.794543904518,85.158839748923,32.395566922421146,1
2706802,15908.0,83.216,24.2205,689.66,9.347,21.49,24.2424,0.4813,0.572,0.538,0.727,0.479,32.4753,28816.69600201157,65.2807301199084,88.00603469952225,1
2706901,35370.0,97.9389,23.7829,819.78,9.7104,16.3,33.4397,0.4467,0.61,0.578,0.771,0.509,21.8065,19118.91433418151,136.22393566625328,39.58156629912355,1
2707008,2731.0,58.074,24.3867,674.19,21.0898,23.6,0.7238,0.414,0.574,0.579,0.703,0.465,24.6425,21766.75210545588,23.22752942777438,36.61662394727206,1
2707107,22609.0,75.2709,25.5695,826.25,8.5945,18.17,48.0495,0.5273,0.589,0.563,0.786,0.462,28.6921,15218.231677650494,55.96356390549388,26.53810429474988,1
2707206,12518.0,18.07,23.9575,509.59,8.4022,25.72,2.7414,0.456,0.526,0.484,0.719,0.419,44.7364,10035.78846461096,43.99597927781644,31.953986259785907,1
2707305,24071.0,83.5321,25.8028,796.62,7.9422,17.59,10.4767,0.4608,0.586,0.558,0.723,0.498,20.8053,17153.545760458645,76.73719479343664,33.2350130862864,1
2707404,9295.0,76.4605,25.8096,731.48,1.4697,19.4,17.1631,0.4295,0.541,0.542,0.769,0.379,23.4375,35850.56481979559,36.23414390744018,86.06777837547068,1
2707503,20082.0,46.5093,24.156,571.27,7.676,23.85,33.5125,0.4785,0.551,0.513,0.758,0.431,40.1613,13390.449158450354,84.72809967217542,29.877502240812667,1
2707602,11080.0,64.7563,22.87,699.05,5.9094,22.48,39.4515,0.4993,0.559,0.536,0.775,0.421,30.9061,17065.072202166066,34.64351262706008,27.075812274368232,1
2707701,93927.0,97.9388,24.1475,778.71,11.9529,11.33,47.5024,0.43,0.643,0.616,0.788,0.547,21.9842,15150.829899815815,319.6622559830107,43.65092039562639,1
2707800,6474.0,91.1029,27.2011,665.34,8.45,23.95,46.9552,0.3574,0.505,0.524,0.672,0.365,21.0445,31533.673154155083,50.23706244325633,0.0,0
2707909,6919.0,98.5547,26.0298,692.89,2.9204,12.86,23.3516,0.4173,0.597,0.58,0.77,0.477,24.1614,40093.2215638098,239.7685137055134,28.90591125885244,1
2708006,46220.0,66.8001,25.5733,721.11,9.0656,18.8,23.5793,0.4925,0.591,0.579,0.77,0.463,32.9163,13983.903072263089,105.9880253252218,34.617048896581565,1
2708105,11323.0,61.5473,25.0729,642.22,8.3738,24.75,44.7969,0.4203,0.519,0.513,0.752,0.362,28.1639,124400.95381082752,48.77050769051854,17.66316347257794,1
2708204,6555.0,60.2288,23.3867,557.56,13.2475,24.79,11.4608,0.5348,0.572,0.533,0.732,0.48,46.7949,19731.50266971777,47.16879304017443,15.255530129672008,1
2708303,20813.0,78.3789,24.8306,702.25,8.7129,26.07,71.6359,0.4199,0.573,0.574,0.755,0.434,23.8793,28252.00595781483,81.10972981609724,33.63282563782251,1
2708402,30604.0,44.0498,27.0455,603.09,8.8105,23.8,7.3212,0.5018,0.527,0.508,0.703,0.409,41.6193,10876.1599790877,62.34517601043025,35.94301398509999,1
2708501,30873.0,75.5255,26.162,750.66,4.0551,21.91,4.3441,0.4006,0.536,0.55,0.701,0.4,17.6835,30568.10157743012,77.71543358581472,51.8252194474136,1
2708600,51990.0,95.9415,24.7432,912.83,10.4992,14.16,63.6014,0.4244,0.623,0.612,0.77,0.514,15.4387,26410.40584727832,154.88010867525227,44.23927678399692,1
2708709,8482.0,93.7868,25.7251,959.27,3.7151,15.37,9.0875,0.4585,0.591,0.545,0.752,0.504,16.346,28707.262438104222,110.3679800135325,141.47606696533836,1
2708808,31786.0,43.8778,24.7027,672.44,12.4011,24.82,1.3938,0.451,0.549,0.537,0.714,0.432,29.465,27020.575095954195,101.63519277624654,47.19058705090291,1
2708907,24278.0,96.1694,23.4945,970.21,5.0957,8.9,77.9188,0.4044,0.66,0.619,0.794,0.585,13.5926,10750.6384380921,588.3008626538723,20.59477716451108,1
2708956,12303.0,31.789,27.473,560.65,6.9634,23.08,16.0011,0.4457,0.518,0.481,0.728,0.398,37.5734,9851.3370722588,36.33823533755305,40.64049418840933,1
2709004,5796.0,36.9738,21.7046,687.88,5.2704,28.43,0.4847,0.4907,0.555,0.531,0.748,0.43,31.9186,15903.20910973085,46.51088142774604,34.50655624568668,1
2709103,19032.0,49.6059,22.1259,618.0,9.8594,22.58,4.236,0.4521,0.541,0.529,0.71,0.421,35.196,26841.424968474148,123.71857793841372,31.525851197982345,1
2709152,38053.0,84.448,25.8613,740.39,8.8301,19.73,41.236,0.4577,0.564,0.549,0.7,0.466,26.291,35681.75965101306,127.16718576641848,13.139568496570574,1
2709202,23565.0,30.906,25.1984,599.73,6.9543,29.78,4.7729,0.4919,0.532,0.499,0.765,0.395,39.1659,12603.437301082113,34.65456465249112,16.974326331423722,1
2709301,59280.0,83.2675,24.0047,768.95,5.702,21.51,79.999,0.4547,0.593,0.59,0.764,0.462,24.9444,23889.89541160594,141.11530605929318,50.60728744939272,1
2709400,24092.0,77.092,24.2944,742.73,8.7514,22.0,21.4096,0.4368,0.586,0.554,0.758,0.478,22.7128,24663.581271791467,65.97782299474467,16.603021749958494,1
2800100,2170.0,78.3871,22.3502,773.49,4.4881,16.54,33.5128,0.4985,0.665,0.654,0.808,0.56,29.5203,17496.3133640553,60.81327242664574,0.0,0
2800209,20131.0,58.8495,23.4464,782.01,19.5367,18.61,41.4858,0.4962,0.578,0.573,0.747,0.452,30.0894,14300.034772241816,55.9905213006511,4.967463116586359,0
2800308,602757.0,99.9977,22.6065,2087.74,7.8675,4.61,87.4465,0.5861,0.77,0.784,0.823,0.708,12.4173,30535.817916672888,3308.888193540949,32.18544123087745,1
2800407,10318.0,42.4016,23.2506,749.83,7.8899,21.1,0.3581,0.486,0.595,0.55,0.783,0.49,29.1978,13580.34502810622,51.85784577341971,38.76720294630742,1
2800506,18081.0,77.3962,26.5417,794.41,11.4621,16.1,1.8214,0.4736,0.579,0.579,0.773,0.434,23.8255,13951.827885625797,122.05758261045668,55.30667551573475,1
2800605,41511.0,99.1207,22.8132,1589.75,10.0491,5.35,73.0671,0.54,0.649,0.647,0.776,0.545,12.45,62190.55190190552,449.89595526076215,40.95300040953,1
2800670,24636.0,72.1465,22.0287,880.42,12.0651,16.6,3.857,0.5078,0.604,0.581,0.771,0.492,26.6249,13520.051956486444,119.91647318234254,8.118201006656925,0
2800704,7841.0,50.1594,26.3614,554.26,6.1545,23.6,33.8325,0.4972,0.54,0.515,0.701,0.435,42.1375,12228.797347277134,55.42752926539615,25.506950644050505,1
2801009,18149.0,63.7997,24.1281,921.66,5.2324,17.43,18.1684,0.4479,0.621,0.625,0.793,0.484,16.0388,13095.873050856797,90.06143371807977,11.01989090308006,0
2801108,3791.0,40.9654,23.6349,689.22,7.1085,21.52,8.9905,0.4773,0.569,0.553,0.722,0.462,35.2102,22272.751252967555,22.09452095511741,0.0,0
2801207,26834.0,66.7139,26.936,707.36,10.3609,22.06,48.1864,0.4974,0.567,0.566,0.741,0.435,32.0946,107893.7914585973,24.846089245552584,14.90646195125587,1
2801306,31645.0,69.379,24.2534,698.56,8.1576,16.67,11.5069,0.4909,0.615,0.596,0.766,0.51,31.1781,12175.383156896823,71.56102304335045,18.96034128614315,1
2801405,19939.0,63.0774,23.1255,712.75,7.8324,22.64,10.6771,0.4613,0.588,0.581,0.791,0.442,29.9233,19048.99944831737,31.209548033652904,35.10707658357992,1
2801504,13853.0,96.6578,25.0776,766.36,18.4724,9.49,80.1877,0.4602,0.643,0.623,0.783,0.546,23.5464,30506.09976178445,298.5882099364155,7.218652999350321,0
2801603,5391.0,86.7557,22.148,764.19,12.79,13.68,48.836,0.4992,0.623,0.608,0.731,0.543,31.6082,11925.9877573734,64.4009078963087,0.0,0
2801702,17100.0,77.6784,25.5439,661.19,11.7201,20.28,1.2854,0.4732,0.553,0.54,0.755,0.414,33.1394,14665.3216374269,74.81755018463745,0.0,0
2801900,3824.0,58.0282,22.9079,711.39,19.7258,20.51,20.2485,0.4313,0.604,0.576,0.748,0.512,25.5753,18171.809623430963,29.783555178241805,26.15062761506276,1
2802007,4340.0,50.0,23.4332,789.16,7.3698,13.73,17.137,0.419,0.61,0.571,0.753,0.527,20.1152,43460.599078341016,47.951562292836,46.08294930875576,1
2802106,65078.0,87.9314,23.2137,896.64,12.278,11.7,34.5937,0.5017,0.647,0.627,0.782,0.552,22.7413,32677.1412766219,100.53078425072296,24.5858815575156,1
2802205,5975.0,66.5941,25.2218,640.0,14.0063,20.59,40.3774,0.4588,0.584,0.546,0.773,0.473,33.6907,19233.138075313807,32.25910948660775,0.0,0
2802304,14530.0,81.4659,24.267,851.07,6.5396,17.97,46.0916,0.4431,0.589,0.623,0.768,0.428,19.8567,22349.69029593944,36.39980159227212,0.0,0
2802403,11096.0,28.1453,22.9001,700.41,9.6958,23.88,15.8015,0.5213,0.564,0.544,0.783,0.422,38.8593,16177.992069214131,16.770905441475648,0.0,0
2802502,3037.0,68.0277,22.9503,765.34,11.2174,12.59,36.8137,0.4364,0.645,0.609,0.776,0.567,20.3759,14333.882120513665,153.43808417117162,0.0,0
2802601,5834.0,49.7943,21.3747,665.05,2.3863,21.54,28.5106,0.4408,0.665,0.654,0.808,0.56,32.4241,17309.22180322249,23.929155916867305,17.14089818306479,1
2802700,8321.0,90.5781,24.3721,522.34,6.0296,17.75,16.7691,0.448,0.562,0.514,0.735,0.469,42.7352,12235.909145535392,157.9147135293113,36.05335897127749,1
2802809,16549.0,33.1984,24.8233,611.83,6.0868,17.77,5.4552,0.5199,0.58,0.533,0.772,0.475,40.8505,13878.179950450178,52.31793522932764,12.08532237597438,1
2802908,103440.0,83.6572,25.1257,1080.72,5.0654,14.0,77.1582,0.467,0.642,0.645,0.801,0.513,13.5308,21396.703402938903,306.6269845975076,38.66976024748647,1
2803005,40678.0,59.3195,25.6011,682.43,5.6955,20.83,53.6829,0.4535,0.556,0.555,0.761,0.407,28.97,13171.665273612272,81.0651382838376,9.833325138895717,0
2803104,4745.0,56.7123,21.4542,772.31,2.3502,23.48,29.5243,0.4228,0.602,0.569,0.748,0.512,23.4141,17097.365648050578,25.8693068443262,0.0,0
2803203,34411.0,47.8306,23.6901,663.07,11.0923,15.67,20.6831,0.4767,0.561,0.548,0.779,0.414,30.7746,25580.33768271773,46.52008511535727,20.342332393711317,1
2803302,16209.0,64.6616,23.0489,816.67,10.6731,13.86,12.1852,0.4695,0.621,0.581,0.757,0.544,23.7984,32570.732309210933,44.32600354958064,30.84706027515578,1
2803401,13407.0,34.1314,24.3604,715.33,10.0569,21.01,13.9016,0.4805,0.56,0.551,0.7,0.455,27.7542,15712.239874692325,33.32148635650784,14.917580368464236,1
2803500,101579.0,74.2713,24.065,928.75,8.5534,16.45,26.8348,0.4758,0.625,0.613,0.775,0.515,20.1673,17703.649376347472,104.83723647232333,11.813465381624155,0
2803609,23975.0,92.9468,24.6882,752.52,12.2613,13.09,49.6234,0.4499,0.642,0.589,0.772,0.582,23.4494,48467.44525547445,147.74484972854387,50.05213764337852,1
2803708,6838.0,54.8552,23.6326,859.09,3.1696,18.02,35.3982,0.3949,0.583,0.573,0.728,0.474,16.6569,13093.740859900556,49.73235585035201,58.496636443404505,1
2803807,3579.0,40.0671,23.5261,747.74,4.0606,14.66,16.0401,0.4253,0.599,0.56,0.722,0.531,23.1611,14741.547918412964,56.630642889919145,0.0,0
2803906,11533.0,52.1807,22.3966,779.87,5.6306,17.21,32.4473,0.4407,0.587,0.587,0.781,0.442,24.1308,15019.335818954303,113.19291771356784,26.01231249458077,1
2804003,15719.0,88.6252,24.0601,770.84,12.9011,11.33,60.1028,0.4754,0.618,0.59,0.781,0.511,26.3751,28526.87830014632,164.5038407601984,31.80863922641389,1
2804102,11050.0,47.6923,22.5611,796.8,4.5218,17.42,51.3321,0.4329,0.587,0.596,0.792,0.429,21.2712,18684.886877828056,115.83173475056869,45.24886877828055,1
2804201,14336.0,63.9648,26.4509,727.55,14.3429,22.76,49.5638,0.4641,0.553,0.539,0.726,0.431,28.4598,15272.94921875,37.01026456556311,0.0,0
2804300,7822.0,46.5098,23.1015,740.68,7.8603,18.37,4.8649,0.4444,0.626,0.575,0.771,0.554,24.4527,12357.45333674252,105.26174135378818,25.568908207619536,1
2804409,16426.0,52.6969,22.5496,761.43,6.6002,17.86,18.3453,0.4962,0.589,0.575,0.702,0.505,29.156,20148.91026421527,60.54038913029858,36.52745647144771,1
2804458,9232.0,50.13,23.0069,812.94,17.3369,21.63,55.0355,0.4798,0.577,0.577,0.774,0.43,27.3299,11904.246100519931,27.08475133194076,21.66377816291161,1
2804508,41212.0,69.8146,25.4101,879.22,8.1466,16.79,58.4564,0.5064,0.587,0.591,0.75,0.456,23.9688,19188.34320100941,54.58839486647619,21.838299524410367,1
2804607,24996.0,76.1042,24.2359,760.07,9.3668,17.6,17.4827,0.4607,0.6,0.579,0.749,0.497,27.9796,16632.101136181787,51.81946526192712,40.00640102416386,1
2804706,6268.0,55.8232,22.8941,814.61,5.9208,19.88,19.8307,0.4776,0.598,0.56,0.719,0.532,24.3446,14544.511805998724,74.82660236131174,31.908104658583284,1
2804805,192330.0,98.5733,25.0757,822.63,11.7806,7.09,60.5836,0.4397,0.664,0.62,0.811,0.581,20.8404,16808.07986273592,1240.6866255104212,31.196381219778505,1
2804904,12502.0,39.9696,23.6682,588.41,8.7272,21.76,5.0597,0.4872,0.555,0.514,0.731,0.454,39.2428,18928.411454167333,32.77682813007959,15.997440409534471,1
2805000,2778.0,45.4644,22.5702,631.36,9.7938,16.02,26.2278,0.4455,0.593,0.599,0.698,0.499,34.0173,17282.9373650108,33.80219994159447,0.0,0
2805109,7396.0,76.6901,24.5403,745.96,13.5012,21.77,4.0641,0.4498,0.592,0.568,0.75,0.486,25.2842,13376.960519199569,221.80902111324372,27.041644131963224,1
2805208,5677.0,64.8406,23.146,677.94,15.0943,18.92,26.7258,0.4495,0.583,0.58,0.711,0.48,29.0094,16130.702836004932,36.29795396419437,17.61493746697199,1
2805307,7913.0,58.7009,23.4551,750.38,11.5789,13.63,26.7402,0.4646,0.603,0.558,0.764,0.515,25.1014,17429.799064830026,37.91912057159013,25.274864147605207,1
2805406,33439.0,44.2836,26.1132,632.67,8.7409,23.21,29.8931,0.4982,0.529,0.519,0.76,0.376,37.6832,12447.89018810371,31.11808848819636,11.962080205747778,0
2805505,21794.0,59.8743,22.9696,757.03,18.1454,19.51,55.0116,0.463,0.561,0.563,0.751,0.417,27.279,14788.565660273469,49.382995789960255,4.588418830870882,0
2805604,26576.0,48.1525,23.969,616.69,5.6099,21.84,43.1003,0.5155,0.568,0.537,0.739,0.462,39.0275,13792.632450331126,30.26727589961323,37.62793497892836,1
2805703,26618.0,85.0552,22.6125,941.63,10.5489,11.9,73.2876,0.5304,0.661,0.629,0.776,0.593,24.9397,20824.216695469237,276.3496677740864,11.270568788038169,0
2805802,18313.0,40.119,24.7256,671.74,6.3871,23.36,16.021,0.4473,0.539,0.527,0.781,0.381,29.086,17960.13760716431,34.51330268918428,10.921203516627532,0
2805901,8748.0,84.1107,24.6228,688.58,8.145,10.74,73.4636,0.46,0.617,0.591,0.766,0.52,28.144,25423.068129858253,111.71272411503294,11.431184270690444,0
2806008,17033.0,74.0269,22.7089,883.07,4.9194,18.98,67.3407,0.4661,0.613,0.61,0.769,0.49,20.0248,19928.55046087008,65.75026249150763,17.612869136382315,1
2806107,9295.0,87.4018,24.0129,753.63,13.8846,10.12,55.432,0.478,0.631,0.603,0.731,0.571,26.7205,50452.50134480904,90.52131316771032,32.2754168908015,1
2806206,20279.0,49.6671,22.6096,798.99,9.2566,17.44,7.9378,0.452,0.609,0.588,0.789,0.486,22.3236,10726.317865772477,81.90920877780425,29.587257754327137,1
2806305,13616.0,23.7147,25.6096,571.88,6.4224,21.82,16.2198,0.437,0.545,0.513,0.764,0.414,35.6134,14151.733254994124,41.86215250662551,36.72150411280846,1
2806404,7346.0,61.7343,23.7544,717.52,7.9769,14.5,3.6771,0.4456,0.59,0.544,0.716,0.526,25.9572,14534.848897359108,166.890065202081,40.83855159270351,1
2806503,3937.0,56.1087,24.4348,578.91,8.8258,18.13,35.8242,0.4532,0.592,0.527,0.766,0.514,34.2361,13991.363982727966,58.17768057690034,25.4000508001016,1
2806602,11092.0,71.4569,22.3945,767.22,17.1558,13.75,15.3258,0.4784,0.637,0.613,0.778,0.543,29.0136,15115.849260728452,46.80860042622328,27.04652001442481,1
2806701,95612.0,88.2515,24.8891,1124.93,8.2543,7.59,47.6182,0.498,0.662,0.624,0.8,0.581,16.343,10790.904907333808,218.2737987886868,36.60628373007573,1
2806800,10327.0,55.3501,23.4725,729.31,3.2661,19.63,13.0615,0.465,0.588,0.572,0.756,0.471,27.7239,13094.509538104,101.24609064794754,0.0,0
2806909,3243.0,72.8955,22.7875,776.93,4.2088,19.46,18.4764,0.4237,0.587,0.564,0.732,0.49,21.8316,17278.445883441258,38.61403822111091,0.0,0
2807006,3434.0,54.1351,22.9179,734.03,11.2436,22.81,49.1803,0.4012,0.567,0.571,0.753,0.424,23.538,14514.26907396622,24.538036099638436,58.24111822947001,1
2807105,42578.0,53.9927,24.3553,850.37,9.9918,17.58,45.485,0.4693,0.604,0.579,0.775,0.492,23.3514,18563.76532481563,76.00513388992127,11.74315374136878,0
2807204,7834.0,48.8639,23.5895,759.73,13.718,14.24,19.2762,0.4408,0.609,0.565,0.74,0.541,25.0319,22560.12254276232,46.53594150038909,51.05948429920858,1
2807303,3274.0,58.8882,23.427,692.33,7.758,18.19,30.1701,0.4293,0.604,0.564,0.722,0.542,27.0006,13476.175931582162,68.40785624738821,0.0,0
2807402,50905.0,74.5605,24.6204,881.15,8.8916,19.11,76.4459,0.4866,0.557,0.609,0.702,0.404,21.8811,12882.644141047049,49.6806210931591,5.893330714075238,0
2807501,12012.0,53.2884,22.9187,552.13,8.9129,24.53,23.121,0.4867,0.551,0.52,0.746,0.432,43.0335,12234.848484848484,39.404665444155405,8.325008325008325,0
2807600,23917.0,81.8163,24.9906,743.59,7.0453,15.14,3.4158,0.4633,0.579,0.567,0.719,0.476,27.1731,16790.107454948364,203.52468642034145,29.267884768156534,1
2900108,7301.0,48.692,16.9703,901.48,7.5464,17.81,24.6877,0.401,0.603,0.577,0.746,0.51,18.8179,9592.79550746473,13.553576633121518,13.696753869332968,1
2900207,17639.0,55.8875,25.2849,600.78,6.229,18.94,53.3814,0.4426,0.575,0.533,0.776,0.46,33.0574,11819.320823175916,10.990558425544403,22.67702250694484,1
2900306,13795.0,75.0054,23.1606,706.63,4.5922,15.24,0.1888,0.4665,0.582,0.56,0.723,0.487,30.5887,10463.283798477709,76.01598016255683,0.0,0
2900355,14201.0,50.4612,23.8152,739.27,15.4665,25.74,40.9065,0.4503,0.546,0.526,0.718,0.432,26.9681,16935.920005633405,22.57351772373232,14.083515245405254,1
2900405,14497.0,40.9533,21.6114,700.83,8.0494,20.43,4.754,0.4222,0.55,0.529,0.747,0.422,25.0311,10923.43243429675,19.517350476254588,41.38787335310754,1
2900504,10604.0,21.539,22.7744,765.89,2.5212,23.24,0.354,0.3954,0.584,0.558,0.758,0.471,20.2849,7350.716710675217,14.42232495385917,9.43040362127499,0
2900603,4447.0,58.3989,21.4752,756.71,3.5762,20.59,68.5923,0.4031,0.583,0.573,0.733,0.471,18.7936,12075.331684281538,26.48963229030778,0.0,0
2900702,151055.0,87.7224,21.5862,1072.99,10.0415,6.24,63.7726,0.5131,0.683,0.681,0.79,0.592,18.9941,30011.717586309624,213.4039523279404,29.79047366853133,1
2900801,24530.0,52.4134,21.5573,747.65,3.3128,17.48,27.4351,0.4384,0.608,0.611,0.771,0.476,23.7372,14167.183041174072,16.59754967931477,85.60945780676722,1
2900900,5218.0,84.8984,18.4745,912.36,5.9442,19.42,80.439,0.3964,0.563,0.563,0.751,0.421,12.1881,12042.736680720582,21.277463341434373,19.164430816404757,1
2901007,36521.0,76.8407,23.8301,839.32,10.4813,13.11,29.9435,0.484,0.625,0.616,0.807,0.492,23.4417,12684.37337422305,84.60691987814343,5.476301306097861,0
2901106,24138.0,82.5503,21.5221,840.69,11.8375,9.05,7.5465,0.4372,0.666,0.609,0.81,0.6,19.1831,18138.495318584803,144.64979145692504,20.71422653078134,1
2901155,15137.0,77.4592,23.4525,674.14,4.578,16.51,1.2821,0.4151,0.561,0.506,0.751,0.464,26.3081,11090.440642135163,18.406489512666397,26.42531545220321,1
2901205,25438.0,25.6506,20.8468,718.55,6.5119,22.54,11.0423,0.4199,0.54,0.549,0.771,0.371,27.0791,8836.700998506172,13.390655177732285,7.8622533218020285,0
2901304,13080.0,61.8884,23.815,758.2,13.2884,19.23,16.4983,0.476,0.555,0.54,0.764,0.415,27.5857,10271.7125382263,8.227522446417316,22.93577981651376,1
2901353,15012.0,44.3778,22.3088,796.26,9.291,19.07,37.8124,0.4215,0.588,0.586,0.731,0.474,20.3071,14871.769251265654,11.018903600007636,6.661337596589395,0
2901403,13732.0,46.7885,21.8104,823.95,5.2908,16.21,0.4839,0.4475,0.625,0.564,0.778,0.556,22.1599,13863.894552869211,8.971381345772533,0.0,0
2901502,11031.0,43.0514,22.4096,720.44,11.5278,15.88,26.9206,0.3472,0.589,0.565,0.766,0.471,18.0466,7140.875713897199,58.72551107325384,72.52289003716798,1
2901601,14206.0,60.3196,22.7228,832.0,15.8484,16.72,60.5486,0.4942,0.592,0.573,0.739,0.491,23.8065,11305.85668027594,43.52861870327246,14.078558355624384,1
2901700,11146.0,34.4698,23.7843,702.92,12.3657,20.25,11.3147,0.4157,0.561,0.544,0.768,0.422,25.247,11147.137986721697,37.97226859264811,0.0,0
2901809,10862.0,51.4086,22.2979,750.04,5.7519,14.64,7.1026,0.3694,0.598,0.58,0.741,0.498,18.5421,7603.480022095378,31.4581619768075,27.61922297919352,1
2901908,15922.0,56.2178,22.9305,710.49,4.6866,20.04,0.726,0.4524,0.548,0.516,0.751,0.425,28.6976,9324.20550182138,33.2219120230688,18.841854038437383,1
2901957,6913.0,74.5552,22.2624,836.77,3.8828,20.37,42.7481,0.4161,0.552,0.555,0.735,0.413,19.2888,10735.71531896427,45.83305708413445,28.93099956603501,1
2902005,13936.0,32.8932,21.0677,757.68,4.582,20.76,1.3675,0.4105,0.581,0.591,0.754,0.439,24.3972,10449.339839265213,9.354256905107588,7.175660160734788,0
2902054,11557.0,52.903,25.4218,725.59,12.8056,15.28,6.8011,0.4159,0.57,0.54,0.744,0.462,23.847,25863.37284762481,24.35221260195922,25.958293674829108,1
2902104,48294.0,48.5216,24.7753,691.84,11.0658,23.99,33.8745,0.4961,0.534,0.534,0.747,0.381,34.3044,10166.024764981155,32.27679958830272,26.9184577794343,1
2902203,9833.0,56.6765,22.7601,803.04,12.4633,15.33,10.1088,0.4473,0.588,0.568,0.761,0.47,21.917,10544.086240211533,26.651524473704896,30.50950879690837,1
2902252,10191.0,53.2431,23.5698,691.76,5.0913,23.27,30.049,0.4645,0.559,0.557,0.758,0.413,28.6907,9944.46079874399,23.375890559268928,39.25031890884113,1
2902302,8677.0,63.0172,23.2338,639.58,4.6422,18.38,28.8375,0.4564,0.575,0.57,0.753,0.443,32.0272,9218.854442779762,49.864377169390615,11.524720525527256,0
2902401,11179.0,86.1526,22.4528,745.63,4.5224,19.96,55.2658,0.416,0.568,0.555,0.759,0.434,21.0309,12244.92351730924,25.0991257179037,169.96153502102158,1
2902500,13614.0,28.4193,23.1012,700.24,2.4429,20.96,0.2491,0.4185,0.589,0.543,0.763,0.492,26.8483,19367.930071984723,4.098435917158249,0.0,0
2902609,18220.0,44.4402,22.7827,708.86,14.2905,18.79,34.9307,0.4686,0.585,0.549,0.775,0.471,29.8036,10673.655323819978,18.8317688426214,32.93084522502745,1
2902658,11958.0,36.9293,22.7212,707.64,6.6315,19.57,3.3291,0.445,0.579,0.539,0.769,0.468,30.2201,9490.96838936277,29.20096603965256,0.0,0
2902708,51092.0,48.1739,25.1664,621.14,9.3483,18.13,31.7007,0.5461,0.557,0.503,0.75,0.457,40.5782,8421.709856729038,4.470729723334879,7.829014327096219,0
2902807,26026.0,54.1612,24.4871,796.07,10.0822,14.38,48.3609,0.4574,0.575,0.566,0.717,0.469,23.1093,14482.671174978866,15.702785002893062,7.684623069238453,0
2902906,36539.0,68.4118,23.4024,784.48,9.4679,19.64,20.7259,0.4185,0.551,0.563,0.77,0.386,20.0849,15687.539341525491,47.70503018528963,46.525630148608336,1
2903003,13836.0,56.606,21.6175,879.61,8.3692,10.22,0.3172,0.4712,0.63,0.578,0.784,0.553,22.137,8358.196010407632,9.633091716975365,7.2275224053194576,0
2903102,5775.0,67.6017,20.9177,810.44,5.8031,23.69,53.0593,0.4447,0.577,0.585,0.705,0.465,21.7316,13478.61471861472,26.93425244040651,17.316017316017316,1
2903201,159734.0,90.1142,25.215,1339.99,5.2108,7.12,75.6678,0.5088,0.721,0.695,0.807,0.668,11.814,43870.3281705836,19.819823173338147,28.79787646963076,1
2903235,13453.0,55.8834,23.1473,708.95,5.1975,11.26,1.0952,0.4561,0.607,0.551,0.739,0.55,28.4726,8380.807254887386,32.45518805336421,7.433286255853713,0
2903276,15203.0,46.8855,22.8113,762.9,10.1189,14.81,30.3129,0.4368,0.61,0.574,0.786,0.503,24.5,22750.049332368613,73.33921860904886,13.155298296388873,1
2903300,5833.0,82.1704,20.5897,860.67,6.9083,17.41,80.9991,0.3753,0.602,0.576,0.744,0.508,13.3962,13692.782444711129,28.93568469876231,85.71918395336877,1
2903409,20121.0,81.989,22.3548,837.51,6.5021,16.93,52.3764,0.4524,0.598,0.577,0.771,0.48,20.8684,18568.46081208688,10.476184525799184,99.39863823865612,1
2903508,18412.0,55.9744,22.0454,746.56,6.9977,18.94,1.2891,0.4365,0.575,0.562,0.76,0.444,24.5904,9196.936780360636,23.826408335878337,5.431240495329133,0
2903607,15146.0,27.3736,22.1841,680.46,9.3938,19.47,20.698,0.4161,0.538,0.525,0.738,0.402,28.3086,9590.254852766408,27.35110029218329,19.807209824376077,1
2903706,13690.0,53.6231,22.0672,705.02,8.1695,24.82,31.6836,0.4404,0.567,0.535,0.753,0.453,27.2329,8146.45726807889,16.12756919009916,7.304601899196493,0
2903805,16873.0,45.961,22.1893,618.24,15.6321,21.31,4.8608,0.4345,0.551,0.514,0.729,0.447,32.5857,9197.060392342795,5.677113457144405,23.70651336454691,1
2903904,65550.0,73.0908,24.6011,916.66,7.0738,11.61,48.6501,0.516,0.633,0.615,0.775,0.533,23.4071,20703.447749809307,15.93149675136001,24.40884820747521,1
2903953,9730.0,35.3032,23.7924,655.08,12.6305,21.33,0.1577,0.4112,0.546,0.535,0.749,0.407,27.6287,7184.583761562179,20.79464169314973,10.27749229188078,0
2904001,13622.0,47.1443,21.847,761.38,7.7621,13.78,0.968,0.4453,0.612,0.564,0.789,0.514,24.9243,8644.325356041698,15.188597513315948,0.0,0
2904050,15844.0,50.8962,26.8493,704.84,7.4779,12.31,1.0161,0.4198,0.561,0.552,0.685,0.467,24.0048,17080.5352183792,20.023354682816112,18.93461247159808,1
2904100,19322.0,36.5956,21.8559,675.66,8.6822,19.91,4.3114,0.4439,0.603,0.564,0.782,0.497,30.6202,9767.98468067488,13.547576027198922,15.52634302867198,1
2904209,11024.0,43.6865,23.3763,709.0,8.9986,20.2,31.8394,0.4589,0.575,0.543,0.754,0.464,29.8847,9967.706821480406,17.5649923838295,0.0,0
2904308,12943.0,68.1527,22.3519,708.98,8.3468,20.05,29.2513,0.4601,0.597,0.56,0.775,0.49,28.5251,11140.84833500734,24.959214449076875,30.90473615081511,1
2904407,9108.0,21.3109,19.0272,739.06,15.6525,19.56,0.2508,0.4348,0.592,0.533,0.746,0.523,28.6782,13851.668862538429,4.053029359098045,21.95871761089153,1
2904506,11765.0,32.1972,20.493,729.3,5.7727,10.42,19.92,0.4416,0.57,0.552,0.754,0.445,28.7212,8189.7152571185725,4.667137677982971,0.0,0
2904605,70510.0,74.1115,21.543,1024.01,7.4386,10.61,61.4225,0.4779,0.656,0.63,0.807,0.554,16.1801,25270.202808112324,31.9394893667909,8.509431286342362,0
2904704,14804.0,88.5301,19.873,880.8,6.88,16.0,71.3237,0.4467,0.613,0.604,0.772,0.495,20.2192,14125.70926776547,67.44818599734836,47.28451769791948,1
2904753,19589.0,41.7683,24.9119,511.72,16.3743,19.42,6.6271,0.4681,0.565,0.504,0.761,0.471,45.2889,7902.649446117719,4.840691362124932,20.41962325795089,1
2904803,6205.0,70.4432,20.6769,779.57,4.2728,20.79,69.3333,0.374,0.561,0.579,0.752,0.406,14.4497,12463.497179693795,12.10882920013426,16.116035455278002,1
2904852,16559.0,31.9886,25.5631,631.12,13.8357,18.37,6.6384,0.463,0.581,0.525,0.763,0.49,34.0414,8518.026450872638,74.58101942556536,24.15604807053566,1
2904902,29250.0,68.3556,22.9128,913.46,7.6423,11.6,52.6311,0.5088,0.647,0.615,0.762,0.577,21.9183,16380.786324786324,74.07051006092775,61.53846153846154,1
2905008,22462.0,67.4161,21.7122,1019.26,5.996,11.55,17.0563,0.4548,0.637,0.621,0.769,0.541,15.9669,16187.472175229275,36.76370700985134,13.355889947466832,1
2905107,10384.0,48.6036,23.8155,806.57,10.7788,18.64,14.0853,0.4895,0.546,0.535,0.701,0.434,26.3001,8881.35593220339,19.19734964171356,48.15100154083205,1
2905156,11266.0,32.7002,22.0664,696.7,20.4405,22.49,14.3519,0.4044,0.542,0.536,0.725,0.409,25.4712,9095.331084679568,14.685600915601464,0.0,0
2905206,52012.0,63.395,22.7563,989.14,8.2853,14.74,36.0199,0.4785,0.625,0.631,0.801,0.484,19.2651,21117.12681688841,19.615800049480757,1.9226332384834268,0
2905305,17466.0,68.9797,24.1727,661.74,7.181,14.62,4.902,0.4768,0.584,0.554,0.734,0.49,33.4517,12442.974922706971,27.135444178603613,11.450818733539448,0
2905404,17761.0,84.2633,25.2182,995.96,4.9005,9.89,35.9351,0.4515,0.627,0.6,0.807,0.51,15.6909,84952.53645628062,39.57036489129902,28.15156804233996,1
2905503,13080.0,58.0428,23.7385,620.16,6.224,19.35,15.6177,0.4156,0.573,0.526,0.758,0.473,30.1529,7789.373088685015,28.539510202656704,22.93577981651376,1
2905602,22579.0,88.476,22.4235,956.88,7.827,15.66,70.2944,0.4726,0.581,0.608,0.768,0.419,21.1615,15683.201204659195,38.60661231636254,35.43115284113557,1
2905701,300372.0,97.8547,22.0407,1177.89,10.4269,4.98,68.0203,0.5184,0.694,0.681,0.798,0.616,17.6826,113162.64498688294,382.43438869090585,67.24994340351297,1
2905800,30469.0,53.1688,23.5584,760.25,5.5857,18.61,35.9724,0.498,0.565,0.562,0.71,0.452,29.798,15363.713938757426,36.28549175779026,91.89668187337948,1
2905909,30671.0,31.101,22.386,658.13,7.9868,18.91,0.4359,0.5044,0.557,0.516,0.778,0.43,39.4773,9622.086009585602,10.523318151016872,6.520817710540903,0
2906006,71377.0,57.0856,24.2333,749.39,6.3442,16.69,14.3657,0.4998,0.586,0.566,0.749,0.475,30.6343,29030.654132283507,9.966311668796244,32.22326519747258,1
2906105,10225.0,38.4743,23.423,628.47,6.8493,19.91,28.3641,0.4267,0.565,0.531,0.732,0.463,34.1783,8295.647921760392,22.20952761583708,9.7799511002445,0
2906204,24206.0,59.824,23.9651,634.87,8.2817,13.07,2.3242,0.4651,0.587,0.555,0.734,0.496,34.3847,10678.92258117822,41.75420802241059,0.0,0
2906303,32683.0,76.8136,21.3811,832.49,3.1503,14.9,52.6338,0.507,0.59,0.596,0.796,0.434,27.0816,12082.948321757489,24.494785218139462,36.716335709696175,1
2906402,7772.0,44.0813,21.5131,735.08,13.5428,16.52,0.3965,0.4246,0.587,0.554,0.787,0.465,25.5147,8715.774575398867,17.364571091519245,38.60010293360782,1
2906501,72382.0,91.5255,21.381,845.21,16.0339,6.95,73.4919,0.4823,0.691,0.652,0.823,0.616,24.2955,94290.50040065208,287.4491676197738,64.93327070266088,1
2906600,13016.0,59.5882,19.5836,751.74,4.6142,17.26,0.7814,0.4152,0.591,0.578,0.743,0.481,24.6159,10795.40565457898,30.01554277491572,0.0,0
2906709,25247.0,75.1456,21.4917,733.66,5.9047,18.8,7.4128,0.4416,0.601,0.565,0.798,0.482,24.4447,9682.2592783301,21.582063473338494,19.80433318810156,1
2906808,37439.0,39.133,25.177,669.08,9.9644,19.35,31.9862,0.464,0.557,0.53,0.745,0.438,32.0752,9409.03870295681,27.69380075760545,24.039103608536557,1
2906824,16105.0,63.6635,22.6451,711.38,9.2597,16.69,25.101,0.4821,0.562,0.554,0.707,0.453,30.3545,9496.119217634276,4.517053876770956,37.25551071095933,1
2906857,10744.0,52.1873,19.583,809.2,10.6294,20.18,39.5683,0.4193,0.599,0.582,0.77,0.48,22.2802,12038.533134772895,17.065182516764985,9.307520476545047,0
2906873,33235.0,85.0549,23.3639,850.17,8.1417,13.83,11.7843,0.4694,0.621,0.62,0.752,0.514,23.4736,17433.127726794042,71.50756493450608,45.13314277117497,1
2906899,9940.0,29.5372,20.0101,737.4,7.2524,24.44,6.7826,0.3792,0.555,0.57,0.739,0.405,20.3193,8664.486921529175,12.33818544267895,10.060362173038229,0
2906907,20580.0,74.1642,22.7405,896.46,5.9686,17.35,29.7312,0.4867,0.616,0.626,0.791,0.473,19.7012,17388.483965014577,8.654735355603226,53.44995140913508,1
2907004,8365.0,74.8715,25.4991,629.76,14.7274,14.87,4.3186,0.4451,0.552,0.523,0.735,0.437,31.2582,14087.746563060373,28.5051251294913,23.90914524805738,1
2907103,28869.0,61.1902,24.0188,671.34,7.8036,17.55,32.6741,0.4779,0.576,0.525,0.763,0.477,34.8171,9990.058540302747,11.430949447082412,10.39176971838304,0
2907202,72086.0,63.6781,24.4652,685.09,4.8773,15.67,36.8192,0.4224,0.57,0.577,0.736,0.435,27.5387,12136.600726909524,7.472319062198354,37.45526177066282,1
2907301,24712.0,63.8678,22.483,819.29,7.9906,15.9,60.4296,0.4606,0.613,0.591,0.774,0.504,23.1954,12821.301392036255,34.62087535672307,44.512787309809,1
2907400,3434.0,32.7897,19.0157,750.89,5.8632,22.78,2.0481,0.4018,0.582,0.554,0.786,0.452,21.4494,23559.697146185208,4.888228394429071,29.12055911473501,1
2907509,48148.0,85.6193,20.5138,952.59,12.9717,7.43,73.0878,0.4887,0.677,0.66,0.814,0.578,22.4083,14435.095954141398,112.77066669789556,14.538506272326993,1
2907558,8841.0,31.8968,21.0497,653.61,4.7289,23.36,21.592,0.4423,0.571,0.543,0.77,0.446,34.7994,8843.00418504694,12.343265932390567,0.0,0
2907608,16348.0,50.0673,21.758,735.38,9.0329,13.52,0.9431,0.4928,0.596,0.54,0.728,0.538,32.0666,9447.883533153905,28.83377368274383,24.46782481037436,1
2907707,10579.0,54.5609,24.2745,660.51,7.7849,16.68,31.9228,0.4629,0.6,0.552,0.779,0.503,30.5133,9960.960393231877,3.5200922098452776,28.358067870309103,1
2907806,30907.0,67.2437,21.8527,845.53,6.4471,22.57,52.0648,0.4513,0.585,0.59,0.712,0.477,21.8857,12925.227294787588,37.82880041320746,12.942051962338628,1
2907905,17230.0,70.8183,23.3894,831.75,9.3439,16.07,1.5234,0.5055,0.601,0.589,0.744,0.496,29.0133,9001.741149158444,102.35846254381272,23.21532211259431,1
2908002,17333.0,92.246,19.9158,846.49,8.2664,17.79,85.3325,0.454,0.613,0.615,0.762,0.491,21.6606,11011.192522933134,63.14389799635701,40.38539202676974,1
2908101,19151.0,53.5794,23.816,722.49,5.1545,20.99,1.2708,0.4839,0.596,0.558,0.805,0.471,31.0148,29202.391520025063,1.888984785342638,15.66497833011331,1
2908200,20800.0,66.5481,23.7644,770.78,12.199,11.54,8.7823,0.4145,0.634,0.606,0.766,0.548,20.8097,18069.471153846152,126.2151239699511,57.6923076923077,1
2908309,15794.0,47.3471,20.9067,864.35,8.8824,13.31,11.2639,0.4165,0.606,0.578,0.805,0.479,16.6084,12669.684690388754,55.44945161426224,31.65759149043941,1
2908408,67825.0,65.9418,22.5684,854.96,7.5479,13.16,33.1279,0.467,0.611,0.587,0.752,0.517,21.5458,13026.907482491706,66.80613956548676,35.38518245484703,1
2908507,35308.0,93.5624,22.4708,1009.81,8.1219,8.66,6.0802,0.4326,0.663,0.63,0.799,0.579,11.1628,78211.59510592501,307.3762285734184,39.65107057890563,1
2908606,23654.0,60.8438,26.3507,674.79,12.6198,12.65,16.224,0.5097,0.56,0.551,0.705,0.451,36.2225,12193.79386150334,25.40419672948085,8.455229559482541,0
2908705,17053.0,47.4638,20.0317,801.3,13.0542,17.88,5.1404,0.4527,0.582,0.559,0.789,0.447,25.5998,10013.370081510584,12.65022747858185,0.0,0
2908804,4333.0,60.5354,21.394,781.32,11.9897,16.44,0.7905,0.3858,0.577,0.579,0.695,0.477,17.7613,11702.054004154166,4.432940646884,0.0,0
2908903,26692.0,44.459,23.419,850.84,10.2432,13.75,2.631,0.4109,0.592,0.558,0.762,0.489,18.0143,8463.547130226285,70.53538396490671,29.97152704930316,1
2909000,7546.0,34.6541,19.2022,816.33,7.9282,20.76,4.9261,0.36,0.579,0.561,0.763,0.454,14.7593,9358.070500927644,14.41066381483462,0.0,0
2909109,13990.0,62.609,20.2859,757.51,10.8928,18.98,0.5816,0.5137,0.6,0.545,0.807,0.491,33.9244,12079.98570407434,5.249253229003644,28.591851322373124,1
2909208,17056.0,51.8351,24.9883,704.02,5.7286,30.34,35.0979,0.4405,0.535,0.545,0.716,0.392,26.7753,10264.012664165104,21.38860394716052,17.589118198874296,1
2909307,32457.0,52.7344,22.6115,930.61,6.2964,18.14,8.7161,0.5006,0.603,0.575,0.792,0.481,25.6122,101075.79258711524,2.821289474539725,18.48599685738053,1
2909406,13063.0,51.9253,22.5446,621.91,8.8872,22.47,0.3174,0.4578,0.59,0.545,0.746,0.504,33.7624,13110.388119115058,3.0501252108737917,15.31041873995254,1
2909505,4415.0,67.7237,20.7475,723.17,15.5371,17.71,61.3342,0.468,0.599,0.559,0.765,0.503,30.0113,10386.409966024916,24.18939501857351,0.0,0
2909604,19729.0,56.678,22.3073,673.53,7.6735,22.53,1.6233,0.4716,0.543,0.542,0.765,0.387,33.1315,10431.80090222515,30.990765132129766,30.412083734603883,1
2909703,13993.0,40.5703,23.0615,778.03,7.1191,20.73,0.3422,0.4441,0.614,0.546,0.766,0.553,23.925,11279.139569784891,13.290756308906316,0.0,0
2909802,60348.0,78.3241,21.5334,1167.93,9.5554,6.74,55.0953,0.5134,0.699,0.659,0.796,0.65,14.5943,17266.255716842315,433.7931381499026,13.256445946841652,1
2909901,34180.0,52.1123,24.1194,646.06,6.4062,15.73,36.2189,0.4559,0.581,0.544,0.778,0.463,33.0502,10383.29432416618,5.743945078608696,23.405500292568757,1
2910008,10820.0,61.0074,21.8207,730.32,10.1442,24.85,52.3332,0.444,0.54,0.522,0.771,0.392,26.8679,11648.33641404806,26.158201514854813,73.93715341959334,1
2910057,71485.0,97.5953,22.4816,901.27,15.0052,5.6,57.1368,0.4599,0.676,0.651,0.811,0.584,21.1693,42696.69161362523,389.01495981149225,75.54032314471567,1
2910107,11884.0,22.0212,21.55,760.0,12.4706,17.06,3.3316,0.4293,0.591,0.547,0.783,0.482,23.721,11958.431504543923,17.235278079116366,0.0,0
2910206,4407.0,50.5106,21.3751,764.82,9.0017,14.9,7.0165,0.4098,0.632,0.598,0.795,0.531,20.4096,9818.01679146812,46.49813247800122,0.0,0
2910305,7808.0,44.4672,18.7756,744.89,7.4941,14.55,0.6036,0.4643,0.623,0.59,0.777,0.527,29.7325,9807.50512295082,43.54008554110043,12.807377049180328,1
2910404,19107.0,59.8681,22.5362,611.21,6.765,23.75,44.1372,0.4496,0.544,0.533,0.754,0.4,33.8545,13397.288951693095,10.108812448647791,26.16841995080337,1
2910503,38098.0,74.353,24.1482,828.08,9.3736,10.74,9.6965,0.503,0.615,0.602,0.785,0.492,27.2014,17871.673053703606,32.07534143930707,39.37214551944984,1
2910602,32554.0,69.7702,25.7818,760.79,11.4239,13.37,1.5798,0.4843,0.589,0.589,0.74,0.469,28.419,22468.606008478226,25.05396908466124,36.861829575474594,1
2910701,61456.0,52.4701,22.6683,819.62,6.8031,21.11,20.5985,0.4758,0.567,0.565,0.749,0.43,24.1117,12929.18510804478,30.34312776739832,6.508721687060662,0
2910727,113710.0,93.9768,23.0059,1253.64,6.6061,10.3,30.023,0.4938,0.677,0.687,0.791,0.572,12.1406,28183.66018819805,79.74221056543966,39.5743558174303,1
2910750,17895.0,44.6773,22.7214,718.87,6.4585,23.49,42.6702,0.4649,0.559,0.554,0.686,0.459,30.1984,15635.48477228276,48.58256728800952,5.588153115395362,0
2910776,5631.0,64.873,19.8011,731.17,10.7307,20.5,0.2024,0.3955,0.588,0.527,0.763,0.505,21.9378,11189.131592967502,4.786214071520369,17.75883502042266,1
2910800,616272.0,93.8037,23.1068,1209.69,8.6524,6.01,64.626,0.5293,0.712,0.71,0.82,0.619,16.8689,28052.136069787368,472.4472468712268,52.57418802087391,1
2910859,17897.0,56.4787,23.4285,690.18,9.8819,14.04,23.1934,0.4305,0.565,0.553,0.726,0.45,27.1167,7767.7264345979775,30.873610885893395,27.9376431804213,1
2910909,4873.0,86.0045,21.773,829.88,4.3911,15.33,83.4444,0.3514,0.578,0.596,0.699,0.464,13.3908,14562.076749435666,28.273369189976385,0.0,0
2911006,11059.0,75.4589,20.4539,817.95,13.4871,21.13,69.2128,0.4247,0.557,0.548,0.731,0.431,18.3973,9175.332308526991,34.450318211412004,9.042408897730356,0
2911105,25899.0,66.1763,25.5261,860.52,5.4859,18.32,7.5092,0.5211,0.618,0.576,0.763,0.536,29.1852,177964.59322753776,1.656547054660744,23.166917641607785,1
2911204,32178.0,83.6192,22.7391,910.6,4.4887,14.96,67.877,0.4693,0.632,0.645,0.771,0.508,20.0062,14317.546149543166,140.11085904877189,49.723413512337615,1
2911253,4360.0,68.7615,20.4128,878.17,5.7352,18.29,4.5181,0.3953,0.599,0.566,0.747,0.508,16.6782,11443.119266055046,11.33668927070766,91.74311926605505,1
2911303,10884.0,53.3535,22.8501,715.0,9.7928,16.53,16.0504,0.4391,0.559,0.523,0.743,0.45,27.0397,12258.45277471518,2.850747496166787,18.375597206909227,1
2911402,15524.0,31.0165,20.8902,722.37,2.6204,19.34,23.2618,0.4474,0.593,0.563,0.775,0.479,25.8822,16369.234733316156,9.909300916820982,12.883277505797476,1
2911501,5555.0,71.3951,21.6562,733.31,7.1723,17.98,70.1913,0.3972,0.576,0.543,0.773,0.456,18.6575,13750.49504950495,27.473614449489105,36.003600360036,1
2911600,20605.0,45.62,22.3198,814.42,11.7432,12.6,1.1857,0.4607,0.643,0.594,0.754,0.594,23.159,10765.54234409124,192.844040131776,29.119145838388743,1
2911659,8050.0,30.1739,20.8075,803.95,11.93,19.65,0.4332,0.3919,0.569,0.548,0.77,0.437,20.1939,8515.900621118013,9.222481775574057,0.0,0
2911709,87817.0,83.6364,22.318,1201.16,6.5319,10.83,60.4233,0.5081,0.673,0.663,0.789,0.584,14.1412,18813.828757529864,69.01866286901725,12.52604848719496,1
2911808,19049.0,62.1135,20.2163,822.2,7.4587,25.91,52.7333,0.4131,0.558,0.559,0.766,0.406,19.3945,14662.081999055068,8.700541334536705,20.998477610373246,1
2911857,12309.0,49.8091,23.9906,748.53,7.2782,24.27,10.3371,0.4545,0.563,0.547,0.748,0.437,27.8783,11414.168494597448,39.11729468107758,16.248273620927776,1
2911907,24607.0,79.3189,22.3595,765.53,11.5659,19.27,35.4097,0.4639,0.574,0.588,0.697,0.461,26.6992,9620.555126589994,10.504602567260491,28.447189824033813,1
2912004,10429.0,49.4774,19.7238,917.13,8.709,14.13,0.5098,0.3912,0.611,0.608,0.789,0.476,15.2364,9463.61108447598,21.57989049690238,9.588647041902387,0
2912103,21665.0,92.7671,21.5232,1006.71,9.1786,14.27,69.1956,0.4882,0.625,0.609,0.764,0.524,16.7983,9530.948534502651,93.80696505349572,46.15739672282484,1
2912202,20785.0,65.706,26.0909,808.75,1.2287,10.76,18.4636,0.4037,0.591,0.583,0.731,0.484,16.2174,21313.25475102237,25.42958689920536,33.67813326918451,1
2912301,13934.0,82.0439,20.554,914.5,9.1993,17.26,68.9123,0.4489,0.584,0.586,0.78,0.435,14.7488,14069.255059566529,12.229479593251757,71.76690110521028,1
2912400,16603.0,67.1565,20.9119,713.13,3.0107,14.34,1.0311,0.4564,0.616,0.577,0.744,0.545,26.7782,10699.451906281996,12.013678647301608,18.069023670421007,1
2912509,13863.0,44.4997,23.5447,783.29,5.2621,20.69,1.1777,0.4445,0.584,0.553,0.757,0.475,27.476,8450.335425232633,14.525767179079876,7.213445863088797,0
2912608,3725.0,68.6443,22.5235,655.52,9.9345,18.27,4.8989,0.4516,0.511,0.517,0.771,0.335,32.4832,10013.959731543624,5.334803686385151,26.84563758389261,1
2912707,25344.0,55.1886,25.4143,671.17,7.3546,21.03,50.1854,0.47,0.558,0.561,0.748,0.415,32.1686,11273.871527777776,53.61948445407309,55.23989898989899,1
2912806,8896.0,64.8494,21.549,1036.38,2.0444,14.62,50.4505,0.398,0.614,0.641,0.774,0.467,8.6859,50669.289568345324,11.536795582403276,33.723021582733814,1
2912905,18792.0,83.4451,19.5615,784.17,7.9972,21.8,68.4652,0.4279,0.576,0.571,0.789,0.424,22.1173,11014.846743295018,59.07037711117188,31.928480204342275,1
2913002,14637.0,27.5466,21.8624,771.57,21.397,17.08,8.2973,0.4651,0.585,0.55,0.744,0.49,29.3774,7756.985721117715,7.980907327254823,0.0,0
2913101,16969.0,50.1444,21.0148,699.28,3.0371,14.54,2.099,0.4306,0.602,0.554,0.747,0.527,27.5512,9155.28316341564,29.612605207728,11.786198361718426,0
2913200,26309.0,81.4816,23.1062,804.43,9.3351,12.35,64.9393,0.4917,0.636,0.601,0.78,0.548,27.5558,15780.759435934471,15.119133067795024,45.61176783610171,1
2913309,6190.0,59.9192,22.0355,889.43,14.8066,9.86,4.1878,0.4548,0.631,0.58,0.771,0.562,18.17,9099.51534733441,44.849872478553216,32.31017770597739,1
2913408,15527.0,56.0894,22.0133,811.64,9.938,16.41,44.4535,0.4192,0.614,0.586,0.766,0.516,20.5064,12763.63753461712,18.55995677670915,12.880788304244218,1
2913457,13151.0,34.1115,24.2339,726.44,3.1222,19.18,23.6842,0.3934,0.574,0.565,0.789,0.424,19.8203,16053.37997110486,22.240373948101848,30.41593795148658,1
2913507,21491.0,64.5433,20.9343,794.87,7.0591,22.63,60.1182,0.4716,0.552,0.559,0.786,0.382,24.6931,11451.630915266856,24.98305671901356,23.265553022195338,1
2913606,178649.0,90.5972,21.5658,1298.64,7.2809,8.57,65.3756,0.5505,0.69,0.688,0.808,0.59,15.5303,28913.8702147787,112.460065908955,44.78054733023974,1
2913705,33790.0,48.683,24.0574,739.71,9.0757,19.1,35.1218,0.4444,0.565,0.556,0.757,0.429,24.8355,18511.867416395384,31.221039229111057,38.472920982539215,1
2913804,13709.0,26.2236,24.6043,518.63,19.2389,21.56,2.8523,0.4397,0.55,0.506,0.776,0.424,42.2543,7662.046830549274,36.796263739213295,21.883434240280103,1
2913903,40706.0,92.2419,20.7414,970.31,5.2473,14.43,78.6836,0.4882,0.67,0.687,0.796,0.551,19.1536,13945.167788532402,145.14323204518388,31.936323883456986,1
2914000,56876.0,58.9809,22.6721,765.59,8.9083,20.88,53.6315,0.4837,0.549,0.568,0.748,0.39,27.8916,11675.821084464447,18.315900659521844,22.85674098037837,1
2914109,9935.0,64.8314,21.1877,779.19,20.1209,12.28,43.4244,0.4178,0.59,0.558,0.736,0.499,23.3588,10095.42023150478,9.410282639993936,0.0,0
2914208,6101.0,55.4991,21.7669,772.34,9.0478,20.91,0.9128,0.3911,0.576,0.544,0.776,0.453,19.6689,12779.544336993937,13.290578088953854,0.0,0
2914307,10752.0,46.8843,24.1908,668.6,9.229,15.8,4.3702,0.4334,0.571,0.543,0.74,0.463,26.7741,9540.08556547619,6.294658146553364,27.90178571428571,1
2914406,23879.0,33.0123,25.0597,681.79,9.1,11.98,2.5657,0.4989,0.599,0.548,0.749,0.523,34.0538,37594.70664600696,24.075892650092456,4.187780057791365,0
2914505,28043.0,45.3161,21.9021,858.51,6.7801,13.7,1.3478,0.4437,0.62,0.587,0.809,0.501,19.86,10191.38465927326,104.68493355233689,21.395713725350355,1
2914604,74507.0,95.1468,24.6044,1188.07,7.6165,7.62,28.9035,0.5078,0.691,0.661,0.776,0.643,15.139,20556.350410028583,233.4369340861098,40.26467311796207,1
2914653,28165.0,85.2796,23.8452,910.41,5.1733,18.25,4.7713,0.5093,0.599,0.614,0.751,0.465,23.7488,18249.21001242677,30.451479813258317,71.01011894194922,1
2914703,65073.0,82.223,22.8267,1013.18,7.5271,11.01,70.5484,0.4746,0.62,0.638,0.769,0.485,16.146,15302.214436094848,27.26838446356212,27.66124198976534,1
2914802,186708.0,98.3611,21.2246,1292.99,9.2832,7.69,84.0136,0.537,0.712,0.695,0.807,0.643,16.3266,22499.769693853505,465.5734761662527,19.81704051245796,1
2914901,27704.0,63.637,24.5921,1013.93,3.3994,12.61,48.6134,0.4857,0.583,0.594,0.807,0.413,14.4349,15416.185388391568,38.145855851514256,21.65752237943979,1
2915007,13472.0,63.4798,23.3076,688.07,18.5129,20.26,21.9356,0.393,0.572,0.536,0.719,0.485,21.7019,9398.381828978623,10.115465880575634,74.22802850356294,1
2915106,13803.0,76.5848,22.1256,682.87,5.1789,20.0,61.4359,0.4796,0.543,0.543,0.694,0.426,32.8461,9304.426573933202,44.43678952807441,43.46881112801565,1
2915205,15310.0,72.469,21.0059,934.69,8.4954,17.16,66.5319,0.4339,0.589,0.566,0.77,0.469,16.2208,72019.4644023514,18.87806814846965,45.721750489875895,1
2915304,6347.0,78.8562,20.1197,888.0,10.673,20.47,77.0576,0.4422,0.634,0.602,0.821,0.516,16.7956,20084.76445564834,7.23882299270073,31.510950055144164,1
2915353,12311.0,31.2079,22.7033,658.64,14.0021,16.54,6.409,0.4064,0.562,0.55,0.74,0.435,26.3064,12399.155227032736,2.856222788625593,16.2456339858663,1
2915403,6037.0,82.5576,22.7596,793.34,6.0482,16.69,79.0598,0.4138,0.592,0.57,0.724,0.502,18.1969,14819.943680636075,4.9270089374979085,0.0,0
2915502,18781.0,82.9296,20.6539,829.36,11.8147,18.86,66.2666,0.4484,0.599,0.609,0.759,0.466,20.9579,13597.199297162026,69.3660619312138,21.29812044087109,1
2915601,59605.0,81.0502,22.4411,997.27,5.0266,14.33,75.1966,0.4444,0.627,0.641,0.767,0.502,13.074,18619.008472443587,25.250107600492083,68.78617565640467,1
2915700,7051.0,76.5423,21.2878,782.5,8.9312,22.32,37.0254,0.4281,0.578,0.595,0.713,0.454,21.6707,14656.502623741311,49.14308017201123,56.72954190894909,1
2915809,24394.0,84.1969,22.4399,812.81,8.6279,18.63,80.2472,0.4147,0.578,0.589,0.75,0.436,16.9522,12074.034598671804,15.896257921574376,28.6955808805444,1
2915908,5914.0,60.7372,24.7886,658.79,4.9111,15.42,7.8782,0.4272,0.584,0.577,0.796,0.433,27.6124,13836.489685492052,11.08250223936256,67.63611768684477,1
2916005,17813.0,70.5159,19.2781,951.09,9.9268,17.52,68.5865,0.4341,0.637,0.624,0.79,0.525,15.2859,16472.74462471229,12.776740923299387,39.29714253634986,1
2916104,19789.0,100.0,21.2896,857.63,12.1597,7.0,52.2398,0.4939,0.67,0.657,0.826,0.553,25.3331,12469.806458133306,163.04285137551184,50.53312446308556,1
2916203,10341.0,80.1567,21.2842,833.82,11.7098,17.37,73.5128,0.431,0.599,0.574,0.761,0.491,18.3458,10282.66125132966,22.82056035167629,29.010733971569483,1
2916302,9174.0,79.2675,21.3538,811.95,5.034,25.31,1.571,0.4228,0.572,0.568,0.718,0.458,17.6445,36581.752779594506,8.890577286677994,10.900370612600828,0
2916401,65897.0,97.0059,22.2104,982.63,5.2237,10.78,94.0269,0.465,0.667,0.667,0.79,0.562,15.5499,22249.404373491965,39.90956649817885,22.76279648542422,1
2916500,31679.0,39.9634,23.817,662.46,8.2588,27.11,23.4635,0.4686,0.486,0.505,0.711,0.319,32.5784,13847.0279996212,20.337231211701983,28.409987689005337,1
2916609,10279.0,62.0586,22.1714,655.6,8.9407,21.0,82.926,0.3818,0.571,0.536,0.764,0.454,21.6955,9204.397314913902,24.43523675721421,19.45714563673509,1
2916708,8153.0,62.0508,21.2314,636.45,19.6011,20.45,52.7568,0.4652,0.553,0.539,0.763,0.411,33.1044,12348.705997792224,23.69417570249903,24.53084754078253,1
2916807,17052.0,86.0544,20.7542,823.97,5.6264,16.22,79.6178,0.4279,0.61,0.608,0.766,0.487,16.8838,19397.84189537884,10.186203464814527,5.864414731409805,0
2916856,15737.0,76.0628,23.8737,715.27,10.4331,15.01,1.9307,0.4333,0.582,0.55,0.782,0.459,23.9484,27347.588485734257,28.742854011798872,82.6078668107009,1
2916906,10999.0,79.2618,21.311,833.85,8.0378,18.06,39.7936,0.4461,0.6,0.588,0.762,0.482,19.664,10960.632784798618,34.13262662028345,0.0,0
2917003,33872.0,38.4624,23.9313,702.63,11.8871,18.23,25.0269,0.5031,0.544,0.521,0.775,0.398,34.4291,10376.712328767124,20.52110968603405,11.809163911195087,0
2917102,16617.0,92.5859,20.804,900.14,6.3364,17.68,86.0709,0.462,0.594,0.598,0.739,0.474,19.193,15087.86182824818,52.94753042164932,24.07173376662454,1
2917201,17914.0,42.2463,22.0219,774.57,2.7846,20.12,6.9133,0.4678,0.57,0.565,0.77,0.425,26.4586,14321.424584124148,14.936125011881195,0.0,0
2917300,21902.0,73.943,22.1898,826.22,6.5079,14.61,47.5059,0.478,0.606,0.601,0.769,0.482,24.1485,16773.21705780294,52.7215305660668,13.69737923477308,1
2917334,11118.0,70.948,25.0765,634.79,17.9405,18.9,44.1302,0.4076,0.591,0.553,0.74,0.504,27.092,11989.476524554775,7.253851528965495,35.97769382982551,1
2917359,9275.0,38.5876,20.0863,648.51,3.647,17.8,32.5453,0.4693,0.613,0.572,0.791,0.508,36.9511,144924.63611859837,0.9316820411782368,10.78167115902965,0
2917409,14436.0,37.8429,20.532,842.61,7.4547,18.86,16.517,0.4308,0.593,0.573,0.741,0.49,20.0263,8501.939595455806,10.834421578781464,0.0,0
2917508,82590.0,85.2077,22.4579,1083.02,7.036,11.01,58.9931,0.4869,0.649,0.636,0.772,0.558,16.5987,22598.159583484685,37.66237023491669,46.01041288291561,1
2917607,45964.0,82.247,23.1551,791.77,5.3405,18.83,45.6048,0.4548,0.58,0.586,0.747,0.446,24.2737,14744.843790792796,49.71703990862206,30.4586197894004,1
2917706,32703.0,72.027,21.7839,882.99,4.5729,15.42,59.6155,0.4954,0.659,0.644,0.806,0.551,25.6982,36611.77873589579,13.2615087779485,24.462587530196007,1
2917805,17659.0,40.7554,22.7646,627.54,6.5801,18.25,6.4263,0.4955,0.556,0.552,0.763,0.407,37.6658,11710.515884251656,20.452292268920026,50.96551333597599,1
2917904,9285.0,63.6187,25.0835,657.5,9.3261,14.69,2.4847,0.4739,0.55,0.511,0.749,0.435,30.9616,18105.11577813678,14.490333535173196,10.770059235325794,0
2918001,158813.0,92.5844,21.7715,1013.69,7.1242,10.94,83.3878,0.5107,0.665,0.656,0.79,0.568,20.5356,19995.88824592445,53.489698181802254,64.22648019998363,1
2918100,37626.0,52.4265,23.3615,764.11,8.5743,24.93,34.3068,0.4665,0.547,0.561,0.689,0.424,26.0977,13319.75229894222,8.816896497424246,29.23510338595652,1
2918209,13629.0,46.8853,22.0486,750.18,4.0701,17.85,31.5669,0.4506,0.553,0.558,0.763,0.397,26.7764,11022.45212414704,57.10634375261879,44.02377283733216,1
2918308,14355.0,71.2713,21.9366,770.22,4.7752,21.82,48.5647,0.4253,0.575,0.563,0.704,0.479,21.3241,12225.774991292232,54.779622209502,6.966213862765588,0
2918357,24854.0,76.708,24.318,751.74,5.0138,13.46,1.903,0.4474,0.593,0.573,0.709,0.513,24.8792,11941.417880421664,27.21465347141772,24.14098334272149,1
2918407,237821.0,85.2124,25.2434,1047.97,6.5976,8.64,78.0941,0.506,0.677,0.657,0.796,0.594,17.4595,21792.38166520198,35.383516456866495,62.6521627610682,1
2918456,9655.0,46.8255,20.9632,827.44,2.0828,25.74,35.1243,0.441,0.541,0.508,0.751,0.415,21.5656,13216.468151216986,6.6236478291174326,0.0,0
2918506,16354.0,61.7341,22.386,656.54,5.7581,18.76,0.8273,0.4443,0.571,0.544,0.72,0.476,32.97,6943.377766907179,12.067831929945475,6.114711997064939,0
2918555,5888.0,73.6413,21.0088,788.28,6.8542,17.31,66.7788,0.3767,0.567,0.577,0.699,0.451,17.5611,12130.77445652174,17.88632704517148,67.93478260869566,1
2918605,7379.0,43.0546,17.997,757.64,11.4862,15.73,17.726,0.3728,0.602,0.6,0.736,0.493,20.0298,9301.666892532863,12.511805589702982,27.10394362379726,1
2918704,4075.0,59.1411,18.5767,794.63,1.7291,24.6,51.2789,0.3742,0.599,0.576,0.771,0.483,18.8068,13552.883435582822,8.180923892312943,0.0,0
2918753,14105.0,26.558,24.0766,635.69,15.4568,21.05,0.2515,0.4047,0.545,0.535,0.764,0.395,28.9808,8470.755051400212,15.46224493599146,0.0,0
2918803,21052.0,35.0086,22.3827,672.28,4.225,20.2,21.627,0.4697,0.586,0.548,0.764,0.48,32.6917,13883.431502945088,46.79948603262537,33.2509975299259,1
2918902,3845.0,63.0169,18.6736,939.41,2.0181,16.59,25.4374,0.4442,0.632,0.652,0.778,0.497,16.2809,29369.31079323797,6.158375149955234,26.00780234070221,1
2919009,3527.0,37.2271,20.8109,672.38,11.4061,19.56,29.3103,0.4393,0.546,0.522,0.753,0.413,31.6222,17275.021264530762,4.165446282631494,0.0,0
2919058,7494.0,64.3181,21.7107,772.77,3.447,18.2,0.5495,0.4082,0.584,0.545,0.764,0.479,20.4964,10443.955164131305,19.569849792132366,0.0,0
2919108,9015.0,24.9251,22.9839,697.73,18.0795,22.29,16.6401,0.4255,0.518,0.501,0.747,0.372,27.6539,7209.317803660566,47.63313765791852,44.37049362174154,1
2919157,25736.0,63.926,23.6128,703.21,5.5901,15.05,16.7908,0.461,0.596,0.55,0.755,0.51,27.9041,11741.684799502642,40.03222986488967,34.970469381411256,1
2919207,203331.0,99.9744,21.3037,1879.69,8.9522,3.63,72.8268,0.5677,0.754,0.781,0.827,0.663,12.1203,36014.12475225126,3509.2161126643887,24.590446119873505,1
2919306,10774.0,79.7104,24.2064,1042.72,3.6918,9.12,47.5121,0.499,0.623,0.613,0.775,0.51,15.6653,15801.744941525896,8.397636751936897,37.12641544458883,1
2919405,11834.0,53.8956,19.6468,846.36,5.6965,15.32,1.0962,0.4226,0.621,0.582,0.775,0.531,16.9174,13279.111035997972,13.81466357546934,16.900456312320433,1
2919504,43903.0,54.2173,21.2491,884.92,2.8904,16.45,33.739,0.4947,0.611,0.587,0.793,0.491,22.8408,13090.06218253878,22.48541620785553,4.555497346422796,0
2919553,107909.0,97.1819,28.0255,1644.88,5.2534,4.24,65.2028,0.5127,0.716,0.754,0.826,0.59,7.2961,81857.66710839688,26.7562434292742,36.1415637249905,1
2919603,10454.0,63.4303,21.4846,673.31,8.2995,19.29,39.1909,0.4535,0.524,0.515,0.78,0.358,31.9878,8672.852496652,14.90934451082546,19.13143294432753,1
2919702,21599.0,75.6748,21.8853,667.69,20.1107,22.69,83.3679,0.4259,0.605,0.607,0.782,0.466,27.3761,10503.819621278762,17.848849604910644,37.03875179406454,1
2919801,41859.0,46.702,23.0966,799.52,11.3047,18.99,27.0255,0.4898,0.609,0.557,0.791,0.513,28.7523,10285.67333189995,17.022067405093406,7.166917508779473,0
2919900,7256.0,36.9901,23.043,659.19,2.4575,20.57,35.5501,0.4362,0.604,0.547,0.748,0.539,32.2354,9296.444321940464,2.850121923628045,0.0,0
2919926,18504.0,100.0,21.6926,1046.58,18.7439,4.63,91.5547,0.4928,0.708,0.67,0.794,0.667,20.9048,27872.514051016,560.1840639379996,10.808473843493298,0
2919959,6973.0,48.0568,20.6941,748.52,11.2607,23.12,38.3764,0.3811,0.538,0.565,0.751,0.368,20.8435,7174.960562168364,11.341272603662128,0.0,0
2920007,8731.0,80.4032,23.0443,859.88,5.685,15.9,73.18,0.4308,0.576,0.586,0.69,0.472,18.1276,23475.43236742641,14.841143164082087,11.453441759248657,0
2920106,17674.0,64.7278,21.7268,708.57,15.9688,18.99,48.0947,0.444,0.572,0.575,0.744,0.438,30.5727,8976.406020142582,19.49309568976927,28.290143713930068,1
2920205,15398.0,55.1175,24.3733,586.1,11.1512,18.37,0.6028,0.4358,0.562,0.532,0.734,0.454,35.085,12206.45538381608,7.809773832033564,0.0,0
2920304,8670.0,40.8189,21.7993,743.95,7.4504,19.21,12.2449,0.4171,0.578,0.549,0.747,0.471,25.9674,9285.005767012688,15.747888475161204,0.0,0
2920403,13860.0,55.1154,22.0491,672.33,13.9486,20.49,0.4767,0.4482,0.566,0.538,0.741,0.456,32.0956,10081.746031746032,6.294952592557603,14.43001443001443,1
2920452,13919.0,41.9283,24.9946,611.87,22.8777,10.93,0.308,0.4695,0.599,0.503,0.752,0.568,34.7516,6727.135570084058,4.447550284574199,0.0,0
2920502,27620.0,78.8559,22.5742,858.28,7.8344,16.86,2.4449,0.4685,0.607,0.577,0.747,0.519,22.5812,23746.01737871108,11.445051734783096,18.102824040550324,1
2920601,35859.0,59.5109,22.2678,649.73,6.4204,14.83,42.8704,0.4526,0.621,0.582,0.793,0.518,32.6776,11216.598343512089,81.9428258037979,22.3096014947433,1
2920700,24527.0,49.3456,24.8135,1029.95,2.7855,13.18,9.2424,0.4913,0.593,0.643,0.801,0.404,19.8639,14002.323969502995,28.893195191339228,12.231418436824722,1
2920809,9267.0,55.9189,22.8769,762.8,11.3197,18.85,0.4009,0.4597,0.561,0.518,0.737,0.463,25.3678,10172.979389230602,8.43004030809173,0.0,0
2920908,13544.0,82.2504,22.9031,677.4,8.003,22.65,57.3483,0.4296,0.581,0.567,0.744,0.464,26.6096,11910.956881275844,18.23645999396786,44.30005906674542,1
2921005,42566.0,81.9057,22.6401,894.54,8.297,8.72,47.7325,0.4643,0.668,0.648,0.818,0.562,20.0757,30718.578207959403,70.33749305977844,98.67030023962788,1
2921054,10330.0,38.4608,24.5789,731.93,9.6257,22.73,0.1858,0.4289,0.572,0.538,0.74,0.469,25.3172,8871.829622458858,13.35867990895924,9.68054211035818,0
2921104,22194.0,78.8186,20.7804,928.63,5.2188,18.25,48.7957,0.4709,0.625,0.626,0.777,0.501,19.2991,23171.307560601963,16.91952438709225,9.011444534558889,0
2921203,24661.0,60.399,20.4412,738.57,8.7372,15.0,44.0714,0.4953,0.586,0.571,0.745,0.472,31.6961,11060.013786951056,15.416285338494392,56.76979846721544,1
2921302,11071.0,81.6367,23.0151,752.9,7.4791,16.45,3.0858,0.4604,0.622,0.59,0.789,0.518,26.3571,13008.85195555957,26.33713724286737,27.097823141540964,1
2921401,15734.0,47.9281,22.6007,610.87,8.2526,20.5,18.49,0.4536,0.542,0.512,0.685,0.454,37.2766,8981.44146434473,8.98173170344644,19.066988686920045,1
2921450,10187.0,21.3409,22.1164,627.62,14.489,22.53,14.4722,0.4275,0.527,0.524,0.722,0.386,33.8667,7708.746441543143,8.685598719711884,0.0,0
2921500,47780.0,26.2537,22.4885,644.1,14.0466,26.85,4.1272,0.4686,0.506,0.515,0.699,0.359,36.1061,9618.8154039347,15.747164735842794,10.464629552113855,0
2921609,7996.0,66.6833,21.1356,615.4,7.8832,19.55,30.3326,0.4599,0.558,0.536,0.732,0.444,38.5766,9826.913456728364,3.8187625604621487,62.53126563281641,1
2921708,33594.0,65.2706,22.1111,858.19,8.6043,15.7,40.0858,0.503,0.588,0.554,0.766,0.478,24.4302,18647.49657676966,5.847551135611002,5.9534440673929865,0
2921807,11143.0,53.3788,17.4818,704.83,9.6002,14.03,4.8425,0.454,0.618,0.598,0.771,0.513,29.8573,9565.377366956836,21.0956165493531,8.974243919949744,0
2921906,12137.0,42.5723,22.7321,1009.75,3.0095,12.97,34.477,0.4863,0.606,0.589,0.787,0.48,15.1515,63853.01145258301,4.928352707142477,0.0,0
2922003,37977.0,81.2176,22.748,1134.46,4.1431,12.19,36.3337,0.4769,0.665,0.679,0.801,0.541,13.7102,58296.57424230455,21.244376620165514,73.728835874345,1
2922052,13152.0,47.0651,26.247,619.03,4.9053,13.11,0.6219,0.4395,0.566,0.517,0.753,0.466,32.5654,16176.55109489051,20.33958068172856,15.206812652068129,1
2922102,17305.0,71.2453,21.9301,747.97,5.8093,15.56,23.9397,0.4681,0.59,0.606,0.791,0.429,26.9918,11498.699797746316,11.598603207796298,17.33603004911875,1
2922201,7190.0,53.5466,19.5271,816.8,5.2322,14.59,27.4269,0.3958,0.617,0.581,0.761,0.531,16.3163,9285.118219749653,68.77750143485747,0.0,0
2922250,10443.0,40.0172,25.6535,658.83,14.5833,17.19,9.5309,0.4396,0.665,0.654,0.808,0.56,28.2786,20135.210188643112,2.7109810698601366,9.575792396820836,0
2922300,28707.0,66.7154,21.6289,936.11,12.6358,10.27,43.4491,0.4489,0.66,0.629,0.796,0.573,20.3428,9632.563486257708,332.59569932338496,20.900825582610512,1
2922409,20037.0,50.5814,21.8895,713.0,5.6361,15.89,46.9437,0.4623,0.601,0.618,0.751,0.467,31.0895,23494.4352947048,72.6362496103011,19.963068323601338,1
2922508,27060.0,80.595,21.541,829.76,5.4998,13.79,53.4497,0.4716,0.641,0.637,0.777,0.532,25.4141,12209.866962305989,97.1183904044446,18.477457501847745,1
2922607,12063.0,45.1049,22.0841,700.48,8.7081,20.69,21.4818,0.4534,0.547,0.531,0.762,0.404,29.8946,15405.952084887673,31.01538556472016,74.60830639144491,1
2922656,18523.0,35.3183,24.5155,571.72,14.3984,22.67,1.766,0.4077,0.56,0.507,0.743,0.467,33.0549,8675.91642822437,39.799573276723386,10.797387032338174,0
2922706,13715.0,49.3256,20.8822,828.75,8.0761,21.71,48.6486,0.4184,0.545,0.554,0.789,0.37,18.4923,12687.641268683925,17.04537686874625,21.873860736419974,1
2922730,7967.0,72.8882,20.1456,865.88,6.6146,15.55,69.5609,0.3809,0.597,0.575,0.738,0.501,13.8156,11938.747332747584,22.973954969087387,37.65532822894439,1
2922755,6501.0,48.8079,20.4892,776.2,1.8444,19.6,46.8971,0.3985,0.57,0.62,0.714,0.419,16.3866,15664.513151822795,31.993425132137126,15.382248884786955,1
2922805,7780.0,79.3316,24.6144,639.57,10.9284,19.18,2.3684,0.4379,0.524,0.508,0.729,0.389,30.7207,9412.724935732647,16.36582025785633,25.706940874035983,1
2922854,7538.0,65.455,24.1576,678.6,29.9399,17.77,2.4187,0.4175,0.567,0.534,0.723,0.471,27.7674,10013.531440700452,13.33319182957287,26.53223666755107,1
2922904,24236.0,45.8079,23.0979,676.56,7.4231,21.27,1.5763,0.4969,0.555,0.548,0.712,0.439,36.9736,11197.598613632612,25.06326312599988,41.2609341475491,1
2923001,39509.0,89.4353,23.2048,905.71,4.8186,12.74,19.1343,0.4828,0.654,0.657,0.78,0.546,21.4492,14575.894100078463,30.01339279949012,30.37282644460756,1
2923035,11162.0,39.8047,22.8275,637.13,7.6789,12.07,0.1317,0.4181,0.597,0.558,0.757,0.503,31.4224,9417.39831571403,17.78804780876494,0.0,0
2923050,10660.0,62.6642,23.5929,657.33,17.7533,18.69,65.1134,0.4968,0.554,0.513,0.769,0.43,34.866,9741.08818011257,35.63727538654409,18.76172607879925,1
2923100,22633.0,50.7312,22.8251,659.41,11.2777,20.66,46.9076,0.4432,0.559,0.534,0.81,0.403,31.9621,10688.154464719655,35.51293940064364,44.1832722131401,1
2923209,20715.0,40.0676,21.9937,719.07,12.8047,11.86,5.9495,0.4791,0.554,0.533,0.747,0.427,30.7072,14085.348781076516,6.251852316852266,14.48225923244026,1
2923308,7716.0,45.2307,20.8528,721.96,9.711,16.85,12.0014,0.4078,0.607,0.572,0.779,0.503,22.0969,10442.198030067391,49.15213209157738,0.0,0
2923357,19243.0,60.448,23.4475,583.09,17.6429,22.91,15.6721,0.41,0.56,0.547,0.701,0.459,31.0237,14540.144468118277,12.4551129199709,31.180169412253804,1
2923407,20078.0,49.8904,21.4613,776.26,7.3609,20.68,0.7825,0.4484,0.586,0.561,0.777,0.462,26.2035,11852.425540392467,7.84288603206138,0.0,0
2923506,10339.0,65.693,23.3195,932.17,6.3706,8.09,31.2361,0.5238,0.643,0.608,0.782,0.56,24.4189,10423.832092078535,14.013339712685196,19.34423058322855,1
2923605,20351.0,62.1198,21.0604,985.08,5.9104,16.61,27.832,0.4497,0.615,0.604,0.776,0.496,15.7312,13292.81116407056,18.721120525895053,0.0,0
2923704,29252.0,41.8809,22.7574,652.63,8.2753,18.02,1.0879,0.4377,0.59,0.519,0.774,0.51,30.3774,8898.605223574457,11.143627538001931,6.837139340899768,0
2923803,26604.0,40.8698,23.3536,777.04,9.7008,20.59,21.7094,0.4822,0.577,0.567,0.717,0.472,29.581,17073.710720192452,60.16472706055823,18.79416629078334,1
2923902,9370.0,67.5774,22.7215,791.71,8.6621,18.85,64.1469,0.4451,0.583,0.58,0.727,0.47,22.1605,11280.042689434364,14.96073804178788,64.03415154749199,1
2924009,112870.0,87.3474,22.7979,1059.84,8.0561,10.74,82.4452,0.5128,0.674,0.678,0.789,0.572,21.1037,35126.5083724639,73.08396594638135,35.43900062018251,1
2924058,13243.0,52.8128,20.7279,757.86,8.8798,18.0,13.8171,0.4045,0.587,0.558,0.779,0.465,22.1617,9912.255531224042,22.191091725301668,30.204636411689197,1
2924108,6235.0,32.1251,22.7426,706.81,5.4236,14.15,5.0308,0.3998,0.588,0.534,0.775,0.49,23.2398,8376.90457097033,39.34051789409924,16.038492381716118,1
2924207,13954.0,35.6242,25.5267,609.45,9.2962,31.9,7.4836,0.4384,0.513,0.489,0.778,0.354,34.5461,8545.435000716641,15.686195159020292,14.332807797047442,1
2924306,20086.0,53.8086,21.4079,790.79,7.7445,16.48,3.4994,0.4552,0.571,0.543,0.769,0.447,24.809,12077.516678283382,11.000867538294369,4.978592054167081,0
2924405,35357.0,36.9008,23.7124,514.71,8.4087,24.45,19.0716,0.4737,0.506,0.514,0.737,0.343,47.5711,8234.041349662019,3.0485596747559223,25.454648301609296,1
2924504,14731.0,30.2084,20.3041,780.64,9.0207,18.75,0.3786,0.4066,0.603,0.566,0.777,0.498,22.5122,20124.159934831307,23.439501391476742,6.788405403570701,0
2924603,19083.0,72.8135,23.1096,693.36,11.1821,17.08,35.597,0.4371,0.577,0.527,0.757,0.482,29.7931,8218.62390609443,38.48581714043703,31.441597233139447,1
2924652,10325.0,63.1864,23.7094,819.37,10.7851,20.26,47.9529,0.4122,0.612,0.572,0.765,0.525,19.5989,10577.820823244552,15.954717960762984,29.055690072639223,1
2924678,10974.0,39.8578,25.6789,576.78,2.7342,20.88,30.0186,0.5309,0.533,0.546,0.762,0.363,42.5551,10651.631128121013,56.73458203870194,18.22489520685256,1
2924702,9152.0,55.7146,18.8702,716.89,15.8915,21.63,4.6097,0.4271,0.575,0.547,0.768,0.453,26.2622,8662.91520979021,18.144509759216486,10.926573426573428,0
2924801,17566.0,68.8204,21.3139,741.19,8.917,15.36,36.2061,0.4762,0.578,0.566,0.76,0.449,31.1674,10686.382784925425,17.918492586154837,17.078446999886143,1
2924900,8022.0,47.2451,20.6058,696.59,5.3214,23.55,0.8898,0.4048,0.572,0.573,0.708,0.462,27.5699,9864.871603091498,8.396008599053435,0.0,0
2925006,23334.0,67.1767,21.9851,768.89,8.9401,19.91,0.421,0.4067,0.56,0.557,0.738,0.428,20.3137,13272.135081854804,30.343302990897268,47.1415102425645,1
2925105,48293.0,77.3487,23.0924,793.11,11.7314,18.39,67.5541,0.4561,0.604,0.583,0.798,0.474,24.484,11863.914024806909,51.49303463755058,12.424160851469155,1
2925204,32136.0,88.9252,21.4837,981.96,13.396,6.56,80.022,0.4771,0.666,0.645,0.819,0.559,19.5459,57357.94747323874,102.04107553376602,62.23549912870301,1
2925253,17938.0,70.1695,23.5032,629.55,18.4178,17.36,3.1419,0.4669,0.58,0.539,0.762,0.475,35.1535,7941.242055970565,33.83615364156464,39.02330248634184,1
2925303,168326.0,90.0152,25.4566,1293.05,4.1265,7.69,59.3635,0.5119,0.676,0.673,0.801,0.572,12.1157,22426.73740242149,73.64198983783766,31.486520204840605,1
2925402,10274.0,91.7754,22.8343,857.35,6.8758,14.81,76.1976,0.3839,0.625,0.595,0.754,0.545,11.4658,11182.596846408407,9.242807676010532,19.466614755693985,1
2925501,35003.0,66.3772,23.6465,985.7,3.7599,14.27,5.6146,0.4768,0.621,0.616,0.784,0.497,16.5798,17867.125674942148,20.68612966136753,68.56555152415507,1
2925600,15130.0,61.7118,21.2624,752.48,5.5675,14.43,1.7774,0.4384,0.614,0.572,0.73,0.553,25.8154,8728.222075346992,65.19753171538886,6.609385327164574,0
2925709,12621.0,40.5673,20.7353,670.52,22.333,23.64,18.6272,0.4126,0.542,0.533,0.772,0.386,30.3146,7941.922193170113,10.4429547083072,7.923302432453847,0
2925758,27734.0,56.0864,25.0054,813.19,5.9623,18.0,27.3772,0.4772,0.559,0.566,0.727,0.424,24.5815,12186.990697339006,62.77216966185325,72.11365111415591,1
2925808,25988.0,52.7667,22.8028,662.08,28.8345,15.92,33.5474,0.4693,0.592,0.55,0.764,0.493,33.0345,9912.07480375558,12.92253836285342,19.239649068800983,1
2925907,25272.0,35.1575,22.519,698.98,6.4443,27.54,8.2023,0.4655,0.544,0.539,0.689,0.434,31.6221,9010.28806584362,18.302459881894386,3.9569484013928458,0
2925931,9461.0,51.7916,21.3931,666.94,7.0539,17.91,0.4709,0.4242,0.578,0.547,0.753,0.469,31.4609,8136.560617270901,25.822422738798046,31.70912165733009,1
2925956,19662.0,34.8439,23.1716,562.9,30.6032,23.43,20.0181,0.4421,0.564,0.538,0.768,0.435,37.9813,20170.531990641848,18.029401624131637,10.171905197843556,0
2926004,40586.0,66.1287,22.5373,802.97,8.3679,17.81,54.2476,0.4907,0.579,0.569,0.757,0.451,28.7587,11977.208889764945,8.874156691640218,24.63903809195289,1
2926103,13651.0,52.758,21.1853,765.41,4.8681,12.42,28.8187,0.4191,0.636,0.579,0.773,0.574,22.6972,10966.52259907699,56.33250663354365,58.60376529192,1
2926202,21642.0,50.9056,22.0128,697.01,2.0729,20.41,0.7812,0.4146,0.578,0.527,0.779,0.471,25.324,71151.41853802791,3.62554769776381,9.24129008409574,0
2926301,33386.0,74.7469,21.1346,934.18,7.9699,13.72,59.5505,0.465,0.628,0.588,0.755,0.559,17.9968,12266.42904211346,28.895145397470525,38.9384772060145,1
2926400,30711.0,44.1894,22.5294,720.89,7.4608,19.87,0.7524,0.4727,0.615,0.572,0.764,0.532,31.8182,10343.036696948977,9.645690250569348,9.76848686138517,0
2926509,13841.0,40.8858,23.9578,643.57,14.0219,28.2,3.8246,0.4439,0.512,0.503,0.694,0.384,31.4155,13894.299544830576,20.78109657406935,7.224911494834188,0
2926608,54010.0,63.6197,23.5049,869.51,9.0437,16.6,23.5248,0.4976,0.601,0.599,0.704,0.515,25.8161,13247.768931679318,43.97757233378334,7.406035919274208,0
2926657,9740.0,44.0144,22.5462,677.52,3.8042,26.31,23.9722,0.4012,0.54,0.566,0.759,0.366,23.9387,11391.581108829569,7.142333357776637,10.26694045174538,0
2926707,13184.0,50.2503,18.9093,888.97,5.0123,15.97,29.1703,0.4619,0.605,0.58,0.767,0.498,22.3437,11819.705703883496,11.821543471789337,0.0,0
2926806,13146.0,45.8999,21.284,723.78,5.2402,20.69,24.2181,0.4292,0.576,0.555,0.74,0.465,27.5676,8787.08352350525,16.899257491927024,0.0,0
2926905,10497.0,51.6624,20.6916,739.04,3.8992,16.29,5.2241,0.4557,0.594,0.568,0.767,0.481,28.51,9558.254739449369,15.996086696138356,9.52653138992093,0
2927002,35362.0,69.7868,23.2877,749.58,7.0493,15.62,3.0936,0.4882,0.572,0.568,0.729,0.452,28.3385,29153.1870369323,47.801020580581934,42.41841524800633,1
2927101,10308.0,79.2394,25.8052,697.59,4.1188,12.8,71.0535,0.458,0.632,0.566,0.79,0.564,28.6868,13909.87582460225,4.670257104268428,77.60962359332557,1
2927200,28282.0,78.2936,23.2409,819.06,9.8419,15.87,63.508,0.4641,0.61,0.583,0.77,0.505,21.7368,13868.821158333923,14.199416399065758,21.21490700799095,1
2927309,14987.0,96.8172,21.4386,675.29,11.4999,6.77,23.0957,0.4877,0.617,0.575,0.729,0.561,33.9941,13434.643357576566,99.53576101322318,13.34489891239074,1
2927408,2417678.0,100.0,20.735,1770.35,9.6994,3.31,94.9722,0.6042,0.759,0.772,0.835,0.679,16.2115,26050.336728050635,3490.7831340087696,46.904509202631615,1
2927507,20952.0,45.967,24.0598,722.28,13.8696,15.93,9.3806,0.4286,0.583,0.554,0.775,0.462,23.2152,8611.779305078275,60.37674953388988,42.955326460481096,1
2927606,14965.0,34.6074,22.8333,578.63,10.6351,25.7,31.91,0.4419,0.546,0.533,0.71,0.431,37.3972,7968.326094219847,16.01457952766354,26.72903441363181,1
2927705,29185.0,79.51,22.772,1012.34,6.1057,10.91,36.7548,0.4599,0.654,0.624,0.784,0.571,14.837,18835.463422991263,19.94952636536513,65.10193592598938,1
2927804,4681.0,88.2504,20.5725,739.82,5.0124,21.21,75.1182,0.3673,0.61,0.573,0.786,0.504,18.6775,15203.80260628071,16.477578735792004,64.0888698995941,1
2927903,10300.0,88.068,21.233,883.2,11.5282,18.65,77.4785,0.4577,0.574,0.571,0.704,0.47,17.3616,7386.893203883495,27.50150190240972,58.25242718446602,1
2928000,37834.0,64.0482,23.4339,750.53,9.6635,15.43,53.7765,0.4358,0.598,0.559,0.764,0.5,24.0717,13792.831844372786,23.30476240340757,15.858751387640746,1
2928059,13896.0,60.154,21.7329,769.97,7.2622,20.28,51.6129,0.4312,0.556,0.564,0.768,0.396,22.2271,8936.88831318365,16.854402751818434,28.78526194588371,1
2928109,38604.0,63.983,22.148,954.86,7.6968,16.33,19.8536,0.4903,0.614,0.592,0.758,0.516,19.9408,15544.632680551238,19.448740748950836,31.084861672365555,1
2928208,24755.0,56.2755,21.8946,777.82,7.7999,15.26,5.2638,0.4817,0.608,0.585,0.776,0.496,26.0338,13874.813169056755,12.96512483548092,4.039587962027873,0
2928307,8716.0,23.497,22.212,741.39,5.4742,16.35,1.6815,0.4529,0.592,0.561,0.746,0.496,26.3424,7893.529141808169,39.140314164339024,22.946305644791188,1
2928406,27390.0,64.3191,22.3476,771.05,11.1669,14.35,12.1537,0.4948,0.605,0.564,0.766,0.513,29.6373,10432.128514056223,4.541918726020817,18.254837531945967,1
2928505,10441.0,28.5892,21.7508,708.89,8.6246,19.97,9.245,0.4619,0.665,0.654,0.808,0.56,29.6453,9702.997797145868,14.51636897520636,47.88813332056316,1
2928604,56012.0,76.9942,20.5759,787.73,11.9964,10.15,58.3958,0.4809,0.646,0.626,0.772,0.559,26.8513,20308.13040062844,113.26951154899272,67.84260515603799,1
2928703,103055.0,89.4765,23.0459,1214.78,8.3124,7.15,73.581,0.5037,0.7,0.677,0.815,0.622,12.57,23768.686623647565,393.7304195002674,70.83596137984571,1
2928802,52276.0,65.9614,23.5634,816.54,8.888,14.42,19.2544,0.4352,0.626,0.611,0.808,0.498,19.9831,17474.041625219987,145.07651234687816,49.73601652766088,1
2928901,32828.0,52.1232,25.8164,921.65,9.8539,16.18,1.1015,0.4548,0.579,0.584,0.742,0.449,19.4653,178086.51151456073,2.165616348015365,24.369440721335444,1
2928950,8426.0,71.5642,20.2706,842.87,3.4209,15.74,73.6826,0.3577,0.64,0.601,0.757,0.575,13.9568,10483.384761452646,29.05887992605953,47.47211013529552,1
2929008,11026.0,64.5293,21.6307,759.68,12.8278,11.58,60.5852,0.431,0.639,0.582,0.769,0.583,22.3654,15660.166878287684,106.8141747234224,54.41683294032287,1
2929057,15194.0,75.4903,23.1868,965.83,6.5569,12.83,4.041,0.4894,0.639,0.601,0.784,0.555,17.9423,15664.670264578122,8.674003280296358,32.907726734237194,1
2929107,20283.0,55.0609,20.9387,792.48,3.186,15.8,16.5668,0.4252,0.616,0.565,0.787,0.525,21.3895,10451.560420056205,91.19766913811164,4.930237144406646,0
2929206,38733.0,93.4423,23.3315,794.44,15.0342,8.1,55.5825,0.5025,0.674,0.641,0.812,0.587,28.9766,338085.5342989182,143.5959604947059,18.07244468541037,1
2929255,18600.0,63.0161,22.8065,689.5,13.583,12.8,1.7787,0.4706,0.592,0.55,0.704,0.537,31.681,8210.053763440861,16.22960174651456,16.129032258064516,1
2929305,39513.0,72.9228,22.5318,898.41,12.4073,9.73,13.1976,0.458,0.627,0.636,0.752,0.516,17.6186,29268.13959962544,134.04779351897088,48.08544023485941,1
2929354,5315.0,85.4186,21.0348,764.56,1.5258,20.62,75.4488,0.3934,0.546,0.553,0.686,0.429,19.6311,12625.964252116652,41.54778190345906,94.07337723424271,1
2929370,10187.0,71.4342,21.9986,711.0,13.8004,19.0,35.1939,0.4224,0.552,0.555,0.726,0.417,25.3349,12425.346029252967,28.112538462599865,78.53146166683028,1
2929404,10334.0,39.2975,22.576,871.05,6.0024,15.11,19.0252,0.4075,0.593,0.568,0.783,0.468,18.5684,17087.09115540933,44.7541423782838,38.70718018192375,1
2929503,40958.0,82.3722,20.8531,884.62,13.9956,9.97,56.6433,0.485,0.657,0.633,0.812,0.551,23.5262,20747.25328385175,76.31764298145256,29.298305581327217,1
2929602,17963.0,55.7312,22.2012,796.57,6.5311,12.52,10.2249,0.4237,0.614,0.602,0.735,0.522,20.0725,11861.326059121528,136.89432852200156,11.13399766186049,0
2929701,16008.0,34.2266,24.1067,665.74,6.0775,19.29,24.6957,0.4645,0.527,0.524,0.736,0.379,33.0209,16098.575712143927,16.86431955399311,49.97501249375312,1
2929750,11438.0,97.6482,19.2691,728.12,6.0721,10.34,33.0399,0.4501,0.617,0.563,0.738,0.565,25.3679,12783.61601678615,68.72641622803856,52.45672320335724,1
2929800,10478.0,57.3774,21.3113,828.22,10.117,15.66,29.4668,0.4551,0.549,0.546,0.685,0.442,22.0472,9830.02481389578,20.58149904340618,47.7190303493033,1
2929909,46160.0,54.114,24.4996,892.99,7.126,8.71,3.0835,0.4919,0.635,0.588,0.761,0.572,24.46,13541.59445407279,19.215958903824458,4.332755632582322,0
2930006,9360.0,43.312,20.1603,723.55,6.4325,21.49,2.3563,0.4224,0.615,0.569,0.777,0.527,25.7057,11449.57264957265,4.716527144470351,0.0,0
2930105,74523.0,83.491,22.326,1035.85,8.3201,11.08,63.2534,0.5337,0.666,0.638,0.773,0.599,21.3709,13388.994001851775,94.40927535056838,59.04217489902447,1
2930154,34222.0,53.4452,23.5083,748.4,8.9535,15.28,3.2364,0.4864,0.595,0.53,0.775,0.512,30.8176,12017.970895914908,14.614150470832552,29.220968967330958,1
2930204,38154.0,65.9066,23.966,604.61,11.0658,17.83,37.1817,0.4767,0.585,0.535,0.778,0.48,38.1835,44941.84096031871,3.184762288888673,34.0724432562772,1
2930303,17066.0,37.8648,19.7762,736.13,12.5573,17.1,0.9664,0.4441,0.608,0.539,0.775,0.537,26.9662,11707.605765850229,10.718199774532186,11.719207781553967,0
2930402,17996.0,46.9104,22.605,726.76,9.8166,18.68,20.7683,0.3955,0.566,0.541,0.732,0.459,21.684,7677.872860635697,30.23028841065888,16.67037119359858,1
2930501,80435.0,66.4263,22.9813,924.48,9.6993,11.24,57.4257,0.4938,0.634,0.615,0.778,0.532,22.3123,13494.933797476224,137.89385079314465,23.62155777957357,1
2930600,13335.0,70.0862,20.2325,814.99,6.3333,17.92,4.7885,0.4064,0.59,0.56,0.721,0.508,19.3617,8858.417697787776,41.41021420896709,44.99437570303712,1
2930709,114559.0,98.0106,23.2387,884.11,13.059,4.9,71.9573,0.4669,0.675,0.641,0.813,0.591,21.7898,55344.730662802576,568.452026517407,68.08718651524542,1
2930758,13408.0,55.4893,25.0373,626.52,9.9805,13.92,31.8772,0.3947,0.564,0.455,0.774,0.509,26.0212,8943.615751789976,8.23685883751432,0.0,0
2930766,14773.0,53.5639,23.9626,654.99,10.9796,28.02,32.1226,0.4373,0.533,0.552,0.695,0.395,32.6979,6987.544845325932,22.49112032361149,13.538211602247342,1
2930774,25475.0,90.2336,24.263,846.24,6.0549,12.91,83.6967,0.4864,0.631,0.605,0.748,0.555,22.1576,33090.95191364083,18.78726109388689,31.40333660451423,1
2930808,17054.0,39.0172,26.2871,634.01,7.2402,12.73,0.7354,0.4297,0.592,0.533,0.734,0.53,32.7974,7965.931746217896,16.61156751091431,5.863726984871584,0
2930907,11979.0,36.0631,23.1739,655.88,16.4183,20.62,0.2297,0.454,0.584,0.53,0.764,0.492,33.7424,22378.41222138743,8.335020654903426,16.695884464479505,1
2931004,21006.0,44.2159,20.9178,716.18,5.7053,19.49,19.0834,0.4874,0.577,0.565,0.772,0.44,33.1382,12044.130248500427,16.442859770726763,4.760544606302961,0
2931053,17158.0,53.2754,23.8431,672.28,4.8097,18.33,4.2545,0.4477,0.599,0.583,0.778,0.474,31.3396,10640.634106539224,23.519703474632497,11.656370206317751,0
2931103,7717.0,75.4957,23.3381,789.95,10.9056,12.31,49.9422,0.4399,0.597,0.567,0.768,0.488,21.8361,8649.993520798238,31.647931627016188,64.79201762342879,1
2931202,18044.0,46.8411,23.3429,725.65,3.4863,18.35,31.8802,0.4317,0.566,0.566,0.754,0.426,24.8877,12277.211261361115,39.73740367907928,27.710042119264017,1
2931301,15818.0,74.4342,25.3951,638.16,11.8466,15.53,1.3709,0.4756,0.594,0.589,0.752,0.473,34.3069,9401.314957643192,22.132641938963832,6.321911746112024,0
2931350,145216.0,97.085,23.308,1204.69,6.3216,10.31,76.1111,0.5021,0.685,0.683,0.8,0.588,14.3061,19801.95019832525,124.58241179387484,59.910753635962976,1
2931400,7110.0,82.1519,22.6582,773.05,12.521,13.88,25.3834,0.3875,0.594,0.567,0.774,0.477,18.1498,24942.756680731363,29.06632108677789,70.32348804500704,1
2931509,21176.0,41.9154,23.8147,794.16,12.1316,16.03,26.0073,0.5106,0.566,0.571,0.737,0.431,29.208,9031.16735927465,60.177554476941786,18.889308651303363,1
2931608,15332.0,33.9356,25.3326,818.79,3.079,23.2,25.3643,0.4535,0.555,0.541,0.756,0.418,19.1759,14127.11974954344,52.90873829292365,58.70075658752936,1
2931707,10798.0,89.5907,22.6431,797.69,17.9334,10.22,68.4433,0.4228,0.578,0.581,0.7,0.474,19.6109,15777.829227634747,55.87841089623837,37.04389701796629,1
2931806,16296.0,26.3623,19.4833,667.27,11.6769,25.51,10.0306,0.439,0.528,0.545,0.749,0.36,33.2781,8196.551300932744,8.076686893077571,12.272950417280311,1
2931905,48736.0,53.6359,21.8627,798.18,7.339,20.36,49.5658,0.4829,0.579,0.596,0.712,0.458,24.7368,11174.265430072226,22.170493900339224,14.363099146421536,1
2932002,24665.0,47.7275,20.3162,701.98,9.3437,18.01,13.679,0.4794,0.605,0.554,0.747,0.535,34.6807,9517.61605513886,8.060151968095328,16.217311980539225,1
2932101,18626.0,49.3826,20.2996,759.87,7.5855,20.27,41.8771,0.4765,0.582,0.581,0.759,0.447,26.6588,12293.353376999892,28.05581036646076,16.10651777085794,1
2932200,17596.0,89.6454,21.897,979.4,5.399,15.52,76.0819,0.5046,0.611,0.607,0.767,0.49,19.351,13893.782677881336,97.16071606056256,51.147988179131616,1
2932309,16094.0,89.1637,20.983,768.37,7.6567,15.68,68.7649,0.5223,0.593,0.586,0.788,0.452,32.5711,13897.663725612028,90.59743417978756,105.6294271156953,1
2932408,13432.0,65.8577,20.749,871.38,5.6964,11.69,1.231,0.4532,0.617,0.575,0.758,0.54,21.2731,13096.78379988088,24.63240283294639,22.334723049434185,1
2932457,13642.0,61.5159,23.5449,641.0,16.8778,18.81,22.1405,0.4574,0.515,0.469,0.705,0.413,31.6656,19295.41123002492,7.6828939313473,29.321213898255387,1
2932507,18131.0,67.437,20.407,926.31,3.1947,18.2,35.8317,0.4579,0.56,0.584,0.71,0.424,18.1466,18414.318018862723,16.091656142138376,66.18498703877337,1
2932606,15355.0,41.9017,21.7975,970.15,6.5849,15.8,10.3992,0.451,0.598,0.595,0.766,0.469,15.0765,13002.670140019538,17.015698103505976,6.512536633018561,0
2932705,21420.0,77.0168,21.7274,975.66,9.0937,16.86,58.6176,0.4624,0.616,0.607,0.758,0.507,17.1592,13819.37441643324,41.99193096228568,37.348272642390285,1
2932804,16277.0,72.9373,23.9909,743.48,7.193,16.32,1.8056,0.4618,0.59,0.597,0.706,0.487,26.099,11407.261780426368,25.683223933350163,6.1436382625791,0
2932903,85655.0,72.952,22.9315,935.55,8.5381,13.91,60.8579,0.4893,0.623,0.619,0.778,0.502,22.3415,20321.393964158546,76.20721101447987,60.70865682096784,1
2933000,24362.0,66.0988,21.041,868.25,3.1556,17.29,56.279,0.3878,0.637,0.623,0.729,0.568,15.1876,11017.896724406864,61.69516077158204,36.94277973893769,1
2933059,13800.0,54.2029,21.8551,635.29,7.8303,22.17,16.8952,0.4349,0.539,0.539,0.775,0.374,32.8188,8113.405797101449,29.461558004043493,50.72463768115942,1
2933109,8101.0,67.8064,20.2074,759.52,5.7183,16.38,32.1118,0.4614,0.575,0.581,0.707,0.462,28.7989,14342.056536230097,39.23420412828485,24.68831008517467,1
2933158,13377.0,70.3521,21.6117,676.06,8.3317,18.99,59.4444,0.4176,0.555,0.543,0.685,0.46,28.799,17322.194811990732,10.912054242951257,67.27965911639382,1
2933174,9913.0,43.2362,21.3356,679.67,6.8233,18.39,29.4313,0.4406,0.586,0.581,0.753,0.461,29.2945,13624.432563300716,44.77436664122241,20.17552708564511,1
2933208,42529.0,97.4182,20.6871,953.76,8.6491,7.36,30.171,0.5199,0.645,0.632,0.817,0.52,23.9174,14150.720684709257,142.93684482938258,82.29678572268334,1
2933257,6003.0,49.925,20.6064,798.6,8.8937,21.01,40.6125,0.3831,0.577,0.568,0.777,0.436,16.2973,15440.613026819923,7.674910088613696,33.31667499583542,1
2933307,370879.0,90.1674,24.0297,1310.93,7.1132,8.41,80.8709,0.5253,0.678,0.681,0.788,0.581,13.2129,22158.340051607127,113.9698222535528,12.672596722920412,1
2933406,9503.0,71.5564,24.0345,680.62,7.867,13.73,0.7927,0.4383,0.587,0.573,0.737,0.479,29.8748,9414.079764284965,18.19208606926125,10.52299273913501,0
2933455,12968.0,51.7042,23.7816,803.96,16.3172,15.14,3.2463,0.4441,0.6,0.569,0.764,0.498,21.1136,12919.031462060457,4.440215450429521,23.133867982726716,1
2933505,24474.0,47.7854,23.0408,602.2,9.2016,25.97,28.6642,0.4502,0.544,0.558,0.752,0.383,34.2279,13542.984391599248,37.36163417839974,65.37550053117594,1
2933604,44757.0,77.5879,24.3493,761.53,6.8697,14.41,20.6198,0.4654,0.585,0.563,0.741,0.479,24.9297,10295.97604843935,8.811019315852118,42.45146010679893,1
3100104,6272.0,70.0255,18.2717,1435.0,0.6276,6.26,70.4537,0.4414,0.689,0.693,0.839,0.563,5.1925,28177.61479591837,7.12354096319996,15.943877551020408,1
3100203,22675.0,89.3495,19.8942,1439.09,3.6998,5.92,85.1872,0.455,0.698,0.72,0.848,0.556,10.5655,23864.87320837927,12.478901438416964,8.820286659316427,0
3100302,13927.0,60.9966,21.0311,1100.72,2.684,6.45,53.4722,0.4562,0.654,0.646,0.823,0.525,13.9822,18860.343218209237,29.597216879785613,7.180297264306742,0
3100401,3909.0,72.4994,19.3911,1142.1,8.0271,10.21,42.3358,0.3767,0.63,0.61,0.823,0.499,6.3955,16600.66513174725,38.36640951651847,0.0,0
3100500,8943.0,50.5535,19.7585,890.65,5.6932,14.03,46.1492,0.458,0.61,0.595,0.844,0.451,21.1434,18539.19266465392,10.967327347066917,22.363860002236382,1
3100609,12589.0,53.5547,23.1234,872.39,5.1471,20.97,36.1764,0.4748,0.576,0.594,0.799,0.403,21.5975,15256.57319882437,9.534636428082376,15.886885376122011,1
3100708,2108.0,78.3207,17.4573,1631.86,2.2495,6.58,74.5742,0.419,0.675,0.719,0.86,0.498,2.9454,109110.53130929792,4.283099029394494,47.43833017077799,1
3100807,4357.0,78.196,19.0957,1383.44,0.8563,5.49,73.4895,0.4005,0.663,0.672,0.845,0.513,2.1689,21711.72825338536,18.77280894132043,0.0,0
3100906,18448.0,78.5776,21.5796,991.23,4.288,14.75,76.8788,0.4386,0.645,0.624,0.811,0.531,14.6881,15586.838681699914,22.4953937364571,37.94449262792715,1
3101003,14037.0,73.6625,24.8415,783.82,5.0308,17.94,39.8327,0.3933,0.601,0.586,0.808,0.458,17.1934,16862.150032058133,11.170556904425966,21.372088053002777,1
3101102,25269.0,81.5743,19.8465,1341.42,4.5625,10.37,78.9407,0.4828,0.684,0.685,0.81,0.576,10.401,25247.655229728127,18.732861200092223,19.787090901895603,1
3101201,6233.0,50.1524,18.3058,1650.78,2.1233,9.18,40.9512,0.4392,0.668,0.677,0.871,0.505,3.2928,20623.455799775387,9.593953946558306,0.0,0
3101300,2749.0,52.4554,18.5886,1327.04,1.4808,9.93,53.2227,0.4155,0.649,0.634,0.832,0.518,6.3822,17351.4005092761,17.036862589553536,36.37686431429611,1
3101409,2952.0,71.3753,20.2236,1222.92,0.7059,9.12,70.9179,0.3589,0.673,0.684,0.813,0.549,2.6423,52146.0027100271,50.88777796931564,0.0,0
3101508,30717.0,94.7846,19.4583,1372.25,4.7339,4.65,69.0387,0.4783,0.726,0.713,0.857,0.626,9.6271,31629.32578051242,60.19990200881921,13.022105023277012,1
3101607,78970.0,94.8753,21.4081,1745.37,4.3216,3.75,94.136,0.4805,0.761,0.737,0.841,0.712,6.4149,44154.83094846144,92.85715965505156,5.065214638470305,0
3101631,6931.0,70.1775,22.4499,1133.93,0.7919,5.1,69.4399,0.4054,0.675,0.629,0.834,0.587,7.2717,21724.28221035925,52.98322057867981,0.0,0
3101706,40364.0,84.8751,20.5183,1088.43,8.4012,16.98,81.7667,0.4944,0.642,0.636,0.803,0.518,16.0635,16718.23902487365,17.592199530514385,2.477455158061639,0
3101805,6903.0,81.9644,19.5857,1077.73,3.3662,12.97,76.2613,0.3936,0.646,0.629,0.824,0.521,8.7668,13716.065478777344,41.34226097788851,57.94582065768506,1
3101904,18300.0,82.7541,21.9126,1427.77,1.7164,3.71,82.6812,0.4397,0.725,0.703,0.862,0.629,8.4659,28643.82513661202,39.72345528940599,5.46448087431694,0
3102001,13915.0,75.4653,20.1365,1244.79,2.8273,6.44,75.8144,0.4481,0.668,0.657,0.847,0.536,11.1985,21307.366151634928,38.438164691583104,0.0,0
3102050,5795.0,80.4142,22.088,1118.1,3.0518,8.48,67.1875,0.3919,0.661,0.666,0.842,0.514,9.7162,16754.44348576359,55.887742308805095,0.0,0
3102100,10891.0,52.6214,19.3646,945.93,7.6826,8.76,46.8922,0.4393,0.62,0.595,0.828,0.483,17.8887,16536.130750160683,21.02294552873934,0.0,0
3102209,3975.0,53.2327,16.4277,961.67,3.2509,16.25,44.8768,0.3782,0.592,0.589,0.798,0.441,10.7856,13747.169811320757,14.28956592073335,0.0,0
3102308,15059.0,76.6452,19.6295,1234.09,4.0006,7.3,71.4413,0.4157,0.676,0.651,0.822,0.577,7.1966,22585.16501759745,25.121654602689496,0.0,0
3102407,4159.0,44.7463,25.6071,798.24,3.5955,11.39,37.9209,0.3938,0.572,0.57,0.794,0.414,16.5905,15590.526568886751,11.120082992877158,24.044241404183698,1
3102506,4541.0,56.111,20.0176,1119.78,7.2216,12.38,56.798,0.3798,0.641,0.616,0.811,0.528,5.9761,12312.266020700286,33.34410291806793,44.04316229905307,1
3102605,40553.0,78.0805,20.8641,1827.75,2.792,5.66,79.3693,0.4223,0.734,0.731,0.878,0.617,1.6975,29178.08793430819,86.39400420966518,2.4659088106921807,0
3102704,9110.0,64.6652,23.5016,704.82,2.9425,19.82,48.5656,0.4293,0.578,0.563,0.771,0.444,26.9948,13789.242590559825,13.095251785324118,65.8616904500549,1
3102803,11927.0,83.5415,19.2421,1272.14,7.6787,6.82,81.3619,0.4683,0.7,0.675,0.818,0.621,8.3558,24515.30141695313,11.864297189354264,8.384338056510439,0
3102852,7718.0,58.5774,25.3434,978.9,3.1012,18.49,58.458,0.4359,0.597,0.594,0.756,0.473,16.0275,18728.81575537704,41.67139100809347,38.87017362010884,1
3102902,11095.0,75.2141,20.4867,1252.15,2.6435,7.0,64.7189,0.4176,0.683,0.65,0.838,0.584,7.6798,21842.992338891392,20.937320136248267,0.0,0
3103009,9219.0,51.4047,21.792,1006.48,2.192,11.08,42.1807,0.3938,0.645,0.624,0.849,0.507,11.0424,97038.83284521096,11.713196308799445,32.54149040026033,1
3103108,1538.0,69.5709,18.2705,1266.27,4.7976,6.11,73.4558,0.3926,0.684,0.674,0.83,0.572,9.0436,18566.97009102731,18.352783943103983,0.0,0
3103207,2181.0,78.3586,18.5695,1095.05,6.0302,6.79,69.8547,0.4524,0.695,0.659,0.805,0.632,15.6638,27813.84685923888,11.630139177731564,0.0,0
3103306,2049.0,83.3089,17.8136,1076.41,1.6393,9.57,83.1382,0.36,0.661,0.608,0.823,0.577,6.1704,15310.395314787702,19.219945970283657,0.0,0
3103405,34297.0,74.2835,21.8795,1140.9,6.3172,11.66,54.7424,0.525,0.663,0.633,0.821,0.56,18.3452,15160.917864536255,15.336637333713728,11.662827652564363,0
3103504,117808.0,94.4112,20.5071,1693.43,3.3702,3.93,91.8196,0.4574,0.773,0.74,0.871,0.716,5.9189,49541.02437865001,43.15663880236371,12.732581828059216,1
3103603,2915.0,91.9039,18.2847,1178.03,3.8797,6.15,88.759,0.3925,0.697,0.633,0.834,0.641,4.6312,30372.555746140653,32.59897114739432,0.0,0
3103702,8048.0,42.4453,22.4776,835.2,1.2211,12.63,37.5961,0.4167,0.536,0.597,0.76,0.339,17.819,15192.22166998012,26.49172298242553,24.85089463220676,1
3103751,8479.0,96.0373,22.5262,1606.42,3.0392,4.92,94.3016,0.4291,0.708,0.676,0.813,0.646,4.3545,152685.92994456892,28.805451938821964,23.587687227267367,1
3103801,2631.0,78.9054,17.9019,1770.7,2.3387,5.45,78.0861,0.4183,0.724,0.718,0.871,0.608,6.4504,65657.54465982516,15.129906724786364,0.0,0
3103900,9199.0,85.7702,22.0894,1655.99,2.2142,6.74,83.2439,0.4365,0.698,0.694,0.855,0.574,3.5652,51571.25774540711,37.46711089026645,0.0,0
3104007,111691.0,98.3177,21.3956,1896.33,3.5586,3.02,97.2749,0.4598,0.772,0.756,0.858,0.709,4.7208,80133.58283120395,95.9493566493881,9.848600155786947,0
3104106,9177.0,89.2993,20.377,1387.12,3.2155,7.28,88.272,0.3978,0.683,0.687,0.81,0.573,6.0842,37747.08510406451,56.34382194934766,0.0,0
3104205,41416.0,95.3907,19.9078,1485.29,2.6788,2.41,93.4449,0.4132,0.749,0.717,0.874,0.671,5.6539,56641.732663704846,81.22807051952152,2.4145257871354064,0
3104304,13881.0,87.8827,20.0202,1355.26,3.0598,5.2,87.4167,0.4384,0.727,0.7,0.847,0.649,7.1802,22284.417549167927,49.02798773682203,0.0,0
3104403,2688.0,79.9851,18.1548,1184.26,10.137,7.27,78.7549,0.4559,0.643,0.645,0.817,0.505,8.8235,14905.877976190475,16.86556488348455,0.0,0
3104452,4719.0,50.2013,21.8478,936.92,3.2837,13.55,52.0883,0.4112,0.582,0.553,0.787,0.454,15.6842,14216.5713074804,19.39349604855977,0.0,0
3104502,17272.0,66.4312,22.7652,1080.02,3.8179,9.05,46.7402,0.4714,0.656,0.607,0.815,0.57,14.8351,18458.48772579898,3.271572118068295,28.948587308939324,1
3104601,14138.0,89.7369,19.3309,1207.03,0.8706,3.56,86.1889,0.3823,0.694,0.686,0.858,0.567,5.4169,20644.07978497666,88.9792373388046,7.073136228603763,0
3104700,13736.0,58.8526,20.9959,850.69,6.1185,18.95,50.7074,0.4105,0.588,0.592,0.813,0.423,15.9592,14484.56610366919,7.477714114620902,7.280139778683751,0
3104809,4538.0,63.7285,18.5104,992.15,5.4545,9.66,8.2601,0.3762,0.656,0.622,0.815,0.557,9.8126,19624.063464081093,3.616420365435373,0.0,0
3104908,18366.0,79.3205,20.0915,1268.97,4.2309,7.79,79.4902,0.4176,0.681,0.664,0.833,0.57,7.2687,20737.55853207013,24.46992488215372,5.444843732984864,0
3105004,7492.0,75.8809,18.6999,1121.88,2.4361,7.54,55.7411,0.4078,0.671,0.65,0.787,0.59,9.5945,26864.92258408969,13.46837663995283,40.0427122263748,1
3105103,23546.0,87.7941,19.3026,1499.46,1.6645,6.21,87.8662,0.5278,0.741,0.735,0.87,0.636,17.3481,33122.65352926187,16.173713902621138,12.741017582604265,1
3105202,4741.0,54.3978,19.3208,903.55,6.8627,20.22,63.0559,0.4081,0.599,0.583,0.811,0.454,14.7913,12464.248048934824,9.799726740376489,21.092596498628986,1
3105301,5943.0,91.1156,21.2014,1440.33,1.7477,6.23,86.1559,0.3764,0.692,0.681,0.802,0.608,2.3232,14567.053676594312,125.73520077857232,16.826518593303046,1
3105400,30778.0,95.2758,21.7103,1539.77,4.4378,3.94,85.7869,0.4198,0.722,0.679,0.858,0.647,5.0651,79240.10656962765,90.48627035926384,12.996296055624146,1
3105509,4964.0,80.56,18.9766,1031.59,0.7555,10.39,79.9578,0.3915,0.665,0.654,0.808,0.56,10.1531,12705.680902497985,25.031137646044385,20.1450443190975,1
3105608,125317.0,92.1296,20.6915,1598.76,4.7846,3.92,88.6594,0.507,0.769,0.751,0.881,0.687,9.9281,28098.574016294675,165.06758554557118,3.191905328087969,0
3105707,5666.0,64.1193,17.2962,1180.3,3.3104,10.65,37.5806,0.4001,0.624,0.613,0.823,0.482,9.1905,14459.58348040946,14.76951630225114,0.0,0
3105905,20080.0,97.2211,20.8217,1232.08,6.5922,3.98,93.155,0.4492,0.734,0.675,0.864,0.678,10.2093,30302.788844621515,244.6691848422079,0.0,0
3106002,10167.0,97.0099,21.255,1242.62,3.0973,5.06,77.4409,0.4078,0.674,0.644,0.795,0.597,9.5008,55890.03639224944,93.06178489702518,0.0,0
3106101,3244.0,58.1998,18.2491,1338.48,5.69,8.72,42.0154,0.4504,0.66,0.653,0.83,0.531,4.6239,18975.647348951912,8.252647003454715,30.826140567200987,1
3106200,2315560.0,100.0,20.6955,2748.85,5.0532,2.18,97.225,0.5623,0.81,0.841,0.856,0.737,7.6192,45743.08547392424,6988.175787828124,13.171759747102213,1
3106309,23928.0,85.402,21.8154,958.65,6.6978,9.04,82.5469,0.4594,0.686,0.655,0.813,0.606,20.1005,87334.92143095954,71.44627346532938,20.896021397525917,1
3106408,8627.0,49.971,18.9637,1300.7,6.9492,4.95,40.1665,0.4701,0.655,0.672,0.814,0.514,11.9601,32440.941231018893,23.57599822913564,11.59151501101194,0
3106507,9826.0,46.3566,22.0028,907.52,4.906,15.11,39.5069,0.4148,0.628,0.58,0.816,0.524,20.0794,11483.10604518624,16.73633040711558,0.0,0
3106606,4451.0,59.1103,19.8832,697.84,1.9372,22.84,62.9086,0.4084,0.594,0.576,0.799,0.455,25.6122,12080.431363738486,10.40432161532294,0.0,0
3106655,4201.0,79.9572,21.7567,764.89,2.7536,17.07,17.9598,0.3546,0.604,0.56,0.757,0.52,14.033,14521.780528445608,8.595290901799672,0.0,0
3106705,411846.0,99.5394,22.9775,1399.69,5.9578,3.35,91.1214,0.4383,0.749,0.709,0.864,0.687,8.8896,80431.46710178076,1196.962299026959,19.181927225224964,1
3106804,3361.0,46.2957,18.0006,1000.58,1.3732,10.61,25.4118,0.4153,0.62,0.605,0.796,0.495,11.7735,12372.210651591788,11.85391574232458,29.753049687592977,1
3106903,13978.0,95.2568,19.1014,1467.66,5.5161,3.66,87.5709,0.464,0.744,0.726,0.85,0.667,8.2662,19868.006867935328,99.7844119872646,14.308198597796538,1
3107000,2383.0,72.2199,14.7293,1325.89,1.0471,8.97,3.408,0.4101,0.688,0.684,0.857,0.555,3.9866,27055.392362568196,5.192309368381603,0.0,0
3107109,39848.0,87.0232,21.8254,1439.58,3.2359,4.92,89.5103,0.4617,0.704,0.694,0.855,0.587,5.9246,26562.9391688416,46.29886750887973,7.528608713109818,0
3107208,5348.0,49.196,18.3994,1391.48,1.6319,9.41,30.303,0.4572,0.645,0.665,0.848,0.476,5.6005,14998.31712789828,10.615955694066738,56.09573672400897,1
3107307,48032.0,86.5215,22.6536,1035.32,6.7701,8.13,79.8325,0.4472,0.7,0.648,0.822,0.644,14.9814,25502.04030646236,14.97837223088622,6.245836109260493,0
3107406,51737.0,94.3773,21.0352,1785.98,3.243,4.4,92.422,0.4532,0.75,0.742,0.861,0.661,4.9964,35072.57861878346,42.63291214342102,19.32852697295939,1
3107505,6783.0,89.6506,19.5489,1164.24,1.3803,7.12,81.5299,0.417,0.673,0.653,0.822,0.569,10.5162,18832.8173374613,16.462753112098653,0.0,0
3107604,4474.0,77.4251,21.5691,1448.73,3.9341,6.68,72.2628,0.4143,0.735,0.696,0.862,0.662,4.0477,43825.21233795262,21.473585186393983,0.0,0
3107703,5631.0,59.9183,20.8311,1079.93,5.8037,5.41,52.0263,0.402,0.683,0.655,0.834,0.582,10.8642,28483.395489255905,28.78672467294784,0.0,0
3107802,14536.0,70.8792,18.2168,1035.37,5.3868,12.78,62.0324,0.4244,0.623,0.615,0.8,0.491,12.2749,11769.67528893781,24.54207321088185,20.638414969730324,1
3107901,12649.0,55.3957,23.7015,1274.15,1.1185,6.15,59.7496,0.4639,0.653,0.647,0.821,0.523,16.5125,12667.562653174164,55.03273945485001,0.0,0
3108008,17151.0,87.5284,19.8531,1366.27,3.4961,8.06,85.3176,0.4957,0.692,0.68,0.808,0.602,9.7456,25958.48638563349,24.32607234137914,5.830563815520961,0
3108107,7434.0,52.7441,17.1644,1304.77,0.7847,7.03,45.5141,0.4394,0.637,0.669,0.834,0.464,6.9222,18216.5725047081,24.62690275454259,0.0,0
3108206,5528.0,69.6274,19.9349,1492.57,3.9427,9.0,68.4814,0.4399,0.678,0.655,0.796,0.598,5.4742,83013.38639652677,2.9873217158510164,0.0,0
3108255,10204.0,37.7009,26.4994,706.44,12.0145,16.32,0.4933,0.4542,0.537,0.514,0.776,0.388,30.782,9902.48921991376,2.5921800198401863,0.0,0
3108305,17404.0,81.8375,19.2255,1531.54,2.0982,4.35,81.9301,0.412,0.73,0.703,0.865,0.64,5.1221,21530.45276947828,57.79985918673698,11.491611123879569,0
3108404,14828.0,77.2862,19.126,1402.29,2.0093,6.35,74.2194,0.4024,0.702,0.702,0.868,0.568,4.4408,21983.94928513623,44.38338287103137,6.743997841920691,0
3108503,5790.0,60.7599,22.0553,760.09,13.0524,12.32,26.2704,0.4365,0.602,0.54,0.782,0.517,25.8528,13081.865284974094,3.69052141522254,0.0,0
3108552,15020.0,90.7057,24.5007,1225.72,4.6059,7.57,41.7888,0.4159,0.674,0.646,0.848,0.559,6.7467,27633.888149134487,5.984793365246919,39.94673768308922,1
3108602,32025.0,71.6971,21.9859,922.51,9.0658,10.7,54.5404,0.4761,0.656,0.612,0.813,0.568,19.6096,11784.855581576892,22.883434180026352,3.12256049960968,0
3108701,4260.0,62.3944,17.9343,926.17,6.9737,8.0,50.4284,0.3561,0.625,0.582,0.801,0.523,11.6406,11744.600938967136,19.07311809662818,0.0,0
3108800,4441.0,37.0187,18.2391,847.02,13.2401,10.86,38.404,0.4992,0.624,0.635,0.802,0.478,27.2359,47978.383247016434,11.738801748793344,0.0,0
3108909,14246.0,62.4947,18.7772,1252.06,4.6705,5.82,59.3641,0.4286,0.665,0.654,0.808,0.56,8.0526,13907.2722167626,38.74480537847305,7.019514249613927,0
3109006,38915.0,85.3989,20.9636,2128.23,3.5948,3.65,52.3435,0.5055,0.747,0.761,0.857,0.639,5.6121,118841.8090710523,60.85850924411277,35.97584478992677,1
3109105,10911.0,49.4547,18.8617,1501.73,2.813,6.28,51.6206,0.4239,0.658,0.662,0.848,0.507,4.0085,22058.839703051966,30.635967991015026,9.165062780680048,0
3109204,9150.0,81.0492,20.5027,1087.41,7.2686,11.7,71.9124,0.4567,0.669,0.65,0.796,0.579,13.2959,19750.16393442623,5.719175363667673,21.85792349726776,1
3109253,4041.0,46.3994,20.7374,847.7,3.1465,14.75,57.5104,0.4393,0.627,0.602,0.8,0.511,16.5801,11766.39445681762,25.023066300908408,0.0,0
3109303,24030.0,77.0537,23.4041,1128.1,5.4627,9.6,39.3613,0.4479,0.672,0.666,0.815,0.558,12.6405,48429.047024552645,4.598879350897748,12.484394506866415,1
3109402,23910.0,91.146,22.7938,923.83,3.3112,11.76,5.4183,0.419,0.624,0.603,0.768,0.524,13.5703,30781.848598912587,3.3123679330089866,12.547051442910917,1
3109451,6627.0,80.3833,20.4919,1418.63,5.577,7.8,0.9608,0.4452,0.648,0.638,0.788,0.542,6.6244,72028.36879432623,6.414953705272226,0.0,0
3109501,11410.0,62.8133,19.5267,1263.99,3.9259,8.85,64.0,0.4023,0.674,0.686,0.847,0.527,5.7635,25487.90534618756,30.98808818976334,0.0,0
3109600,3693.0,93.5012,16.7344,1394.94,4.1732,2.11,85.9114,0.3679,0.741,0.689,0.834,0.707,3.7639,14049.82399133496,60.12210012210012,27.07825616030328,1
3109709,11883.0,67.4577,19.1113,1210.17,6.3224,6.01,68.5249,0.3684,0.706,0.673,0.821,0.637,7.126,45149.54136160902,39.05759540893299,0.0,0
3109808,2315.0,87.5162,20.0432,1536.12,5.3892,7.22,91.8108,0.3904,0.726,0.695,0.85,0.648,2.8285,56797.84017278618,11.400009848820604,0.0,0
3109907,11435.0,76.6594,19.038,1269.47,5.0844,4.06,70.2471,0.4165,0.706,0.674,0.845,0.617,9.0424,27565.194578049846,73.28296131095432,34.980323567993004,1
3110004,38776.0,89.7694,20.0665,1288.62,5.8598,3.06,81.9769,0.476,0.728,0.69,0.844,0.663,13.4374,27721.96719620384,71.47241355793494,18.05240354858676,1
3110103,5304.0,53.9593,22.8884,932.52,5.2652,8.39,47.2755,0.412,0.633,0.631,0.833,0.483,16.0347,16715.874811463047,49.81918940496877,0.0,0
3110202,4088.0,55.8953,20.6703,1007.83,1.2042,8.3,50.5587,0.3627,0.617,0.599,0.804,0.487,9.0509,23798.18982387476,49.230472795587566,0.0,0
3110301,14217.0,63.2412,17.7042,1496.53,2.7848,4.98,48.2421,0.4281,0.687,0.701,0.873,0.529,4.7417,23748.329464725328,19.984144253557,7.033832735457551,0
3110400,2838.0,56.2016,17.7237,989.79,1.6275,10.66,58.6667,0.3672,0.69,0.639,0.84,0.612,13.9535,24967.582804792102,12.726400330043363,0.0,0
3110509,26097.0,71.8818,22.0562,1544.47,1.3107,7.14,67.17,0.4363,0.689,0.707,0.837,0.553,5.4791,37849.06311070238,49.36181642102715,11.495574203931486,0
3110608,29536.0,85.1368,20.3616,1743.77,2.3721,4.97,83.008,0.4146,0.751,0.722,0.872,0.674,2.5238,63128.01327193933,120.76854195373863,10.15709642470206,0
3110707,12313.0,82.823,20.3281,1375.16,4.4957,7.27,70.198,0.4408,0.699,0.691,0.856,0.577,6.6727,30116.94956549988,49.97564737397517,8.121497604158208,0
3110806,2923.0,85.0154,20.6979,957.55,5.1573,17.77,87.2007,0.4277,0.616,0.607,0.831,0.464,15.2583,18288.74444064317,6.607172726820646,0.0,0
3110905,15935.0,87.4114,21.8826,1448.88,2.4272,5.14,86.4083,0.4517,0.709,0.715,0.849,0.587,6.4971,27607.216818324443,47.483960940084096,12.55098839033574,1
3111002,20696.0,61.0408,20.69,1278.69,1.3928,5.24,60.9411,0.4005,0.698,0.712,0.843,0.566,7.1553,23502.60919984538,35.81595692947739,0.0,0
3111101,18011.0,77.2583,17.3339,1558.18,1.363,6.96,79.1393,0.4432,0.704,0.714,0.868,0.562,5.4898,29801.84331797235,4.933508165036819,11.104325134639945,0
3111150,3714.0,58.1583,20.9747,831.73,11.8373,14.78,0.3135,0.4261,0.621,0.55,0.799,0.546,20.6431,10945.34194938072,7.341168657123543,26.925148088314486,1
3111200,52277.0,96.1054,19.8519,1379.8,4.0246,5.57,95.4231,0.4123,0.711,0.706,0.868,0.586,5.424,23775.61834076171,98.96729613327652,17.21598408477916,1
3111309,11377.0,84.0731,20.2338,1167.47,8.098,7.3,85.3988,0.4222,0.683,0.655,0.827,0.588,8.0244,20315.021534675223,41.30692091523676,8.78966335589347,0
3111408,8466.0,83.1443,23.6357,1420.61,3.0988,6.25,83.3113,0.4109,0.706,0.735,0.858,0.558,5.5015,83954.87833687692,6.696486836016754,0.0,0
3111507,12979.0,90.8082,21.4654,1463.9,3.9301,8.11,90.3826,0.4768,0.702,0.69,0.86,0.582,6.9724,33456.27552199707,18.26369002807309,7.704753833115032,0
3111606,26105.0,73.8058,21.4059,1282.57,4.1488,7.25,75.5964,0.4628,0.682,0.666,0.821,0.58,7.7708,26988.12488029113,33.92445003534744,3.830683777054204,0
3111705,4715.0,46.8505,18.579,999.28,2.6114,11.07,36.5238,0.3646,0.649,0.644,0.798,0.532,10.5408,16423.54188759279,26.95826186392224,0.0,0
3111804,10608.0,91.2896,18.5897,1330.4,4.5958,7.87,91.7204,0.4041,0.722,0.721,0.872,0.598,7.1347,63900.64102564102,12.574694849092992,0.0,0
3111903,5272.0,85.5653,19.0061,1162.96,2.4642,8.69,76.6735,0.4255,0.65,0.652,0.821,0.512,7.2151,15185.3186646434,24.78363678245213,0.0,0
3112000,14001.0,77.823,18.2344,1219.12,3.3721,10.63,76.2318,0.3704,0.678,0.699,0.83,0.537,7.3831,26509.963574030426,19.432015011547342,0.0,0
3112059,3974.0,65.073,20.8103,940.19,3.5692,11.44,49.0988,0.4414,0.631,0.598,0.816,0.515,14.2174,14280.825364871664,28.014521870924536,0.0,0
3112109,5048.0,49.1284,24.5246,986.29,2.1856,9.79,39.9028,0.3765,0.624,0.614,0.836,0.473,9.4463,19342.908082408878,38.624573431068,0.0,0
3112208,4362.0,54.9748,17.5149,1032.86,2.1726,7.42,36.7127,0.3854,0.648,0.602,0.797,0.568,10.5915,14318.661164603393,39.27147011424919,0.0,0
3112307,39626.0,82.2137,24.923,1211.15,2.5532,11.64,76.4436,0.4639,0.653,0.641,0.824,0.527,10.5415,22399.18235501943,41.05079084877944,17.66516933326604,1
3112406,6562.0,87.2295,20.0549,1133.49,1.9237,8.17,86.1997,0.3658,0.675,0.68,0.848,0.533,6.639,31583.05394696739,22.02479047583885,0.0,0
3112505,10663.0,95.4985,20.6227,1306.8,3.107,4.6,34.2135,0.4276,0.695,0.664,0.837,0.604,10.4823,11569.8208759261,111.85004143371133,9.37822376441902,0
3112604,14655.0,95.0461,21.1191,1337.48,2.7301,8.6,96.986,0.414,0.723,0.747,0.841,0.601,7.095,45475.05970658478,23.60983122716347,6.823609689525759,0
3112653,4585.0,76.1178,18.3424,1030.24,3.1109,11.81,76.9403,0.3867,0.624,0.63,0.805,0.478,10.9487,13258.887677208288,16.42851000401307,21.810250817884405,1
3112703,14108.0,86.2915,25.1347,885.31,7.3733,12.36,53.5972,0.3922,0.639,0.573,0.806,0.565,12.4202,35541.18230791041,14.520737441023655,14.17635384179189,1
3112802,10380.0,77.6012,21.7341,1679.34,1.4304,2.84,78.018,0.4,0.71,0.709,0.825,0.612,3.3256,31656.45472061657,19.89260294134557,0.0,0
3112901,8936.0,56.1885,22.2919,1119.77,1.7062,8.74,48.786,0.4455,0.615,0.609,0.809,0.471,10.4745,16082.027752909578,47.60687039168052,11.190689346463742,0
3113008,19548.0,50.5985,21.8027,710.86,7.8391,20.11,41.0857,0.4947,0.558,0.549,0.781,0.405,33.8253,10761.561285041947,15.734759668208106,25.5780642520974,1
3113107,2933.0,43.2322,18.3771,1026.51,2.8388,6.78,43.362,0.3931,0.634,0.593,0.807,0.533,11.6604,14137.401977497442,18.336980306345733,0.0,0
3113206,23812.0,80.0059,21.149,1152.8,4.658,3.44,71.5766,0.4232,0.697,0.663,0.821,0.622,9.6632,31558.24794221401,48.867181086849456,4.1995632454224765,0
3113305,31240.0,83.7324,20.3585,1342.69,4.9677,6.31,75.7683,0.4608,0.695,0.699,0.837,0.573,10.2671,20458.35467349552,88.39741485665131,16.005121638924454,1
3113404,87360.0,83.9045,21.6861,1369.59,2.8091,6.39,77.6632,0.4775,0.706,0.697,0.836,0.603,10.9865,26134.44368131868,69.417129725645,17.17032967032967,1
3113503,8512.0,88.0874,20.7472,1075.86,3.6911,13.02,81.5443,0.395,0.638,0.617,0.796,0.529,10.7395,25922.46240601504,5.845772425562893,11.74812030075188,0
3113602,6816.0,75.4548,20.1585,1366.57,2.6633,6.79,76.0575,0.3829,0.683,0.666,0.824,0.581,3.2144,25563.086854460093,37.65558618632223,0.0,0
3113701,18615.0,68.8208,19.4897,1052.33,7.1639,15.42,70.2373,0.4439,0.648,0.641,0.826,0.513,12.4824,25499.274778404517,5.811768026315461,64.46414182111201,1
3113800,2605.0,48.4837,20.2303,1123.38,2.6316,10.64,47.3626,0.4165,0.65,0.631,0.805,0.54,13.167,15272.552783109404,10.053916782129114,0.0,0
3113909,11547.0,77.44,22.482,1219.36,2.6723,6.32,77.964,0.3986,0.655,0.672,0.801,0.523,5.6567,27852.602407551745,22.805149970473977,0.0,0
3114006,11019.0,84.6992,20.7914,1422.49,3.6721,5.42,85.842,0.3875,0.689,0.68,0.84,0.572,3.9318,24102.55014066612,30.850164343828567,0.0,0
3114105,13797.0,78.5533,23.121,1189.7,4.1331,7.8,77.1816,0.4609,0.682,0.668,0.845,0.562,8.716,21059.14329202001,42.80993530570768,0.0,0
3114204,23479.0,90.8301,21.96,1484.94,1.548,4.12,85.3115,0.3478,0.71,0.695,0.853,0.605,3.4209,26713.19051066911,51.51072381353553,25.55475105413348,1
3114303,29011.0,88.7663,19.8235,1498.4,3.9945,4.99,88.0427,0.4146,0.705,0.713,0.861,0.571,5.7501,36538.381993037125,22.182003911727687,10.340905173899555,0
3114402,20954.0,75.9616,19.6144,1360.13,1.2334,5.91,77.9358,0.3978,0.733,0.715,0.85,0.649,4.9933,33143.88660876205,19.66247061749016,0.0,0
3114501,18003.0,84.9636,22.2685,1381.32,2.2986,4.43,76.8079,0.4081,0.7,0.694,0.85,0.582,6.2978,25635.44964728101,45.006374840628986,5.554629783924901,0
3114550,9422.0,79.8132,18.9875,1588.77,2.0183,8.03,76.96,0.3695,0.741,0.749,0.873,0.622,3.957,43165.99448100191,4.566112678595487,10.613457864572275,0
3114600,4049.0,71.7214,18.202,1610.15,3.0948,4.18,67.4403,0.4752,0.725,0.687,0.877,0.632,6.2893,43871.57322795752,5.562623129191888,24.69745616201531,1
3114709,3341.0,74.2592,20.7423,1425.34,3.7427,6.26,75.4501,0.3717,0.724,0.688,0.85,0.648,3.2688,21366.05806644717,41.19554629412708,0.0,0
3114808,4422.0,64.2243,18.2497,1190.33,2.161,11.26,47.9525,0.4151,0.646,0.667,0.82,0.492,8.0958,18245.590230664857,15.666739886768656,0.0,0
3114907,2214.0,54.065,20.3704,1418.0,2.1762,4.87,53.0719,0.518,0.652,0.608,0.823,0.555,11.7435,31268.29268292683,14.036911879386537,0.0,0
3115003,2712.0,68.6578,18.7316,1254.67,0.4209,3.13,45.0851,0.395,0.721,0.734,0.845,0.604,7.5605,29492.62536873156,7.38344931229377,0.0,0
3115102,17155.0,86.7502,20.1516,1332.07,2.7344,6.64,90.0749,0.4184,0.704,0.723,0.837,0.576,6.8931,25435.20839405421,25.76591839615982,0.0,0
3115201,3560.0,72.4157,19.4101,1325.47,2.5388,5.69,54.9094,0.446,0.685,0.668,0.815,0.59,4.6597,19302.52808988764,13.039624341608857,0.0,0
3115300,66261.0,96.138,18.7501,1422.54,4.45,3.84,81.7953,0.4549,0.751,0.718,0.861,0.685,8.3213,24914.067098293115,134.7406393678307,6.036733523490439,0
3115359,5473.0,88.6168,21.2498,1448.8,2.952,7.85,86.5191,0.4208,0.684,0.665,0.828,0.582,7.152,919482.3679883062,22.80017663575541,0.0,0
3115409,3110.0,48.6817,21.4791,911.77,3.8026,9.51,46.337,0.3831,0.6,0.588,0.799,0.46,12.5809,13114.147909967844,21.95986499272712,0.0,0
3115458,7030.0,45.6046,21.1664,827.43,4.6117,18.38,39.5741,0.4202,0.54,0.534,0.771,0.382,17.2861,11850.355618776672,16.76284038342315,14.224751066856332,1
3115474,4739.0,60.0549,18.4216,743.35,13.046,21.43,28.7383,0.404,0.621,0.563,0.773,0.549,22.3606,11993.669550538089,16.46560949508707,0.0,0
3115508,21056.0,98.2,17.9901,1615.69,3.9047,4.37,96.9218,0.5099,0.743,0.77,0.848,0.629,6.8221,17631.64893617021,209.54788372162452,4.749240121580547,0
3115607,1081.0,88.5291,16.8363,1156.11,1.1236,11.35,21.3808,0.3341,0.678,0.641,0.801,0.608,6.753,20717.85383903793,3.8169421385468794,0.0,0
3115706,6171.0,85.0916,17.955,1098.14,6.2284,14.75,77.5429,0.4337,0.665,0.663,0.823,0.54,10.0195,14105.16934046346,30.20144082064132,16.20482903905364,1
3115805,10207.0,95.65,18.5069,1367.47,3.5359,7.96,59.8029,0.5061,0.678,0.654,0.853,0.558,8.5293,34400.411482316056,31.660902337267554,9.797198001371608,0
3115904,3075.0,74.2764,18.5691,1295.5,1.8947,8.12,67.6642,0.4238,0.664,0.65,0.878,0.512,7.3917,15331.707317073173,20.12342366514623,0.0,0
3116001,6075.0,61.0864,20.0329,950.59,1.0763,10.92,40.907,0.4541,0.655,0.636,0.787,0.561,19.9967,18796.87242798354,28.564845726322915,16.46090534979424,1
3116100,10337.0,43.5813,23.6239,981.72,4.697,21.44,24.0874,0.3914,0.598,0.571,0.798,0.469,15.331,10748.379607236142,12.441730167193649,0.0,0
3116159,12355.0,69.1299,27.1307,1117.56,6.0645,11.49,0.9531,0.5163,0.635,0.573,0.82,0.546,15.6293,32629.138000809387,3.795478542106157,0.0,0
3116209,2800.0,74.9643,19.1786,1156.13,2.8777,6.46,83.815,0.3709,0.711,0.742,0.868,0.559,4.9643,13302.5,11.07367155490168,0.0,0
3116308,5581.0,60.7776,19.0647,824.01,4.2515,10.93,39.1283,0.462,0.579,0.592,0.75,0.437,27.9444,13131.517649166815,36.363280970034985,0.0,0
3116407,4658.0,53.714,20.6956,1209.49,1.6592,6.63,52.1975,0.3151,0.698,0.687,0.848,0.584,4.1828,39066.33748389867,20.463301805146138,0.0,0
3116506,7166.0,73.2905,17.5691,861.27,6.4873,12.66,33.5717,0.4194,0.67,0.601,0.799,0.625,19.8772,11681.83086798772,9.94692014702453,0.0,0
3116605,30159.0,88.3252,22.9451,1520.13,1.8694,3.03,84.4821,0.3887,0.709,0.701,0.846,0.602,2.8262,37056.69949268875,47.81784222759891,13.26303922543851,1
3116704,7117.0,76.9706,20.177,1226.61,2.5986,7.4,59.2658,0.3742,0.669,0.649,0.825,0.558,6.1374,19641.281438808488,66.59181286549708,84.30518476886328,1
3116803,8163.0,49.3324,21.6342,955.24,3.0079,15.08,47.1952,0.4432,0.583,0.59,0.782,0.43,17.9174,14847.360039201274,23.42378017285906,12.250398137939484,1
3116902,2773.0,63.3249,20.2308,1482.71,1.4215,8.47,63.7454,0.3878,0.697,0.703,0.85,0.566,2.2744,55815.72304363505,2.6636645607739133,0.0,0
3117009,6660.0,47.1321,18.4985,761.43,22.1805,18.34,39.7007,0.4485,0.593,0.566,0.797,0.462,28.4598,10225.825825825828,10.168544386612332,0.0,0
3117108,10371.0,68.0552,20.7791,1278.54,0.9503,5.54,69.8738,0.4019,0.691,0.688,0.847,0.566,6.6267,26437.855558769646,29.419523943254443,0.0,0
3117207,2772.0,57.9726,18.8672,1103.41,1.0769,6.94,75.4661,0.4049,0.668,0.642,0.821,0.566,8.5498,22022.727272727272,27.121695399487308,0.0,0
3117306,28381.0,95.1024,23.706,1299.73,5.9778,6.31,92.5716,0.4591,0.712,0.734,0.862,0.57,10.6108,46439.83651034143,21.17590001865324,7.046968041999929,0
3117405,4409.0,34.9286,17.8272,1040.28,2.8024,11.43,43.631,0.3427,0.676,0.664,0.825,0.565,6.1012,18372.873667498297,17.362710929962393,0.0,0
3117504,23163.0,77.5461,23.4728,1246.56,4.4467,8.86,63.7528,0.4554,0.634,0.622,0.794,0.517,9.9243,390750.464102232,13.466547289597916,17.268920260760694,1
3117603,5415.0,39.7599,17.7839,1380.89,1.2214,6.03,43.9768,0.4211,0.7,0.687,0.85,0.588,6.4074,91218.46722068328,21.633520570821315,0.0,0
3117702,12541.0,89.937,21.657,1256.41,7.0936,8.82,86.6652,0.487,0.665,0.675,0.834,0.522,9.4963,27394.62562794036,33.92384244794837,0.0,0
3117801,10880.0,82.9044,21.8015,1293.5,3.3005,5.88,78.2148,0.4083,0.703,0.668,0.842,0.618,5.1792,20679.227941176472,60.36529883042234,0.0,0
3117836,7237.0,50.0484,21.3763,703.42,10.1747,14.63,0.1686,0.4252,0.621,0.55,0.799,0.544,27.4602,8771.314080420063,4.493722015139689,0.0,0
3117876,7350.0,96.7483,22.517,1569.68,7.6923,3.24,3.1225,0.4476,0.747,0.706,0.83,0.711,5.896,66077.8231292517,173.0959446092977,68.02721088435374,1
3117900,11083.0,75.3316,19.3991,1442.78,3.244,7.05,76.742,0.4171,0.712,0.681,0.847,0.626,5.1308,19892.08698005955,54.03046922608166,0.0,0
3118007,52890.0,96.6742,21.7451,1419.41,3.9,2.62,80.8563,0.4216,0.753,0.732,0.877,0.665,7.3302,145158.76347135563,173.94192727260767,9.453582907922105,0
3118106,4831.0,74.7464,24.0323,958.62,4.5982,14.16,50.2326,0.4246,0.568,0.566,0.746,0.433,14.2205,10202.442558476509,11.908664903332996,0.0,0
3118205,6694.0,89.7819,20.9889,1504.91,1.0018,7.51,85.4644,0.4099,0.729,0.714,0.877,0.618,4.0553,73207.49925306244,10.82535662709444,14.938751120406334,1
3118304,131621.0,96.6274,20.8584,1650.12,3.6421,2.77,93.0296,0.4313,0.761,0.736,0.86,0.697,5.7273,23687.223163476952,355.49607558218054,11.396357724071386,0
3118403,20824.0,81.795,19.6408,1260.69,2.046,10.68,79.97,0.4541,0.662,0.646,0.837,0.537,11.0547,18428.59200922013,14.033451424404754,28.81290818286592,1
3118502,1563.0,62.9559,18.4261,1271.89,1.148,10.22,69.9357,0.3516,0.673,0.627,0.806,0.602,2.0672,20115.80294305822,17.53775723165997,0.0,0
3118601,621863.0,99.8638,21.7759,1662.86,5.3908,2.69,94.4624,0.4448,0.756,0.745,0.832,0.697,7.7397,58660.044093313154,3193.429944744572,14.472641080109284,1
3118700,9023.0,75.1302,20.9686,1177.95,1.3293,6.44,81.2308,0.4236,0.694,0.663,0.838,0.601,7.2752,25951.346558794197,30.466331040676923,0.0,0
3118809,25377.0,60.941,20.3531,893.74,6.9536,12.12,29.6396,0.4515,0.642,0.575,0.808,0.57,17.7697,10751.152618512826,11.404286145704509,3.940576112227608,0
3118908,7547.0,61.1501,17.6759,1109.52,4.0059,7.2,46.5093,0.4049,0.656,0.644,0.786,0.558,9.1608,19370.34583278124,9.162828080723216,13.250298131707964,1
3119005,3200.0,85.0,19.7188,1028.84,3.7868,9.26,83.435,0.3803,0.66,0.654,0.807,0.544,8.7559,35544.6875,17.823028466718277,31.25,1
3119104,23532.0,90.923,21.0267,1046.63,3.219,7.64,74.8731,0.4731,0.68,0.664,0.842,0.562,17.491,25878.25089240184,9.318138890637789,12.748597654258033,1
3119203,10884.0,57.1297,23.1073,1144.81,3.6303,8.03,51.6374,0.4221,0.626,0.613,0.811,0.493,8.229,11539.507533994854,18.886848964208,27.56339581036384,1
3119302,28894.0,83.0034,19.8138,1675.41,1.8714,6.3,78.6014,0.479,0.708,0.73,0.86,0.565,4.8865,53132.241987955975,8.7205766554503,3.4609261438360903,0
3119401,104736.0,98.1468,20.8715,1409.34,5.4216,4.23,90.8987,0.4436,0.755,0.715,0.865,0.696,8.7769,19052.90444546288,473.37877171731776,15.276504735716468,1
3119500,8200.0,78.9146,21.4268,801.24,3.6663,15.38,48.8897,0.4436,0.627,0.578,0.784,0.543,23.6357,14612.926829268292,10.056253702111691,24.390243902439025,1
3119609,2762.0,66.365,17.0167,1116.26,0.9311,7.75,65.5556,0.4245,0.669,0.673,0.789,0.565,6.7975,21759.956553222302,21.00204545627362,0.0,0
3119708,3486.0,56.1962,17.7567,1530.2,2.9944,2.94,56.8146,0.5118,0.677,0.67,0.823,0.563,9.1796,26084.91107286288,24.73147267903004,28.68617326448652,1
3119807,2960.0,64.4595,17.973,1524.19,1.9122,5.88,64.8287,0.4034,0.692,0.683,0.844,0.575,3.3904,55986.14864864865,4.502414724113017,0.0,0
3119906,4272.0,54.471,14.7238,1580.09,3.4878,5.28,51.9242,0.4515,0.692,0.665,0.84,0.592,5.294,10674.859550561798,34.548851202173864,0.0,0
3119955,6133.0,88.6353,19.7782,1374.15,1.6383,5.87,71.0383,0.3517,0.678,0.657,0.795,0.597,2.7673,52255.50301646828,60.65551072078488,16.305233980107616,1
3120003,2875.0,67.3391,18.1217,864.05,3.3074,16.89,58.5047,0.3535,0.632,0.596,0.805,0.525,14.3652,13398.608695652174,13.998101127151449,0.0,0
3120102,4245.0,91.7314,21.7432,989.82,5.9384,8.94,86.9595,0.414,0.659,0.6,0.807,0.592,13.9474,14903.651354534746,8.74079076873659,47.11425206124853,1
3120151,5265.0,61.4435,21.8044,796.13,7.632,22.75,48.9947,0.4547,0.585,0.579,0.799,0.432,23.4411,14511.490978157644,5.449171084307422,0.0,0
3120201,12197.0,83.3648,21.8168,1226.45,1.591,6.59,85.2247,0.3736,0.692,0.736,0.859,0.525,4.6279,24237.927359186684,19.408561599149632,24.596212183323768,1
3120300,5121.0,59.8516,25.8348,740.25,18.2544,11.88,37.065,0.4512,0.583,0.518,0.795,0.482,25.5036,11552.431165787932,6.0913379532819,0.0,0
3120409,4667.0,81.7013,21.3413,1022.92,1.3363,4.7,70.9439,0.4252,0.695,0.651,0.823,0.626,12.2134,26500.53567602314,35.12402914082726,0.0,0
3120508,10374.0,67.9584,21.0141,1226.32,0.1784,6.62,56.9872,0.4185,0.668,0.645,0.842,0.55,7.993,22477.058029689608,33.32155590530948,0.0,0
3120607,5434.0,67.5745,18.4947,1229.03,3.3971,9.12,77.9613,0.3791,0.651,0.653,0.816,0.518,7.1482,15285.977180714022,32.506999114641914,18.40264998159735,1
3120706,3521.0,82.8742,22.5504,1557.31,6.5829,4.84,85.7831,0.4566,0.696,0.72,0.832,0.562,7.2707,52267.25362113036,18.784076480693106,0.0,0
3120805,15362.0,92.7418,21.2082,1260.02,4.498,6.68,88.5129,0.4298,0.695,0.671,0.853,0.587,8.0257,20677.58104413488,29.405515496182183,0.0,0
3120839,3983.0,86.5177,18.7296,1172.95,1.3921,15.35,86.2562,0.3822,0.627,0.621,0.798,0.497,7.4874,18588.25006276676,17.565600882028665,25.106703489831784,1
3120870,7406.0,88.4013,24.2776,810.26,4.5649,16.02,52.6424,0.3955,0.585,0.571,0.759,0.462,17.1753,10858.76316500135,12.97136351694544,13.502565487442611,1
3120904,80665.0,92.1441,21.9364,1429.39,5.0253,5.26,81.8414,0.4766,0.713,0.689,0.851,0.617,8.7588,27621.223578999565,24.472119410229965,19.835120560342155,1
3121001,5465.0,77.5297,22.1775,862.29,7.7025,7.46,72.1122,0.4149,0.616,0.59,0.756,0.524,15.1876,13536.68801463861,17.623404138678293,18.29826166514181,1
3121100,7952.0,38.5815,18.9386,1261.35,5.6262,5.51,22.2819,0.4515,0.669,0.649,0.837,0.552,9.4867,15806.966800804828,19.467626991257685,0.0,0
3121209,8393.0,72.5366,21.923,1458.39,1.3264,8.03,70.7399,0.4479,0.74,0.702,0.872,0.661,6.4256,29463.71976647206,6.088842104346779,0.0,0
3121258,10494.0,96.3217,25.405,1021.95,5.0591,8.8,90.4129,0.3839,0.639,0.672,0.808,0.481,9.2941,44459.21478940347,102.09760273972604,9.52925481227368,0
3121308,4928.0,84.3141,18.1209,1143.37,2.1237,8.63,75.2334,0.3409,0.68,0.657,0.798,0.599,5.2222,16568.38474025974,23.117916385198527,20.292207792207797,1
3121407,7653.0,57.3631,18.3719,1120.94,2.999,7.2,54.8183,0.3707,0.639,0.607,0.802,0.536,9.2381,34128.969031752255,20.290854135457955,0.0,0
3121506,2994.0,50.3674,17.5351,928.67,1.5274,9.48,51.349,0.3738,0.631,0.618,0.809,0.503,10.9538,16903.80761523046,21.043161675299935,0.0,0
3121605,47702.0,90.7614,23.3261,1544.4,3.986,5.8,78.0525,0.5176,0.716,0.693,0.839,0.632,10.3259,20632.908473439267,12.257497380937023,20.963481615026623,1
3121704,3549.0,35.4466,17.6669,920.07,0.6048,15.37,29.0831,0.4011,0.601,0.578,0.811,0.464,14.6802,12096.928712313327,21.497234858350847,0.0,0
3121803,6847.0,85.6433,18.3876,1053.51,6.7315,8.58,72.4324,0.4025,0.702,0.651,0.821,0.647,9.5287,13270.775522126478,20.175322283609574,0.0,0
3121902,4226.0,72.5509,20.7998,1282.56,3.2021,6.8,68.9677,0.4195,0.657,0.645,0.785,0.559,6.5783,15066.493137718882,36.12892194579807,0.0,0
3122009,20706.0,62.8127,22.607,1200.86,1.3036,10.32,59.5427,0.503,0.605,0.639,0.823,0.421,13.6663,15428.040181589877,61.30098053147648,14.488554042306578,1
3122108,4178.0,85.6869,17.1613,1015.31,2.3617,12.44,78.5541,0.3849,0.661,0.624,0.811,0.571,9.9809,14763.04451890857,12.207486362268408,0.0,0
3122207,6516.0,85.9116,20.8717,913.25,3.2767,10.42,69.718,0.4222,0.623,0.603,0.812,0.495,14.9217,12626.151012891343,48.94831730769231,0.0,0
3122306,231091.0,97.572,20.8087,1835.09,2.7949,2.6,88.298,0.4608,0.764,0.753,0.844,0.702,5.1785,36039.56882786435,326.3467092209599,14.712818759709378,1
3122355,6321.0,97.9908,25.9927,846.99,5.3734,14.86,21.353,0.4375,0.608,0.603,0.723,0.515,18.3199,28192.05821863629,53.65783263442047,31.640563202025,1
3122405,5851.0,83.8318,21.8595,1160.89,1.8025,8.06,82.2148,0.3686,0.67,0.66,0.801,0.57,5.728,22204.922235515296,26.968726233550736,0.0,0
3122454,10213.0,80.9752,24.0184,721.76,9.076,18.99,46.2928,0.3801,0.609,0.577,0.802,0.489,18.9758,9123.95965925781,17.826036870381166,0.0,0
3122470,3697.0,67.7306,19.2048,1136.6,4.9268,8.06,33.0014,0.4009,0.673,0.627,0.815,0.597,8.7439,18795.780362456044,4.522971483380496,54.09791723018664,1
3122504,4904.0,89.1109,19.0049,1192.51,2.1739,9.75,82.8899,0.3846,0.688,0.66,0.784,0.63,8.188,14196.166394779772,82.39247311827957,20.39151712887439,1
3122603,4899.0,75.1582,23.2701,1029.37,12.2731,9.91,52.3148,0.3788,0.622,0.61,0.819,0.482,7.0143,13839.559093692593,12.284568686010036,20.412329046744237,1
3122702,5228.0,82.1538,19.4338,1266.36,3.8923,6.42,45.5882,0.3906,0.709,0.661,0.847,0.636,7.6465,20707.72762050497,26.81410664095357,0.0,0
3122801,3095.0,40.7431,18.4168,1209.15,3.2211,5.99,64.3952,0.4361,0.687,0.617,0.819,0.641,8.2391,12615.83198707593,27.167949719542488,0.0,0
3122900,6093.0,86.3778,22.2058,1113.39,1.7313,6.81,78.7431,0.3876,0.665,0.654,0.808,0.56,7.8325,18029.54209748892,86.75656049322949,0.0,0
3123007,10007.0,93.1348,21.1652,1188.87,2.0537,4.04,88.0544,0.3849,0.686,0.671,0.823,0.585,7.6562,31984.81063255721,80.1573188510277,0.0,0
3123106,5029.0,39.2523,20.5806,860.08,1.0573,14.48,29.1284,0.354,0.636,0.612,0.821,0.512,12.5547,37917.87631735932,13.160649422700484,0.0,0
3123205,12630.0,94.3864,18.9945,1495.21,2.5814,8.43,93.1199,0.4894,0.719,0.71,0.84,0.623,13.4494,27889.390340459224,11.366070255453105,0.0,0
3123304,4987.0,56.4869,20.754,1239.11,9.0074,9.64,43.7037,0.4558,0.629,0.613,0.829,0.49,7.496,13448.766793663524,21.57296177255601,20.052135552436333,1
3123403,1461.0,80.4244,20.5339,1181.2,2.1546,4.61,83.1889,0.3353,0.692,0.652,0.869,0.585,5.4757,57553.04585900068,9.554515015172123,0.0,0
3123502,1829.0,77.9661,16.9492,1368.13,0.6017,6.28,72.6008,0.3453,0.706,0.704,0.847,0.591,3.4445,43360.30617823947,5.845729006194108,0.0,0
3123528,7817.0,48.1003,23.9478,1202.37,1.6364,11.2,35.4685,0.467,0.645,0.626,0.842,0.508,9.5817,15718.690034540105,35.94667549583603,12.79263144428809,1
3123601,26336.0,85.1458,21.4497,1354.11,3.7207,7.25,87.7527,0.4316,0.685,0.688,0.838,0.558,7.2691,26780.37667071689,52.720819478837406,3.797083839611178,0
3123700,13622.0,75.2533,22.2361,968.64,1.0299,14.66,73.1454,0.3486,0.644,0.632,0.815,0.518,6.8813,11526.354426662752,72.82233318008319,22.02319776831596,1
3123809,6354.0,77.8565,20.7271,907.19,8.9375,11.81,60.1743,0.3954,0.655,0.599,0.791,0.594,12.825,14488.039030531949,10.445400834448453,15.738117721120554,1
3123858,5179.0,78.0266,18.9612,953.02,2.5474,10.23,56.2176,0.3878,0.634,0.617,0.792,0.521,13.2072,12530.411276308168,60.65113010891205,0.0,0
3123908,14746.0,81.0186,20.8056,1410.08,4.421,5.56,72.2731,0.4413,0.672,0.673,0.802,0.563,7.4336,18321.57873321579,32.281368488340526,0.0,0
3124005,20255.0,57.0476,21.0763,1238.49,1.5541,9.85,43.5968,0.4269,0.625,0.64,0.828,0.46,7.4407,20211.45396198469,56.65908601383539,9.874105159219946,0
3124104,85598.0,94.9403,21.7493,1207.13,6.3573,4.78,21.6339,0.4461,0.671,0.649,0.822,0.567,10.5047,11370.335755508306,94.09196385289214,37.38405102922965,1
3124203,24102.0,65.4261,22.2181,1138.4,1.6417,8.56,64.2381,0.4238,0.663,0.663,0.846,0.52,9.4584,17053.190606588665,75.87883061850283,4.149033275246867,0
3124302,30443.0,60.9237,21.6897,886.68,6.8899,15.49,14.0614,0.433,0.627,0.582,0.804,0.526,17.825,11957.527181946589,16.288650968180335,9.854482146963178,0
3124401,6611.0,48.8428,23.718,1278.49,1.4634,7.23,48.3419,0.3647,0.685,0.66,0.847,0.576,5.3846,18487.21827257601,25.05314936012339,0.0,0
3124500,11502.0,53.4255,19.5531,1161.12,1.252,7.5,49.5236,0.3301,0.691,0.679,0.848,0.573,3.5929,52323.85672057034,47.16408607794252,8.69414014953921,0
3124609,2186.0,89.1125,17.7036,988.21,2.5921,11.66,87.108,0.4197,0.71,0.719,0.867,0.574,12.5858,19620.768526989938,16.64065770943554,0.0,0
3124708,2772.0,87.2655,16.4141,1427.99,1.2918,9.85,71.3679,0.3606,0.676,0.679,0.875,0.521,2.9059,59645.743145743145,4.358620776406842,0.0,0
3124807,6840.0,83.0117,19.1082,1511.39,3.6023,5.58,67.08,0.4319,0.696,0.694,0.84,0.579,6.1884,51346.63742690058,8.316574543986656,14.619883040935672,1
3124906,10801.0,75.9652,18.7946,1160.5,4.5631,6.86,74.2871,0.457,0.675,0.66,0.846,0.551,14.8037,20529.673178409408,34.91006641994861,9.258401999814833,0
3125002,3875.0,95.1742,22.2452,991.7,4.0951,5.1,39.7652,0.4141,0.676,0.625,0.823,0.601,16.7617,14024.516129032258,37.3191825413641,0.0,0
3125101,53482.0,87.0349,25.6479,1657.54,3.0767,3.16,74.539,0.3958,0.732,0.729,0.849,0.633,4.9346,255298.6051381773,218.67320862721047,5.609363898133951,0
3125200,2578.0,70.9077,16.2141,1435.88,0.5495,5.72,67.996,0.4427,0.717,0.7,0.863,0.61,5.4694,22737.393328161364,29.968380916953407,0.0,0
3125309,3188.0,74.7804,20.1694,1089.64,6.0288,7.74,56.9983,0.4051,0.687,0.678,0.8,0.598,8.1242,20186.6373902133,19.29501767297729,62.73525721455457,1
3125408,5133.0,53.1073,21.2936,879.1,3.4845,11.23,0.3676,0.3898,0.606,0.568,0.794,0.494,15.2886,14365.478277810247,14.353143822248072,0.0,0
3125507,3032.0,66.8206,21.5699,1029.69,7.8035,9.78,38.2942,0.4603,0.64,0.593,0.815,0.542,14.5424,16075.85751978892,9.641987165217612,0.0,0
3125606,6489.0,79.6425,20.5116,906.32,11.5176,18.06,81.2366,0.4582,0.583,0.577,0.744,0.462,18.6621,11665.742024965326,10.88365774091561,0.0,0
3125705,13978.0,81.9287,18.9083,1319.2,2.4378,6.51,34.6806,0.4338,0.648,0.651,0.815,0.514,6.6246,20112.74860495064,8.991224261510961,21.462297896694807,1
3125804,2789.0,71.8896,18.1427,1036.92,4.6105,16.61,69.1269,0.3983,0.646,0.608,0.807,0.55,10.6131,16440.30118321979,18.36378600823045,35.85514521333812,1
3125903,9590.0,49.4995,18.3525,1059.57,3.4423,14.88,20.1536,0.4476,0.603,0.625,0.821,0.428,13.6788,15425.964546402503,8.807934672494538,10.427528675703858,0
3125952,10445.0,49.9473,22.8435,944.84,1.5446,10.1,46.1316,0.4401,0.58,0.583,0.796,0.42,17.8805,15018.860698898994,29.20183514452742,0.0,0
3126000,8045.0,86.6004,20.5594,1858.14,3.7494,3.5,80.4571,0.4258,0.724,0.728,0.845,0.617,3.0587,17747.047855811063,41.4174071519033,0.0,0
3126109,68248.0,92.9829,20.0211,1636.39,2.9976,3.78,89.6923,0.3976,0.755,0.729,0.874,0.676,3.6283,32418.371234321883,45.44065409826788,4.395733208299144,0
3126208,7949.0,67.2537,22.745,959.33,6.3949,15.11,2.2653,0.4895,0.64,0.616,0.834,0.51,19.9444,39612.15247200906,2.156535912603459,25.16039753428104,1
3126307,3477.0,72.6201,18.5792,1390.27,0.8425,7.18,82.518,0.3958,0.67,0.683,0.805,0.546,5.1481,31993.38510209951,15.891805916121248,28.76042565429968,1
3126406,3093.0,71.193,19.3663,1481.31,2.1842,3.97,62.6335,0.4393,0.696,0.651,0.845,0.613,2.4619,16572.583252505658,15.568922558075151,0.0,0
3126505,7366.0,45.9137,19.7258,945.37,8.0804,16.85,13.6299,0.4772,0.622,0.575,0.793,0.527,20.6746,10562.177572631008,15.961653892576292,0.0,0
3126604,4503.0,77.7926,21.6966,895.8,2.0,13.13,37.3152,0.4212,0.625,0.596,0.797,0.513,14.9287,16786.364645791695,2.8570014618102086,0.0,0
3126703,23476.0,66.3316,21.5752,904.49,5.0822,15.41,52.8756,0.459,0.654,0.605,0.808,0.572,20.7849,19255.40978020105,8.545132575860983,8.519338899301415,0
3126752,5034.0,49.6027,22.0898,746.03,1.5595,20.46,48.6472,0.437,0.603,0.581,0.802,0.471,24.6524,20101.311084624554,7.020068694593543,39.729837107667855,1
3126802,5640.0,56.2766,21.4007,814.37,9.8039,18.45,56.9368,0.4038,0.59,0.569,0.799,0.452,19.3262,14200.17730496454,8.999923404907191,17.73049645390071,1
3126901,8226.0,78.7503,21.5658,913.56,9.102,11.86,72.625,0.4135,0.648,0.624,0.779,0.559,16.3049,18297.34986627765,17.51863990953175,72.93946024799416,1
3126950,3391.0,27.3666,20.171,894.84,1.3814,16.8,27.9832,0.388,0.543,0.519,0.749,0.412,13.182,10485.992332645235,20.247919079976597,0.0,0
3127008,14540.0,94.0646,20.8803,1354.64,3.3848,8.3,86.9327,0.4217,0.684,0.693,0.871,0.53,7.9072,64331.91196698762,72.70472580717747,27.51031636863824,1
3127057,4345.0,61.8182,20.1841,831.76,7.5672,20.19,48.7163,0.4079,0.592,0.556,0.813,0.46,19.7099,11259.838895281931,13.546080054371377,0.0,0
3127073,4647.0,52.6576,23.2838,672.44,10.0969,24.85,0.31,0.4207,0.544,0.548,0.792,0.37,29.632,10130.191521411663,6.091733882860952,43.03851947493006,1
3127107,58588.0,94.4477,21.1596,1600.24,2.482,3.76,92.444,0.4759,0.73,0.73,0.865,0.615,9.6738,42209.53096197174,24.140438778474348,10.241004983955758,0
3127206,4686.0,71.6389,20.828,1229.5,3.1347,6.45,42.5308,0.4289,0.655,0.612,0.844,0.545,8.3066,17776.355100298762,23.45380561269689,0.0,0
3127305,6222.0,82.0154,19.8489,1147.43,4.7763,12.23,78.6117,0.4487,0.654,0.645,0.795,0.546,10.455,18273.706203792997,8.638031495079154,32.14400514304082,1
3127339,4793.0,34.4043,19.2364,723.32,4.7005,18.63,0.4007,0.466,0.65,0.559,0.796,0.618,30.1318,11963.69705820989,2.765400244518386,0.0,0
3127354,2928.0,45.765,18.5451,894.79,3.2706,9.59,43.2007,0.4126,0.679,0.579,0.812,0.667,14.6858,14045.765027322404,20.07390597897999,0.0,0
3127370,2830.0,84.735,17.7385,1272.17,3.6066,12.45,79.0535,0.4342,0.647,0.628,0.799,0.539,6.8198,17631.802120141343,25.16830749802122,0.0,0
3127388,4053.0,77.7696,18.5295,1384.47,3.9739,5.64,75.5285,0.4257,0.716,0.682,0.835,0.644,6.2469,15357.019491734518,26.65763389656601,0.0,0
3127404,4727.0,31.2672,18.0241,1786.45,1.8385,5.88,30.1205,0.4458,0.683,0.671,0.833,0.57,3.0952,19950.285593399614,25.23044733737917,0.0,0
3127503,5230.0,59.4837,21.5296,866.16,3.2113,14.92,56.5387,0.4168,0.606,0.558,0.774,0.516,17.8854,13186.42447418738,24.982326079064524,19.120458891013385,1
3127602,11331.0,83.1524,20.2189,1051.14,2.4176,5.82,72.5706,0.43,0.681,0.622,0.833,0.609,11.6995,17548.583531903627,13.07522146870359,17.650692789692,1
3127701,257171.0,96.7932,21.8746,1605.1,3.3206,4.93,94.5358,0.4837,0.727,0.714,0.834,0.644,8.6415,28705.04061499936,109.79065700809775,20.608855586360825,1
3127800,13901.0,52.7732,22.5379,904.97,8.1407,14.61,26.2435,0.48,0.604,0.579,0.791,0.482,20.8897,55451.83799726638,3.5778502218879704,7.193727069994964,0
3127909,1392.0,86.5661,17.6724,1419.3,6.0766,5.66,0.3552,0.3924,0.731,0.679,0.844,0.682,3.2374,31747.844827586207,7.207169891426471,0.0,0
3128006,32244.0,84.2606,22.5189,1379.63,3.8659,7.44,76.5101,0.4603,0.686,0.683,0.82,0.576,8.7822,30914.030517305546,29.99095918238268,18.60811313732788,1
3128105,13772.0,68.465,20.5126,1354.23,1.5632,5.99,65.2636,0.4251,0.679,0.661,0.831,0.57,7.4125,28372.13186174848,14.739737463142628,0.0,0
3128204,9753.0,39.5366,17.8714,939.25,1.5504,12.08,34.1851,0.3987,0.623,0.618,0.794,0.493,13.0821,11812.878088793192,27.977945816934216,0.0,0
3128253,5051.0,65.4326,19.5803,925.01,7.6259,10.56,0.2154,0.3987,0.677,0.586,0.807,0.655,11.0626,15443.67451989705,12.942554123757567,0.0,0
3128303,19150.0,91.0601,21.0287,1386.82,3.2054,5.99,91.3499,0.3727,0.701,0.693,0.845,0.589,3.749,28694.412532637078,64.95312521198801,5.221932114882507,0
3128402,7714.0,74.9676,19.2377,1345.45,2.1505,7.32,74.7471,0.4453,0.677,0.685,0.849,0.533,7.1726,22476.40653357532,29.198240686768056,25.926886180969664,1
3128501,3149.0,92.9819,20.4827,1219.41,3.1208,5.28,52.2609,0.427,0.652,0.65,0.802,0.532,8.86,18299.142584947604,35.51971124020078,31.756113051762465,1
3128600,6539.0,59.4586,19.4066,1829.31,1.4239,5.61,59.2439,0.4852,0.69,0.709,0.829,0.558,4.9746,114813.42712953052,3.160757305656204,30.58571647040832,1
3128709,50911.0,95.0738,20.2,1699.14,4.5522,4.95,93.9364,0.4525,0.751,0.729,0.88,0.659,4.7586,55130.54153326393,177.76311287089993,1.9642120563336016,0
3128808,7131.0,75.2489,19.8289,1330.9,0.9096,8.22,66.7149,0.3727,0.683,0.669,0.837,0.569,3.9848,17285.373720375825,45.026045777426994,14.023278642546629,1
3128907,8478.0,82.4605,23.8264,1410.72,4.4301,5.18,83.0595,0.4347,0.693,0.681,0.825,0.592,5.2395,38640.24534088229,23.11133404028536,23.590469450342063,1
3129004,7778.0,59.4754,18.6938,1232.23,3.6101,8.23,47.2195,0.3657,0.674,0.654,0.812,0.576,4.1226,14698.765749550012,26.493810844136824,12.856775520699408,1
3129103,5192.0,49.4029,14.9268,1863.32,2.1739,10.12,52.8284,0.5141,0.68,0.691,0.865,0.525,2.8284,34820.49306625578,2.8077962855104843,19.26040061633282,1
3129202,6134.0,74.6658,19.5468,1086.85,3.4649,9.7,78.9836,0.432,0.657,0.656,0.822,0.527,15.3115,21753.34202804043,39.84410522897045,0.0,0
3129301,12030.0,61.6043,20.9892,1057.55,1.9221,14.94,63.1968,0.4257,0.654,0.639,0.819,0.535,14.7154,14661.679135494596,35.27921312398458,8.31255195344971,0
3129400,5198.0,73.3359,19.8538,1060.87,4.4191,11.23,69.171,0.4127,0.657,0.606,0.834,0.56,10.8108,19919.199692189304,15.012707948243992,0.0,0
3129509,22229.0,83.5215,20.7297,1577.5,2.0788,5.55,82.2729,0.4384,0.718,0.736,0.877,0.573,6.5583,69037.02370776913,8.220382732795589,26.99176751090917,1
3129608,6286.0,82.3894,20.6968,774.15,2.5372,12.49,52.5745,0.3749,0.614,0.565,0.795,0.516,18.9641,18286.350620426343,7.185971009191093,0.0,0
3129657,5081.0,58.0201,20.2322,702.48,17.9645,19.48,0.6764,0.4808,0.591,0.537,0.786,0.489,33.1824,10086.990749852392,14.383296013950185,0.0,0
3129707,10948.0,73.3559,21.7117,1255.07,0.9625,6.74,78.8976,0.435,0.706,0.696,0.855,0.591,7.6077,66517.35476799415,19.47713464805771,0.0,0
3129806,170537.0,99.7432,24.2264,1185.48,5.1585,4.06,89.7316,0.3984,0.704,0.673,0.84,0.616,9.053,18778.798735758224,2355.646108156641,15.24595835507837,1
3129905,3365.0,69.0639,18.6033,1530.84,2.5684,7.66,69.9169,0.4103,0.674,0.658,0.802,0.579,6.2443,23067.45913818722,49.25639674454008,0.0,0
3130002,2698.0,90.1038,21.7939,1286.16,3.8073,6.09,88.9349,0.4605,0.675,0.639,0.823,0.584,7.0116,22003.33580429948,17.62177837576581,0.0,0
3130051,10677.0,31.0761,24.239,664.71,24.7745,11.98,21.2454,0.4942,0.624,0.57,0.799,0.533,35.3871,10435.421935000468,17.0650700695581,0.0,0
3130101,45847.0,97.1514,22.1672,1434.96,4.9769,4.31,58.3894,0.4479,0.698,0.686,0.844,0.588,7.5404,21091.412742382272,413.01743164722313,13.087006783431848,1
3130200,10830.0,87.8855,24.0259,1150.85,1.4578,5.78,79.7083,0.3498,0.651,0.682,0.842,0.481,6.1251,53359.5567867036,49.60085736662041,0.0,0
3130309,6826.0,86.5075,16.569,1573.9,3.6409,4.13,85.7354,0.4327,0.707,0.695,0.825,0.616,4.9077,85984.61763844125,10.865966252785736,0.0,0
3130408,7003.0,88.1337,20.891,1167.67,3.9351,5.52,79.7549,0.3902,0.714,0.663,0.84,0.654,6.5074,70591.03241467943,66.53934591338388,0.0,0
3130507,12741.0,77.49,23.546,1201.48,1.4823,6.99,74.0901,0.4125,0.68,0.665,0.827,0.571,6.3739,20834.863825445413,33.85493475332212,0.0,0
3130556,6986.0,38.2336,20.7701,854.21,2.7568,13.18,33.0842,0.3728,0.553,0.572,0.744,0.397,15.155,14485.542513598626,35.509695783668384,0.0,0
3130606,7301.0,55.9649,19.107,1353.68,3.4241,4.93,59.5729,0.3956,0.692,0.688,0.843,0.572,5.9992,18156.416929187784,48.799887708791466,0.0,0
3130655,6346.0,43.5235,21.2417,751.52,5.8513,25.7,19.8332,0.3836,0.61,0.575,0.804,0.49,20.6587,13756.697132051686,6.319779235950043,0.0,0
3130705,6171.0,68.4006,20.8394,1534.43,0.6669,8.49,67.2559,0.4352,0.674,0.664,0.834,0.554,4.666,141893.21017663262,7.434671035986652,0.0,0
3130804,2580.0,65.8915,20.2713,1349.36,0.5051,6.54,65.4915,0.438,0.697,0.694,0.858,0.569,6.5542,44840.6976744186,8.442657015422574,0.0,0
3130903,22692.0,60.0564,19.1169,1150.02,3.7053,9.6,37.761,0.4724,0.658,0.642,0.829,0.535,14.0871,17837.38762559492,26.446812676568488,8.813678829543452,0
3131000,6239.0,67.9917,21.3015,1288.32,9.1954,4.64,25.5824,0.4377,0.702,0.657,0.845,0.624,6.4273,23362.87866645296,25.46572188933697,0.0,0
3131109,7371.0,76.706,21.3268,989.42,5.8842,9.51,45.0307,0.3806,0.664,0.625,0.81,0.579,11.0975,12306.878306878309,13.985125033203053,13.5666802333469,1
3131158,17136.0,91.5616,23.9671,994.21,4.9785,8.26,82.2864,0.4249,0.665,0.63,0.829,0.562,15.7591,10520.074696545284,151.31660279391767,0.0,0
3131208,19522.0,84.3459,19.3167,1163.65,3.2041,9.52,82.6156,0.4386,0.693,0.67,0.848,0.586,10.407,17645.83546767749,42.751307920226175,5.122425980944576,0
3131307,227731.0,99.7352,21.0933,1763.63,4.804,3.3,98.5416,0.4906,0.771,0.752,0.864,0.705,7.5251,77318.15167895456,1381.1588753305357,7.904062248881356,0
3131406,3775.0,91.9205,18.3841,1429.29,2.6882,9.78,93.2811,0.4168,0.696,0.68,0.814,0.61,3.3023,48488.2119205298,8.10051070769495,0.0,0
3131505,9135.0,74.855,20.0547,1406.05,1.6156,7.85,64.3561,0.3865,0.686,0.723,0.866,0.516,4.9527,20640.06568144499,30.63431647076577,0.0,0
3131604,7180.0,87.2006,22.6602,1468.5,1.6012,5.15,89.2499,0.4453,0.695,0.705,0.847,0.563,6.0914,41984.67966573816,20.15359396402668,27.85515320334262,1
3131703,113343.0,93.517,20.505,1619.03,4.2907,4.44,92.9414,0.4712,0.756,0.729,0.873,0.678,7.9219,132090.6452096733,90.34143759759031,22.05694220198865,1
3131802,10362.0,80.7952,21.2218,1040.93,3.462,12.76,75.7088,0.4685,0.653,0.625,0.838,0.531,13.1968,13160.20073344914,49.57088320560292,19.301293186643505,1
3131901,53365.0,96.9681,21.2068,1629.67,3.3832,2.69,85.4978,0.405,0.73,0.737,0.828,0.638,4.6858,246215.34713763703,98.09255790613332,7.495549517474,0
3132008,4252.0,36.8062,21.6369,831.2,14.6102,10.37,7.8243,0.3909,0.628,0.57,0.791,0.55,18.7441,14512.935089369708,2.377484350930557,0.0,0
3132107,17208.0,77.801,24.9419,765.85,8.4459,14.85,47.6762,0.4179,0.641,0.593,0.787,0.564,20.048,13173.34960483496,14.044217084682352,23.24500232450023,1
3132206,13846.0,80.052,20.7786,1429.51,3.5062,5.26,77.9892,0.3848,0.691,0.697,0.836,0.567,4.9949,29048.389426549184,33.73222760361344,7.222302470027444,0
3132305,10463.0,47.3096,23.5688,757.17,10.5826,19.57,43.523,0.4858,0.552,0.57,0.759,0.388,30.639,11622.957086877568,21.760334755183237,19.114976584153684,1
3132404,93073.0,89.6318,21.4724,1765.13,4.4805,2.66,90.4303,0.4908,0.787,0.767,0.884,0.718,7.8941,38805.19592148099,315.6782607220988,3.223276352970249,0
3132503,32948.0,78.2415,24.3596,1041.12,2.5937,13.84,72.4592,0.4392,0.646,0.618,0.798,0.547,10.2777,19650.449192667234,12.044277378084958,9.105256768240864,0
3132602,3690.0,84.065,18.2114,1027.88,12.2497,7.55,81.083,0.3786,0.688,0.677,0.841,0.572,7.1874,18239.837398373984,39.01954149395144,0.0,0
3132701,21042.0,71.9608,21.9561,1048.66,3.8953,16.91,60.9295,0.4462,0.634,0.616,0.784,0.527,13.1234,16205.82644235339,14.826568884498336,0.0,0
3132800,2142.0,56.4426,16.4332,1014.0,0.2445,13.71,61.8357,0.4507,0.634,0.605,0.823,0.513,17.6416,16742.763772175538,5.631803123521061,0.0,0
3132909,10770.0,79.3315,19.0251,1412.13,4.2304,4.82,79.8419,0.4297,0.674,0.665,0.81,0.568,5.6549,21938.99721448468,44.1911420763682,0.0,0
3133006,14786.0,75.7811,20.7696,1160.67,2.3056,3.39,58.4042,0.421,0.705,0.695,0.853,0.591,8.5925,79918.23346408765,34.24333938563012,0.0,0
3133105,15236.0,83.959,19.7362,1483.59,3.7287,2.88,94.2269,0.4156,0.739,0.72,0.871,0.643,3.5174,30853.83302704122,106.27567782482232,6.563402467839328,0
3133204,11128.0,77.8756,18.7545,1161.06,2.4048,11.29,77.3915,0.4566,0.65,0.656,0.831,0.503,12.0776,13592.37958303379,22.76395488940212,26.959022286125087,1
3133303,19151.0,78.3144,22.1033,1044.53,9.2695,14.7,46.7005,0.4574,0.629,0.613,0.787,0.516,13.9161,16118.74053574226,28.203715921675816,31.32995666022662,1
3133402,13690.0,80.5113,19.2038,1635.17,3.3847,4.57,79.4101,0.46,0.723,0.728,0.861,0.603,6.8509,37558.07158509861,7.595268186755938,7.304601899196493,0
3133501,21046.0,83.4838,18.6924,1320.83,4.2075,6.9,76.6771,0.4692,0.713,0.692,0.846,0.618,12.509,29886.20165352086,20.22644468769912,4.751496721467262,0
3133600,12692.0,70.3829,22.2345,1207.05,0.9164,8.15,58.1385,0.4194,0.72,0.699,0.878,0.607,10.3476,66904.19161676646,71.58003970402454,15.75795776867318,1
3133709,12966.0,78.675,20.9702,1307.86,2.5796,5.19,65.2941,0.4055,0.677,0.661,0.833,0.563,8.0509,534811.198519204,44.05079805124651,46.27487274409995,1
3133758,14406.0,97.4733,19.2212,1532.93,2.0814,3.22,97.2722,0.396,0.776,0.761,0.862,0.711,5.0014,50261.14119117035,93.89848847289484,0.0,0
3133808,97669.0,95.3711,21.3271,1859.49,2.6294,2.54,93.714,0.4308,0.758,0.749,0.85,0.685,3.991,52035.97866262581,197.0054541640445,22.52505912828021,1
3133907,5642.0,50.6026,20.95,1084.27,5.1282,12.81,31.4787,0.4085,0.627,0.613,0.811,0.496,9.4698,12648.528890464377,19.850819787488565,0.0,0
3134004,13745.0,62.2117,22.7283,685.0,14.7475,16.84,51.4761,0.4537,0.6,0.559,0.797,0.484,30.1131,10785.813022917424,8.33221186429376,14.550745725718444,1
3134103,6055.0,61.5855,17.4732,1287.31,2.3538,11.04,58.2998,0.415,0.635,0.64,0.825,0.485,7.0851,20187.94384805945,13.37601286571411,0.0,0
3134202,102217.0,96.3235,20.3107,1700.41,3.4416,5.59,96.2503,0.478,0.739,0.745,0.84,0.644,6.1913,37148.09669624426,39.34379914751317,8.80479763640099,0
3134301,6638.0,86.4869,19.6445,1162.49,2.3745,3.9,46.7468,0.4455,0.726,0.675,0.84,0.675,10.3947,13798.73455860199,28.27062801850069,0.0,0
3134400,38295.0,95.9473,23.0422,1765.14,3.5233,5.65,91.1676,0.4585,0.747,0.73,0.848,0.674,4.9495,52669.06906906907,27.2627669412521,13.05653479566523,1
3134509,4217.0,76.4525,18.6863,1471.5,3.7237,4.88,62.7836,0.4439,0.727,0.703,0.878,0.622,4.6373,40910.125681764286,11.3354730147466,0.0,0
3134608,20406.0,67.8575,18.7739,1322.35,3.5954,6.82,34.4761,0.4606,0.681,0.694,0.837,0.543,11.3093,14593.942957953544,18.30180488837388,34.30363618543566,1
3134707,11042.0,77.4045,19.6794,903.94,11.1592,17.39,58.7715,0.4793,0.62,0.595,0.807,0.496,19.9545,11912.15359536316,7.923312779983482,9.056330374932076,0
3134806,7495.0,61.6811,19.493,1127.99,3.2994,8.59,62.1094,0.4564,0.668,0.682,0.81,0.54,15.9753,20137.158105403603,18.31492880514333,0.0,0
3134905,25525.0,87.428,20.6033,1537.09,1.2601,3.72,85.2015,0.405,0.715,0.722,0.864,0.586,4.9518,44806.0333006856,73.41795453695634,3.917727717923604,0
3135001,3092.0,76.5201,18.8228,1331.52,7.0302,9.27,68.5152,0.3878,0.679,0.667,0.856,0.548,5.507,35511.96636481242,18.88128969223253,32.34152652005175,1
3135050,37660.0,57.0871,24.4291,865.12,3.0888,11.94,27.6281,0.4288,0.638,0.619,0.789,0.531,16.9888,22545.884227296865,14.289687558220232,23.89803505045141,1
3135076,4296.0,60.4516,19.9953,912.29,2.7045,15.47,47.4253,0.3929,0.609,0.605,0.781,0.479,12.559,19209.96275605214,8.3079511501755,0.0,0
3135100,70699.0,91.4398,23.7783,1239.96,5.5575,8.67,32.4371,0.4708,0.696,0.654,0.796,0.649,9.3302,22682.14543345733,32.41112372834968,8.486682979957283,0
3135209,65150.0,67.3983,22.8503,973.95,6.7225,9.48,24.4779,0.5041,0.658,0.611,0.82,0.568,23.1733,12656.224098234845,9.779950366188965,6.139677666922487,0
3135308,4506.0,80.8921,20.9277,1480.3,2.1325,4.57,74.5136,0.3802,0.721,0.677,0.844,0.656,3.3067,22491.12294718153,26.176216008969394,0.0,0
3135357,8127.0,45.2689,22.2837,741.5,12.5874,15.9,1.1888,0.4354,0.608,0.556,0.786,0.514,23.8782,9526.024363233666,21.66154469442749,12.304663467454166,1
3135407,6197.0,64.3699,20.0742,1320.57,2.3596,6.04,34.8364,0.3621,0.661,0.629,0.844,0.544,6.1894,315106.664515088,26.23068783068783,0.0,0
3135456,6100.0,54.0656,23.2131,747.96,3.8875,16.98,45.4589,0.4612,0.624,0.588,0.793,0.52,28.4894,13030.491803278688,21.444667484610815,0.0,0
3135506,12419.0,64.7073,20.3479,904.68,8.797,11.69,62.9316,0.5168,0.601,0.607,0.794,0.451,25.8409,15619.293018761577,22.66666910021409,32.20871245671954,1
3135605,6484.0,77.4213,18.2758,954.71,6.0985,14.43,2.7181,0.3807,0.643,0.605,0.797,0.552,9.0895,20116.594694632942,5.111778771296779,30.845157310302284,1
3135704,5883.0,45.147,18.7659,1110.23,3.1707,7.17,30.0267,0.3919,0.689,0.777,0.854,0.492,7.5013,21436.002039775623,13.21933352807676,33.996260411354754,1
3135803,24007.0,74.5324,22.2643,877.23,6.6346,17.05,59.7353,0.4708,0.615,0.619,0.817,0.461,21.3903,11450.202024409547,6.831395679719175,24.992710459449327,1
3135902,5138.0,65.2394,20.1051,1172.13,1.8421,8.37,66.3009,0.4187,0.658,0.675,0.831,0.507,4.9823,20278.707668353443,33.39573096222343,0.0,0
3136009,13888.0,71.7166,22.1486,767.77,4.7757,20.28,58.4704,0.4445,0.587,0.572,0.789,0.448,25.4247,11711.189516129032,8.345200968639398,21.601382488479263,1
3136108,4329.0,41.3952,16.5627,1037.96,2.9957,12.49,40.6306,0.3497,0.626,0.616,0.803,0.495,9.6416,25456.456456456457,18.556144231263826,0.0,0
3136207,80187.0,99.9202,20.9859,1607.09,4.3775,3.03,93.9429,0.4357,0.758,0.724,0.849,0.708,6.554,60514.9213712946,816.3105333346907,6.235424694775961,0
3136306,46801.0,83.6542,22.8179,1319.21,3.8164,7.17,80.6346,0.4623,0.697,0.683,0.788,0.63,9.8975,46074.76335975727,4.362876554579492,8.546825922523023,0
3136405,3854.0,65.2309,19.3565,982.06,0.9967,12.78,38.9877,0.4256,0.637,0.642,0.824,0.489,12.9741,18754.28126621692,4.872713939830707,0.0,0
3136504,10304.0,75.854,23.7384,916.01,8.591,13.08,70.9677,0.4627,0.628,0.613,0.797,0.506,19.928,10396.64208074534,18.84745886721358,29.114906832298136,1
3136520,3969.0,34.845,22.6505,935.5,3.3753,10.27,45.0867,0.4058,0.632,0.597,0.764,0.553,14.2929,13035.777273872513,10.408253175710405,0.0,0
3136553,4268.0,48.4067,19.283,839.6,7.2954,13.21,60.9137,0.334,0.617,0.596,0.799,0.493,11.5276,16947.04779756326,23.60332260455033,23.430178069353328,1
3136579,3630.0,67.4931,26.0331,729.18,16.9259,16.43,51.9481,0.42,0.564,0.541,0.782,0.424,23.7662,15982.644628099171,6.704925996457287,0.0,0
3136603,5909.0,57.7932,19.428,1219.03,2.6626,7.43,71.1786,0.3841,0.662,0.624,0.818,0.568,7.1247,18189.710610932478,34.328505614909574,16.923337282112033,1
3136652,30716.0,98.1117,22.8187,1183.0,7.9388,4.23,44.4789,0.4066,0.717,0.67,0.849,0.649,9.902,46762.17606459175,316.60430646175416,22.7894257064722,1
3136702,540756.0,98.8893,21.2225,1983.62,5.2974,2.29,94.3291,0.5194,0.778,0.784,0.844,0.711,8.7633,37506.19133213501,376.6368634071833,13.314692763464484,1
3136801,3768.0,60.3769,19.9575,885.82,11.9688,10.45,54.9133,0.4752,0.669,0.601,0.808,0.617,22.0807,13691.87898089172,8.729699047795565,0.0,0
3136900,11084.0,56.8928,22.8708,1433.99,5.8132,4.42,53.7291,0.4034,0.723,0.794,0.86,0.553,7.0104,24727.44496571635,50.30110776799045,0.0,0
3136959,5789.0,75.9026,23.821,678.48,2.0716,15.33,15.3595,0.4249,0.592,0.535,0.776,0.501,28.4771,11335.118327863189,5.437253215014295,17.274140611504578,1
3137007,14383.0,32.4411,24.0492,759.02,8.5802,21.71,30.6417,0.4623,0.541,0.537,0.754,0.391,29.5593,10243.69046791351,16.602985143543155,20.85795731071404,1
3137106,6631.0,70.4871,16.4229,1507.22,0.489,6.44,69.9748,0.437,0.718,0.692,0.839,0.637,4.5517,36567.33524355301,4.4969285794697,15.080681646810437,1
3137205,51412.0,98.4828,22.9421,1462.44,2.4894,3.97,97.395,0.431,0.732,0.72,0.832,0.655,7.1498,38605.26725278145,116.8497036255864,9.725355948027698,0
3137304,3313.0,78.9315,20.2234,841.04,0.8252,11.82,66.8325,0.3536,0.634,0.593,0.773,0.556,10.8965,17988.228191971022,5.51663733229872,0.0,0
3137403,12769.0,57.6709,22.5938,1077.38,1.6583,4.12,69.0679,0.4202,0.676,0.672,0.828,0.554,11.5874,27047.85026235414,26.786632067179507,0.0,0
3137502,18904.0,80.0413,21.4981,1516.86,2.4939,5.72,79.6906,0.4604,0.703,0.717,0.832,0.582,7.6597,29916.36690647482,22.48014079817343,15.869657215404148,1
3137536,8969.0,80.6667,22.5109,1274.2,4.9391,8.16,58.5128,0.4031,0.679,0.678,0.812,0.568,5.4781,32609.209499386776,7.254705771490924,11.14951499609767,0
3137601,75145.0,98.6253,20.0586,2311.42,3.2354,2.54,69.2355,0.5229,0.777,0.79,0.857,0.693,5.8368,29115.37693792002,327.085718265351,30.60749218178189,1
3137700,20835.0,63.5469,21.7279,1298.14,2.754,10.35,52.6949,0.4489,0.661,0.659,0.81,0.541,8.9903,19187.2810175186,48.23809964808298,33.5973122150228,1
3137809,20414.0,77.8289,20.5251,1264.21,5.3977,5.02,75.0693,0.4744,0.711,0.693,0.871,0.596,12.9161,19850.54374448908,95.79090610482848,4.898599000685804,0
3137908,3184.0,48.2412,20.6972,991.2,2.7641,7.85,39.4295,0.5067,0.655,0.623,0.828,0.546,20.603,16369.6608040201,26.84609028515539,0.0,0
3138005,5963.0,77.3604,17.6086,1210.39,1.2053,4.26,82.8248,0.3744,0.714,0.694,0.857,0.613,4.4115,16055.00586952876,29.10455774543396,0.0,0
3138104,7124.0,59.9382,22.5154,973.84,5.8246,11.31,4.3818,0.3843,0.629,0.614,0.795,0.511,11.7258,27025.6878158338,2.2233200810057494,14.037057832678272,1
3138203,104761.0,95.6243,23.21,1886.69,4.0311,2.37,95.0785,0.5121,0.782,0.757,0.88,0.719,7.7036,28076.364295873464,185.5017494652444,4.772768492091522,0
3138302,3199.0,71.0222,20.1626,1435.77,0.8818,9.21,69.1736,0.3916,0.71,0.707,0.875,0.579,5.0741,17345.420443888714,9.087939091774263,0.0,0
3138351,4341.0,58.3506,22.6215,956.16,3.268,12.74,68.9384,0.3876,0.67,0.602,0.779,0.64,12.0765,15246.486984565769,15.50157836849548,0.0,0
3138401,51145.0,91.3814,19.8768,1401.68,8.4008,4.83,89.0655,0.5002,0.726,0.696,0.867,0.635,11.8816,21754.59966761169,54.2320510414314,3.910450679440806,0
3138500,4737.0,73.4009,17.9016,1231.78,4.086,10.13,72.2958,0.4768,0.672,0.679,0.834,0.537,8.6229,22719.65378931813,11.803048311020415,21.11040743086341,1
3138609,17221.0,84.3563,19.7956,1266.34,8.7157,6.55,59.075,0.4435,0.71,0.705,0.861,0.59,7.549,19697.98501829162,20.294285404518693,0.0,0
3138625,8687.0,83.7804,21.9639,1567.05,1.9947,6.18,82.1386,0.3563,0.71,0.693,0.834,0.62,2.1503,53265.79947047312,6.595285437606717,0.0,0
3138658,8790.0,70.7736,22.5484,846.8,9.172,15.22,38.3091,0.4329,0.646,0.589,0.794,0.577,18.3123,10674.516496018205,33.948054455923526,0.0,0
3138674,6956.0,33.9707,22.5129,974.3,1.2791,9.36,30.3777,0.4004,0.608,0.61,0.809,0.455,12.6187,19086.40023001725,47.83451842275372,14.37607820586544,1
3138682,6210.0,50.789,24.1868,592.92,3.4715,11.65,0.4038,0.4165,0.614,0.568,0.799,0.509,32.0432,10542.512077294688,15.083285970358064,16.10305958132045,1
3138708,5586.0,76.817,20.6767,1304.11,2.2344,6.28,76.0132,0.4007,0.678,0.656,0.821,0.578,4.5037,26682.599355531685,11.168805721563633,0.0,0
3138807,17875.0,92.0336,20.4308,1754.4,2.9168,5.3,90.9145,0.4591,0.724,0.723,0.833,0.63,4.1138,36785.17482517483,15.256145346043514,0.0,0
3138906,6487.0,79.6362,20.2559,941.72,3.1746,14.84,94.0427,0.3955,0.64,0.607,0.783,0.552,11.781,17329.119778017575,19.51693553724976,0.0,0
3139003,37684.0,83.5315,22.0173,1431.7,4.2717,4.46,82.9607,0.421,0.715,0.719,0.848,0.6,5.8041,36458.33775607685,64.3117766119756,2.653646109754803,0
3139102,5191.0,80.1387,21.441,1570.26,5.1106,5.56,66.5622,0.4565,0.699,0.667,0.856,0.598,3.7601,58170.87266422655,10.531355686343726,0.0,0
3139201,17516.0,70.9694,21.7515,972.9,4.4758,16.71,67.7615,0.4584,0.618,0.609,0.768,0.505,17.8561,13461.17835122174,24.064207856724817,5.709065996802924,0
3139250,5997.0,58.3292,16.6917,795.96,12.6036,20.86,8.9286,0.4087,0.618,0.565,0.779,0.537,23.7452,10018.342504585626,21.089093242839308,0.0,0
3139300,18886.0,69.9354,24.0813,833.49,9.686,14.71,27.0231,0.4586,0.642,0.624,0.799,0.53,21.6824,12884.464682833845,9.68421441258876,10.589854918987609,0
3139409,91886.0,81.6109,23.6674,1343.65,2.9564,4.61,79.4861,0.4581,0.689,0.692,0.839,0.563,9.6471,35672.22427790958,146.24123453410536,30.4725420629911,1
3139508,20613.0,80.1679,22.2432,1249.19,3.8993,8.46,67.7251,0.4448,0.697,0.679,0.846,0.589,8.3782,27330.228496579828,112.70092946965556,14.553922282055012,1
3139607,26535.0,83.4784,19.1332,1387.38,3.4275,10.73,81.1165,0.4859,0.675,0.666,0.803,0.575,10.2341,17970.190314678726,38.72546730335898,0.0,0
3139706,7333.0,69.7941,22.3919,1202.04,1.5421,6.16,66.9173,0.4109,0.672,0.645,0.845,0.558,4.7755,31784.12655120687,28.03091695845629,0.0,0
3139805,12721.0,95.0004,21.4134,1304.13,1.07,5.64,88.0243,0.384,0.684,0.694,0.825,0.558,4.6934,17882.39918245421,34.23304628632938,7.861017215627702,0
3139904,14247.0,66.7509,20.5657,1275.1,7.3266,6.05,69.3643,0.4478,0.702,0.646,0.842,0.637,9.6731,14256.966378886784,70.21754773334385,0.0,0
3140001,61387.0,92.4593,23.505,1553.36,4.7292,4.36,78.3688,0.4558,0.742,0.705,0.874,0.664,7.2745,120009.66002573835,51.40394303169967,16.290093993842344,1
3140100,4224.0,83.1676,22.6562,976.08,2.2596,11.4,81.853,0.4361,0.615,0.609,0.781,0.488,15.2313,13677.083333333334,26.597988778973484,71.02272727272728,1
3140159,15900.0,97.0503,23.2893,1367.25,2.3546,4.65,52.2083,0.4575,0.699,0.68,0.833,0.604,7.6507,12450.125786163522,451.7558813501535,6.289308176100628,0
3140209,3387.0,83.9386,19.6339,1385.29,1.0379,7.31,72.1006,0.3928,0.68,0.668,0.847,0.555,3.6127,22114.555653971067,43.794771005197966,0.0,0
3140308,4592.0,68.9678,19.0331,1319.11,5.4775,9.23,60.2804,0.4098,0.657,0.629,0.838,0.537,6.2595,13157.012195121952,8.4131378329208,87.10801393728222,1
3140407,3200.0,52.8438,18.75,1119.38,1.6179,7.44,36.4172,0.511,0.65,0.615,0.806,0.553,13.8125,13371.875,29.656540193879632,0.0,0
3140506,14003.0,86.4743,20.6813,1396.61,2.5281,6.51,65.6444,0.386,0.669,0.688,0.844,0.515,6.682,33876.0979790045,13.230122692546802,7.141326858530315,0
3140530,8396.0,55.2525,22.606,910.71,2.5882,11.14,41.0744,0.3969,0.635,0.619,0.809,0.512,15.424,25681.395902810866,74.12508387187908,11.910433539780849,0
3140555,9112.0,82.1773,24.0672,860.93,10.1149,18.66,77.385,0.4731,0.581,0.581,0.749,0.45,22.6792,10046.861281826164,40.04588224436251,0.0,0
3140605,3963.0,44.5874,19.8082,949.39,3.46,16.58,51.3761,0.4088,0.597,0.557,0.769,0.497,12.655,15272.773151652787,14.126831354935302,0.0,0
3140704,37841.0,93.692,21.8625,1176.11,7.6889,5.26,59.5338,0.4365,0.704,0.688,0.839,0.604,12.6425,28513.7549219101,125.24989739312336,18.49845405776803,1
3140803,14121.0,94.3205,20.6713,1435.48,3.2729,3.85,76.6144,0.429,0.72,0.703,0.862,0.616,6.642,44472.55860066568,89.90488075076719,7.081651441116069,0
3140852,8895.0,58.3249,24.0697,742.96,6.0903,17.49,8.1109,0.4248,0.616,0.584,0.799,0.501,22.9145,17811.017425519956,4.583638651590902,0.0,0
3140902,18552.0,82.417,24.1645,906.79,5.0676,13.4,74.4242,0.4728,0.631,0.63,0.78,0.511,21.8104,22917.96032772747,69.48574852990748,10.78050884001725,0
3141009,12038.0,74.8214,19.6544,970.08,3.3029,14.88,24.2981,0.4291,0.662,0.604,0.789,0.61,14.0482,13086.060807443097,25.491005727959003,0.0,0
3141108,37618.0,98.5672,21.5881,1233.49,6.5974,3.27,79.6093,0.4113,0.731,0.69,0.864,0.654,9.206,40019.6182678505,149.00991471679876,15.949811260566747,1
3141207,3814.0,73.8332,18.5107,1804.53,0.8806,9.27,72.1905,0.3634,0.707,0.744,0.859,0.552,0.1311,25480.85998951232,14.61543472679407,26.219192448872576,1
3141306,3900.0,58.3846,21.8974,1685.36,0.6596,4.31,58.7535,0.4177,0.711,0.722,0.851,0.584,4.1913,63407.179487179485,4.120718019265942,0.0,0
3141405,20156.0,72.9708,21.5172,825.27,5.8471,15.02,71.9216,0.4663,0.624,0.624,0.821,0.475,24.434,12551.051795991269,14.037159891719703,29.76781107362572,1
3141504,5606.0,59.9893,16.9818,1068.8,2.5884,14.54,55.1786,0.4008,0.626,0.617,0.768,0.518,10.2925,13807.884409561184,18.34982504492532,0.0,0
3141603,10373.0,75.5616,19.84,1172.23,4.3372,9.02,69.0775,0.418,0.664,0.683,0.831,0.515,7.3676,14624.987949484235,29.784277186443887,0.0,0
3141702,5040.0,67.3016,18.1151,1148.49,9.0517,12.24,61.4589,0.3524,0.656,0.638,0.796,0.555,5.0449,11792.261904761905,18.33140562599568,0.0,0
3141801,24405.0,50.7355,23.7615,976.97,5.4316,17.12,30.5188,0.3998,0.633,0.6,0.802,0.528,13.0926,14342.880557262855,13.46558537363206,4.097520999795123,0
3141900,3741.0,92.2748,20.7431,1349.72,1.6525,5.37,85.8093,0.4033,0.658,0.631,0.805,0.56,3.3029,43774.39187383053,17.022031723497776,26.73082063619353,1
3142007,13651.0,81.9354,22.5698,881.64,10.7999,11.1,49.2179,0.4435,0.665,0.596,0.794,0.622,17.0561,11939.564867042707,18.873794032170203,21.976411984470005,1
3142106,8968.0,69.4246,20.0825,1079.43,5.777,10.09,66.1852,0.451,0.663,0.645,0.827,0.546,12.6441,19398.751115075826,29.727651223845765,0.0,0
3142205,13633.0,86.7601,21.1766,1161.72,4.6611,5.64,80.5812,0.434,0.68,0.663,0.837,0.567,10.0339,24495.92899581897,42.51079686306304,0.0,0
3142254,3985.0,47.5784,21.3049,775.27,11.1888,17.54,0.1477,0.46,0.593,0.544,0.781,0.492,23.6136,11743.036386449185,6.618194138123455,0.0,0
3142304,5125.0,43.1024,19.0049,1551.75,2.6581,4.92,30.9101,0.4128,0.638,0.657,0.8,0.494,2.7767,14996.878048780489,33.04064160090773,0.0,0
3142403,7548.0,92.0641,21.0917,1289.48,2.7706,5.19,84.8442,0.3805,0.721,0.703,0.848,0.629,5.8113,20220.72072072072,37.23637798771614,13.248542660307368,1
3142502,2169.0,68.3264,19.9631,1008.05,1.2168,12.47,1.57,0.4107,0.65,0.612,0.819,0.548,13.8313,21577.224527432,3.332252796465262,0.0,0
3142601,8340.0,78.8609,20.5156,1350.5,5.1732,7.88,77.2636,0.4268,0.721,0.682,0.839,0.654,5.4594,27353.237410071943,38.514824050983655,11.990407673860911,0
3142700,14060.0,65.3698,21.2304,803.08,6.3082,15.21,17.2435,0.4892,0.613,0.586,0.799,0.492,27.1479,11764.29587482219,9.349927348537491,7.112375533428166,0
3142809,20170.0,81.3783,19.6678,1418.59,2.8015,7.1,81.8298,0.481,0.674,0.699,0.848,0.516,9.8706,37599.20674268716,7.769774306739287,4.95785820525533,0
3142908,20328.0,62.4656,17.7637,951.14,3.6824,15.15,17.3288,0.4472,0.659,0.611,0.811,0.578,16.2521,12597.009051554503,20.301689011041688,9.838646202282565,0
3143005,13046.0,73.2332,20.9106,1358.18,1.2399,6.85,72.0949,0.4105,0.688,0.677,0.847,0.567,7.0648,28071.28621799785,30.96730701215097,7.665184730952016,0
3143104,47692.0,92.548,21.7793,1490.73,3.8618,5.57,86.9661,0.4335,0.728,0.716,0.868,0.62,5.3628,32693.156084877966,35.510615881194454,14.677514048477732,1
3143153,4381.0,38.9409,25.6791,590.22,11.7361,19.7,40.8528,0.4313,0.541,0.523,0.765,0.396,30.6779,10064.597123944304,11.362899523541511,0.0,0
3143203,20890.0,82.7142,19.7032,1325.93,2.2832,7.51,85.1875,0.4009,0.71,0.689,0.874,0.595,5.8838,23129.34418382001,35.130971760685604,0.0,0
3143302,414240.0,95.941,24.0498,1517.61,5.7946,4.13,93.6891,0.5096,0.77,0.707,0.868,0.744,9.454,26070.60158362302,115.39326165082228,5.310930861336424,0
3143401,24089.0,84.3248,20.3495,1480.8,0.7066,4.65,84.2322,0.4066,0.724,0.732,0.878,0.59,7.591,25152.227157623813,82.61143919285034,4.151272364979866,0
3143450,6888.0,48.2724,22.2271,840.43,6.8449,15.59,33.8333,0.4242,0.587,0.587,0.809,0.425,16.9704,13218.060394889662,6.093315841294245,0.0,0
3143500,9067.0,78.7692,20.5801,1429.84,2.4327,5.77,67.6865,0.387,0.696,0.688,0.83,0.59,2.9108,59722.28962170509,4.350193712441976,0.0,0
3143609,2411.0,65.9063,20.6139,1035.11,2.6244,10.69,64.4493,0.3862,0.648,0.619,0.816,0.538,7.3828,21174.6163417669,5.812832110171372,0.0,0
3143708,3133.0,83.5302,20.1404,866.26,1.153,24.44,67.8603,0.3937,0.597,0.622,0.809,0.422,12.6842,14075.007979572294,6.56059704993006,0.0,0
3143807,7451.0,52.1809,20.9771,1280.96,2.7034,5.97,35.4923,0.3931,0.647,0.634,0.821,0.52,5.4399,17207.75734800698,38.88851194421683,0.0,0
3143906,104108.0,93.9966,20.7698,1569.08,4.7436,4.52,92.0489,0.4824,0.734,0.731,0.853,0.634,7.5989,25494.45767856457,123.68880339981442,8.644868790102585,0
3144003,27635.0,53.9714,20.5464,1238.2,1.5507,11.51,49.824,0.4584,0.644,0.635,0.822,0.511,11.6705,18413.605934503343,22.093436006984195,28.94879681563235,1
3144102,21891.0,77.3514,19.6245,1798.02,2.2207,3.25,76.4778,0.4618,0.74,0.723,0.859,0.652,4.9768,24458.224841258965,53.399455540702725,9.136174683659952,0
3144201,2459.0,67.8731,18.5441,889.64,2.4854,19.49,70.0541,0.4664,0.585,0.64,0.831,0.377,18.7705,15198.454656364376,10.531364965973284,81.3338755591704,1
3144300,35038.0,95.2623,19.5845,1211.08,7.0783,9.94,82.2634,0.5002,0.701,0.666,0.85,0.609,13.4232,23073.52017809236,23.079162621215332,82.76728123751356,1
3144359,6303.0,95.0182,21.2597,923.24,13.0513,8.52,82.8899,0.388,0.675,0.632,0.822,0.592,11.8749,14302.23702998572,49.56240711471774,31.730921783277807,1
3144375,3520.0,74.6591,23.0966,1143.35,1.0902,9.17,69.361,0.3366,0.671,0.641,0.846,0.557,5.6867,21353.125,7.510775402210557,0.0,0
3144409,4691.0,68.6208,16.7129,1484.28,0.778,6.31,51.8192,0.4284,0.693,0.677,0.805,0.612,5.2892,24598.593050522275,24.857062616906617,0.0,0
3144508,8179.0,80.291,21.812,1296.31,3.2914,5.35,78.1922,0.4495,0.69,0.662,0.83,0.597,7.8292,81770.87663528549,23.95351629653276,0.0,0
3144607,25018.0,83.4119,20.849,1284.35,3.3289,8.92,83.8101,0.4479,0.667,0.658,0.822,0.549,6.9093,24703.4535134703,42.945448740286295,3.997122072108082,0
3144656,10588.0,34.2935,24.1783,854.27,16.4347,22.95,7.1235,0.4395,0.556,0.525,0.784,0.418,21.0347,11933.226293917643,9.553749314237864,9.444654325651682,0
3144672,3151.0,47.1279,17.4865,924.7,3.8462,15.06,46.0627,0.4357,0.592,0.563,0.768,0.481,18.756,26478.578229133607,21.468233691023677,63.4719136781974,1
3144706,17438.0,91.3293,20.0539,1342.77,4.3034,5.51,85.4113,0.4304,0.709,0.675,0.825,0.639,7.9483,24816.95148526207,48.190973105026366,5.734602592040372,0
3144805,111697.0,99.5282,19.3729,4299.91,3.3094,1.75,81.9822,0.6334,0.813,0.864,0.885,0.704,3.9557,188373.60000716223,260.176141882496,9.848071120979077,0
3144904,3663.0,66.5029,19.4103,1067.6,0.7208,16.88,69.0948,0.4537,0.63,0.61,0.779,0.527,11.7181,16011.19301119301,9.742720886872196,0.0,0
3145000,14598.0,92.6634,23.3594,1505.83,2.8273,5.0,94.0,0.4278,0.701,0.734,0.835,0.562,5.3015,76445.33497739416,13.13938385848565,6.850253459377997,0
3145059,6706.0,55.5324,22.5022,867.32,10.3869,13.74,32.2981,0.362,0.641,0.584,0.811,0.556,10.8423,17349.53772740829,55.447607550664365,14.912019087384431,1
3145109,16387.0,58.1498,21.4743,1312.37,1.061,6.0,55.5967,0.3886,0.671,0.687,0.839,0.525,4.2702,23532.190150729235,42.00157887182432,6.102398242509306,0
3145208,105552.0,97.9792,27.9218,1430.91,1.4484,3.59,93.5256,0.3492,0.715,0.709,0.864,0.597,4.1685,24957.101712899803,373.6724347899969,19.895407003183266,1
3145307,26975.0,44.8082,22.8285,783.61,8.6746,19.46,41.3075,0.4868,0.571,0.562,0.797,0.415,26.6155,12248.007414272475,15.83987137848279,11.121408711770156,0
3145356,10275.0,59.6496,21.9075,834.08,12.6749,23.12,55.7031,0.4631,0.555,0.568,0.754,0.4,25.0,11830.65693430657,13.60655021313618,9.732360097323602,0
3145372,4571.0,67.622,20.4113,807.48,4.5051,12.45,10.1978,0.3977,0.616,0.582,0.804,0.5,16.4078,15400.350032815575,16.82927727255992,0.0,0
3145406,1945.0,58.6118,18.6632,960.76,0.2817,10.52,44.2077,0.3572,0.636,0.638,0.823,0.49,8.4319,16403.084832904886,10.912130698712986,0.0,0
3145455,5385.0,65.8496,22.9898,939.63,4.5556,10.81,2.7277,0.407,0.626,0.607,0.812,0.498,10.8591,39353.203342618384,2.573995807039699,18.570102135561743,1
3145505,2555.0,90.137,18.7867,1089.87,2.5218,8.48,94.586,0.3846,0.674,0.656,0.809,0.577,10.2665,17191.389432485325,46.76660626361357,0.0,0
3145604,39262.0,92.3565,20.3708,1428.74,5.0266,4.02,91.8804,0.4644,0.699,0.691,0.842,0.587,8.3674,28222.275992053383,43.75600416362976,5.093984004890225,0
3145703,2027.0,60.1875,19.2896,1134.36,3.6585,10.96,63.0607,0.3914,0.635,0.616,0.794,0.523,7.8934,19989.639861864824,18.23989921713309,0.0,0
3145802,2969.0,57.0562,19.2321,1216.35,5.39,8.04,36.4043,0.4046,0.663,0.646,0.806,0.559,5.0185,21863.590434489728,12.02141098730241,0.0,0
3145851,4917.0,73.134,20.9884,1169.9,2.9218,9.85,76.4174,0.4141,0.637,0.627,0.824,0.5,9.0354,14407.36221273134,55.205011901019446,0.0,0
3145877,8437.0,36.494,22.8754,923.59,1.8159,11.0,41.7247,0.3927,0.562,0.551,0.778,0.414,13.6067,14468.175891904706,69.26929392446634,11.852554225435584,0
3145901,38724.0,91.2896,20.8398,1833.06,5.3509,2.92,89.4486,0.4523,0.764,0.753,0.872,0.68,4.7263,136249.84505732878,149.67185362120546,15.49426712116517,1
3146008,32094.0,79.0833,19.203,1461.23,2.0914,6.0,75.7962,0.4273,0.722,0.703,0.861,0.622,6.7157,29103.5396024179,60.13332983582967,3.115847198853368,0
3146107,74821.0,90.6163,22.1114,1611.45,3.7939,2.93,77.4889,0.4737,0.741,0.721,0.834,0.677,6.3535,127220.9272797744,60.05546347316924,6.682615843145641,0
3146206,5757.0,65.3639,21.7995,835.85,7.933,16.63,58.1653,0.4563,0.595,0.582,0.789,0.459,22.7281,11775.577557755776,32.80678360173693,0.0,0
3146255,5058.0,62.0996,25.2669,707.54,9.5967,18.33,48.5644,0.3965,0.599,0.575,0.795,0.471,20.1068,11503.163305654409,11.333818833678786,0.0,0
3146305,17334.0,70.0358,23.6472,829.05,6.8862,17.54,64.4668,0.4604,0.596,0.556,0.797,0.478,25.4146,12339.217722395291,31.842020665901263,5.769008884273681,0
3146404,4224.0,81.9129,16.4299,1322.83,1.9923,6.59,2.809,0.4466,0.669,0.691,0.824,0.526,9.9619,19603.219696969696,6.6278681142114735,0.0,0
3146503,8142.0,87.9882,19.5038,1405.87,1.0378,4.82,88.2024,0.3507,0.728,0.717,0.874,0.616,4.0361,65232.12969786293,19.30015028611252,0.0,0
3146552,5551.0,37.3266,22.0501,752.74,10.1725,21.92,0.2528,0.3699,0.59,0.52,0.76,0.52,18.6847,10564.22266258332,6.609867766922084,18.014772113132768,1
3146602,1474.0,79.5794,16.825,1334.26,0.3044,6.86,61.0345,0.3783,0.72,0.657,0.845,0.672,1.4247,18515.60379918589,25.23151714339513,0.0,0
3146701,5707.0,83.4589,18.854,1296.82,9.4652,7.69,81.4798,0.4283,0.703,0.663,0.841,0.623,6.1092,18159.45330296128,18.032963005093592,52.56702295426669,1
3146750,6301.0,74.6231,20.3301,795.77,6.1389,20.52,56.2922,0.4285,0.565,0.559,0.738,0.437,22.0593,10131.249008093951,14.546789363598164,47.6114902396445,1
3146909,13920.0,86.0704,24.3103,1141.6,1.4802,6.32,74.4337,0.3912,0.666,0.65,0.833,0.545,6.9858,26895.40229885057,25.1455533737854,28.735632183908045,1
3147006,94023.0,89.3569,24.2866,1559.79,3.541,4.79,83.147,0.4747,0.744,0.704,0.854,0.685,9.5583,76563.72376971591,11.42299462193609,15.953543281962924,1
3147105,97139.0,94.9474,22.6171,1716.59,3.0478,2.93,93.533,0.4351,0.725,0.715,0.848,0.628,4.3568,41431.08329301311,176.21683201904048,12.353431680375545,1
3147204,21723.0,84.2379,20.1538,1407.18,3.9067,5.77,85.464,0.3947,0.715,0.69,0.85,0.623,4.9868,29961.05510288634,51.197748741444656,9.20683146894996,0
3147303,20445.0,84.7102,20.4353,1498.2,3.742,3.75,82.4321,0.4239,0.729,0.692,0.852,0.657,4.5842,28980.48422597212,61.722990719663805,0.0,0
3147402,24107.0,86.5392,22.5868,1220.57,3.7651,4.61,76.3707,0.4203,0.694,0.674,0.793,0.625,10.6805,38107.39619197744,38.532297792149045,45.62990002903721,1
3147501,1600.0,58.625,16.375,1171.67,3.2573,17.56,12.1311,0.3884,0.642,0.631,0.787,0.533,6.2147,14742.5,16.988203815975282,0.0,0
3147600,15515.0,89.5005,19.3619,1257.17,3.3733,4.29,78.1769,0.4441,0.715,0.683,0.86,0.623,9.7258,30394.134708346763,55.96617860840268,0.0,0
3147709,8473.0,82.0017,18.8835,1242.12,1.5629,4.49,81.6088,0.4179,0.687,0.676,0.808,0.594,7.7533,56775.52224713797,19.74266727559114,0.0,0
3147808,2233.0,66.9951,17.2414,1285.86,3.4735,7.2,63.5955,0.4268,0.665,0.654,0.808,0.56,6.6279,18842.364532019703,9.056435422708008,0.0,0
3147907,111939.0,95.9567,21.4965,1683.36,3.4817,3.54,95.9236,0.4668,0.756,0.741,0.886,0.658,5.7694,27012.622946426178,83.65705830038787,4.466718480601042,0
3147956,4837.0,51.3748,21.3355,744.88,7.1871,13.24,2.6316,0.4345,0.614,0.55,0.787,0.534,25.8792,11375.852801323132,10.889337139460958,0.0,0
3148004,159235.0,93.7909,22.3462,2004.61,2.6397,2.91,93.1224,0.4617,0.765,0.749,0.855,0.698,3.9923,38598.59327409175,49.90979345899144,9.420039564166167,0
3148103,89826.0,90.4237,22.4768,1660.45,2.4889,5.06,89.989,0.4598,0.729,0.723,0.852,0.628,7.2977,40964.06385678979,31.25095674004225,10.019370783514796,0
3148202,5576.0,83.0882,19.0459,1451.69,4.5788,4.6,78.7603,0.4732,0.682,0.691,0.796,0.576,6.626,20806.492109038736,51.51229606636735,17.93400286944046,1
3148301,8659.0,58.1822,20.6606,1095.6,3.6088,6.8,61.0608,0.4075,0.637,0.632,0.823,0.497,8.2111,15797.436193555835,32.27104848297375,23.0973553528121,1
3148400,4389.0,57.2796,21.0298,1000.87,7.5117,12.31,42.9041,0.4278,0.625,0.593,0.791,0.521,12.7093,15344.269765322397,19.89898623528772,0.0,0
3148509,8047.0,62.2592,20.6412,804.53,4.2678,19.86,62.7106,0.3675,0.627,0.599,0.813,0.507,15.5478,11563.812600969306,13.38511951296595,12.426991425375917,1
3148608,17446.0,57.8987,22.6986,982.01,3.1298,14.55,47.4862,0.4485,0.627,0.63,0.787,0.497,13.9015,15483.09067981199,17.50471080002328,11.4639458901754,0
3148707,24410.0,90.3277,23.1544,900.24,12.0244,14.35,83.5839,0.4923,0.627,0.596,0.797,0.518,21.0237,16441.41745186399,15.307424633979473,40.96681687832856,1
3148756,7320.0,31.5847,24.5219,802.06,1.1303,10.64,30.5285,0.4259,0.573,0.557,0.74,0.457,21.2109,13181.420765027322,42.08638057127087,40.98360655737705,1
3148806,3311.0,67.9251,19.4201,1138.31,4.3103,14.63,69.4862,0.4154,0.624,0.636,0.821,0.466,9.5613,17427.665357897917,19.120160768733253,30.20235578375113,1
3148905,4112.0,53.1372,19.4066,1187.01,7.5596,5.86,65.2316,0.3695,0.708,0.688,0.843,0.611,6.9343,28237.354085603118,11.81880892159117,0.0,0
3149002,2757.0,74.0297,23.2862,1009.99,3.5383,7.48,75.1992,0.3451,0.655,0.631,0.827,0.539,8.0973,15332.97062023939,39.391341620231465,36.27130939426913,1
3149101,10760.0,49.0428,20.3717,1200.49,4.6941,7.06,54.0283,0.4399,0.675,0.677,0.807,0.563,7.6707,16977.044609665427,49.36028882191303,0.0,0
3149150,10433.0,59.7335,22.0263,777.73,6.691,16.39,20.1029,0.4436,0.614,0.564,0.787,0.521,24.2605,10507.428352343526,6.838405713506655,0.0,0
3149200,3344.0,87.201,19.6172,1741.6,4.6163,5.55,90.5151,0.4147,0.729,0.719,0.855,0.631,4.8392,61033.19377990431,9.343626970222775,29.90430622009569,1
3149309,62580.0,97.3362,20.2381,1581.33,5.6807,2.97,76.0703,0.4644,0.757,0.723,0.856,0.7,8.2996,30970.50175775008,213.72220894095148,17.57750079897731,1
3149408,1810.0,69.6685,19.5028,1111.61,3.2216,6.8,66.6205,0.377,0.637,0.587,0.794,0.555,5.0885,16717.67955801105,16.02351295602829,0.0,0
3149507,3351.0,95.1656,21.128,1306.63,0.7338,3.44,94.8837,0.3785,0.694,0.692,0.868,0.557,5.1925,18654.133094598623,36.89187850230643,0.0,0
3149606,4155.0,74.1035,19.278,1495.68,2.3092,4.96,36.8319,0.4308,0.674,0.672,0.808,0.564,4.3562,20577.617328519857,20.368545671132548,0.0,0
3149705,12268.0,88.1969,23.4757,1374.87,1.9297,6.02,83.546,0.3355,0.703,0.711,0.843,0.579,4.0248,19129.4424519074,49.2054451672937,0.0,0
3149804,17151.0,78.4969,23.8645,1572.06,2.9586,5.81,80.9973,0.4579,0.723,0.752,0.88,0.571,5.1073,94988.57209492158,6.997232276615675,23.322255262083843,1
3149903,21384.0,90.0907,20.5153,1430.63,2.303,4.7,84.0345,0.4188,0.744,0.71,0.878,0.661,5.3944,29320.3797231575,79.00774781365345,9.352787130564908,0
3149952,6553.0,73.5388,21.4558,873.94,10.4912,11.84,72.1326,0.3748,0.651,0.593,0.839,0.555,11.4299,17042.11811384099,28.62734647695352,61.0407446970853,1
3150000,3570.0,82.605,19.944,965.48,4.6185,18.0,72.126,0.4552,0.656,0.615,0.831,0.552,14.89,13186.27450980392,11.245404976327949,28.011204481792717,1
3150109,2796.0,59.299,15.6652,1225.92,1.209,5.34,46.5993,0.4561,0.629,0.647,0.824,0.467,11.8741,33134.83547925608,14.547649274698744,0.0,0
3150158,8529.0,65.6935,23.0742,1075.94,4.4907,10.94,66.1123,0.4003,0.612,0.621,0.773,0.477,8.4107,16508.969398522688,78.00082308290274,0.0,0
3150208,3976.0,84.3058,22.6107,1126.56,4.6549,12.05,70.348,0.3613,0.639,0.616,0.802,0.528,5.4486,15775.905432595571,47.48426546284021,0.0,0
3150307,4604.0,80.5169,17.8323,1286.04,3.4091,8.8,67.0467,0.4724,0.678,0.64,0.82,0.593,11.2945,23976.976542137272,14.262082809295755,0.0,0
3150406,5019.0,53.8753,18.8683,1087.06,5.8657,10.55,3.055,0.3978,0.626,0.645,0.84,0.453,10.5221,17889.818688981868,19.33076052041689,0.0,0
3150505,8563.0,85.7994,19.8178,1514.49,1.9428,6.39,81.895,0.414,0.686,0.697,0.832,0.556,6.3917,32898.16653042158,20.6352763700421,0.0,0
3150539,4706.0,88.2278,19.9958,929.14,10.7644,11.0,87.5841,0.4244,0.619,0.603,0.744,0.529,13.2479,11196.982575435612,70.69250413098995,0.0,0
3150570,7084.0,45.9063,22.7414,795.88,11.1196,14.4,2.2847,0.4371,0.594,0.56,0.799,0.469,24.9577,10037.972896668549,5.76527423303297,0.0,0
3150604,6700.0,53.9254,19.2985,1357.43,2.3503,8.1,52.9457,0.4017,0.646,0.646,0.809,0.515,3.9418,45244.77611940299,23.89997681345533,14.92537313432836,1
3150703,5537.0,97.0742,21.853,1418.83,3.9927,8.64,96.6226,0.3839,0.723,0.748,0.858,0.588,4.1765,72909.87899584613,16.38262619089887,0.0,0
3150802,17018.0,42.4492,22.1001,970.68,3.2472,10.3,31.5682,0.4642,0.6,0.585,0.799,0.461,19.0667,11761.194029850749,25.831344905678705,0.0,0
3150901,6041.0,34.299,18.6227,1241.17,5.1109,7.99,49.0917,0.4417,0.685,0.666,0.806,0.599,8.5177,12971.858963747723,29.66815473998006,0.0,0
3151008,9120.0,65.3399,19.5504,1409.41,4.6429,4.6,61.0507,0.4315,0.717,0.672,0.841,0.651,6.8117,14926.86403508772,73.07516646234465,0.0,0
3151107,11077.0,89.8709,20.1589,1352.97,1.5342,5.91,85.6268,0.4419,0.709,0.68,0.841,0.624,7.7889,57199.151394781984,58.09178680623659,0.0,0
3151206,55606.0,98.0901,21.5516,1339.03,6.5359,4.81,49.7117,0.4734,0.731,0.693,0.828,0.68,8.4165,51641.63939143258,101.1912344362473,14.38693666151135,1
3151305,11610.0,83.5831,19.2162,1245.52,2.9434,5.36,86.9847,0.4107,0.684,0.673,0.843,0.564,6.4956,17254.1774332472,80.46351419720146,17.22652885443583,1
3151404,26685.0,89.3086,22.9005,1309.25,2.9246,4.75,87.1956,0.423,0.725,0.711,0.87,0.617,8.6185,27778.63968521641,46.84570497651132,7.494847292486416,0
3151503,36062.0,93.5999,21.61,1708.76,2.3021,3.33,94.0077,0.4446,0.737,0.729,0.878,0.625,4.1004,35511.53568853641,39.95931157669857,0.0,0
3151602,11145.0,97.1557,21.4446,1330.63,5.0568,6.06,94.9052,0.424,0.712,0.711,0.852,0.597,7.8907,51523.5531628533,35.100151171579746,17.94526693584567,1
3151701,16390.0,59.6827,19.2984,1458.51,1.1455,5.77,60.6244,0.4669,0.691,0.705,0.866,0.541,9.2204,24638.92617449664,34.560268553740265,6.101281269066504,0
3151800,163742.0,97.7721,20.8523,1994.5,3.5639,2.05,97.9658,0.4596,0.779,0.768,0.872,0.706,4.1874,52075.47238949079,299.36850727112505,2.442867437798488,0
3151909,8350.0,66.1317,17.018,1000.98,2.1181,12.59,50.0153,0.4304,0.626,0.614,0.799,0.5,12.6467,14574.97005988024,12.082782252346377,11.976047904191615,0
3152006,31047.0,89.5739,22.6721,1419.04,3.5182,8.05,84.5168,0.4688,0.689,0.694,0.834,0.564,8.428,37695.07520855477,12.170168329103742,35.43015428221729,1
3152105,57776.0,91.4705,20.8339,1524.53,3.5171,5.17,83.6376,0.4909,0.717,0.714,0.848,0.608,8.6753,37075.567709775685,122.75971383830208,22.500692328994734,1
3152131,3747.0,73.2319,20.6832,788.63,5.3479,13.94,39.7013,0.4118,0.606,0.565,0.797,0.493,18.599,13900.186816119562,6.21600234904172,0.0,0
3152170,10883.0,45.787,23.1921,685.33,7.3459,18.72,33.8933,0.4543,0.595,0.564,0.781,0.478,32.197,11257.925204447303,8.976314176769797,27.565928512358727,1
3152204,37438.0,56.2664,20.7864,948.26,5.0926,16.17,28.5631,0.4708,0.651,0.593,0.796,0.585,18.8115,14075.885463967092,21.397018774257965,24.039745712912016,1
3152303,10569.0,57.1199,20.8534,950.39,3.2516,8.4,61.9304,0.4068,0.634,0.615,0.804,0.516,13.5125,12321.506291985996,37.11325001667972,0.0,0
3152402,13666.0,63.5372,20.5839,840.81,2.8228,16.6,57.7197,0.468,0.624,0.584,0.809,0.515,22.7855,12349.4072881604,21.861717358997044,7.317430118542368,0
3152501,152217.0,91.7164,21.924,1875.32,4.6699,2.86,90.6116,0.4694,0.774,0.755,0.872,0.704,6.4187,70413.62002930028,280.4308056234651,5.255654756039076,0
3152600,6566.0,54.8127,17.9409,1248.01,1.9439,4.11,52.3463,0.4346,0.71,0.736,0.847,0.573,9.9495,42247.18245507158,24.96255236965564,0.0,0
3152709,9048.0,72.1485,21.2423,1246.38,1.5282,4.47,76.6636,0.4043,0.689,0.66,0.865,0.574,6.5683,25315.53934571176,34.257804365522595,0.0,0
3152808,28342.0,81.5186,21.6604,1557.71,3.6469,7.36,81.071,0.4508,0.695,0.736,0.852,0.536,5.4118,45614.52967327641,5.8466720467106645,28.22666008044598,1
3152907,8406.0,86.5929,19.153,1441.15,2.8281,5.02,87.3792,0.4342,0.729,0.703,0.862,0.639,6.0874,27197.121103973357,39.004064663412464,0.0,0
3153004,3559.0,58.4996,19.7246,1414.64,0.5857,10.49,63.2472,0.4995,0.721,0.71,0.871,0.607,13.206,43472.323686428776,5.7174711395422815,28.097780275358247,1
3153103,4850.0,38.5979,19.7113,1065.38,2.0778,10.55,16.0855,0.3904,0.632,0.603,0.804,0.521,7.4679,13968.865979381444,20.48159190533704,0.0,0
3153202,3465.0,50.7937,18.7013,1096.77,3.0201,13.3,45.019,0.4064,0.614,0.603,0.796,0.483,8.4055,14171.42857142857,4.979292466251462,0.0,0
3153301,3071.0,73.9824,23.5103,842.67,8.6773,7.02,78.7037,0.5055,0.595,0.573,0.787,0.468,20.593,11785.411917942038,16.228498956324145,32.56268316509281,1
3153400,18765.0,77.2502,20.6501,1444.15,2.7561,7.22,71.4403,0.4,0.701,0.679,0.831,0.611,4.9774,38978.15081268318,5.355540537146589,15.987210231814547,1
3153509,8397.0,59.3545,20.3763,1163.6,1.0901,5.53,32.9024,0.4224,0.66,0.66,0.787,0.554,8.8133,14954.507562224604,55.14474098980772,11.909015124449208,0
3153608,11466.0,95.3515,22.2135,1218.79,4.9772,3.55,72.0273,0.4058,0.69,0.658,0.795,0.629,8.6281,17712.890284318855,92.32701769077777,0.0,0
3153707,3179.0,84.9324,20.0692,1266.0,7.1476,9.07,38.7865,0.4041,0.683,0.677,0.846,0.557,3.4505,24412.07927021076,5.713145806525818,31.456432840515884,1
3153806,1770.0,53.9548,17.6836,1420.97,5.3333,5.69,53.2448,0.4336,0.682,0.669,0.823,0.575,6.3914,22624.858757062146,11.526439176868976,0.0,0
3153905,16279.0,98.3967,21.6352,1370.14,4.7746,3.67,89.882,0.3915,0.73,0.706,0.832,0.661,6.1025,11897.782419067513,225.383507780916,6.142883469500583,0
3154002,23423.0,68.612,19.1649,1124.02,3.201,9.72,58.6238,0.4282,0.655,0.658,0.823,0.52,11.7297,18073.261324339324,30.683920121986365,12.80792383554626,1
3154101,11007.0,92.214,18.3156,1221.25,2.6797,6.74,85.8316,0.3817,0.692,0.668,0.841,0.589,5.8439,11197.147269919142,46.97903506675317,0.0,0
3154150,7848.0,59.633,22.4261,1143.36,3.1755,6.79,58.3871,0.3992,0.629,0.647,0.801,0.48,7.5972,15441.131498470948,51.67951850071447,12.742099898063202,1
3154200,11230.0,82.3419,20.374,1360.95,0.5288,5.17,47.3968,0.46,0.685,0.689,0.823,0.568,9.6264,18474.888691006232,18.162351692996417,0.0,0
3154309,17226.0,75.804,19.6505,1045.69,3.659,10.4,76.5294,0.4796,0.67,0.666,0.833,0.543,17.3878,16126.204574480436,15.923519776371885,0.0,0
3154408,4548.0,70.3606,19.7889,1235.77,3.3254,5.77,42.561,0.4279,0.683,0.638,0.834,0.599,7.6567,81984.60861917326,24.84404190929849,21.98768689533861,1
3154457,6863.0,61.3289,21.2298,1056.93,6.2953,10.15,0.5047,0.3868,0.632,0.577,0.795,0.551,10.732,22911.554713682064,3.991819764946204,29.141774734081302,1
3154507,8756.0,55.7561,24.4746,858.76,5.064,12.87,41.398,0.3951,0.627,0.557,0.808,0.547,16.0229,60821.37962539973,6.655821943840552,11.420740063956144,0
3154606,329794.0,99.0897,24.1196,1126.97,8.3947,4.42,87.2909,0.3992,0.684,0.658,0.822,0.591,10.385,15707.347616997276,2126.262854195545,19.70927306136558,1
3154705,4080.0,92.4755,18.652,1337.9,2.5474,2.81,90.4082,0.4093,0.737,0.699,0.85,0.675,7.6753,25820.098039215685,82.84095754400926,0.0,0
3154804,10261.0,93.0221,21.8205,1428.13,4.9684,4.79,80.0878,0.4329,0.673,0.689,0.87,0.508,6.3911,46038.59272975344,44.92674938921338,9.745638826625084,0
3154903,12789.0,87.3563,20.0954,1235.03,4.24,6.68,66.4746,0.4538,0.65,0.651,0.813,0.519,9.0381,18556.884822894677,33.27167575920766,0.0,0
3155009,2484.0,66.3043,20.3301,1332.87,3.4234,9.68,82.4104,0.4554,0.664,0.644,0.801,0.567,8.8164,20873.99355877617,22.15997287990437,0.0,0
3155108,4639.0,71.5671,19.0989,839.03,7.061,19.16,63.6626,0.4392,0.605,0.573,0.807,0.479,20.9618,11350.29101099375,9.668309661015185,0.0,0
3155207,5429.0,46.1227,19.5616,959.91,4.1575,13.06,22.3837,0.3952,0.602,0.575,0.801,0.474,15.1262,10974.949346104257,22.75337172362344,0.0,0
3155306,5568.0,70.5101,18.1932,1284.38,1.9291,6.72,3.3532,0.3615,0.648,0.676,0.802,0.501,6.5096,20429.23850574713,24.047680746307336,17.95977011494253,1
3155405,8518.0,86.1,19.7229,1292.52,4.7723,6.15,84.366,0.4394,0.707,0.671,0.835,0.631,7.5313,14093.09697111998,40.6956189384167,11.739845034045551,0
3155504,14532.0,77.0369,23.6031,1446.33,2.7993,7.01,80.6015,0.4693,0.709,0.725,0.855,0.575,8.6579,62373.520506468485,10.745715061082423,20.644095788604456,1
3155603,28271.0,42.4888,23.9999,805.02,4.6719,15.89,20.4644,0.43,0.624,0.586,0.798,0.52,20.4503,12218.45707615578,9.067975334183323,0.0,0
3155702,14631.0,84.485,19.6637,1311.82,4.8871,6.23,74.0958,0.4261,0.685,0.67,0.794,0.605,7.779,91562.84601189256,39.22131048662733,13.66960563187752,1
3155801,17443.0,87.5537,19.8991,1509.58,2.9718,5.45,87.4502,0.5099,0.714,0.694,0.863,0.609,11.5817,23920.426532133235,69.10362969360347,0.0,0
3155900,5141.0,81.2293,19.3348,1203.03,6.9645,7.68,74.4838,0.4535,0.679,0.665,0.847,0.557,10.1266,13447.772806846917,14.77103601248111,19.45146858587823,1
3156007,12641.0,49.6005,23.0678,904.3,6.2578,15.93,35.4512,0.4676,0.558,0.566,0.787,0.389,21.5819,11134.95767739894,12.813196548414137,15.821533106558029,1
3156106,4994.0,72.0465,17.521,1335.21,4.9567,6.83,16.0786,0.4418,0.653,0.649,0.815,0.526,6.2513,18087.705246295554,12.336804140265066,0.0,0
3156205,2291.0,93.5399,20.9079,1125.9,1.1444,7.12,47.6077,0.3578,0.684,0.663,0.849,0.569,6.2036,50048.01396769969,28.85317750182615,0.0,0
3156304,8664.0,93.4326,23.361,1186.6,2.1452,3.77,90.4901,0.3465,0.668,0.703,0.797,0.532,4.2319,62864.26592797784,119.21896715423884,34.62603878116344,1
3156403,3386.0,76.1075,19.1672,1291.69,1.9828,5.88,76.3049,0.374,0.708,0.722,0.813,0.604,4.5481,80220.61429415239,8.3080403477305,59.06674542232723,1
3156452,4734.0,56.1259,20.8069,1075.93,0.7937,10.48,55.7203,0.3593,0.662,0.653,0.812,0.548,8.084,14305.661174482468,42.58879412717262,0.0,0
3156502,5679.0,58.2321,19.7394,828.98,6.8231,19.51,20.7547,0.4396,0.582,0.552,0.808,0.443,18.7181,14101.778482127134,5.114856862365407,17.608733932030287,1
3156601,10298.0,80.7924,22.5481,812.9,10.9055,16.02,76.9661,0.445,0.609,0.589,0.817,0.469,21.6214,10846.086618760924,10.669578749531173,9.710623422023694,0
3156700,129380.0,98.7857,21.7437,1462.1,6.1478,3.47,85.5007,0.4386,0.731,0.699,0.833,0.67,7.8921,32477.446282269284,427.76894261257127,17.004173751739064,1
3156809,14240.0,68.5604,21.0183,984.74,7.1393,11.06,58.2227,0.4462,0.638,0.637,0.812,0.502,15.4728,23506.1095505618,15.481441296092347,0.0,0
3156908,26670.0,87.0416,21.601,1829.52,2.9481,4.08,86.3622,0.4797,0.732,0.726,0.871,0.619,3.9775,78396.73790776153,8.67805866588921,7.499062617172854,0
3157005,40178.0,84.0933,21.4047,1106.52,7.227,12.01,73.563,0.5086,0.679,0.697,0.815,0.551,16.9875,16608.143760266812,21.576517479836124,2.488924286923192,0
3157104,6110.0,84.1408,21.8167,810.38,6.889,17.91,76.0684,0.4093,0.608,0.586,0.846,0.453,17.1522,21606.382978723403,6.513803720224134,16.366612111292962,1
3157203,30466.0,93.6618,20.9742,1324.19,6.5168,6.01,87.5613,0.4806,0.707,0.676,0.816,0.642,13.6175,53448.007615046285,44.5080751784136,19.694085209742006,1
3157252,8458.0,53.4642,21.3762,1083.66,2.2806,8.18,36.1383,0.4176,0.613,0.608,0.8,0.473,11.7299,13203.357767793805,78.75086125025605,11.823126034523527,0
3157278,3095.0,64.6204,19.0953,953.43,1.1785,8.43,65.6741,0.3954,0.606,0.617,0.823,0.438,10.8991,18178.029079159936,7.405634982353293,0.0,0
3157302,4208.0,53.4933,20.0333,1035.66,1.2834,7.72,41.853,0.3448,0.637,0.616,0.81,0.517,5.9648,16778.041825095057,21.62784482226928,0.0,0
3157336,8109.0,100.0,22.2469,1112.25,3.7821,4.43,99.5245,0.3602,0.706,0.66,0.839,0.636,6.5523,12757.799975336044,2274.6143057503505,24.66395363176717,1
3157377,3910.0,50.0512,21.5857,783.39,7.0507,19.73,34.1581,0.4163,0.577,0.548,0.757,0.463,24.2766,12531.457800511507,6.6315359213849225,0.0,0
3157401,4673.0,37.8558,18.5534,912.04,3.9387,8.57,40.1972,0.4268,0.625,0.618,0.815,0.485,17.3122,16473.785576717313,18.061578658503592,21.39952921035737,1
3157500,4039.0,73.2855,19.485,915.08,2.2901,16.79,67.8912,0.4105,0.607,0.579,0.793,0.487,16.0931,12628.868531814804,30.60660023491077,0.0,0
3157609,3522.0,61.13,22.3737,924.03,3.6284,15.07,0.4045,0.408,0.615,0.589,0.804,0.492,14.1273,17014.764338444067,1.2072194602954365,0.0,0
3157658,5938.0,60.357,21.5561,673.3,3.6806,20.91,49.974,0.4817,0.567,0.531,0.723,0.474,36.7127,9755.30481643651,21.48079281417197,16.84068710003368,1
3157708,15734.0,92.9134,25.912,1600.94,2.3699,6.49,93.3817,0.3999,0.706,0.726,0.868,0.558,1.6987,54677.51366467523,21.738529727100904,0.0,0
3157807,219132.0,98.8267,22.8693,1305.74,6.9056,3.82,86.073,0.4413,0.715,0.682,0.859,0.625,9.5825,24129.73458919738,932.1632302332408,17.79749192267674,1
3157906,16395.0,54.968,23.4706,933.07,1.0132,8.34,50.3684,0.44,0.61,0.635,0.785,0.455,17.4338,21591.643793839587,64.11058538302116,0.0,0
3158003,10485.0,64.3109,22.9757,1194.25,3.6649,8.55,56.4192,0.419,0.648,0.622,0.821,0.533,7.3098,25664.66380543634,17.54985011072223,0.0,0
3158102,4755.0,70.5994,18.7171,791.94,14.7766,20.6,66.6853,0.4153,0.613,0.593,0.765,0.507,22.9391,10511.67192429022,10.791979210403875,63.09148264984228,1
3158201,12788.0,79.0741,22.2161,1032.69,6.8247,16.58,65.5551,0.4511,0.64,0.629,0.817,0.511,15.4989,13356.506099468252,20.492046272155783,46.918986549890526,1
3158300,6691.0,84.3372,21.5214,1385.2,3.1537,6.93,86.4082,0.4024,0.698,0.681,0.85,0.587,3.9233,36359.58750560454,38.80100206443832,0.0,0
3158409,3489.0,86.1565,18.286,1005.32,2.2118,6.37,79.7134,0.3317,0.694,0.643,0.793,0.655,6.4637,14302.37890513041,21.605588100516457,28.661507595299515,1
3158508,7030.0,44.0114,17.724,910.44,5.0564,12.49,36.2455,0.425,0.628,0.617,0.816,0.493,17.2045,16618.207681365577,5.59788251931787,28.449502133712663,1
3158607,3747.0,70.0294,20.1761,1164.44,3.4382,4.71,56.0332,0.4141,0.651,0.66,0.849,0.493,7.0607,12638.110488390712,20.51408392871808,0.0,0
3158706,2137.0,78.0533,20.6832,1087.43,8.6339,9.52,70.9884,0.4185,0.667,0.648,0.822,0.558,10.892,18321.01076275152,10.5232575317372,0.0,0
3158805,4214.0,98.149,19.7674,1217.31,3.0359,8.32,96.1846,0.3483,0.647,0.655,0.79,0.523,3.2011,25109.63455149501,39.69143535306917,0.0,0
3158904,8987.0,47.246,22.4324,829.24,0.9036,11.21,40.8861,0.4906,0.621,0.622,0.809,0.475,27.922,21121.842661622344,25.87214490934529,33.38155112940915,1
3158953,44800.0,97.3728,21.183,1389.43,3.7424,3.41,90.8074,0.427,0.685,0.663,0.878,0.552,8.1334,16734.41964285714,162.27944665606535,8.928571428571429,0
3159001,5313.0,65.4997,19.9322,1345.61,0.3791,7.11,4.8569,0.4323,0.665,0.641,0.834,0.551,5.766,19531.3382269904,7.845459364714187,0.0,0
3159100,3469.0,63.7071,20.1499,938.09,2.9689,7.41,58.819,0.4102,0.647,0.608,0.801,0.557,15.3291,14375.036033439032,17.648106224404142,0.0,0
3159209,8460.0,63.7707,17.2222,1494.51,2.9262,5.39,61.0846,0.4032,0.69,0.693,0.823,0.576,2.7689,26941.84397163121,16.818717682118283,0.0,0
3159308,4755.0,78.9064,18.1703,1178.73,0.7937,8.39,62.2047,0.4242,0.682,0.676,0.826,0.567,6.9846,15730.389064143008,11.296146719247398,0.0,0
3159357,6773.0,71.4602,21.0542,1018.16,3.0677,9.48,57.2058,0.4104,0.613,0.627,0.791,0.464,12.5463,22409.715045031742,99.37933766672046,44.29351838181013,1
3159407,3301.0,68.252,19.3275,965.3,6.25,9.55,50.5,0.4633,0.63,0.625,0.793,0.505,17.2288,18781.581338988184,10.18091871919663,0.0,0
3159506,5826.0,46.6014,19.8421,1088.91,1.0601,13.15,24.1943,0.4054,0.607,0.609,0.779,0.472,9.1486,30742.70511500172,12.010365279200792,0.0,0
3159605,40635.0,89.5632,21.8752,1701.65,4.4755,4.66,87.2848,0.449,0.721,0.727,0.83,0.62,4.3788,47841.63898117386,115.12342443670693,2.460932693490833,0
3159704,3382.0,86.5464,21.437,1205.38,1.2363,10.81,57.131,0.4095,0.705,0.695,0.866,0.583,7.6239,30164.69544648137,11.89446214663037,0.0,0
3159803,20973.0,85.9057,18.8719,1529.62,5.0393,8.97,85.5244,0.4289,0.71,0.718,0.865,0.576,5.5872,38267.1053258952,6.994814505510338,19.07214037095313,1
3159902,17285.0,90.9228,21.8224,1176.11,2.7687,8.79,85.5832,0.3805,0.672,0.641,0.823,0.576,5.3459,20502.05380387619,35.35596305879706,11.570726063060455,0
3160009,3769.0,81.2682,19.6604,1154.37,0.4891,9.0,43.4364,0.3379,0.671,0.66,0.841,0.545,4.4309,18012.204828867074,18.655460521105567,0.0,0
3160108,4229.0,87.0655,19.8629,1170.3,1.8549,8.67,81.8425,0.3783,0.633,0.626,0.823,0.493,5.4859,20219.43721920076,32.4775560043928,23.64625206904705,1
3160207,3915.0,33.7931,24.0613,719.21,11.4357,22.5,18.7313,0.4888,0.558,0.537,0.794,0.408,30.7475,11422.733077905492,12.80512335765707,0.0,0
3160306,10327.0,64.0167,19.8412,721.83,6.1638,22.34,51.5865,0.4094,0.574,0.575,0.772,0.427,24.1256,11089.571027403892,20.50203888776389,38.733417255737386,1
3160405,27295.0,89.0713,21.9381,1404.17,2.4833,4.04,87.9089,0.4322,0.724,0.736,0.84,0.615,9.1476,30879.721560725407,24.245412069853792,3.663674665689687,0
3160454,6629.0,30.0347,21.6171,763.14,6.4547,21.05,27.7929,0.4086,0.57,0.504,0.784,0.469,21.6775,10673.103032131545,8.324856522121339,15.08523155830442,1
3160504,1808.0,58.6836,19.635,1420.41,3.7547,11.65,23.3487,0.5089,0.669,0.616,0.823,0.591,9.3473,15756.08407079646,16.854822921813383,0.0,0
3160603,2717.0,76.187,17.8138,1070.64,8.4577,12.07,1.8067,0.4507,0.657,0.641,0.824,0.536,10.2109,18472.58005152742,6.308979788973102,0.0,0
3160702,42406.0,93.35,20.0467,1222.91,5.8223,4.81,72.0402,0.4724,0.741,0.688,0.847,0.697,14.8825,25978.32853841437,66.53246999794469,9.432627458378532,0
3160801,4713.0,92.1282,24.1884,1108.08,2.7661,9.53,91.651,0.3734,0.672,0.651,0.801,0.581,5.414,18945.25779758116,58.61721577553076,0.0,0
3160900,3989.0,92.3038,19.4284,1526.19,2.3026,3.52,6.9752,0.427,0.664,0.675,0.801,0.541,5.4271,20176.736024066184,36.25737372635636,0.0,0
3160959,5626.0,49.289,21.5606,1159.89,1.2739,9.48,50.463,0.4689,0.638,0.602,0.8,0.539,9.6521,16250.266619267686,92.43407541279882,0.0,0
3161007,17392.0,69.417,18.0083,1153.05,3.5642,9.86,63.4132,0.4596,0.69,0.674,0.823,0.593,14.7724,18022.88408463661,23.38363575738671,0.0,0
3161056,3200.0,73.4375,19.875,1061.23,0.6154,14.5,57.36,0.4035,0.62,0.589,0.795,0.51,7.1272,13715.625,19.68503937007874,0.0,0
3161106,52762.0,69.9992,24.8417,813.04,8.7425,11.7,41.1062,0.4824,0.638,0.595,0.804,0.542,25.3505,12284.371327849589,15.949336477131888,5.68591031424131,0
3161205,6187.0,79.6509,19.1207,1205.09,2.5495,10.59,78.1469,0.3766,0.66,0.66,0.812,0.537,5.3014,24324.06659123969,19.52831558414504,0.0,0
3161304,5732.0,79.5359,18.9463,1313.75,2.0702,7.48,83.8458,0.397,0.688,0.711,0.867,0.528,4.4177,33815.24773203071,5.077671003770162,17.445917655268666,1
3161403,4800.0,65.6667,20.3333,1258.54,3.6781,10.11,37.9867,0.4509,0.663,0.647,0.833,0.541,9.7124,15116.458333333334,29.159300905760784,20.833333333333336,1
3161502,10282.0,81.8421,21.2896,1086.63,5.2161,7.58,78.7471,0.3701,0.651,0.656,0.831,0.507,7.498,25601.342151332425,55.405274332086776,38.90293717175646,1
3161601,3305.0,45.7489,17.9123,918.91,3.8745,16.94,53.5346,0.3723,0.6,0.625,0.774,0.447,11.4719,13556.127080181544,21.695462661485134,0.0,0
3161650,3143.0,74.5784,17.4038,951.67,2.6812,15.27,71.875,0.4043,0.63,0.631,0.824,0.482,16.322,15885.459751829463,11.186884685749268,0.0,0
3161700,7375.0,84.4746,22.7525,1212.62,3.4891,9.05,69.5281,0.4603,0.67,0.665,0.796,0.568,9.3597,44154.16949152543,2.7390442870964087,0.0,0
3161809,11770.0,87.3662,20.2974,1395.03,5.4996,4.07,77.5643,0.394,0.689,0.682,0.842,0.57,5.4091,26435.598980458795,44.2930794415384,33.98470688190314,1
3161908,11850.0,70.4979,21.7806,1260.15,3.2475,6.83,56.3609,0.4184,0.667,0.658,0.792,0.569,8.1676,641669.8734177215,32.571230670280194,0.0,0
3162005,23959.0,87.5746,21.3198,1245.0,4.7485,4.61,88.5379,0.4355,0.715,0.706,0.85,0.609,8.5037,41173.588213197545,46.37079214915141,8.347593806085396,0
3162104,40910.0,93.6568,26.353,1594.93,1.5904,5.53,90.5186,0.4154,0.736,0.739,0.855,0.632,4.4816,29064.483011488635,47.23543939581128,26.88829137130286,1
3162203,7652.0,84.736,20.3738,1378.85,2.3256,5.45,85.5769,0.3894,0.724,0.713,0.845,0.631,4.5437,35034.239414532145,13.965848281098284,0.0,0
3162252,4822.0,58.5234,19.4318,949.31,3.9404,10.11,0.5952,0.4423,0.634,0.575,0.813,0.546,14.9108,12526.337619245129,4.831590707554496,0.0,0
3162302,2914.0,60.8785,18.6342,1052.04,4.0467,7.25,75.6119,0.4096,0.653,0.676,0.822,0.501,12.9032,18902.19629375429,24.17535010287383,0.0,0
3162401,23930.0,38.6084,21.9599,816.07,6.8555,20.59,15.5882,0.4322,0.569,0.559,0.786,0.419,21.4847,11252.611784371082,12.92743457680884,8.357709987463435,0
3162450,13024.0,39.3581,28.7085,657.0,4.6563,17.94,0.4722,0.4139,0.529,0.502,0.776,0.381,25.3532,7095.362407862408,19.201679557229085,7.678132678132678,0
3162500,90225.0,95.0834,20.5331,1691.04,3.6267,2.41,87.0863,0.4583,0.758,0.733,0.86,0.69,5.5854,33293.89858686617,62.13834416206039,3.325020781379884,0
3162559,11246.0,53.1389,23.7596,930.4,2.4771,8.02,51.6573,0.4268,0.65,0.659,0.836,0.498,14.7344,16279.210385914992,78.59059652261419,17.784101013693757,1
3162575,5331.0,88.3136,20.2964,1096.76,2.3045,13.38,84.0963,0.3717,0.64,0.623,0.805,0.522,7.3092,15233.539673607203,38.650600313206894,56.274620146314014,1
3162609,7070.0,83.9038,18.2603,1045.13,1.1769,11.79,84.0303,0.3862,0.648,0.631,0.805,0.536,8.2141,14403.111739745404,58.85682889062786,0.0,0
3162658,3972.0,51.9889,19.2598,772.21,7.7848,14.41,1.1127,0.4126,0.625,0.606,0.798,0.504,19.7885,11241.440080563949,9.549867523237529,0.0,0
3162708,23910.0,62.706,23.6596,807.01,12.1992,19.45,41.5909,0.3624,0.615,0.583,0.808,0.493,15.458,11920.786281890423,12.417070225776715,4.182350480970306,0
3162807,15315.0,75.7101,21.541,1109.19,3.2201,10.39,62.9293,0.5024,0.638,0.62,0.806,0.52,15.1477,16532.092719555993,32.02748738453688,13.05909239307868,1
3162906,25565.0,96.4444,19.5854,1374.08,3.1046,3.22,91.6565,0.4412,0.708,0.696,0.85,0.6,7.6585,19792.88089184432,62.74743696416781,27.381185214159984,1
3162922,34348.0,91.525,25.2999,1067.53,6.6135,6.1,49.4207,0.3919,0.662,0.664,0.844,0.518,11.1854,31531.85047164318,478.664399788177,20.37964364737394,1
3162948,7793.0,77.1718,19.5303,1391.61,4.9431,4.59,74.6647,0.4423,0.739,0.722,0.876,0.637,7.9147,114386.5007057616,25.27576957631544,0.0,0
3162955,26090.0,98.2062,22.1809,1319.2,4.9139,4.46,87.8747,0.4126,0.729,0.677,0.844,0.679,7.1269,23933.767727098504,542.0285037603358,30.663089306247603,1
3163003,3806.0,73.5943,23.5155,854.9,4.4503,14.24,73.8998,0.4066,0.583,0.6,0.765,0.432,14.845,13015.764582238571,17.79494204721317,26.27430373095113,1
3163102,4536.0,73.0159,21.4506,1189.68,1.3271,6.18,56.0667,0.386,0.704,0.682,0.857,0.597,5.4501,25257.71604938272,22.07288529009591,22.045855379188712,1
3163201,4133.0,73.6269,19.7193,910.86,4.691,4.16,74.106,0.5488,0.717,0.676,0.837,0.652,29.7671,14019.114444713285,46.54593778858932,0.0,0
3163300,3464.0,75.9815,20.1212,1016.23,0.9881,14.4,74.3056,0.4009,0.658,0.627,0.778,0.583,7.5346,15310.334872979214,10.538356697819314,0.0,0
3163409,5396.0,77.3536,18.2543,1115.9,2.885,8.87,71.3925,0.3611,0.666,0.657,0.814,0.553,6.127,12484.988880652336,28.46321830592157,37.06449221645664,1
3163508,6197.0,35.3235,21.7847,819.84,7.7842,14.45,38.6703,0.4627,0.566,0.582,0.749,0.417,24.3859,16117.4761981604,17.954720610987813,16.13684040664838,1
3163607,2753.0,59.862,20.3414,1087.61,1.4095,8.76,62.8372,0.3364,0.657,0.612,0.823,0.562,4.2862,16042.499091899746,50.328147565858025,0.0,0
3163706,44798.0,98.7633,19.6013,1781.22,5.702,2.47,96.6721,0.4712,0.759,0.746,0.871,0.673,5.574,26291.24068038752,772.1263723952499,13.393455064958257,1
3163805,6334.0,56.3625,19.8137,1126.44,2.0102,10.12,50.2197,0.4349,0.644,0.616,0.828,0.523,11.8446,16586.675086832965,41.64064400339226,15.787811809283232,1
3163904,4885.0,64.6059,18.219,1414.88,0.7746,6.74,66.7715,0.4014,0.674,0.68,0.836,0.539,4.565,30326.919140225174,18.72888926376487,0.0,0
3164001,7166.0,86.101,19.8158,1096.96,2.3089,9.37,81.7837,0.3948,0.659,0.631,0.789,0.576,7.6923,18750.209321797374,17.793161327807837,13.954786491766678,1
3164100,5103.0,53.9879,20.7917,993.57,2.2704,13.84,37.8583,0.4184,0.622,0.611,0.785,0.501,12.9539,16023.71154223006,16.56248174329614,78.38526357044876,1
3164209,10315.0,72.0795,26.1561,726.62,10.0108,12.54,48.6806,0.4613,0.64,0.586,0.787,0.568,27.2586,23564.711585070287,4.23787306840909,19.389238972370336,1
3164308,7129.0,66.5872,20.6481,2002.71,0.7809,5.08,65.6044,0.4613,0.672,0.699,0.838,0.517,1.6978,45333.0060317015,3.3965944483380794,0.0,0
3164407,6387.0,74.9178,20.3695,1300.15,5.0941,8.51,62.6738,0.4136,0.692,0.687,0.848,0.569,5.1537,69289.49428526695,38.14774111857037,0.0,0
3164431,3113.0,62.6727,20.2377,1261.02,1.9014,6.16,61.9371,0.4272,0.66,0.631,0.827,0.552,10.572,21457.115322839705,42.27953659563487,0.0,0
3164472,6194.0,75.3633,21.4724,921.38,1.6464,13.88,67.0624,0.3593,0.607,0.597,0.766,0.49,10.1761,16828.543752018082,76.83147684140019,48.433968356474,1
3164506,10079.0,37.4144,23.0975,756.62,3.427,16.76,33.8811,0.4526,0.581,0.564,0.816,0.427,27.8475,10001.389026689156,19.463916729428576,0.0,0
3164605,8815.0,74.0442,26.0125,1321.95,1.5309,6.75,66.0097,0.3358,0.626,0.678,0.832,0.434,2.0575,67687.69143505389,21.60062731260261,0.0,0
3164704,71796.0,92.8965,21.3758,1629.1,3.4171,4.41,93.5267,0.45,0.722,0.735,0.836,0.613,6.0684,31120.689174884395,88.10135902076878,4.178505766337958,0
3164803,1259.0,64.4162,18.9039,1044.03,2.6316,5.74,4.8523,0.3912,0.632,0.662,0.809,0.472,11.4376,20623.51072279587,9.835783815877877,79.42811755361397,1
3164902,2300.0,69.913,17.1739,1208.85,0.9934,4.47,94.8922,0.3918,0.676,0.645,0.845,0.568,6.2885,15510.869565217392,25.317013032758013,0.0,0
3165008,11192.0,82.4428,20.5951,1406.52,2.1994,5.65,73.2074,0.4101,0.662,0.66,0.825,0.533,4.6732,21981.14724803431,19.55276030747729,0.0,0
3165107,6740.0,80.1929,21.4837,1243.41,2.5829,6.68,76.0229,0.3634,0.7,0.692,0.874,0.568,4.0807,28960.830860534126,24.250885121326387,14.83679525222552,1
3165206,6904.0,57.9954,21.0168,1341.66,1.6861,6.71,57.0251,0.4362,0.665,0.654,0.808,0.56,7.2016,19892.960602549247,18.67222722564348,0.0,0
3165305,6804.0,88.6096,21.4874,1395.09,3.0367,4.45,87.2902,0.4526,0.715,0.673,0.845,0.644,6.1989,30288.0658436214,17.328365393186314,0.0,0
3165404,6311.0,67.8498,21.0109,1269.56,3.0657,6.84,62.3762,0.4027,0.68,0.664,0.842,0.563,5.2072,17470.765330375536,22.13818916558215,0.0,0
3165503,5104.0,44.0243,21.9044,845.55,4.5242,13.62,45.8893,0.4458,0.636,0.594,0.812,0.533,17.8158,13481.778996865203,35.96797835156162,58.77742946708464,1
3165537,36844.0,99.0039,22.7608,1461.78,5.4837,3.16,93.7885,0.4276,0.734,0.706,0.871,0.643,7.9959,59449.19118445337,592.9764702095471,8.142438388882857,0
3165552,9917.0,34.8896,26.2378,825.56,6.9901,23.14,27.0953,0.4367,0.542,0.536,0.743,0.4,21.2305,12374.00423515176,18.54840972215728,30.25108399717657,1
3165560,2433.0,59.8027,16.0296,1066.41,2.8487,11.85,48.4407,0.3488,0.654,0.623,0.826,0.543,10.1521,15067.81750924784,13.774245049084548,0.0,0
3165578,6206.0,63.3742,24.7019,1195.38,0.2619,7.82,62.506,0.337,0.661,0.623,0.821,0.564,3.4878,14406.058652916532,41.07295313606491,0.0,0
3165602,2240.0,82.4554,22.3214,1126.28,0.4873,8.14,78.0275,0.3855,0.674,0.689,0.834,0.534,5.4489,16979.01785714286,22.779043280182236,0.0,0
3165701,7716.0,79.9896,20.1529,1233.96,2.1072,5.88,55.4564,0.4017,0.644,0.639,0.829,0.505,6.2777,13828.926905132192,46.343734046067446,0.0,0
3165800,2068.0,35.058,16.4894,1282.2,1.7647,5.39,39.899,0.3293,0.684,0.663,0.824,0.585,2.4178,17166.827852998067,22.02530567034465,0.0,0
3165909,4008.0,47.9291,19.7355,935.44,3.9662,14.87,41.5723,0.3834,0.62,0.566,0.782,0.539,14.0641,23004.99001996008,4.209840818019967,0.0,0
3166006,5483.0,66.9342,19.8614,885.56,7.9768,9.51,68.781,0.4383,0.631,0.603,0.801,0.521,20.1535,14784.78934889659,32.11146185336371,18.23819077147547,1
3166105,3067.0,52.2335,19.987,961.01,4.6815,14.11,46.14,0.399,0.565,0.595,0.802,0.378,13.2001,16207.368764264756,8.042944656568624,0.0,0
3166204,10384.0,51.7816,20.9072,990.54,1.9134,7.96,52.8495,0.4084,0.626,0.578,0.776,0.548,11.9484,11145.127118644068,43.66419275487249,0.0,0
3166303,7345.0,55.0306,22.8591,996.25,1.8986,12.04,50.8731,0.4097,0.56,0.602,0.776,0.375,12.6124,14289.176310415249,44.24378960557068,27.22940776038121,1
3166402,1819.0,85.9813,19.956,1450.73,1.0626,4.3,84.127,0.5014,0.66,0.657,0.853,0.512,7.3198,24860.362836723478,15.849227578875828,0.0,0
3166501,3792.0,52.057,25.5802,738.71,2.8816,24.38,66.7466,0.4097,0.557,0.537,0.809,0.398,23.3386,11879.746835443038,17.34714883689014,0.0,0
3166600,833.0,65.066,16.4466,1411.95,4.1338,9.32,66.1721,0.3181,0.677,0.663,0.863,0.542,0.7326,26309.723889555826,2.4816852817889585,0.0,0
3166709,6944.0,84.9654,20.8237,1016.56,5.7714,12.75,62.8785,0.4629,0.651,0.653,0.784,0.539,17.8041,13410.426267281106,32.513320909848574,57.6036866359447,1
3166808,11801.0,77.7646,24.0912,1573.89,1.3586,4.54,78.3474,0.4185,0.696,0.722,0.852,0.549,2.6559,83334.03948817897,9.1108276871576,16.947716295229217,1
3166907,7621.0,90.5787,22.2937,1155.32,4.7462,8.7,90.5942,0.3648,0.677,0.655,0.833,0.569,6.2294,21215.063639942266,36.41706885841258,0.0,0
3166956,4399.0,45.5331,21.2094,811.29,4.7316,16.07,0.1311,0.4077,0.633,0.608,0.773,0.539,21.0275,10785.405774039556,7.96986705413857,22.732439190725167,1
3167004,1990.0,80.1508,18.8945,1182.63,4.6563,11.78,73.838,0.3996,0.643,0.638,0.834,0.499,3.6831,19372.361809045226,9.33514094186412,0.0,0
3167103,21952.0,65.0784,24.918,923.2,6.0606,11.97,48.6265,0.5147,0.656,0.65,0.834,0.52,26.0041,13318.968658892129,18.025756006874616,9.110787172011662,0
3167202,227397.0,96.7176,21.7905,1668.6,4.785,2.91,94.6512,0.461,0.76,0.742,0.84,0.705,6.0213,55655.087797992055,423.5148846772752,14.51206480296574,1
3167301,2323.0,71.5024,18.2523,1213.4,5.0189,8.95,67.5947,0.4036,0.652,0.645,0.841,0.511,6.9384,15123.116659492036,14.753327913829896,0.0,0
3167400,6179.0,61.9032,18.3525,1597.35,2.904,9.69,59.1468,0.4812,0.699,0.706,0.865,0.559,6.4406,22900.14565463667,19.7939557799376,0.0,0
3167509,2947.0,61.9952,19.1042,1350.4,3.8627,3.1,67.4744,0.4768,0.638,0.645,0.843,0.478,9.1958,35267.390566677976,21.718783394379795,0.0,0
3167608,19750.0,48.2785,22.4557,1037.28,2.6398,10.0,46.1231,0.4393,0.632,0.622,0.823,0.493,14.2625,14441.46835443038,40.59250672602422,25.31645569620253,1
3167707,5137.0,72.5715,19.1551,1139.19,0.478,13.67,66.7164,0.3989,0.631,0.611,0.805,0.51,6.385,13110.765037959898,24.84198716553749,19.466614755693985,1
3167806,5613.0,66.827,18.4215,1255.32,3.6357,5.33,63.3663,0.4018,0.697,0.673,0.831,0.606,5.9736,14579.90379476216,28.51177958611441,0.0,0
3167905,4014.0,73.0942,18.4106,1166.15,5.8161,11.17,73.6808,0.4684,0.681,0.666,0.821,0.578,11.8454,16366.965620328849,19.01612628148036,0.0,0
3168002,33050.0,86.9289,22.6657,1079.79,3.9065,13.57,60.4415,0.46,0.67,0.639,0.815,0.578,13.5653,16859.939485627838,27.08916474392338,6.051437216338881,0
3168051,3387.0,72.7487,16.711,949.47,7.4236,13.02,70.7002,0.4452,0.645,0.604,0.799,0.557,13.4632,14488.042515500443,17.541769818004788,0.0,0
3168101,4118.0,63.1617,19.5483,1554.17,4.2564,5.15,61.4634,0.4402,0.712,0.759,0.847,0.561,6.9937,167239.4366197183,3.492055954303081,0.0,0
3168200,1690.0,58.4615,19.2899,1331.31,0.2703,7.23,57.382,0.3859,0.667,0.67,0.847,0.522,4.497,33165.680473372784,4.142969209648951,0.0,0
3168309,4224.0,51.6572,16.9034,1209.1,8.2002,7.73,30.3202,0.4578,0.651,0.643,0.818,0.525,9.175,15606.770833333334,12.827715640155851,0.0,0
3168408,14709.0,67.7816,20.1033,993.4,1.765,11.47,63.9388,0.4297,0.633,0.614,0.829,0.499,15.3277,12800.938201101366,20.10104502475562,0.0,0
3168507,12255.0,71.7258,19.4043,1233.73,6.1686,7.56,56.5034,0.4166,0.675,0.685,0.804,0.558,5.8664,15607.017543859649,73.4998650553273,24.479804161566708,1
3168606,137418.0,85.1148,22.0823,1338.49,6.5844,8.24,78.8379,0.5195,0.701,0.698,0.824,0.598,13.5,21482.04747558544,42.38326851249279,10.18789387125413,0
3168705,81579.0,99.8394,20.2944,1630.44,5.0574,3.3,94.5314,0.4447,0.77,0.737,0.836,0.742,7.3325,68762.8188626975,565.0258690547926,23.29030755464029,1
3168804,7744.0,80.5269,20.0026,1872.35,2.1345,4.34,72.889,0.5157,0.74,0.741,0.885,0.619,6.3799,26551.52376033058,93.24840150758004,0.0,0
3168903,7883.0,76.2273,19.5991,1633.94,0.9483,6.35,75.7322,0.4046,0.683,0.703,0.852,0.532,3.0608,48186.22351896486,3.768571556965523,38.0565774451351,1
3169000,16185.0,84.8811,20.2471,1244.19,3.1547,6.09,83.2142,0.4084,0.688,0.682,0.8,0.597,8.006,21584.8625270312,93.08893055571532,49.428483163422925,1
3169059,3826.0,54.0512,15.7083,1301.34,2.4145,8.3,23.8776,0.3556,0.696,0.661,0.808,0.631,4.58,18482.74960794564,33.35512837278235,0.0,0
3169109,7214.0,57.3191,21.0008,1257.12,2.3922,8.59,54.5594,0.4057,0.661,0.66,0.802,0.546,8.5499,14845.162184640976,52.74317131660525,0.0,0
3169208,8609.0,85.5732,18.4923,1491.51,3.194,6.53,75.9478,0.4986,0.718,0.699,0.871,0.607,8.2283,15210.361249854805,30.19388055723124,11.615750958299454,0
3169307,75485.0,91.8381,22.1236,1370.02,4.6954,4.49,90.9667,0.4659,0.744,0.73,0.855,0.66,9.7233,39199.20514009406,91.16127520717647,11.922898589123667,0
3169356,28895.0,93.1441,20.706,1333.18,3.6065,4.58,83.2499,0.4404,0.752,0.706,0.866,0.695,8.2951,109006.19484339852,10.788745204898415,20.7648382073023,1
3169406,55255.0,91.7781,21.8804,1459.07,3.1195,5.67,92.5653,0.4779,0.731,0.714,0.85,0.643,8.9252,33983.42231472265,80.10362514025927,1.809790969143064,0
3169505,5886.0,71.8824,22.0523,895.69,1.4789,10.19,54.139,0.3841,0.626,0.615,0.827,0.482,14.31,14145.090044172612,11.770281538895322,33.97893306150187,1
3169604,25470.0,92.0377,19.7801,1424.49,4.1158,5.88,93.6055,0.4189,0.719,0.711,0.863,0.605,6.8254,37152.17903415783,13.975078599529226,7.852375343541421,0
3169703,20000.0,81.85,23.805,1093.34,7.7491,10.17,70.347,0.4473,0.682,0.646,0.816,0.602,14.2161,22176.85,17.344384018537674,5.0,0
3169802,4935.0,66.079,21.1955,1172.12,3.4779,6.57,67.1858,0.432,0.696,0.707,0.829,0.576,8.3419,28332.92806484296,22.330316742081447,0.0,0
3169901,103365.0,95.9348,21.7559,1507.27,2.7875,3.71,86.1303,0.4561,0.724,0.727,0.841,0.62,8.079,34419.42630484206,253.6863237878327,16.44657282445702,1
3170008,11708.0,52.2378,25.4271,803.38,9.7486,12.57,3.5853,0.5075,0.609,0.552,0.787,0.519,27.5328,10009.139050222071,14.268930585820767,17.08233686368295,1
3170057,13017.0,48.8361,20.212,1088.96,3.8101,9.79,51.3502,0.3609,0.614,0.604,0.805,0.475,7.5133,12904.355842359992,68.85662143933985,7.682261657832066,0
3170107,337836.0,97.7877,21.8076,1939.6,3.109,3.31,97.1786,0.477,0.772,0.772,0.845,0.705,5.9312,60337.752637374346,74.67710236856804,4.736025763980156,0
3170206,713224.0,98.5943,23.1149,2079.68,3.7417,2.71,96.0897,0.5011,0.789,0.776,0.885,0.716,6.6473,60332.91784909089,173.31428851921385,4.907294202102004,0
3170305,2684.0,81.8927,20.4173,927.61,4.2662,16.97,66.1538,0.4046,0.638,0.599,0.815,0.531,13.2413,16450.074515648284,6.613541497262427,0.0,0
3170404,86619.0,84.0659,22.9684,1760.5,3.3594,5.13,79.4384,0.4749,0.736,0.723,0.847,0.651,6.6332,49835.75197127651,10.256313708996768,10.390330066151767,0
3170438,3828.0,61.8077,18.5214,1279.07,1.9048,13.47,64.0822,0.372,0.672,0.684,0.829,0.534,4.7893,34064.78578892372,3.3362180987217265,0.0,0
3170479,3282.0,71.5722,19.7745,1091.98,4.7262,13.16,58.6098,0.4097,0.664,0.612,0.793,0.602,10.1463,29582.26691042048,5.486266781005682,0.0,0
3170503,10600.0,82.3585,22.5566,1080.19,3.7008,10.87,81.0432,0.3716,0.633,0.628,0.811,0.498,9.0032,22632.45283018868,76.37327799873191,0.0,0
3170529,17479.0,52.2284,26.2944,727.87,8.4184,9.84,16.0556,0.4011,0.619,0.559,0.781,0.543,16.9028,11054.293723897248,8.415738138089557,17.163453286801307,1
3170578,5780.0,86.6263,19.3599,1037.57,3.281,13.52,84.6851,0.3787,0.631,0.631,0.819,0.486,7.8374,13383.910034602077,49.543989576904615,0.0,0
3170602,2158.0,72.6135,17.2382,1496.78,1.4231,3.6,74.6575,0.4311,0.696,0.667,0.847,0.597,2.5023,40604.26320667285,5.264852837848388,0.0,0
3170651,4633.0,58.515,24.5629,881.5,9.7522,17.87,0.2819,0.377,0.634,0.563,0.811,0.559,14.0514,14705.80617310598,9.426016048438289,0.0,0
3170701,136467.0,97.2982,21.1472,1874.49,3.9087,3.04,96.7467,0.4852,0.778,0.76,0.875,0.707,6.1458,59307.40765166671,345.14006211494296,5.129445213861226,0
3170750,6969.0,84.4741,23.5041,1349.13,1.8021,5.96,86.0371,0.3737,0.711,0.673,0.847,0.631,4.6061,45415.124121107765,10.696771321785713,28.69852202611565,1
3170800,33744.0,89.3611,22.1136,1062.12,5.4681,10.33,51.7093,0.442,0.666,0.634,0.814,0.573,13.7714,32224.39544807966,15.198089969774069,5.926979611190138,0
3170909,18840.0,53.3227,22.2611,738.74,8.2346,16.56,15.0119,0.4404,0.594,0.546,0.806,0.477,27.2023,9936.04033970276,23.116734601727128,10.615711252653927,0
3171006,19975.0,85.1765,20.9111,1572.32,2.6411,4.03,84.8569,0.4151,0.742,0.707,0.866,0.666,4.286,58513.14142678348,10.439553547723524,5.006257822277847,0
3171030,7672.0,59.6715,26.7987,764.71,5.4696,16.27,23.0127,0.428,0.584,0.542,0.797,0.462,21.9384,15046.923879040669,4.884813400382788,13.034410844629823,1
3171071,5181.0,74.3486,22.2737,898.68,3.2547,17.1,62.4935,0.3656,0.632,0.579,0.785,0.555,12.7196,25690.021231422503,8.201794864894387,0.0,0
3171105,3411.0,63.7057,17.854,1352.42,6.1566,9.73,56.0551,0.4473,0.667,0.683,0.869,0.501,7.1386,49960.71533274699,3.30579954120038,29.31691586045148,1
3171154,4899.0,40.3756,18.9426,859.63,1.5033,7.89,37.8198,0.3727,0.612,0.61,0.79,0.475,13.7459,13107.164727495408,42.51054303118654,0.0,0
3171204,129246.0,99.3284,23.846,1291.72,5.9463,3.37,94.5829,0.4359,0.688,0.677,0.811,0.592,9.5961,23359.438589975704,1832.1591086287797,23.98526840289061,1
3171303,76430.0,93.1284,22.6822,1864.42,3.2288,3.81,89.2032,0.5441,0.775,0.758,0.883,0.696,8.5333,23699.46356142876,255.2618747035916,32.70966897814994,1
3171402,3700.0,57.8919,18.2703,1216.73,4.3407,8.41,49.4358,0.4146,0.668,0.623,0.808,0.592,10.2439,14442.162162162162,32.83314550407752,0.0,0
3171501,3038.0,88.0184,23.3048,907.26,0.7972,13.19,85.8706,0.3881,0.612,0.596,0.795,0.483,12.6198,14477.61685319289,17.63234414992716,32.91639236339697,1
3171600,11804.0,63.9953,22.0349,959.9,3.8398,14.21,57.5688,0.4224,0.61,0.585,0.797,0.488,17.173,11146.221619789902,13.584773636976731,8.471704506946798,0
3171709,8908.0,55.1639,20.2627,987.85,1.4081,7.87,57.6585,0.3724,0.651,0.635,0.829,0.523,11.8305,20251.01032779524,27.282054423227112,11.225864391558147,0
3171808,10314.0,62.5461,20.7097,1116.83,3.6381,7.62,62.1593,0.4516,0.675,0.638,0.831,0.58,13.4597,17837.11460151251,23.447410418343267,19.391118867558657,1
3171907,4552.0,63.203,17.9042,927.5,2.9412,15.84,67.3389,0.439,0.62,0.602,0.795,0.497,17.5601,13768.23374340949,16.19802008383685,43.93673110720562,1
3172004,39160.0,88.8943,20.6001,1493.02,2.7417,6.41,85.9377,0.4625,0.709,0.709,0.85,0.591,6.4761,34454.519918283964,160.91982362924335,38.3043922369765,1
3172103,4443.0,82.2642,20.4591,1153.24,5.2659,7.35,89.1746,0.4253,0.669,0.669,0.841,0.531,8.2207,31476.93000225073,21.614968475130382,0.0,0
3172202,2356.0,56.7912,18.2937,1240.48,3.7365,5.17,3.3449,0.3933,0.678,0.644,0.842,0.576,7.0453,14036.502546689304,22.98828144057295,0.0,0
3200102,30684.0,54.0184,19.3912,1191.25,2.4507,9.42,46.1726,0.4423,0.667,0.661,0.825,0.544,12.6361,18569.22174423152,32.60135063345474,6.518055012384304,0
3200136,9711.0,34.6308,19.9465,1242.59,1.8873,8.28,33.0776,0.4884,0.678,0.66,0.792,0.595,15.4718,25332.30357326743,21.368781466746476,20.595201318092883,1
3200169,12042.0,61.8004,19.6064,965.09,3.1357,14.47,35.8868,0.4435,0.652,0.619,0.819,0.546,17.3646,15313.070918452084,25.419596435937,33.21707357581797,1
3200201,29177.0,76.8311,20.8315,1336.26,4.45,8.49,60.8237,0.5244,0.721,0.708,0.839,0.63,16.2243,19712.410460294068,38.55006209867082,6.854714329780306,0
3200300,13836.0,50.5493,18.0399,1469.82,2.1065,5.2,48.3256,0.3919,0.71,0.703,0.832,0.611,3.9603,33082.03237930038,22.472822600162097,7.2275224053194576,0
3200359,7434.0,57.533,18.5499,1247.98,1.8643,11.0,51.0646,0.4493,0.664,0.634,0.815,0.567,9.9543,15204.86951842884,32.660126440467984,0.0,0
3200409,29984.0,80.2728,19.7972,1257.88,5.2413,4.19,42.8015,0.443,0.73,0.696,0.856,0.654,11.2459,192242.06243329772,73.18686522281428,13.340448239060834,1
3200508,7223.0,74.2212,19.8394,1138.77,2.5571,8.87,63.4741,0.4715,0.673,0.659,0.841,0.549,14.4064,16363.145507406894,37.23502969317057,0.0,0
3200607,94765.0,86.8992,21.9744,1507.13,4.9849,5.21,81.8118,0.462,0.752,0.717,0.838,0.707,8.6464,56066.15311560175,66.72252400046469,17.939112541550152,1
3200706,10540.0,69.981,20.2087,1103.7,4.3142,6.61,59.5473,0.4136,0.708,0.663,0.841,0.637,11.2641,34238.045540796964,45.26169331982067,9.487666034155598,0
3200805,30674.0,84.0842,20.268,1257.09,2.9308,8.3,80.3402,0.4457,0.702,0.67,0.811,0.637,11.106,30262.04603247049,33.74332674395708,35.86098976331747,1
3200904,42498.0,69.2456,20.5657,1262.47,4.4681,10.24,60.1719,0.449,0.683,0.673,0.815,0.58,9.3071,27412.984140430137,44.994235173172434,25.883570991576075,1
3201001,13608.0,76.771,21.3477,1151.53,3.1471,9.68,66.8783,0.3982,0.679,0.651,0.816,0.59,8.7699,19918.136390358613,31.74121856609372,29.394473838918284,1
3201100,10254.0,94.4022,20.2458,1133.04,6.9615,6.18,92.5741,0.4088,0.734,0.689,0.854,0.673,9.7444,18220.20674858592,115.10484486552018,19.50458357714063,1
3201159,12985.0,32.3604,23.1498,1016.25,1.4193,13.79,30.1213,0.4203,0.656,0.63,0.828,0.54,12.1063,22699.191374663074,36.638976986715726,30.804774740084717,1
3201209,185786.0,93.5054,20.2636,1516.3,3.2547,4.29,91.7262,0.4575,0.746,0.733,0.837,0.677,8.5066,33086.26591885287,214.88509489545828,19.9153865199746,1
3201308,353491.0,98.8483,21.4894,1244.17,5.6767,4.48,81.3745,0.4339,0.718,0.699,0.844,0.628,10.684,38753.17617704553,1263.7406244860897,33.66422341728644,1
3201407,36930.0,72.3666,19.5938,1634.05,2.0331,4.92,66.3504,0.4445,0.726,0.703,0.852,0.639,4.7104,31697.37340915245,55.65812378017076,10.831302464121311,0
3201506,120033.0,89.3129,20.3786,1603.31,2.7579,5.07,86.0338,0.4595,0.746,0.738,0.841,0.668,6.9286,36475.71917722626,85.84706687578984,18.328293052743827,1
3201605,27458.0,83.6732,20.7918,1122.43,4.5074,10.3,26.7029,0.485,0.681,0.648,0.81,0.603,15.1888,22108.820744409644,23.21858772335566,40.06118435428655,1
3201704,11937.0,56.4882,20.5914,1352.34,2.3699,7.42,58.9118,0.4135,0.67,0.685,0.81,0.541,7.5453,23378.90592276116,32.281531080810645,25.131942699170644,1
3201803,5083.0,42.4356,21.503,1119.67,2.8722,9.61,41.5878,0.4638,0.632,0.622,0.819,0.496,13.9425,16245.72103088727,29.206097483897288,0.0,0
3201902,35416.0,38.0817,19.6352,1477.15,1.8152,6.39,30.6967,0.412,0.669,0.68,0.833,0.528,4.161,27041.958436864694,28.81200120402535,8.4707476846623,0
3202009,6596.0,58.1413,21.1037,1182.1,2.8177,10.25,50.9457,0.4451,0.654,0.635,0.813,0.542,11.4346,24224.37841115828,41.40667177240141,15.16070345664039,1
3202108,21992.0,67.1153,19.2024,1062.01,4.8514,14.38,51.4747,0.4548,0.662,0.631,0.819,0.562,17.5133,18692.6154965442,9.622953667438386,18.188432157148053,1
3202207,18014.0,86.3217,19.4682,1406.78,3.9268,7.41,56.1132,0.4653,0.718,0.708,0.839,0.623,13.2398,26006.60597313201,62.79849679627964,16.65371377817253,1
3202256,11009.0,46.4257,20.3379,1407.77,0.2807,8.15,47.4015,0.4317,0.694,0.669,0.823,0.608,7.9844,30368.33499863748,30.57919648015644,9.083477155054956,0
3202306,29358.0,82.6385,21.1288,1302.02,2.8816,7.38,73.3199,0.4829,0.703,0.691,0.846,0.595,9.4605,20863.103753661693,62.70598160983372,6.812453164384494,0
3202405,124656.0,94.7512,20.4138,1656.5,5.6231,3.94,65.1345,0.5039,0.731,0.746,0.837,0.626,8.9313,20355.83525863176,211.34404272453693,21.659607239122064,1
3202454,25380.0,64.0504,22.5926,1074.38,2.0417,10.87,55.938,0.4066,0.647,0.651,0.83,0.501,11.6646,17733.766745468874,105.62764797442962,27.580772261623327,1
3202504,11723.0,79.8686,19.8755,1466.2,3.1981,5.97,77.2888,0.4398,0.726,0.733,0.835,0.625,6.6109,24696.152861895414,58.25151057401813,25.590719099206687,1
3202553,9520.0,46.4076,22.3424,941.8,2.8634,11.38,36.7955,0.4462,0.622,0.609,0.821,0.481,17.1954,18065.126050420167,28.77228189582741,0.0,0
3202603,12326.0,64.2057,18.1486,1398.56,1.297,4.54,49.6336,0.3732,0.729,0.709,0.83,0.658,4.386,25543.48531559305,60.56169175739947,16.22586402725945,1
3202652,13710.0,42.4508,22.3341,1269.82,1.4966,9.84,41.2935,0.4095,0.637,0.658,0.798,0.493,6.109,17229.83223924143,74.18550163143172,29.175784099197664,1
3202702,13589.0,58.7681,17.573,1255.55,1.5121,7.54,55.5197,0.3925,0.702,0.672,0.802,0.641,6.6637,23979.98381043491,25.399003029787615,36.79446611229671,1
3202801,39832.0,66.3537,21.1739,1072.13,8.8393,6.97,21.9674,0.4766,0.654,0.64,0.808,0.54,17.6145,144210.10745129545,72.3284487298215,35.14762000401687,1
3202900,10597.0,52.713,18.9299,1524.8,0.4739,7.48,42.9594,0.4397,0.684,0.696,0.809,0.568,5.7092,25103.802963102764,35.89903417810284,0.0,0
3203007,28590.0,61.3501,21.8223,1187.08,2.0269,9.46,56.9709,0.4533,0.666,0.665,0.829,0.537,11.2274,18833.228401539,62.07309818361826,27.981811822315493,1
3203056,28931.0,71.4666,22.6677,1288.05,3.4465,8.55,60.3746,0.4796,0.678,0.678,0.81,0.568,13.0385,33307.97414538039,43.85139241926121,44.93449932598251,1
3203106,11575.0,78.4881,20.1814,1357.18,4.7757,8.97,74.147,0.4835,0.698,0.685,0.844,0.589,11.5318,14870.151187904969,65.26936653471823,0.0,0
3203130,14079.0,82.4774,18.453,1585.86,2.5856,6.99,85.1105,0.4419,0.753,0.751,0.857,0.663,6.911,45902.19475815044,49.44597608302456,21.30833155763904,1
3203163,11094.0,34.4781,17.505,1256.48,0.9894,9.26,36.3183,0.4061,0.656,0.633,0.81,0.55,7.8081,16917.793401838833,24.20315465671837,0.0,0
3203205,166786.0,88.6249,23.4444,1472.5,2.9821,5.3,80.7627,0.4525,0.724,0.721,0.834,0.63,7.2427,48181.72388569784,47.70407718183672,35.97424244241123,1
3203304,12770.0,70.2036,18.3399,1099.96,4.7424,13.05,57.3577,0.4566,0.657,0.636,0.81,0.551,14.6004,15902.349256068912,39.73019557087655,39.15426781519186,1
3203320,41929.0,82.2915,20.8805,1247.27,6.5191,7.29,55.7397,0.4991,0.696,0.676,0.847,0.588,15.0868,158832.57411338214,321.8672275616421,23.8498413985547,1
3203346,17641.0,50.4677,20.9569,1433.67,3.668,5.39,43.1058,0.3935,0.71,0.715,0.849,0.589,4.6797,29301.060030610508,61.79092453458029,22.67445156170285,1
3203353,12387.0,66.7635,19.4801,1480.41,1.0822,6.88,62.9645,0.4047,0.696,0.668,0.823,0.612,5.7014,25259.54629853879,37.80650832310876,0.0,0
3203403,24475.0,62.3616,19.1502,1139.0,1.6908,8.39,43.805,0.4537,0.67,0.672,0.827,0.541,12.8304,24817.282941777325,28.15033602127349,12.25740551583248,1
3203502,18900.0,81.4497,20.8148,1129.12,2.4301,11.88,78.9654,0.4461,0.667,0.679,0.816,0.535,11.4072,21719.68253968254,17.19651338416465,10.582010582010582,0
3203601,5466.0,76.7838,18.8621,1025.33,4.2688,15.47,76.404,0.4631,0.666,0.617,0.828,0.577,16.685,17699.96341017197,10.112315897944422,18.294914013904133,1
3203700,18153.0,48.6641,20.5641,1075.2,2.9758,10.7,36.4273,0.4608,0.645,0.637,0.821,0.512,14.7785,21117.005453644026,26.74262379125639,16.526194017517767,1
3203809,13745.0,69.5671,19.1124,1359.97,4.8187,6.99,55.4653,0.4312,0.694,0.673,0.802,0.619,8.6976,17047.50818479447,41.99921776647885,0.0,0
3203908,49065.0,73.6982,21.3288,1462.06,2.6875,7.23,59.39,0.4622,0.712,0.692,0.841,0.621,7.9806,27303.14888413329,34.083070581444055,16.30490166106186,1
3204005,18893.0,49.9021,19.5046,1188.19,1.8768,11.42,45.8123,0.4801,0.667,0.648,0.815,0.562,13.9603,18975.228920764304,22.54959765683745,10.585931297305882,0
3204054,21522.0,91.9152,21.7777,1091.36,2.5268,12.88,75.298,0.4568,0.654,0.643,0.812,0.536,14.7049,18652.3092649382,49.65244213328781,69.69612489545581,1
3204104,23915.0,78.9964,21.7186,1123.49,3.2615,11.43,78.3556,0.4262,0.673,0.668,0.816,0.558,9.4937,36031.319255697264,24.575187846303088,54.35918879364416,1
3204203,22300.0,97.5785,20.3543,1247.95,10.4919,3.6,63.9412,0.4669,0.727,0.702,0.852,0.643,13.3528,39284.66367713005,301.1641412095184,44.84304932735426,1
3204252,6497.0,83.5616,18.8549,900.2,5.8454,12.0,74.6983,0.4433,0.669,0.631,0.783,0.605,19.6706,16553.332307218716,18.0417094776596,0.0,0
3204302,13696.0,34.6305,21.5464,1101.94,6.5242,11.75,30.9873,0.4553,0.657,0.636,0.808,0.553,14.1195,497358.5718457944,23.022472797812057,29.20560747663551,1
3204351,19274.0,44.2825,21.0543,1231.12,2.3812,8.69,45.0238,0.4487,0.681,0.68,0.802,0.579,9.5417,27274.09982359656,30.025127389477653,25.94168309639929,1
3204401,11069.0,62.8422,18.7099,1277.89,4.1601,6.74,46.8039,0.4172,0.711,0.692,0.837,0.62,7.5748,20768.00072273918,54.13666953595743,36.136959074893845,1
3204500,13106.0,21.6008,18.7853,1155.17,3.676,8.05,10.981,0.4371,0.626,0.646,0.797,0.477,13.569,25191.28643369449,18.24522326245084,7.630093087135663,0
3204559,41636.0,43.0781,23.2011,1374.43,1.4061,6.45,33.6279,0.4091,0.671,0.695,0.834,0.521,6.3118,39182.726486694206,56.63236298248907,9.607070804111826,0
3204609,22808.0,62.1756,18.6163,1744.55,2.0545,5.14,59.6285,0.4314,0.714,0.722,0.834,0.604,4.893,25306.82216766047,33.392286159360026,17.537706068046298,1
3204658,8589.0,45.4768,21.3296,1228.15,1.8462,7.49,35.5297,0.4413,0.682,0.679,0.811,0.575,12.0983,38577.01711491442,28.76615982316297,46.57119571544999,1
3204708,32252.0,78.0262,20.3429,1370.65,1.998,6.72,72.4335,0.4295,0.709,0.739,0.835,0.578,7.778,23628.86022572244,74.16179375331983,40.30757782463103,1
3204807,10878.0,84.0412,19.3602,1293.72,5.639,8.77,73.9977,0.4817,0.688,0.669,0.814,0.599,9.3617,18716.12428755286,39.774908680056605,0.0,0
3204906,123752.0,80.8949,23.114,1400.64,4.1552,6.37,53.9999,0.4843,0.735,0.719,0.843,0.655,10.2964,23819.00898571336,52.7491113783216,34.74691318120111,1
3204955,10886.0,56.5221,19.3092,1243.74,1.2547,8.23,45.5433,0.36,0.7,0.686,0.803,0.623,6.5929,21034.81535917693,31.83562220714503,9.186110600771634,0
3205002,520653.0,99.5406,22.3794,1541.03,5.9789,3.6,91.232,0.4787,0.739,0.72,0.844,0.664,10.133,71600.7475228223,950.7369013076324,25.73691114811592,1
3205010,26502.0,83.7371,24.4283,1154.25,3.2241,9.93,59.7169,0.4112,0.662,0.65,0.802,0.556,8.3661,25188.815938419742,45.14544252822655,79.2393026941363,1
3205036,19563.0,54.6951,21.2186,1316.67,2.7751,6.28,24.1926,0.4163,0.663,0.658,0.814,0.544,9.1839,21985.533916066044,46.82832248180774,10.223380872054388,0
3205069,23831.0,80.0848,21.5895,1683.88,1.939,5.38,65.7268,0.4393,0.728,0.731,0.845,0.624,5.367,29463.723721203474,128.18637075128154,0.0,0
3205101,73423.0,95.0411,22.7177,1186.66,4.8692,4.5,79.0271,0.4001,0.686,0.672,0.816,0.589,9.674,57576.37252632009,235.1198767768566,24.51547880092069,1
3205150,8911.0,45.5841,19.6835,1069.92,2.0336,7.78,23.7953,0.4643,0.681,0.647,0.83,0.588,18.5576,20271.68667938503,20.56746919265009,0.0,0
3205176,13728.0,36.1087,21.4598,1199.07,0.7882,8.76,37.5862,0.385,0.675,0.686,0.816,0.549,8.5449,31618.88111888112,29.18721018490761,72.84382284382285,1
3205200,467722.0,97.9565,21.0732,2232.27,4.4704,2.36,90.5937,0.5415,0.8,0.807,0.864,0.734,9.8758,34862.377651681985,2224.8638363657988,33.780750103694075,1
3205309,322869.0,100.0,19.975,3351.64,5.6674,2.12,99.6711,0.5695,0.845,0.876,0.855,0.805,6.6894,97327.33089890948,3324.331002955016,21.370896555568976,1
3300100,167434.0,97.7442,21.6957,1463.14,7.0604,4.12,70.4874,0.4869,0.724,0.74,0.846,0.605,11.0972,66857.13176535231,205.8395416881808,20.903759093135207,1
3300159,11034.0,91.7709,19.2043,1360.14,7.604,5.14,85.0023,0.4048,0.692,0.67,0.785,0.631,6.514,22577.397136124702,116.71003363584438,9.062896501721951,0
3300209,129671.0,95.9775,19.4022,1311.77,8.2308,5.0,32.8431,0.4952,0.718,0.714,0.839,0.617,13.2704,32653.53857069044,203.15819488747812,29.3049332541586,1
3300225,11828.0,91.9513,21.1617,1352.93,3.4131,5.49,41.9523,0.4682,0.684,0.686,0.823,0.566,6.8861,36137.63949949273,106.82417542718832,0.0,0
3300233,40006.0,100.0,20.9294,1619.56,4.1274,3.09,31.87,0.479,0.728,0.75,0.824,0.624,8.344,74246.28805679148,563.6473787283204,37.49437584362346,1
3300258,30986.0,100.0,20.1769,1466.08,4.6688,2.35,69.4074,0.4678,0.733,0.722,0.805,0.677,9.5745,87312.01187633125,203.7132000052595,29.045375330794556,1
3300308,92883.0,97.3149,20.0543,1422.6,6.1049,3.24,78.2865,0.4522,0.733,0.723,0.819,0.665,8.6225,29218.371499628563,158.88027916046596,15.072725902479464,1
3300407,169894.0,98.927,20.039,1407.8,6.3881,3.01,82.0592,0.4513,0.729,0.72,0.819,0.657,8.6987,37960.55187352114,310.516821321324,28.252910638398063,1
3300456,483087.0,100.0,22.2306,915.03,10.0586,4.05,88.1118,0.4529,0.684,0.662,0.808,0.598,20.1012,18298.43485748944,6116.186617712224,28.9802871946461,1
3300506,28102.0,77.45,20.4007,1392.13,4.0867,7.56,44.3924,0.4141,0.66,0.707,0.809,0.503,4.6606,31574.087253576257,73.48272886541328,10.675396768913243,0
3300605,35173.0,89.182,19.9585,1537.4,7.346,6.64,81.2762,0.4953,0.732,0.723,0.819,0.662,9.3604,25819.691240440112,58.94991946823898,11.372359480283173,0
3300704,222161.0,99.5233,20.586,1549.33,7.626,2.95,61.5375,0.5141,0.735,0.743,0.836,0.64,11.6061,55633.11742385027,537.3359229312442,34.20942469650389,1
3300803,56943.0,84.3159,20.4959,1212.66,6.9621,5.59,66.3957,0.4976,0.7,0.695,0.817,0.603,15.0831,22926.400084294823,59.641853513331775,26.342131605289502,1
3300902,14616.0,82.1155,18.5071,1315.25,4.1212,9.02,55.1992,0.457,0.691,0.672,0.809,0.608,8.8476,27356.80076628353,26.180364368481108,6.841817186644773,0
3300936,13847.0,81.7722,20.2282,1132.9,8.0388,5.52,59.3564,0.4643,0.713,0.699,0.805,0.644,14.7469,52484.72593341518,45.41712448956164,7.221780891167762,0
3300951,8741.0,96.8882,20.7985,1127.61,6.9273,5.07,74.9917,0.3604,0.685,0.676,0.785,0.605,7.6123,69096.0988445258,80.45913530131905,22.880677268047137,1
3301009,483540.0,93.5488,21.9258,1385.75,8.9789,4.53,64.8119,0.554,0.716,0.715,0.83,0.619,17.5623,76890.67295363362,119.91111192670924,24.816974810770567,1
3301108,19390.0,85.5389,19.2677,1207.29,5.5712,6.39,76.0598,0.488,0.709,0.705,0.822,0.614,14.0936,43394.17225373904,25.949866837970585,0.0,0
3301157,12958.0,71.2841,18.969,1077.5,5.5008,10.77,50.1505,0.4237,0.648,0.653,0.782,0.534,11.2167,30519.8333076092,24.79544428200752,0.0,0
3301207,17198.0,90.2489,19.5546,1309.8,3.7605,5.39,85.8148,0.4585,0.696,0.683,0.813,0.608,9.5031,32635.946040237235,56.24875306215228,0.0,0
3301306,46110.0,94.8232,20.2646,1378.38,5.3277,3.81,66.783,0.4673,0.726,0.734,0.811,0.642,10.3286,51011.60268922143,99.60727385843713,49.88072001734982,1
3301405,21104.0,90.0919,20.5032,1267.02,7.7629,6.11,61.815,0.4868,0.712,0.698,0.806,0.642,12.3524,20571.21872630781,62.38987760893987,33.16906747536012,1
3301504,20783.0,97.3777,19.6747,1414.42,4.6961,4.2,86.0787,0.4623,0.729,0.724,0.826,0.649,10.7723,21949.09300870904,183.8422616941476,9.623249771447815,0
3301603,10980.0,71.9399,20.2459,1155.27,3.4524,9.93,34.4495,0.4406,0.659,0.677,0.79,0.534,11.318,22697.085610200364,28.92373669389572,9.107468123861567,0
3301702,808161.0,99.7585,22.1396,1100.31,10.0467,3.9,89.262,0.4696,0.711,0.692,0.833,0.624,16.4037,65749.89884441343,1729.3561785418526,27.222298527149917,1
3301801,12242.0,82.5764,19.0818,1284.42,4.3091,4.47,45.2515,0.4358,0.722,0.674,0.805,0.694,8.8792,33224.554811305345,87.83119650454509,0.0,0
3301850,51696.0,96.847,21.9495,1197.43,10.5918,4.75,56.6494,0.4878,0.698,0.692,0.812,0.604,15.2579,26384.86536675952,144.22376779571647,44.49086969978335,1
3301876,27920.0,99.735,18.6461,1526.99,8.091,3.24,52.4438,0.4704,0.761,0.744,0.841,0.704,8.3265,22614.36246418338,547.6979814426114,14.326647564469914,1
3301900,224267.0,98.99,20.703,1101.64,12.6004,4.66,65.9914,0.449,0.693,0.69,0.813,0.593,14.568,25151.618383444733,521.5984705589576,22.294853901822385,1
3302007,116841.0,97.9374,22.1027,1199.57,10.7034,3.67,82.9584,0.4841,0.715,0.703,0.814,0.638,16.406,89888.66921714124,413.4398652545761,35.090422026514666,1
3302056,14073.0,77.7446,16.9971,1227.13,4.7895,9.58,82.0293,0.4857,0.688,0.692,0.792,0.595,14.4787,29756.19981524906,48.32877163942815,14.211610886093938,1
3302106,22919.0,81.4739,18.068,1421.51,4.6853,7.53,73.6679,0.4495,0.713,0.696,0.82,0.635,6.7591,27745.015053012783,52.90847726821521,39.26872900213797,1
3302205,101041.0,94.2538,19.8444,1520.46,5.2812,5.42,90.821,0.4616,0.73,0.716,0.837,0.649,7.4274,33599.62787383339,91.29985343735488,33.6497065547649,1
3302254,30908.0,98.3855,21.0204,1527.73,7.9104,4.71,69.6413,0.4886,0.737,0.735,0.836,0.652,6.8953,223029.8951727708,128.23033999211734,58.23734955351365,1
3302270,96289.0,98.8721,24.6435,786.34,12.2995,7.07,71.6755,0.4512,0.659,0.637,0.809,0.555,23.8925,15891.566014809585,1178.611209713943,25.96350569639315,1
3302304,7336.0,76.8811,21.524,1145.6,5.7722,9.25,65.176,0.4214,0.668,0.649,0.8,0.575,6.5321,25103.598691384952,28.935431704334796,68.15703380588877,1
3302403,246391.0,97.3027,21.476,1876.38,6.9994,3.48,84.2088,0.5509,0.764,0.792,0.828,0.681,11.4534,72026.92874333884,202.4595127811344,40.99175700411135,1
3302452,5415.0,91.0249,21.145,1289.93,7.5857,5.21,86.1856,0.4702,0.703,0.687,0.801,0.631,9.9169,39680.51708217913,69.10060742177531,0.0,0
3302502,228127.0,98.8182,22.1276,1036.31,11.1801,4.02,68.568,0.4503,0.709,0.685,0.832,0.626,16.1824,20890.9116413226,583.7809481159235,24.109377671209455,1
3302601,41220.0,94.5754,19.3984,1501.02,4.9224,3.09,36.4098,0.4976,0.753,0.746,0.845,0.676,13.1246,77919.9660359049,112.13092278145623,12.1300339640951,1
3302700,197277.0,99.0592,19.1812,1707.99,6.5766,2.59,34.6584,0.4766,0.765,0.761,0.85,0.692,8.7497,434993.374797873,545.6091732766918,16.220846829584797,1
3302809,17502.0,97.9545,18.1522,1399.3,4.9981,3.17,64.9125,0.4467,0.736,0.707,0.806,0.7,8.7293,20436.9786310136,183.6053879400781,11.427265455376528,0
3302858,167127.0,100.0,21.741,1115.94,11.3038,2.87,97.0628,0.4794,0.737,0.704,0.839,0.678,17.7367,15671.985974737774,4059.535087080085,11.368599927001622,0
3302908,26582.0,90.3882,18.3658,1784.0,4.065,3.86,69.8829,0.4986,0.745,0.74,0.828,0.675,8.3619,23794.221653750657,92.32008835388788,0.0,0
3303005,26881.0,93.9846,20.7396,1414.6,6.7866,6.44,91.4071,0.4789,0.713,0.696,0.805,0.646,8.7467,24633.756184665748,88.63718798430442,7.440199397343849,0
3303104,15074.0,88.3773,19.9483,1393.71,6.388,6.41,69.7944,0.4652,0.73,0.707,0.806,0.683,9.3205,21511.2776966963,38.943558450214816,0.0,0
3303203,146774.0,100.0,19.7283,1298.9,9.2449,2.11,98.8001,0.4608,0.753,0.731,0.817,0.716,12.9328,20844.693201793238,7568.400969421956,12.2637524357175,1
3303302,481749.0,100.0,18.5283,3577.32,6.0221,1.68,92.4876,0.5634,0.837,0.887,0.854,0.773,8.6434,137717.9568613531,3601.673183459557,9.756117812387778,0
3303401,189939.0,89.912,19.2799,1757.65,3.2988,3.43,74.5447,0.4709,0.745,0.758,0.846,0.645,6.5282,33299.51721342115,203.05015132094476,9.476726738584494,0
3303500,785867.0,99.5857,22.3302,1102.46,10.2539,4.28,88.6783,0.4961,0.713,0.691,0.818,0.641,18.2079,22643.08337161377,1509.5960090744763,30.030526793974044,1
3303609,41375.0,94.9076,20.1909,1349.13,8.5736,3.79,73.6574,0.4474,0.72,0.689,0.812,0.666,8.5827,28105.74018126888,216.68089385123776,9.667673716012084,0
3303708,42063.0,91.7457,20.436,1216.57,7.1163,5.5,81.1682,0.4876,0.702,0.697,0.812,0.61,16.1703,29789.05451346789,73.65040788489925,21.396476713501176,1
3303807,45243.0,80.0787,21.3779,1639.12,3.2496,4.26,17.7159,0.4878,0.693,0.726,0.842,0.544,9.3412,43217.2932829388,48.94860520872101,53.04688018035939,1
3303856,29619.0,76.8932,20.7772,1210.31,5.3374,8.55,49.1867,0.4836,0.671,0.683,0.806,0.549,11.5991,23122.01627333806,94.22569757047285,13.504844863094636,1
3303906,278881.0,96.9449,19.5341,1822.76,5.1222,3.16,75.9336,0.5196,0.745,0.763,0.847,0.639,8.9544,56172.23833821594,352.50346333916457,6.454365840627364,0
3303955,24298.0,94.123,20.5326,1366.9,5.9972,3.21,91.5816,0.4714,0.715,0.709,0.801,0.643,10.6651,59784.26207918347,295.4020473168478,28.80895546958597,1
3304003,27474.0,84.8075,20.23,1462.21,7.1131,4.98,73.486,0.4652,0.708,0.714,0.803,0.62,8.7901,89174.2374608721,56.0402239650794,10.91941471937104,0
3304102,17288.0,80.1828,20.5865,1404.53,4.5131,7.62,75.1285,0.5038,0.697,0.698,0.802,0.606,12.4202,24059.63674224896,59.23651776444508,5.784359093012494,0
3304110,20373.0,99.2883,21.8328,1237.94,9.1724,3.68,94.504,0.417,0.713,0.688,0.817,0.645,8.3755,208399.5975065037,400.318321150672,29.45074363127669,1
3304128,13682.0,93.8313,20.7864,1274.65,6.1856,3.67,86.0973,0.4475,0.69,0.676,0.806,0.603,11.72,22292.793451249818,48.03634499659441,14.6177459435755,1
3304144,140523.0,99.9936,22.6732,958.95,10.1288,4.02,88.8748,0.4546,0.68,0.659,0.81,0.589,18.587,31038.93312838468,1850.764550160022,26.330209289582484,1
3304151,22393.0,81.0789,21.0468,1108.09,8.4421,7.99,76.9354,0.4972,0.704,0.698,0.821,0.61,19.084,267801.8130665833,31.116817644304188,49.12249363640424,1
3304201,129612.0,97.2171,20.8762,1881.11,6.103,3.4,93.8515,0.5041,0.768,0.762,0.839,0.709,6.4441,82973.46696293553,117.90025979318423,33.947473999321055,1
3304300,56276.0,87.4956,20.5007,1407.84,6.5822,5.16,76.816,0.4614,0.71,0.705,0.819,0.62,9.8348,32543.020115146777,122.48344788859916,8.8847821451418,0
3304409,17401.0,82.1849,20.4241,1232.33,2.6753,9.1,55.682,0.418,0.683,0.7,0.801,0.567,9.7743,25053.67507614505,20.549198922528067,34.480776966840985,1
3304508,8954.0,82.0751,21.9008,1181.25,7.07,7.51,73.8309,0.4612,0.68,0.664,0.822,0.575,11.2887,32877.373241009605,18.70158297182649,0.0,0
3304524,156491.0,99.715,20.506,1840.11,7.1315,2.5,62.4575,0.5014,0.773,0.784,0.854,0.689,9.3664,57185.37168271658,686.2316044272158,20.44846029484124,1
3304557,6211223.0,99.9991,20.3828,2515.32,6.9549,2.42,94.8987,0.6019,0.799,0.84,0.845,0.719,12.2967,57900.45664114781,5174.596152724667,13.024810089735947,1
3304607,10232.0,71.4328,18.5008,1337.53,3.7045,10.16,49.812,0.4589,0.668,0.672,0.797,0.556,9.3201,22925.62548866302,12.617098437289988,9.773260359655982,0
3304706,41325.0,91.4652,19.4265,1308.22,4.5529,6.04,84.6494,0.4441,0.718,0.709,0.806,0.648,6.7361,31086.07380520266,68.46047184299069,31.457955232909864,1
3304755,45059.0,61.9255,20.7461,939.48,4.8892,13.14,3.2064,0.4607,0.639,0.618,0.791,0.533,18.2787,26288.044563794138,40.30188625242277,84.3338733660312,1
3304805,38961.0,82.8777,18.9549,1296.11,4.3417,8.77,70.66,0.4761,0.691,0.685,0.787,0.611,11.7759,21692.92369292369,37.64955311629992,7.7000077000077,0
3304904,896744.0,99.9715,19.9329,1209.5,9.5568,3.4,83.7156,0.4674,0.739,0.711,0.833,0.681,15.5639,22665.054909762428,3613.571889103804,16.058094617861954,1
3305000,36573.0,79.7747,18.9566,985.72,12.092,5.83,26.5625,0.4627,0.671,0.686,0.8,0.551,16.8292,270331.9115194269,80.84288985755842,24.60831761135264,1
3305109,440962.0,100.0,21.6604,1042.94,8.9519,2.64,97.6027,0.4279,0.719,0.693,0.831,0.646,14.2045,20327.63820918809,12521.637891867333,16.32793755470993,1
3305133,7070.0,48.5856,18.7553,1150.71,2.0006,9.77,59.6943,0.363,0.652,0.633,0.798,0.548,5.3503,27843.988684582742,28.315337541251484,28.28854314002829,1
3305158,22080.0,57.4366,22.4049,1203.03,4.204,6.15,54.3507,0.4334,0.66,0.67,0.806,0.533,8.0842,33710.77898550725,100.28249870559274,0.0,0
3305208,104029.0,97.2315,20.4933,1462.39,7.0804,4.15,67.8622,0.5111,0.712,0.721,0.801,0.626,13.6852,26373.770775456844,312.88046485888214,19.225408299608763,1
3305307,7750.0,57.4194,17.6903,1123.79,2.4153,8.42,46.8558,0.4405,0.646,0.638,0.789,0.536,11.1097,31133.032258064515,19.510893372338337,0.0,0
3305406,17729.0,79.3953,19.894,1246.5,4.6295,7.38,70.1778,0.4299,0.675,0.682,0.804,0.561,8.6976,56436.74206102995,32.7906146598776,11.280952112358282,0
3305505,89559.0,97.1572,18.964,1491.0,7.9209,3.91,27.3588,0.5105,0.709,0.714,0.804,0.621,13.1994,470953.885148338,254.3350467157016,22.33164729396264,1
3305554,80596.0,97.5334,22.758,1181.47,11.4447,4.36,73.7901,0.4899,0.713,0.695,0.805,0.648,15.3404,59270.993597697154,303.9190916666981,21.0928582063626,1
3305604,21352.0,81.3835,21.5905,1042.66,10.3988,9.76,57.1954,0.4572,0.654,0.657,0.793,0.536,15.7223,28223.44511052829,22.769273424295257,28.100412139378044,1
3305703,15206.0,40.4446,20.9588,1223.03,1.8092,9.61,25.5391,0.3654,0.611,0.658,0.796,0.436,4.8402,39474.549519926346,36.78215414833324,6.576351440220966,0
3305752,31086.0,91.2855,21.151,959.96,13.0815,6.28,70.7568,0.4224,0.654,0.644,0.793,0.548,15.1304,22342.3406034871,217.37397470053912,22.51817538441742,1
3305802,165123.0,88.425,20.8996,1860.47,4.21,4.67,54.908,0.5229,0.73,0.752,0.855,0.605,7.5339,35875.674497193,213.5198322079091,16.957056255034125,1
3305901,10302.0,60.5319,19.1516,1120.83,2.266,11.72,33.8383,0.4667,0.667,0.668,0.813,0.547,14.8025,23491.846243447875,17.427019492481616,19.41370607649,1
3306008,78346.0,97.6412,20.7171,1438.62,7.0025,2.98,78.042,0.4825,0.725,0.725,0.801,0.656,9.7024,81026.98287085493,242.6752322336244,22.97500829653077,1
3306107,68088.0,94.3441,20.7819,1443.99,5.0673,3.91,76.2182,0.4925,0.738,0.713,0.848,0.666,10.6265,45861.12090236165,52.34450135958246,14.68687580777817,1
3306156,10207.0,64.4754,23.0724,1108.62,1.841,10.11,58.2575,0.4467,0.659,0.636,0.81,0.555,10.8039,25879.20054864309,50.54521684873576,0.0,0
3306206,33976.0,86.8819,20.8353,1519.05,7.3927,4.5,70.1064,0.5005,0.714,0.719,0.813,0.624,9.3296,38887.86202024959,63.37942780181058,17.65952437014363,1
3306305,261563.0,99.7584,19.9447,1787.91,5.6277,2.43,95.9915,0.4752,0.771,0.763,0.833,0.72,7.8596,75206.36710849777,1436.3306883391451,24.850609604569453,1
3500105,34687.0,96.6818,18.2893,1868.26,3.8111,3.08,97.0404,0.4262,0.79,0.772,0.852,0.75,5.3307,39521.03093377923,84.19440419236528,2.8829244385504658,0
3500204,4351.0,92.0478,18.6854,1514.8,0.6182,7.59,92.9697,0.3817,0.73,0.71,0.844,0.648,3.9071,26543.323373937023,20.615479377413468,45.96644449551827,1
3500303,32072.0,93.2121,21.6731,1321.67,6.0274,4.51,93.223,0.4218,0.715,0.703,0.858,0.606,9.7822,40993.29633325019,67.58345730938944,6.235969069593415,0
3500402,7369.0,87.651,15.9045,1684.99,2.7986,3.51,88.3746,0.3995,0.781,0.75,0.886,0.716,4.8206,28362.600081422173,51.64957630385567,0.0,0
3500501,17930.0,87.1556,18.1595,1742.52,1.99,4.22,92.7636,0.3666,0.745,0.725,0.846,0.675,2.7133,32660.568878973787,298.2070984266374,0.0,0
3500550,7177.0,87.9894,18.6568,1946.69,2.6536,4.18,60.2583,0.4334,0.757,0.744,0.84,0.695,1.6876,30276.71729134736,17.744515567555005,0.0,0
3500600,2780.0,100.0,15.3957,2932.68,3.9604,1.2,99.6531,0.4481,0.854,0.849,0.89,0.825,4.3619,53185.25179856115,769.656699889258,0.0,0
3500709,37680.0,95.6847,20.5653,1590.76,4.9205,3.37,94.2795,0.4152,0.745,0.705,0.845,0.694,5.0666,70027.14968152867,38.97764371454462,13.26963906581741,1
3500758,6141.0,74.2224,20.697,1317.23,2.121,4.95,52.7349,0.3643,0.712,0.682,0.805,0.658,5.5121,21069.858329262333,38.47744360902256,0.0,0
3500808,4445.0,84.162,17.9978,1485.42,5.385,5.45,84.9363,0.3733,0.741,0.682,0.84,0.71,3.5424,27076.490438695164,37.37964091998486,0.0,0
3500907,3451.0,85.8592,20.284,1313.69,4.3531,7.34,87.011,0.4024,0.687,0.698,0.8,0.581,10.8721,32533.758330918576,11.025312532946549,0.0,0
3501004,16818.0,90.5458,20.4721,1391.26,2.0738,4.04,91.0497,0.413,0.73,0.726,0.843,0.635,7.2093,49553.8113925556,18.104194385955847,5.946010227137591,0
3501103,3841.0,80.7342,15.7251,1349.61,5.9611,6.07,82.9381,0.3335,0.7,0.683,0.817,0.616,4.8165,29571.726112991408,12.056853352753206,0.0,0
3501152,17301.0,96.2777,22.2762,1523.42,3.8366,3.79,74.041,0.3773,0.766,0.729,0.841,0.732,3.7043,230178.19779203515,206.90273741613748,0.0,0
3501202,3915.0,66.9732,16.3474,1429.27,2.8729,6.47,68.8845,0.3777,0.728,0.701,0.806,0.683,3.6429,31762.707535121328,10.8026522373769,0.0,0
3501301,27255.0,92.5445,21.0677,1462.07,5.6463,4.22,89.4721,0.4242,0.758,0.712,0.834,0.732,7.0578,26045.71638231517,78.39849042275642,18.3452577508714,1
3501400,4808.0,60.3993,23.5025,1137.02,2.9703,6.09,93.3219,0.3889,0.688,0.669,0.805,0.605,13.2339,12185.108153078205,31.289453475810543,0.0,0
3501509,2885.0,91.5771,21.1438,1203.52,4.5637,8.08,93.9424,0.4135,0.722,0.721,0.791,0.659,10.0173,20244.367417677644,33.98956161123481,0.0,0
3501608,237240.0,99.8268,19.4246,2358.27,4.0577,1.65,98.2916,0.4442,0.811,0.8,0.876,0.76,3.4506,64142.97757545102,1771.6112073600573,5.05816894284269,0
3501707,33019.0,99.2005,22.7839,1233.06,10.7822,5.66,99.2463,0.3546,0.751,0.709,0.852,0.701,7.7762,37264.72636966595,268.5388506644545,15.142796571670855,1
3501806,5870.0,88.0068,18.7223,1580.65,2.7988,4.33,89.1571,0.3809,0.745,0.715,0.817,0.708,2.7607,21601.703577512777,23.21295812967621,0.0,0
3501905,68008.0,92.2333,19.1669,1986.75,4.1279,2.56,85.9581,0.4013,0.785,0.78,0.871,0.711,1.8104,75758.08728384896,152.71611841292724,0.0,0
3502002,4589.0,84.8987,19.5903,1677.47,5.4308,4.34,83.6808,0.4324,0.754,0.745,0.861,0.668,3.7304,45394.20353018087,14.078716870223625,21.791239921551536,1
3502101,59783.0,91.5511,19.4922,1774.02,3.6609,3.77,93.647,0.4204,0.779,0.762,0.885,0.702,4.5681,47593.54666042186,62.00102465604537,13.38173059230885,1
3502200,24022.0,70.8351,20.885,1526.22,3.7164,2.98,70.0577,0.4216,0.719,0.693,0.827,0.648,4.0404,61366.747148447255,23.38390013316616,4.162850720173175,0
3502309,5674.0,81.5298,21.2548,1188.66,3.9929,5.96,81.2561,0.378,0.721,0.681,0.863,0.637,5.2594,29883.32745858301,7.703409240561151,0.0,0
3502408,4023.0,84.3649,19.8857,1409.42,5.1662,4.17,86.023,0.4302,0.741,0.683,0.845,0.706,5.8529,26254.28784489187,12.538960229397832,24.857071836937607,1
3502507,32569.0,97.995,20.2462,1468.76,4.2754,2.46,96.3657,0.4177,0.755,0.735,0.828,0.706,5.7501,31964.96668611256,269.4102076267681,39.915256839325735,1
3502606,4086.0,79.1238,17.5477,1418.94,3.0523,6.54,83.7871,0.3453,0.721,0.697,0.804,0.67,2.3868,37087.61625061185,22.82630555741771,24.47381302006853,1
3502705,24585.0,78.495,21.9809,1148.15,4.3615,5.14,58.7168,0.4214,0.71,0.662,0.835,0.647,10.8327,36514.66341264999,25.2329312075474,8.135041692088672,0
3502754,21522.0,87.7939,23.6502,1464.76,4.3643,4.3,60.7785,0.4194,0.704,0.717,0.814,0.597,6.6729,223701.5147291144,148.21905732624444,13.939224979091165,1
3502804,200124.0,98.3145,19.4265,2088.68,4.5961,2.7,97.404,0.4949,0.788,0.782,0.841,0.744,5.6322,45061.82666746617,171.4673479984166,12.492254802022748,1
3502903,32443.0,88.8666,18.3152,1993.37,5.6902,2.94,37.5616,0.485,0.776,0.751,0.86,0.723,6.309,37169.31233239836,127.07545876500656,9.246987023394878,0
3503000,5420.0,95.0185,18.8561,1628.68,4.4231,5.46,94.3556,0.4204,0.74,0.723,0.856,0.656,6.2442,27726.38376383764,26.722017068565144,0.0,0
3503109,6885.0,81.0312,21.1184,1251.83,2.2587,5.85,78.1788,0.3859,0.685,0.675,0.806,0.592,7.548,28296.0058097313,24.081172964729912,0.0,0
3503158,2330.0,67.6824,19.2704,1149.76,5.4722,5.54,72.5424,0.3956,0.68,0.634,0.812,0.612,5.1073,19557.08154506438,14.849939134369643,42.91845493562232,1
3503208,242228.0,98.5097,20.0051,2128.11,4.5792,2.29,98.731,0.4959,0.815,0.788,0.877,0.782,7.3407,49347.04906121505,241.3530950305144,4.128341892762191,0
3503307,130866.0,97.0321,20.1168,1910.5,6.5034,2.68,97.1318,0.4513,0.781,0.763,0.859,0.728,6.2874,53050.96052450599,202.94619830622287,9.93382543976281,0
3503356,2044.0,63.8943,18.5421,1178.32,3.3298,7.31,99.1814,0.3609,0.722,0.671,0.809,0.694,4.3542,30379.647749510765,7.716002778364992,0.0,0
3503406,8130.0,78.5855,17.8844,1731.53,1.8369,3.9,72.4911,0.4211,0.744,0.718,0.84,0.683,3.2876,27930.9963099631,16.060020623199915,12.300123001230013,1
3503505,3577.0,77.4951,20.52,1093.27,1.2701,5.51,70.9992,0.4385,0.697,0.627,0.803,0.672,12.4038,16246.295778585409,11.719146733414805,0.0,0
3503604,10130.0,97.7493,22.695,1345.98,5.3078,7.48,94.6765,0.3624,0.695,0.686,0.823,0.594,3.1503,16096.742349457058,117.91821388245428,9.87166831194472,0
3503703,7602.0,96.7903,19.3896,1546.55,4.0537,5.23,96.8685,0.3614,0.733,0.73,0.813,0.663,3.2886,149554.196264141,57.319942091929065,0.0,0
3503802,51456.0,93.6198,22.3783,1649.8,3.6903,4.16,88.9752,0.4153,0.749,0.745,0.827,0.681,4.8818,33460.373911691546,289.03643288059044,3.8868159203980097,0
3503901,86678.0,97.02,22.5917,1982.83,7.2341,2.93,81.2491,0.5151,0.784,0.761,0.866,0.73,7.1458,95680.21874062622,901.3278983435066,3.461085858003184,0
3503950,1842.0,78.4473,17.0467,1361.65,2.9593,9.23,82.9161,0.3506,0.735,0.699,0.864,0.657,3.9258,21469.055374592837,26.55211681778213,0.0,0
3504008,101409.0,96.2735,20.0515,1997.74,3.9954,2.12,96.2344,0.457,0.805,0.771,0.865,0.781,5.7575,40257.925825124,220.1628713290448,7.888846157638867,0
3504107,158647.0,89.6701,19.4715,2283.78,3.7883,3.32,60.9303,0.4988,0.765,0.786,0.851,0.67,5.3607,52702.11223660076,331.5361290309098,2.521320920030004,0
3504206,13692.0,90.3228,18.3611,1494.63,3.5252,4.64,91.1923,0.3922,0.773,0.746,0.84,0.738,6.7398,26186.386210926088,31.51222790438621,7.3035349108968735,0
3504305,4483.0,66.1611,20.4997,1349.49,4.4152,4.11,69.0722,0.432,0.714,0.674,0.83,0.65,7.6288,83893.37497211689,8.291272801924952,22.306491188935983,1
3504404,11263.0,85.6077,25.6948,1246.92,4.4236,4.95,97.1178,0.3974,0.705,0.688,0.817,0.623,8.5324,17703.009855278346,33.28604781747791,8.878629139660836,0
3504503,92805.0,94.9604,20.9881,1769.85,4.0468,3.36,93.9214,0.4623,0.767,0.751,0.866,0.695,6.2056,35331.30758041054,76.50518731632118,2.1550563008458594,0
3504602,27260.0,95.6713,20.9318,1808.97,4.1363,2.15,95.5212,0.3879,0.746,0.737,0.805,0.701,4.3216,20243.91049156273,246.98293045337584,0.0,0
3504701,3887.0,97.4273,23.9002,1703.84,2.0213,3.11,92.2509,0.4317,0.669,0.69,0.809,0.537,4.1667,16825.31515307435,42.418289954711625,0.0,0
3504800,9596.0,92.7261,19.1955,1568.8,1.5947,3.26,94.7411,0.391,0.756,0.746,0.835,0.695,3.4077,29037.30721133806,64.02412580647314,10.421008753647351,0
3504909,9969.0,80.7202,20.3732,1340.96,7.4004,5.04,81.5094,0.478,0.733,0.693,0.872,0.653,12.6508,21668.9738188384,16.172178791069207,0.0,0
3505005,3531.0,66.7799,20.1359,1066.93,2.6062,5.16,74.8503,0.411,0.711,0.676,0.82,0.649,8.5192,21227.980741999432,23.057032035627067,0.0,0
3505104,5640.0,91.6844,21.1525,1080.41,9.5941,7.06,91.9905,0.3947,0.699,0.676,0.843,0.599,11.0461,19348.40425531915,27.48377287877902,0.0,0
3505203,31595.0,96.6197,20.2785,1755.66,4.668,3.76,96.4508,0.4048,0.75,0.736,0.867,0.662,3.5214,51381.73761671151,71.09505968654719,6.330115524608324,0
3505302,34346.0,98.6723,17.7459,1853.96,6.0341,3.64,98.4411,0.4044,0.788,0.762,0.869,0.739,3.7465,44128.952425318814,228.78877705317709,0.0,0
3505351,5179.0,36.7639,22.9002,888.5,6.9457,8.82,37.1002,0.4028,0.66,0.617,0.779,0.599,15.447,25823.13187874107,12.766188211920204,0.0,0
3505401,6876.0,44.968,19.299,1094.16,2.8719,10.94,40.3883,0.4392,0.641,0.625,0.792,0.532,11.4315,18298.574752763237,6.823567705749024,14.543339150668992,1
3505500,122485.0,97.0437,20.1657,1844.44,3.6811,2.46,97.8863,0.4485,0.789,0.762,0.875,0.738,5.6871,48197.86912683186,78.20715750168725,14.695677021676122,1
3505609,32092.0,99.4048,23.4607,1385.51,5.2098,5.34,98.169,0.3793,0.725,0.711,0.829,0.646,5.7211,19469.52511529353,219.77058722821437,3.1160413810295404,0
3505708,316473.0,99.9637,21.9289,2412.35,6.7751,2.44,97.643,0.5735,0.786,0.791,0.866,0.708,6.8191,183357.401737273,4816.867323176208,4.739740830971362,0
3505807,21503.0,87.0344,20.7134,1449.37,4.2446,3.17,86.2014,0.3868,0.751,0.696,0.848,0.718,3.6989,49631.07473375808,125.813284029208,9.301027763567877,0
3505906,58402.0,97.1302,20.3966,1826.35,4.4439,3.85,97.1759,0.4396,0.761,0.766,0.84,0.685,4.1215,41382.19581521181,68.7465716175844,1.7122701277353516,0
3506003,379146.0,97.5664,21.5263,2210.1,3.8726,1.78,97.0714,0.4991,0.801,0.8,0.854,0.752,5.1829,44102.71504908399,567.8524571503885,5.802514071096622,0
3506102,76373.0,96.5354,19.4624,1734.11,2.2857,2.35,97.0569,0.4357,0.78,0.756,0.853,0.735,5.2422,53428.37128304505,111.78848698462512,9.165542796538045,0
3506201,2606.0,92.3638,19.647,1550.41,8.2129,6.13,93.1109,0.4007,0.744,0.706,0.82,0.712,7.6834,80759.78511128166,8.638091797127487,0.0,0
3506300,11607.0,82.9327,21.0476,1515.11,3.0348,3.27,91.8126,0.4534,0.734,0.713,0.838,0.662,5.09,32562.24691996209,47.53888875236528,0.0,0
3506359,64188.0,98.9453,22.8843,1511.97,5.4545,3.74,72.2149,0.4956,0.73,0.727,0.817,0.654,9.1142,32212.82794291768,130.58391279758152,10.905465195986787,0
3506409,7319.0,93.9609,18.1309,1639.46,3.2571,5.31,94.4246,0.3772,0.768,0.743,0.845,0.722,4.0626,39974.99658423282,46.31545641512419,0.0,0
3506508,118979.0,97.8433,19.6262,1732.98,4.3935,2.96,97.82,0.4305,0.78,0.743,0.869,0.734,5.1724,33177.18252800914,224.4755495433286,13.447751283840006,1
3506607,29683.0,81.5315,22.3192,1243.58,6.7049,5.51,63.1372,0.3845,0.665,0.654,0.808,0.56,7.3827,32712.86595020719,93.517450835838,0.0,0
3506706,12978.0,94.0284,21.7984,1261.94,8.9141,6.94,94.5865,0.3495,0.681,0.692,0.811,0.562,4.1224,29338.341809215595,18.788328015426757,0.0,0
3506805,11259.0,94.9551,20.6057,1595.83,3.2324,4.39,94.0181,0.378,0.742,0.741,0.84,0.656,4.3095,25043.43192112976,30.937608195072627,0.0,0
3506904,10460.0,71.4054,19.4264,1480.67,6.1299,4.9,64.797,0.4282,0.705,0.7,0.821,0.609,6.6353,20309.177820267687,16.00511674095428,0.0,0
3507001,61081.0,96.2247,20.8985,1819.01,5.7399,2.78,84.3962,0.4714,0.78,0.757,0.861,0.728,8.2749,55552.93790212996,245.35054668733983,8.185851574139257,0
3507100,22006.0,92.4112,21.8668,1604.07,3.9789,4.78,81.3592,0.4023,0.713,0.716,0.802,0.631,5.0103,66483.50449877307,203.0710739530849,18.176860856130148,1
3507159,3555.0,69.6765,25.1195,1141.43,2.5565,4.59,68.3404,0.4201,0.66,0.605,0.775,0.613,7.4845,17962.587904360058,26.613663926694517,0.0,0
3507209,907.0,81.3671,17.3098,1323.39,2.1277,5.81,84.7826,0.3087,0.746,0.712,0.863,0.675,3.7486,81802.6460859978,7.624988440618407,0.0,0
3507308,4715.0,94.2736,21.6755,1269.35,1.3925,4.6,94.3731,0.3723,0.754,0.723,0.866,0.685,9.3955,110106.6808059385,38.612726230447954,0.0,0
3507407,14226.0,92.2325,18.7122,1614.88,3.1481,5.23,92.5406,0.4468,0.73,0.71,0.831,0.658,5.3848,36424.99648530859,25.759792559972187,0.0,0
3507456,2713.0,86.6937,22.3738,1282.36,3.7464,4.21,88.0952,0.3876,0.705,0.674,0.846,0.615,6.3767,27255.068190195358,7.7962234438444895,0.0,0
3507506,145155.0,96.8627,21.3634,1991.29,4.862,2.27,95.7041,0.4729,0.8,0.79,0.869,0.746,5.8114,41192.92480451931,97.90293273763996,2.066756226103131,0
3507605,176811.0,92.9569,20.9127,1941.5,3.066,2.84,84.7425,0.4623,0.776,0.772,0.861,0.704,5.5588,44987.585614017225,344.9405365754686,4.524605369575422,0
3507704,5356.0,90.646,20.3323,1369.89,3.7553,7.61,91.0433,0.4082,0.737,0.725,0.83,0.664,6.0306,22533.04705003734,27.44189859408944,0.0,0
3507753,2565.0,84.5224,18.9474,1329.38,2.2388,6.04,80.4574,0.3315,0.71,0.702,0.826,0.618,2.692,29502.92397660819,24.26931847212104,38.98635477582846,1
3507803,25201.0,97.5199,21.1857,1711.42,3.9049,2.76,97.4885,0.43,0.755,0.738,0.864,0.675,5.9228,35507.75762866553,90.50197875442616,11.90428951232094,0
3507902,23898.0,92.1207,20.508,1482.87,1.4136,3.97,92.7992,0.4541,0.74,0.724,0.815,0.688,10.3554,47032.6805590426,21.698371033246683,16.737802326554522,1
3508009,20250.0,82.8198,23.1753,996.87,3.5969,4.96,79.3029,0.4554,0.667,0.642,0.799,0.578,17.1372,33784.1975308642,16.924886101785013,14.814814814814817,1
3508108,17210.0,94.5032,18.007,1627.85,3.6685,4.93,85.5692,0.4472,0.763,0.736,0.839,0.72,4.5269,36465.13654851831,52.64268737707275,0.0,0
3508207,4356.0,86.5932,19.2608,1763.97,5.8875,4.01,87.357,0.4423,0.735,0.743,0.83,0.643,6.0313,56126.7217630854,16.35012386457473,0.0,0
3508306,4299.0,82.8332,21.4468,1242.79,2.7315,6.26,82.655,0.3938,0.694,0.667,0.811,0.619,7.9254,23931.612002791346,17.9144407310792,0.0,0
3508405,47011.0,92.3188,23.5775,1480.46,6.4295,3.43,84.2379,0.3622,0.738,0.717,0.828,0.678,4.3813,126807.19406096444,180.64895440257612,6.381485184318564,0
3508504,96202.0,96.5947,19.9933,1632.59,5.3854,2.64,87.0721,0.464,0.788,0.754,0.858,0.755,7.4639,54204.205733768526,260.7170926041356,24.94750628885054,1
3508603,31564.0,92.7449,20.0672,1383.47,8.4443,2.85,88.9225,0.4834,0.764,0.733,0.837,0.728,11.6256,21341.78177670764,109.60102781346576,9.50449879609682,0
3508702,17101.0,69.1889,20.6304,1386.07,4.6235,4.77,69.4784,0.4481,0.72,0.701,0.858,0.62,8.444,33588.38664405591,36.5238971923095,0.0,0
3508801,16654.0,91.9779,19.2266,1524.12,4.1855,5.45,92.5564,0.4151,0.742,0.714,0.867,0.661,5.0873,40983.78767863577,18.096666232016343,6.004563468235859,0
3508900,3712.0,80.4688,17.3761,1359.73,2.8275,6.37,80.4363,0.3664,0.729,0.682,0.823,0.691,4.445,18805.49568965517,14.651551990905933,0.0,0
3509007,95032.0,99.0056,22.1831,1668.47,6.8171,2.69,87.5352,0.4651,0.781,0.74,0.861,0.749,8.1277,51128.651401633135,973.2696995145532,5.2613856385217606,0
3509106,5466.0,42.6637,25.8873,1214.27,4.4455,7.15,55.0767,0.3844,0.697,0.665,0.802,0.635,6.3094,17609.769484083427,9.917283397349948,18.294914013904133,1
3509205,92689.0,99.0894,22.8787,1728.39,5.5833,3.18,79.8989,0.4569,0.728,0.713,0.81,0.668,6.4863,245046.9850791356,705.4709025314721,9.70989006246696,0
3509254,28515.0,76.9244,22.3672,1206.25,2.7794,6.51,71.5986,0.4543,0.694,0.658,0.832,0.611,10.0091,61554.48009819393,62.74079240641688,7.013852358407855,0
3509304,9133.0,94.9305,19.2051,1564.43,3.2231,4.18,96.5272,0.4259,0.734,0.714,0.822,0.674,3.8575,18714.113653782984,51.61957621418761,0.0,0
3509403,23830.0,89.1565,21.4142,1447.0,6.1138,4.09,89.3367,0.4573,0.713,0.693,0.825,0.633,7.6923,31965.96726814939,36.101247106446415,8.39278220730172,0
3509452,5954.0,82.8519,20.9271,1336.83,3.7849,4.36,80.1732,0.3741,0.717,0.687,0.846,0.634,2.9427,25375.71380584481,32.27467625041332,16.795431642593215,1
3509502,1139047.0,99.4633,20.9471,2678.6,5.1517,2.31,94.1969,0.5399,0.805,0.829,0.86,0.731,6.1565,64042.05445429381,1433.5370910843712,10.62291547232028,0
3509601,77632.0,98.1335,21.5749,1564.93,4.994,3.26,79.844,0.418,0.769,0.733,0.84,0.739,6.1639,32601.890972794725,977.6960568240494,10.305028854080792,0
3509700,46974.0,91.7401,22.2613,1626.97,2.6093,3.26,84.5887,0.4188,0.749,0.761,0.852,0.648,3.7426,30864.052454549324,161.9899234777451,2.1288372291054625,0
3509809,4888.0,79.91,21.7267,1334.45,6.5484,5.7,82.1903,0.4132,0.706,0.67,0.824,0.638,7.1238,39833.2651391162,10.095022914132413,0.0,0
3509908,12289.0,88.1927,20.5875,1281.29,2.822,3.73,80.8375,0.4579,0.72,0.677,0.851,0.649,11.7354,21515.98990967532,9.931676787726069,8.137358613394092,0
3509957,4931.0,90.7118,22.8351,1174.28,7.646,4.04,86.3492,0.4365,0.704,0.646,0.797,0.677,9.2001,26375.988643277225,92.58181408535326,101.3993104846887,1
3510005,29449.0,94.6076,19.2774,1531.52,2.5459,3.81,93.8045,0.4083,0.747,0.701,0.845,0.704,5.2256,51558.524907467145,49.42674774383151,0.0,0
3510104,2889.0,84.9429,18.0685,1528.06,0.2651,6.25,89.6552,0.3768,0.789,0.747,0.863,0.762,3.2537,37074.42021460713,40.75213000056424,0.0,0
3510153,6283.0,97.4853,26.134,1266.24,5.0602,5.41,96.726,0.3427,0.68,0.658,0.791,0.605,4.7111,26152.952411268503,109.34753476391862,0.0,0
3510203,46337.0,85.0897,22.3903,1240.46,8.4644,5.0,79.5824,0.4339,0.721,0.675,0.826,0.671,9.3902,27388.41530526361,28.25032358286556,0.0,0
3510302,22866.0,78.9469,24.2675,1062.65,3.7245,5.53,69.5041,0.4853,0.699,0.673,0.823,0.617,18.8327,17158.838450100586,134.592971923009,0.0,0
3510401,50068.0,96.2491,21.4408,1570.15,4.6317,3.06,92.2934,0.4415,0.75,0.744,0.848,0.669,7.5014,59734.960453782856,155.06785844808255,3.9945673883518418,0
3510500,134873.0,98.589,20.7692,1578.4,6.594,3.06,84.3663,0.4883,0.759,0.735,0.845,0.705,10.3818,33603.730917233246,278.1190521850841,22.984585498950864,1
3510609,386984.0,100.0,22.9152,1432.95,5.782,3.67,88.3503,0.4523,0.749,0.721,0.842,0.693,10.8448,17713.15093130465,11201.991547501882,9.561118805945464,0
3510708,11345.0,92.067,17.1441,1515.63,2.5476,6.28,90.2455,0.416,0.722,0.695,0.853,0.636,4.7299,28304.98016747466,17.74741571346332,8.814455707360072,0
3510807,28083.0,85.1298,20.4786,1545.95,4.6,3.72,90.4596,0.4448,0.73,0.727,0.835,0.64,8.2974,41987.75059644625,32.49500998003992,7.121746252181035,0
3510906,2799.0,67.7028,17.935,1539.7,3.2959,7.05,64.777,0.4125,0.734,0.68,0.864,0.673,3.5151,104719.89996427296,14.602233896589684,0.0,0
3511003,19977.0,76.533,19.2672,1419.26,4.2737,5.79,77.0543,0.4432,0.731,0.688,0.827,0.686,7.6441,69494.26840866997,18.75214724617438,10.01151324022626,0
3511102,115791.0,99.0889,18.9626,1898.84,4.4054,2.84,98.2365,0.437,0.785,0.767,0.853,0.74,5.4988,45067.06911590711,398.4604055114317,5.1817498769334405,0
3511201,7003.0,95.7161,19.1204,1398.86,3.5463,4.69,95.6574,0.3387,0.751,0.734,0.852,0.676,4.3876,21833.78552049122,47.19225300384789,0.0,0
3511300,12618.0,91.1872,19.488,1810.97,2.8946,2.95,88.1658,0.3994,0.766,0.749,0.872,0.689,4.1793,42249.48486289428,63.77945591847876,7.925186241876684,0
3511409,21469.0,85.3044,21.6219,1459.9,5.116,3.85,90.0527,0.4221,0.729,0.71,0.821,0.666,8.2174,44571.89435930877,41.96270286012498,13.973636405980717,1
3511508,44695.0,94.731,20.1141,1839.05,4.0564,2.12,93.706,0.4051,0.782,0.758,0.854,0.739,4.0247,52442.24186150576,349.7179252443213,4.474773464593355,0
3511607,19048.0,77.121,22.0128,1256.04,3.5644,4.5,72.9967,0.3595,0.706,0.715,0.804,0.611,3.9278,38879.09491810164,100.0462204294298,10.499790004199916,0
3511706,15535.0,93.048,20.9656,1454.08,5.3265,3.87,83.4457,0.364,0.736,0.72,0.82,0.675,3.672,33158.86707434824,88.34434675795866,0.0,0
3511904,6982.0,96.4767,20.5958,1390.17,2.123,6.58,96.4536,0.3693,0.725,0.704,0.821,0.66,4.1206,26698.796906330565,41.414081499495815,14.322543683758235,1
3512001,18486.0,95.2126,20.2045,1572.33,2.9479,4.2,97.0732,0.3892,0.757,0.72,0.845,0.712,2.0452,83396.78675754624,43.7742568724352,10.818998160770311,0
3512100,6629.0,70.6592,19.641,1282.7,0.7823,7.66,86.1386,0.3682,0.71,0.689,0.802,0.647,4.4371,56300.95036958817,9.097671303564958,0.0,0
3512209,28101.0,95.292,23.4369,1349.53,2.9851,5.95,93.75,0.4135,0.708,0.699,0.827,0.614,7.2088,30578.057720365825,153.73126979698347,10.675776662752217,0
3512308,15232.0,78.2826,19.2161,1601.09,3.2157,3.75,76.1309,0.4442,0.736,0.725,0.837,0.658,5.2291,28426.5362394958,32.678280271174806,13.130252100840336,1
3512407,24514.0,95.5658,22.1506,1684.38,4.911,3.91,93.0363,0.3949,0.758,0.754,0.858,0.674,5.2212,167570.61271110387,178.18126312882052,8.158603247124091,0
3512506,5400.0,85.3333,18.5926,1464.68,1.5536,4.99,92.0336,0.4125,0.719,0.704,0.816,0.648,5.3909,40514.25925925926,21.87784867821331,0.0,0
3512605,4280.0,82.7336,19.8131,1281.73,4.0963,8.67,80.7134,0.4053,0.69,0.653,0.811,0.619,6.8925,32980.84112149533,14.08682486917026,0.0,0
3512704,4195.0,64.6722,20.882,1543.11,2.507,4.42,63.4431,0.3634,0.754,0.728,0.841,0.7,3.3939,82246.96066746126,15.05624107213357,23.837902264600714,1
3512803,59773.0,97.4738,21.3575,1614.71,7.557,2.91,93.7186,0.4061,0.769,0.746,0.876,0.697,6.0262,35294.196376290296,386.4675265897262,11.710973181871417,0
3512902,8719.0,77.9906,20.2776,1404.7,5.7719,5.93,82.6446,0.365,0.722,0.705,0.849,0.63,4.0271,58126.96410138778,19.740536134758194,0.0,0
3513009,274413.0,97.1721,21.4272,2275.73,6.3179,2.67,64.5833,0.5392,0.78,0.789,0.851,0.707,7.453,58722.30907427855,846.9693883220059,12.025669337822915,0
3513108,33281.0,98.4165,21.5889,1576.75,4.3888,3.91,98.1496,0.3904,0.756,0.737,0.857,0.683,4.7418,52676.812595775365,106.86750818019222,9.014152218983805,0
3513207,9272.0,82.28,20.1575,1581.65,5.0493,5.25,76.4868,0.4361,0.734,0.723,0.802,0.682,5.1155,37377.69628990509,24.06873815642603,0.0,0
3513306,2108.0,67.2676,16.8406,1505.41,0.7339,4.42,85.2798,0.3944,0.774,0.698,0.853,0.778,2.6565,65305.50284629981,14.116386526484964,0.0,0
3513405,74961.0,97.5681,19.957,1498.46,7.0195,2.06,94.6781,0.4676,0.788,0.742,0.871,0.758,10.8728,42453.71593228479,245.21179329994536,44.02289190378997,1
3513504,112476.0,99.8755,22.7871,1246.76,9.0812,4.69,77.9701,0.442,0.737,0.716,0.821,0.681,11.7067,195121.37700487216,787.2115566318354,13.336178384722077,1
3513603,22110.0,59.0231,19.6156,1243.82,4.5387,6.4,57.8376,0.4588,0.684,0.672,0.826,0.576,9.5346,14760.832202623247,15.711494048676498,18.091361374943464,1
3513702,31756.0,90.7104,19.3696,1726.15,3.9154,2.23,92.9386,0.3882,0.76,0.74,0.865,0.687,4.2891,65536.0246882479,42.13313944694615,9.447033631439728,0
3513801,393237.0,100.0,22.4493,1522.03,6.9744,3.12,98.8158,0.431,0.757,0.717,0.844,0.716,8.2654,47005.63782146645,12795.685279187815,5.848890109526825,0
3513850,1620.0,81.4815,16.7284,1358.16,1.9778,9.08,86.1371,0.3005,0.741,0.686,0.842,0.704,2.4691,43103.08641975309,18.38131006546924,0.0,0
3513900,11158.0,68.7399,18.1574,1682.61,1.7986,5.27,61.8525,0.3997,0.734,0.72,0.85,0.645,1.9651,44045.2590069905,49.86837930001922,0.0,0
3514007,8759.0,97.6824,22.6282,1361.96,5.1185,7.36,97.8544,0.3878,0.718,0.691,0.818,0.655,5.8682,15861.05719831031,58.49902156562857,0.0,0
3514106,24510.0,95.9976,19.6899,1357.54,6.1844,5.24,97.6513,0.4353,0.725,0.725,0.853,0.616,9.6474,34079.92656058752,38.72209197247272,4.079967360261118,0
3514205,2207.0,89.4427,19.4382,1359.18,1.4881,8.11,91.0936,0.377,0.742,0.699,0.825,0.709,6.1678,26709.107385591306,28.31701715444129,0.0,0
3514304,8096.0,93.8982,19.2688,1694.59,9.0343,4.15,95.8427,0.4027,0.738,0.718,0.811,0.689,1.4613,99098.1966403162,39.32502404383264,0.0,0
3514403,45474.0,92.5012,18.769,1886.73,3.1804,3.22,93.0121,0.4477,0.776,0.752,0.842,0.737,4.5798,31775.91590799138,93.24404127228884,6.5971764084971625,0
3514502,12328.0,90.1038,18.4053,1624.7,1.3747,3.82,88.7891,0.4335,0.748,0.716,0.837,0.698,5.4282,20492.050616482804,46.59865359827938,16.223231667748216,1
3514601,9471.0,97.6877,23.6195,1673.48,2.9802,3.42,97.7852,0.3797,0.744,0.72,0.849,0.674,2.9247,36145.28560870024,85.03627352391898,0.0,0
3514700,6205.0,84.2546,19.9355,1387.75,5.0334,4.69,84.4065,0.4044,0.745,0.719,0.834,0.69,5.5439,24565.995165189364,12.04251074219129,0.0,0
3514809,13069.0,52.5824,21.31,1096.71,3.4313,7.22,56.1331,0.4644,0.691,0.633,0.847,0.615,13.9453,25200.780472874743,7.900228259713128,0.0,0
3514908,17699.0,86.9202,22.2385,1295.02,1.8038,4.95,84.5819,0.3703,0.695,0.701,0.822,0.583,4.6272,56763.376461947,87.46293733939513,0.0,0
3514924,3138.0,93.3397,18.6106,1535.69,4.0075,4.37,93.8345,0.3661,0.747,0.711,0.825,0.712,6.6922,24235.50031867432,33.390082996382205,0.0,0
3514957,2323.0,88.291,16.5303,1354.87,1.9962,5.69,89.0625,0.3445,0.73,0.723,0.84,0.641,4.0465,24623.331898407232,27.94451996294915,43.04778303917348,1
3515004,250691.0,99.4144,23.5645,1249.69,8.0239,4.33,79.4852,0.4269,0.665,0.654,0.808,0.56,11.1545,57101.18831549597,3561.052870820194,17.15259024057505,1
3515103,66970.0,89.6282,22.2249,1386.48,7.3665,5.03,45.6787,0.4765,0.749,0.713,0.834,0.708,11.4327,21742.944602060623,430.2850791243953,14.932059130954157,1
3515129,3014.0,88.5866,18.0159,1334.16,2.0597,6.81,87.9354,0.3786,0.727,0.69,0.805,0.691,4.8489,26269.077637690774,13.38562045059889,0.0,0
3515152,19566.0,94.0662,26.7045,1609.27,6.059,5.84,73.0389,0.4331,0.732,0.72,0.815,0.668,4.8668,33785.801901257284,177.96818293448302,0.0,0
3515186,39816.0,90.8906,19.8513,1838.17,3.1843,3.42,91.5351,0.4123,0.787,0.784,0.872,0.712,4.9052,51884.267631103074,102.29295926625304,2.511553144464537,0
3515194,4157.0,85.759,23.262,1193.58,1.3279,8.76,86.4372,0.3525,0.696,0.675,0.819,0.609,6.2124,22076.497474140004,21.46478989600653,0.0,0
3515202,9417.0,83.8696,20.6329,1667.09,2.891,4.69,84.2956,0.3523,0.76,0.712,0.873,0.705,2.5368,79989.06233407668,31.78401584981825,0.0,0
3515301,2703.0,82.3159,19.0899,1405.87,2.3482,7.25,81.5654,0.376,0.74,0.693,0.818,0.714,5.1092,23102.478727339992,10.200500401906508,0.0,0
3515350,7924.0,62.2539,19.1444,1077.55,3.9104,11.67,62.5414,0.3917,0.704,0.663,0.802,0.655,13.8275,17225.896012115092,13.80742785253026,12.619888944977284,1
3515400,16641.0,80.8545,19.1755,1482.13,1.887,4.2,80.9034,0.4336,0.732,0.699,0.867,0.648,6.7683,28466.558500090137,38.77475411898754,0.0,0
3515509,71186.0,96.7957,19.6232,1853.8,2.7151,3.91,96.7851,0.4363,0.797,0.767,0.872,0.758,4.8853,34680.49897451746,129.47687964830655,5.619082403843453,0
3515608,5942.0,90.0034,18.3103,1600.05,2.1075,5.15,91.0634,0.3592,0.758,0.746,0.859,0.68,1.9872,34600.1346348031,34.954997352785455,0.0,0
3515657,1656.0,60.5072,19.8068,1270.67,4.4903,2.87,60.6852,0.3496,0.703,0.668,0.843,0.617,1.2689,48885.26570048309,16.47695614104911,0.0,0
3515707,179198.0,99.1529,23.5382,1201.71,7.6782,3.66,89.1878,0.4103,0.738,0.691,0.828,0.703,10.3906,26454.94369356801,6064.8458388330455,10.60279690621547,0
3515806,1487.0,81.7754,16.0054,1376.01,0.9419,6.01,85.9016,0.404,0.727,0.668,0.796,0.723,7.1957,28349.69737726967,6.617388556857474,0.0,0
3515905,2733.0,83.7175,15.7702,1699.56,2.0032,6.27,86.6548,0.4253,0.747,0.71,0.808,0.726,4.7201,29961.94657885108,13.381578174268984,0.0,0
3516002,12958.0,80.7223,22.1022,1313.48,2.4929,5.52,92.6767,0.3983,0.715,0.702,0.807,0.646,5.8961,20438.41642228739,24.7224967470399,0.0,0
3516101,3851.0,65.8011,20.2545,1361.28,4.1065,6.63,87.7609,0.4414,0.665,0.654,0.808,0.56,6.6835,44650.480394702674,17.04842265567587,0.0,0
3516200,352536.0,98.5182,21.6846,1734.79,3.5054,2.01,97.9206,0.4525,0.78,0.749,0.842,0.753,7.8046,31985.629836385506,582.0508883418445,4.254884607529444,0
3516309,165139.0,99.5368,24.6968,1035.25,5.1353,5.53,68.5857,0.3952,0.703,0.659,0.815,0.647,12.5687,11338.732825074634,3370.114895614375,6.055504756598986,0
3516408,144849.0,96.0131,23.6522,1397.55,6.1776,4.48,78.8945,0.4322,0.731,0.702,0.852,0.654,9.6709,29671.388825604598,1090.93579363585,8.284489364786777,0
3516507,2763.0,88.9975,15.9971,1710.43,0.6207,6.24,88.7955,0.3489,0.763,0.721,0.809,0.762,1.9182,33914.223669923995,19.92342137711727,0.0,0
3516606,6380.0,80.7994,17.1787,1433.66,1.4701,5.5,83.982,0.4128,0.709,0.684,0.823,0.634,6.1231,27071.94357366771,17.92567867518558,0.0,0
3516705,42110.0,94.8183,19.9691,1612.63,4.3788,4.48,96.4375,0.4255,0.769,0.737,0.849,0.728,4.6279,40969.55592495844,75.76370934515039,7.124198527665638,0
3516804,3252.0,90.5289,18.6039,1377.87,5.0768,8.28,90.61,0.4307,0.723,0.727,0.817,0.635,6.1961,26392.37392373924,18.009735890435238,0.0,0
3516853,4702.0,89.9192,21.1399,1489.75,1.2607,5.34,94.8171,0.4102,0.719,0.687,0.802,0.676,6.254,251847.08634623565,19.28899026115209,21.26754572522331,1
3516903,10312.0,89.4007,17.6106,1735.05,1.9329,6.41,89.7487,0.4518,0.747,0.734,0.808,0.702,4.502,26677.56012412723,20.858617732252377,9.69743987587277,0
3517000,10232.0,76.5539,21.0321,1290.17,5.1575,5.05,88.1162,0.4052,0.717,0.696,0.813,0.652,6.9523,21109.06958561376,15.119208576220348,0.0,0
3517109,4138.0,82.9386,17.5689,1412.75,7.444,4.93,78.2216,0.409,0.735,0.735,0.858,0.63,4.2919,30283.711938134365,15.168621700879765,0.0,0
3517208,11239.0,92.9442,20.8737,1305.59,7.9333,4.19,91.4186,0.4102,0.739,0.697,0.853,0.679,9.4759,20663.84909689474,40.55146236388434,0.0,0
3517307,5512.0,88.4797,20.3556,1235.95,3.4031,7.27,89.8058,0.3582,0.728,0.675,0.83,0.689,3.9753,80363.2075471698,25.306343573097777,0.0,0
3517406,39279.0,96.8355,20.7337,1685.85,2.9476,3.9,97.7222,0.4142,0.753,0.759,0.824,0.683,4.8425,68862.36920491866,31.21183346378326,7.637668983426257,0
3517505,21711.0,93.4273,22.0303,1671.55,3.1882,4.45,87.8604,0.371,0.725,0.728,0.866,0.605,4.0861,41288.51734143982,66.77718792099064,9.211920224770854,0
3517604,17071.0,40.4604,20.6198,1032.99,4.223,8.52,37.9955,0.4584,0.675,0.634,0.806,0.602,14.0295,25722.68759885185,41.81076288538596,5.857887645714955,0
3517703,18606.0,97.5438,22.9012,1332.26,4.4308,7.06,96.9017,0.4384,0.718,0.71,0.826,0.63,9.3971,33226.109857035364,51.37182032287545,5.374610340750295,0
3517802,7441.0,79.1023,17.1079,1542.83,4.4768,6.55,83.067,0.4041,0.719,0.699,0.803,0.663,4.6374,43888.18707163016,13.072802562206055,0.0,0
3517901,10350.0,93.0821,20.0676,1492.66,3.3806,6.51,88.378,0.4376,0.737,0.698,0.84,0.682,6.2252,36275.65217391304,16.134035644527444,19.32367149758454,1
3518008,1968.0,86.9919,16.7683,1226.38,4.284,8.02,87.1287,0.3515,0.732,0.682,0.806,0.714,5.6911,18821.138211382116,22.96382730455076,0.0,0
3518107,6427.0,81.8578,21.0674,1310.94,5.1005,5.76,81.5251,0.386,0.713,0.698,0.832,0.623,4.6115,30545.97790571029,13.918907797793592,15.559358954411078,1
3518206,31043.0,95.0424,18.3326,1575.63,5.085,3.92,95.5189,0.4547,0.763,0.727,0.84,0.726,7.326,38645.68501755629,32.48409176287649,6.442676287729922,0
3518305,31236.0,82.3537,20.598,1601.96,6.1102,4.29,61.1943,0.4554,0.731,0.729,0.817,0.656,4.9522,49517.896017415806,115.3403048564339,0.0,0
3518404,118044.0,95.8956,19.5275,1872.42,4.8325,2.12,89.3402,0.4995,0.798,0.764,0.886,0.751,7.9686,66736.82694588459,156.8407570193294,17.789976618887874,1
3518503,15013.0,54.2397,23.6928,1385.89,2.257,5.36,59.1895,0.3963,0.687,0.692,0.805,0.583,4.0114,20893.958569239992,26.43673708010791,0.0,0
3518602,37498.0,96.9385,22.2492,1320.05,4.9065,6.08,98.4033,0.409,0.719,0.712,0.811,0.645,9.1964,30271.854498906607,138.7329858040838,8.000426689423437,0
3518701,287634.0,99.7236,22.392,1416.67,8.0182,3.79,85.5365,0.4634,0.751,0.729,0.854,0.679,9.9837,36484.741025052674,1986.504965675373,7.648608996154835,0
3518800,1291771.0,99.9521,22.5367,1643.73,6.7869,3.73,92.0179,0.5005,0.763,0.746,0.831,0.717,11.4795,59899.49069920288,4053.568682827332,6.115635046769126,0
3518859,7320.0,83.4563,20.6148,1428.08,3.2096,6.54,93.6439,0.4358,0.743,0.724,0.822,0.688,8.0016,33519.53551912568,17.699671395444994,0.0,0
3518909,4246.0,87.8945,19.6656,1208.8,4.3434,11.0,90.0613,0.3884,0.697,0.676,0.808,0.621,7.3716,22040.7442298634,16.81737346372145,23.551577955723037,1
3519006,9125.0,89.4904,21.4685,1172.66,1.3224,5.35,92.6822,0.3963,0.727,0.68,0.809,0.698,9.1588,39008.76712328768,25.05133808462273,0.0,0
3519055,15094.0,79.197,21.3197,2545.63,0.6514,2.85,77.7068,0.4887,0.793,0.815,0.878,0.698,1.6941,96952.49768119784,230.172164020922,0.0,0
3519071,236641.0,99.6674,23.2394,1619.28,6.5349,3.0,96.3565,0.4249,0.756,0.716,0.859,0.703,7.3851,77661.19142498553,3791.3515765188417,9.71936393101787,0
3519105,10437.0,93.4943,19.0572,1415.72,7.3447,3.41,89.5628,0.4239,0.745,0.721,0.851,0.675,10.1658,63045.89441410367,19.06673998388726,0.0,0
3519204,6131.0,83.9504,19.54,1368.52,3.6395,6.56,84.646,0.4302,0.733,0.701,0.857,0.655,6.5405,51671.0161474474,19.04344801023768,0.0,0
3519253,8010.0,39.8876,18.2896,1284.97,4.7942,5.72,64.4891,0.4294,0.674,0.664,0.848,0.543,9.7171,21088.88888888889,19.95610155936629,0.0,0
3519303,32178.0,98.5953,22.5962,1285.02,6.0723,4.94,98.2239,0.3886,0.703,0.681,0.814,0.627,6.8811,36026.2601777612,110.5860600666032,12.430853378084404,1
3519402,11690.0,95.0214,18.7596,1717.95,2.305,5.07,95.05,0.4024,0.74,0.741,0.841,0.65,3.7186,27213.515825491875,42.99185030451029,0.0,0
3519501,6385.0,94.3461,20.0783,1429.78,2.2861,4.61,94.5901,0.4132,0.708,0.692,0.817,0.628,4.4011,38310.72826938136,27.97616439556588,0.0,0
3519600,60033.0,97.0366,20.6087,1437.98,5.8462,3.86,97.0828,0.4003,0.747,0.738,0.846,0.667,6.2361,32735.71202505289,87.08120645613303,4.997251511668582,0
3519709,75605.0,69.7097,20.9655,1324.95,3.6247,5.49,29.1135,0.4435,0.71,0.7,0.832,0.614,8.747,31354.883936247603,71.45476437553988,13.226638449837974,1
3519808,7819.0,83.8598,23.2127,1574.21,4.5343,4.29,94.0632,0.4273,0.72,0.716,0.806,0.646,5.3233,26766.72208722343,21.578286487008597,0.0,0
3519907,7619.0,88.3056,19.3726,1401.72,2.449,3.95,88.0731,0.4098,0.736,0.7,0.814,0.7,5.7482,57009.58130988319,12.805601589313143,0.0,0
3520004,23106.0,98.7406,20.09,1348.69,4.6668,6.09,97.8762,0.3844,0.727,0.691,0.838,0.664,7.0095,16497.230156669262,236.38577143032524,0.0,0
3520103,26212.0,97.2303,19.5101,1501.48,4.6516,4.67,97.6768,0.4119,0.768,0.809,0.835,0.671,4.9908,49581.756447428656,55.96609409529096,3.8150465435678313,0
3520202,10605.0,74.116,20.943,1478.86,4.7067,6.83,39.8625,0.4465,0.711,0.683,0.855,0.616,5.8556,22646.393210749648,36.20034613060798,9.42951438000943,0
3520301,29115.0,77.1595,19.2444,1336.34,4.736,5.76,64.4953,0.4608,0.726,0.691,0.847,0.653,10.8185,54563.626996393614,14.713499882504252,13.738622703074016,1
3520400,34934.0,96.9342,21.7496,1970.57,4.405,3.17,62.439,0.4586,0.756,0.739,0.843,0.693,3.8951,399513.88332283736,100.85193236505778,8.587622373618824,0
3520426,13419.0,97.906,16.0072,1392.2,4.7978,5.67,47.3374,0.4638,0.725,0.696,0.823,0.666,10.8802,101614.20374096432,68.26679961539831,7.452120128176467,0
3520442,25549.0,88.6571,19.2806,2147.45,5.2632,2.96,87.6443,0.4438,0.812,0.786,0.871,0.782,4.2546,27636.11100238757,39.14709618304704,3.9140475165368502,0
3520509,255748.0,98.2592,19.893,2601.91,3.8993,2.19,96.0374,0.4873,0.788,0.791,0.837,0.738,5.7127,89217.18644916089,820.9022773596109,2.7370693025947417,0
3520608,5090.0,87.7603,19.1749,1627.06,4.3231,4.0,87.3372,0.4047,0.761,0.714,0.843,0.733,3.7328,17086.0510805501,39.34542812309167,0.0,0
3520707,4035.0,82.6518,15.8364,1550.8,1.7299,7.4,80.0241,0.4165,0.751,0.714,0.835,0.71,4.5139,27534.82032218092,14.431020793545205,0.0,0
3520806,3615.0,92.0885,19.2531,1419.58,1.9186,4.22,93.617,0.3525,0.759,0.688,0.849,0.75,1.8915,37809.405255878286,41.494966654805495,0.0,0
3520905,13712.0,97.1193,21.3317,1441.01,6.0151,3.97,95.9263,0.4024,0.727,0.713,0.828,0.65,5.2413,36398.70186697783,65.43420788913598,0.0,0
3521002,36459.0,82.9589,22.8915,1304.0,4.7888,3.83,67.2418,0.417,0.719,0.68,0.814,0.672,7.5628,26596.834800735072,214.10073463347604,10.97122795468883,0
3521101,6831.0,92.1095,22.8078,1722.53,5.4113,3.37,84.3645,0.4029,0.753,0.737,0.845,0.685,3.6896,138766.2128531694,35.9507394347666,0.0,0
3521150,6761.0,85.7565,18.6363,1353.73,4.8438,4.6,68.0573,0.3919,0.73,0.696,0.839,0.666,5.8275,18378.79011980476,49.70300232305114,0.0,0
3521200,4046.0,46.787,20.4152,1124.95,6.6232,7.26,56.34,0.5121,0.703,0.637,0.816,0.668,18.4836,15684.379634206623,3.5119729111095874,0.0,0
3521309,14454.0,97.5024,23.0455,1452.66,5.5124,5.09,98.0521,0.3826,0.749,0.759,0.848,0.654,3.4901,30629.23758129237,30.98651334195141,0.0,0
3521408,21967.0,99.4446,21.4458,1866.43,5.8542,1.93,99.589,0.3826,0.776,0.742,0.863,0.729,2.3342,96869.1673874448,190.8215917580222,4.55228296990941,0
3521507,6867.0,90.6801,20.6349,1334.09,0.1178,7.61,91.792,0.3421,0.713,0.688,0.844,0.624,2.9665,27118.537935051696,26.656366939428285,0.0,0
3521606,7085.0,73.832,21.9901,1356.24,4.4628,6.83,89.2797,0.391,0.712,0.691,0.839,0.622,7.1757,15468.595624558928,33.03630963205431,0.0,0
3521705,17983.0,68.5091,21.2478,1205.06,0.8318,5.39,66.4263,0.4535,0.693,0.652,0.803,0.636,12.1261,56504.42084190624,16.34451173236555,5.560807429238725,0
3521804,25180.0,82.8713,20.7506,1400.91,5.1851,5.34,80.427,0.4516,0.713,0.692,0.83,0.63,7.9368,36731.41382049245,23.03995666511725,7.942811755361398,0
3521903,16989.0,88.2336,21.1843,1572.71,1.9862,5.01,88.7227,0.3886,0.73,0.727,0.832,0.644,4.5551,55048.560833480486,33.83818063760542,5.886161633998469,0
3522000,3618.0,80.9011,20.4809,1371.85,6.0692,5.46,78.3474,0.3907,0.705,0.696,0.823,0.613,5.0857,64194.85903814262,15.706192615745264,0.0,0
3522109,112476.0,98.9304,19.0085,1374.2,8.6555,4.09,63.1446,0.4933,0.745,0.716,0.823,0.701,13.6961,21064.716028308263,186.92694665711613,11.55802126675913,0
3522158,3422.0,46.9024,19.6084,1008.01,2.8951,8.73,31.775,0.4984,0.68,0.627,0.787,0.637,19.9299,15588.836937463471,18.69792093544245,0.0,0
3522208,158522.0,94.5175,22.9773,1248.65,8.9789,4.63,63.5009,0.4563,0.742,0.699,0.852,0.687,12.2751,30969.19670455836,1051.611362460363,16.40150893882237,1
3522307,157790.0,90.3378,22.7163,1671.4,4.3415,2.81,90.0489,0.4668,0.763,0.728,0.864,0.705,6.1594,40304.981304265166,88.18285969765557,3.1687686165156217,0
3522406,89728.0,85.173,22.5225,1443.07,4.1113,4.3,80.6376,0.4833,0.732,0.702,0.803,0.697,8.9945,42227.53209700428,49.13215985912176,3.343437945791726,0
3522505,232297.0,98.4477,23.8479,1138.47,9.5566,4.45,82.0005,0.4461,0.735,0.687,0.855,0.677,14.8603,55338.61823441542,2810.338987151879,8.179184406169687,0
3522604,72022.0,94.5586,19.9272,1823.28,3.7465,3.38,93.4389,0.431,0.762,0.75,0.852,0.692,4.9817,66039.97389686485,138.92703928891083,6.942323179028631,0
3522653,4306.0,45.1695,26.1031,1084.01,4.6558,9.06,60.2309,0.3966,0.661,0.595,0.816,0.594,5.2265,12213.190896423595,10.593439251324794,0.0,0
3522703,39493.0,92.9,19.5199,1675.41,2.1719,5.08,93.3338,0.4005,0.744,0.738,0.836,0.667,4.2475,41293.90018484288,39.621890008196665,2.532094295191553,0
3522802,14085.0,74.6752,19.2616,1283.91,3.9782,6.6,75.7326,0.4144,0.719,0.681,0.835,0.653,5.8647,21690.73482428115,27.726541692175346,0.0,0
3522901,13659.0,97.4815,22.2344,1421.09,4.6904,4.32,96.6098,0.3634,0.725,0.716,0.841,0.633,5.2906,73484.80855113844,97.548259928726,0.0,0
3523008,3979.0,84.2171,18.9997,1299.95,2.4166,5.68,78.4211,0.4313,0.72,0.682,0.813,0.673,8.4362,26295.049007288264,13.19065283620584,25.131942699170644,1
3523107,369275.0,99.9968,24.1281,1101.16,6.6937,4.45,76.6167,0.406,0.714,0.665,0.844,0.648,11.6836,25779.21061539503,4469.451235748348,7.853225915645522,0
3523206,44438.0,94.5047,21.7156,1297.43,7.1467,3.69,88.9803,0.4582,0.703,0.668,0.803,0.649,11.0157,26608.39821774157,44.2671288825135,9.001305189252442,0
3523305,15528.0,77.0093,21.1489,1027.49,9.2503,5.98,67.2444,0.4565,0.677,0.642,0.837,0.577,15.1067,28270.221535291086,56.74049118088773,38.63987635239568,1
3523404,121590.0,96.3064,20.3035,2282.1,3.7141,2.61,86.336,0.4588,0.778,0.788,0.844,0.708,3.0712,67813.94851550293,377.2935032534932,4.934616333580064,0
3523503,19070.0,86.0409,24.9187,1388.79,5.4736,4.91,87.7178,0.3793,0.706,0.685,0.841,0.61,3.1606,20800.20975353959,19.462818056841225,0.0,0
3523602,16148.0,91.9495,24.2259,1659.02,4.1003,2.65,77.9031,0.4416,0.724,0.734,0.813,0.636,5.6211,78844.68664850136,28.600627343460808,6.192717364379489,0
3523701,5779.0,86.8662,22.0626,1202.12,1.6979,5.31,90.6733,0.3846,0.707,0.673,0.826,0.636,5.0903,28003.979927323067,35.86812150101168,0.0,0
3523800,8046.0,87.1365,21.3398,1439.31,1.0173,5.17,88.8851,0.359,0.717,0.697,0.82,0.646,2.8864,24653.98956002983,57.89072280661362,0.0,0
3523909,168240.0,95.6164,21.2987,1874.09,4.7307,3.59,90.5601,0.4573,0.773,0.782,0.854,0.692,5.1467,62653.42962434617,262.58000777251806,4.75511174512601,0
3524006,70616.0,94.7023,22.4411,2035.47,4.7503,2.97,78.9025,0.4583,0.762,0.75,0.844,0.699,5.1432,119282.86790529058,351.5402536888429,8.496657981194064,0
3524105,37571.0,97.2213,19.9755,1788.4,3.6337,3.41,97.2204,0.4621,0.765,0.768,0.841,0.694,3.974,50762.36991296479,53.31798784944207,5.323254637885603,0
3524204,6221.0,94.8722,19.836,1584.97,2.2462,4.27,95.0395,0.3835,0.711,0.679,0.845,0.627,1.9364,24638.80405079569,22.75104411237648,0.0,0
3524303,71821.0,97.8655,20.1167,1948.36,4.7675,3.22,97.7914,0.4618,0.778,0.778,0.851,0.71,4.4753,50141.08686874313,101.6427918403854,6.961752133777028,0
3524402,240275.0,97.7651,20.3538,1799.5,7.2627,2.45,93.2225,0.4653,0.777,0.749,0.837,0.749,7.1837,66925.3730100926,517.5306716752249,4.994277390490064,0
3524501,7613.0,90.9891,22.0544,1443.85,3.4042,6.52,90.4816,0.3343,0.723,0.7,0.818,0.659,3.4548,88901.61565742809,52.45533407288487,0.0,0
3524600,16097.0,65.6955,20.6995,1256.95,4.234,5.37,65.9231,0.4655,0.717,0.687,0.832,0.644,10.2098,32993.042181773,22.86064055807401,12.424675405355034,1
3524709,59347.0,96.8962,21.8124,2045.01,4.254,2.34,94.2639,0.4908,0.784,0.782,0.862,0.715,9.0849,235585.65723625457,419.7367583509559,0.0,0
3524808,48776.0,94.4481,18.0048,2077.24,2.671,3.93,94.4497,0.4506,0.776,0.75,0.855,0.73,5.508,40637.30113170412,132.3370612143016,0.0,0
3524907,6397.0,70.877,19.3059,1751.77,8.9206,6.33,48.9334,0.4845,0.756,0.727,0.86,0.69,4.9381,55167.10958261685,34.68844387326273,0.0,0
3525003,118045.0,100.0,23.0887,1628.78,4.3491,2.78,87.1004,0.4735,0.76,0.738,0.841,0.706,9.021,41580.41424880342,6765.144134334345,7.624211105934179,0
3525102,45282.0,93.2114,22.351,1536.17,6.2828,3.08,96.2345,0.4019,0.735,0.728,0.853,0.64,4.9276,34909.235457797804,90.22655269292844,15.45868115365929,1
3525201,37535.0,87.4597,21.0896,1368.78,4.3506,4.94,38.9047,0.4381,0.733,0.723,0.826,0.659,9.9194,79856.13427467697,180.8488597873273,7.992540295723991,0
3525300,133497.0,98.2449,19.7682,1751.62,4.7188,3.13,97.5763,0.444,0.778,0.768,0.886,0.693,7.2879,41816.63258350375,194.28964798581876,3.7454025184086537,0
3525409,3863.0,88.3251,23.8416,1491.08,2.7832,5.22,88.0121,0.4237,0.703,0.68,0.814,0.628,2.3298,43732.0735179912,27.20978227947961,0.0,0
3525508,12815.0,72.5634,18.9465,1780.73,1.9835,6.26,72.2496,0.4393,0.699,0.707,0.824,0.585,3.8495,20410.30042918455,34.23788315570956,7.803355442840422,0
3525607,4371.0,88.4008,20.0412,1261.53,3.3546,8.51,88.2048,0.3802,0.741,0.701,0.818,0.71,6.0856,34013.95561656372,10.521071026255742,0.0,0
3525706,36633.0,92.7852,21.1885,1697.31,2.6671,3.45,93.5798,0.4125,0.777,0.752,0.869,0.717,4.7603,37718.75085305599,42.5866077656359,2.7297791608658857,0
3525805,4254.0,93.512,21.1331,1240.61,1.5533,4.63,99.872,0.4084,0.716,0.659,0.813,0.686,10.0376,13832.393041842972,33.18692806378381,0.0,0
3525854,3056.0,65.7068,22.0223,1366.75,3.3223,3.11,56.986,0.3597,0.741,0.721,0.863,0.655,2.0615,70026.17801047121,53.91196965687571,0.0,0
3525904,443221.0,96.8625,19.2635,2774.36,4.5795,1.99,95.0245,0.4826,0.822,0.834,0.866,0.768,3.9717,130117.69072313812,1027.8684798842312,4.286800490048982,0
3526001,20448.0,92.7132,18.8282,1638.65,3.8153,4.52,92.6304,0.407,0.745,0.727,0.86,0.662,4.4821,39508.94953051643,35.09994592878048,4.890453834115806,0
3526100,17154.0,66.9756,19.9079,1160.51,5.6651,6.65,61.5482,0.4565,0.7,0.654,0.823,0.637,11.2306,21362.889122070654,21.10484880025689,11.659088259298125,0
3526209,27404.0,57.2654,21.1465,1076.35,5.9948,7.83,33.1834,0.4511,0.709,0.68,0.791,0.662,14.7069,20945.737848489272,52.4810932858902,14.596409283316303,1
3526308,5083.0,62.4041,17.8241,1368.11,1.5855,4.77,57.9125,0.3996,0.693,0.686,0.797,0.609,4.695,14551.839464882944,19.89650529216509,0.0,0
3526407,26261.0,88.5572,21.1797,1556.49,3.0972,3.86,87.5417,0.4204,0.729,0.732,0.829,0.639,4.8379,53733.71158752523,68.33925792533452,0.0,0
3526506,9689.0,43.1211,27.1648,1527.78,3.0848,3.45,85.7921,0.4089,0.721,0.698,0.82,0.655,3.2493,19083.083909588197,18.02017947644953,0.0,0
3526605,7171.0,92.6649,22.0611,1164.45,6.5762,3.8,80.1421,0.4222,0.729,0.665,0.823,0.707,10.4216,18591.130944080323,42.92289919613089,41.8351694324362,1
3526704,98161.0,98.2447,21.7744,1577.91,5.3875,4.35,98.2801,0.4423,0.744,0.729,0.851,0.665,6.6933,41787.1354203808,243.65367574235924,10.187345279693565,0
3526803,66505.0,97.513,21.2811,1795.57,3.5614,3.26,96.534,0.4043,0.764,0.743,0.837,0.717,4.9363,74042.97421246523,82.15149078304866,4.510939027140816,0
3526902,291869.0,96.9788,20.6689,1932.42,3.836,2.74,96.5302,0.4551,0.775,0.761,0.852,0.719,4.9203,55027.217690128105,502.6062878092545,4.111433554094474,0
3527009,7014.0,85.9709,18.6056,1690.27,1.7301,2.62,82.8638,0.4262,0.742,0.722,0.864,0.654,2.7802,35098.23210721414,143.8592173270982,0.0,0
3527108,74779.0,98.8272,19.9414,1864.07,5.916,2.96,98.2449,0.4389,0.786,0.762,0.869,0.733,5.8986,90451.73110097754,131.17788014552906,12.03546450206609,1
3527207,84855.0,97.26,20.8921,1673.5,7.2731,2.29,96.1399,0.4767,0.766,0.736,0.856,0.713,7.9684,45685.734488244656,204.8845856673749,38.88987095633728,1
3527256,1950.0,86.2564,17.4872,1400.55,2.8361,8.75,86.399,0.3563,0.742,0.697,0.816,0.717,3.9916,22302.05128205128,17.114270668773038,0.0,0
3527306,51847.0,95.8127,23.6851,2025.97,3.2993,3.66,87.912,0.4707,0.777,0.783,0.861,0.697,5.5864,379523.42469188187,930.1912519286662,0.0,0
3527405,20061.0,83.0168,18.5833,1571.18,2.5975,4.05,95.29,0.3753,0.752,0.728,0.841,0.695,3.9934,29124.71960520413,63.72415107525174,0.0,0
3527504,2372.0,81.0708,20.7841,1464.02,3.7123,6.47,78.427,0.333,0.733,0.736,0.809,0.662,1.2241,29706.99831365936,12.51477291912882,0.0,0
3527603,12265.0,98.0024,22.9189,1381.42,8.554,3.51,97.4095,0.4033,0.731,0.709,0.822,0.671,6.4411,126914.55360782715,20.501222718664387,0.0,0
3527702,4701.0,91.1295,20.0383,1314.88,1.0394,7.36,92.539,0.3701,0.702,0.682,0.815,0.623,4.1845,19955.11593278026,28.22135241571415,0.0,0
3527801,3981.0,90.4798,18.6385,1073.89,2.2683,8.2,91.0326,0.4069,0.724,0.679,0.83,0.674,11.2283,24701.58251695554,25.65556708405565,0.0,0
3527900,2661.0,79.3311,17.9632,1451.06,4.6019,6.03,80.695,0.391,0.72,0.67,0.846,0.659,3.9835,38020.6689214581,5.5994411080201845,75.15971439308531,1
3528007,16829.0,97.0705,20.9638,1555.42,5.0083,4.89,98.0545,0.3613,0.77,0.763,0.859,0.697,2.7942,38254.38231623983,74.95746367709809,11.884247430031492,0
3528106,7481.0,89.48,17.4576,1516.91,5.2425,4.73,89.7274,0.4272,0.743,0.72,0.844,0.676,7.9463,26326.9616361449,30.154744101867493,0.0,0
3528205,3963.0,73.7825,17.8905,1428.56,2.6016,4.98,74.9504,0.384,0.74,0.705,0.852,0.675,2.9114,22944.99116830684,12.098288289113372,25.233409033560434,1
3528304,3165.0,83.6651,16.1769,1547.56,0.8639,4.87,84.9642,0.4026,0.753,0.724,0.823,0.717,3.1003,32899.84202211691,10.135070224988953,0.0,0
3528403,50027.0,92.9398,21.3385,1607.36,5.4619,3.46,69.1512,0.3994,0.743,0.721,0.831,0.684,4.6501,53873.22845663342,238.0549039015175,15.991364663081937,1
3528502,93853.0,90.1868,20.53,1825.67,5.8653,4.29,35.2592,0.5096,0.788,0.767,0.881,0.723,8.1434,24379.5296900472,292.65318977103,9.589464375139846,0
3528601,9871.0,87.4582,19.8663,1661.83,3.7278,3.96,88.6961,0.4185,0.739,0.73,0.818,0.675,3.8027,29572.282443521428,43.09614662556866,0.0,0
3528700,4573.0,37.7214,27.3125,1197.87,5.5754,5.71,51.9884,0.438,0.677,0.65,0.809,0.591,12.4857,34334.353815875795,4.9732523199629375,0.0,0
3528809,12673.0,91.1623,19.656,1465.29,3.6924,4.7,88.6081,0.3717,0.771,0.711,0.85,0.758,3.8981,40826.79712775191,23.754540785532463,0.0,0
3528858,3292.0,89.0948,19.7145,1526.46,1.7061,4.18,89.9031,0.3324,0.752,0.736,0.852,0.679,2.0656,36359.05224787363,29.5864901543135,0.0,0
3528908,3513.0,86.1087,17.8195,1361.35,6.4199,4.88,86.7583,0.3814,0.718,0.684,0.83,0.651,5.9778,21771.135781383437,18.83201818337765,28.465698832906348,1
3529005,237627.0,98.8516,20.2523,2024.26,3.7183,2.53,97.5497,0.4665,0.798,0.768,0.854,0.776,4.876,41055.96586246513,203.0106406154556,5.891586393802051,0
3529104,1860.0,80.6452,18.0108,1441.96,1.2012,9.45,81.4505,0.3677,0.731,0.681,0.825,0.694,1.7742,21541.39784946237,23.899160959564163,53.763440860215056,1
3529203,24881.0,85.6557,20.6503,1439.59,5.3785,5.07,88.0045,0.4386,0.721,0.703,0.832,0.641,7.3776,30342.42996664121,19.840801510647257,0.0,0
3529302,79033.0,98.1767,19.9284,1700.46,4.5518,3.67,99.0875,0.3969,0.773,0.766,0.847,0.713,4.0928,67776.38454822669,150.56801403698617,3.7958827325294497,0
3529401,418261.0,99.6916,22.4659,1478.74,7.7773,3.16,93.2446,0.4146,0.766,0.721,0.852,0.733,7.9934,49672.84303341693,6753.007087847329,7.411640100320135,0
3529500,6159.0,88.8618,19.159,1756.32,1.426,4.08,93.8229,0.3877,0.744,0.72,0.863,0.663,2.6628,60851.59928559831,31.560176478726728,16.23640201331385,1
3529609,4572.0,81.1242,19.4663,1579.55,8.5326,4.34,81.1703,0.3753,0.731,0.717,0.817,0.667,2.2528,86142.1697287839,20.03514476399984,21.87226596675416,1
3529658,1952.0,82.9918,19.8258,1278.93,2.0455,11.6,83.7147,0.3399,0.724,0.674,0.847,0.666,3.4836,41810.9631147541,13.132753841599612,0.0,0
3529708,19441.0,95.2883,21.8507,1416.73,4.0116,6.7,94.0039,0.4524,0.741,0.712,0.863,0.661,6.2171,52267.73314129932,23.68401496499356,5.143768324674657,0
3529807,11230.0,96.1264,19.5637,1304.7,2.198,5.45,95.1426,0.3818,0.73,0.719,0.823,0.658,5.2946,20147.55120213713,52.66317142026431,0.0,0
3529906,18553.0,64.6364,20.2609,1125.4,8.8296,7.71,58.0777,0.4626,0.697,0.645,0.803,0.655,15.8637,24629.601681668733,18.525508145911463,16.169891661725867,1
3530003,3126.0,80.3263,15.2591,1291.65,0.3674,4.91,76.6693,0.3621,0.743,0.697,0.806,0.731,5.6996,22508.63723608445,14.417156693185747,0.0,0
3530102,27983.0,88.9361,17.6786,1683.93,4.9418,4.06,82.7404,0.4377,0.751,0.732,0.869,0.665,6.8273,26399.67122896044,30.492735051117258,7.147196512168103,0
3530201,15917.0,60.0553,17.7734,1182.36,6.0533,7.89,58.1346,0.438,0.724,0.67,0.841,0.674,11.6198,38130.11245837784,12.84736599536213,6.282590940503864,0
3530300,63337.0,97.4328,19.3315,2049.55,4.1805,2.63,96.2133,0.4635,0.762,0.748,0.846,0.698,5.0437,42002.84194072975,260.40176295492296,7.894279804853403,0
3530409,4669.0,86.4211,20.2827,1322.05,2.4691,4.65,68.681,0.3863,0.738,0.704,0.829,0.69,5.0837,45683.2298136646,28.105342362678705,0.0,0
3530508,67681.0,94.873,19.5875,1693.15,4.6597,3.9,93.2459,0.455,0.762,0.756,0.827,0.709,5.8917,44971.14404337997,79.14462390487817,7.387597700979595,0
3530607,451505.0,93.9263,21.788,1851.39,7.9066,2.8,81.4201,0.5186,0.783,0.762,0.851,0.74,10.1574,43420.37629705097,633.6547651293048,4.651111283374492,0
3530706,153658.0,97.1391,20.5228,1747.34,4.7257,2.77,96.3103,0.4159,0.774,0.74,0.852,0.736,4.6954,44679.65221465853,189.05866850076225,10.41273477462937,0
3530805,92558.0,94.3246,19.4159,2026.17,4.3124,3.07,92.6557,0.4737,0.784,0.767,0.879,0.715,6.9395,68211.97519393245,185.96847951007416,9.7236327491951,0
3530904,3722.0,85.1424,21.3595,1274.03,8.4253,6.33,85.2273,0.41,0.719,0.746,0.82,0.607,8.9516,33454.325631380976,27.838860715941895,0.0,0
3531001,1937.0,90.5008,14.3521,1338.77,1.7582,4.35,91.4894,0.355,0.772,0.731,0.814,0.773,2.6846,30078.471863706764,18.56217417969948,0.0,0
3531100,61951.0,98.8588,19.6397,1287.82,15.6556,3.67,86.1209,0.4712,0.754,0.719,0.854,0.699,14.5481,20251.569789026813,433.9672866099261,4.842536843634486,0
3531209,8627.0,70.3141,17.3525,1992.61,2.1249,3.43,56.5968,0.4534,0.759,0.752,0.858,0.678,2.3021,29235.88733047409,78.20828951662617,0.0,0
3531308,47574.0,96.4792,18.9095,1861.15,3.9246,3.13,96.6537,0.3906,0.768,0.746,0.859,0.707,2.0684,51188.464287215706,137.12062256809338,6.30596544330937,0
3531407,22280.0,93.1598,18.8645,1691.5,4.8177,4.19,93.0216,0.4124,0.785,0.781,0.861,0.72,5.1765,34407.54039497307,44.95932875802881,4.488330341113106,0
3531506,18151.0,94.1436,19.2827,1799.99,1.944,4.51,94.9032,0.4232,0.753,0.733,0.843,0.69,2.6814,35213.597046994655,68.89392438406911,0.0,0
3531605,4222.0,84.486,18.4036,1402.16,3.3436,6.94,84.2558,0.3616,0.741,0.706,0.814,0.709,2.8896,30338.22832780673,18.07773167713565,0.0,0
3531704,4138.0,37.4094,16.7472,1471.13,3.0377,7.44,40.4337,0.4571,0.71,0.692,0.826,0.627,9.2453,20065.248912518124,12.43606157323091,0.0,0
3531803,64662.0,97.0446,22.0238,1367.63,8.9611,4.71,86.3033,0.4049,0.733,0.713,0.863,0.639,7.9921,66774.3651603724,268.7911009868393,10.825523491385976,0
3531902,27933.0,96.2267,21.7914,1397.0,3.7415,4.6,95.9573,0.3884,0.712,0.716,0.836,0.604,7.242,43887.80295707586,20.12279856237938,3.5799949880070168,0
3532009,13720.0,84.9854,21.6618,1680.58,2.1788,3.8,84.7458,0.4064,0.715,0.726,0.802,0.627,4.3116,46160.64139941691,93.49105974705624,0.0,0
3532058,4034.0,73.054,19.8314,1479.74,3.5543,6.68,74.6459,0.3695,0.741,0.685,0.859,0.691,4.8091,29919.682697074863,17.63882815916047,0.0,0
3532108,3737.0,73.3744,16.5373,1502.97,4.0404,4.58,77.0946,0.379,0.726,0.703,0.847,0.643,4.8004,23555.52582285256,14.895983226572808,0.0,0
3532157,2660.0,91.7293,20.4887,1361.26,4.5342,7.21,95.2288,0.4097,0.714,0.655,0.79,0.702,4.812,53496.61654135338,9.27970639846222,37.59398496240602,1
3532207,5713.0,89.6727,22.2475,1397.19,5.7946,5.82,88.8512,0.381,0.718,0.659,0.839,0.67,4.3958,111863.46928058814,15.988245994542783,0.0,0
3532306,6999.0,41.6917,16.4595,1183.61,4.5249,10.22,42.6709,0.4579,0.655,0.664,0.814,0.52,10.2891,13343.47763966281,8.398410313761442,28.57551078725532,1
3532405,18217.0,50.1016,19.4818,1356.62,4.5898,6.32,21.401,0.4179,0.678,0.681,0.818,0.559,4.9123,25545.97354119778,55.8368633028254,16.46813416039963,1
3532504,9699.0,89.8443,16.5996,1828.88,3.494,4.71,85.9064,0.4188,0.754,0.737,0.823,0.707,2.308,28482.111557892567,44.27756220041086,0.0,0
3532603,9852.0,83.2318,16.149,1668.97,3.3414,5.34,85.6076,0.4244,0.751,0.755,0.835,0.672,5.7787,37330.18676410881,22.588092874387552,0.0,0
3532702,4750.0,91.0947,20.5684,1346.36,2.28,6.69,91.255,0.3416,0.713,0.701,0.814,0.636,2.8012,20187.78947368421,34.5180911132266,0.0,0
3532801,6693.0,89.631,20.9622,1565.88,6.094,4.31,90.1639,0.3555,0.738,0.71,0.826,0.684,3.8893,48697.59450171822,30.770291704020416,0.0,0
3532827,8497.0,71.0251,24.7734,926.06,4.9718,6.76,58.8699,0.4274,0.651,0.598,0.799,0.577,15.7207,26018.477109568084,22.048653908530653,0.0,0
3532843,2032.0,66.5354,16.2402,1499.45,4.1338,6.04,66.1783,0.3406,0.715,0.673,0.806,0.675,3.002,22787.8937007874,16.324825464156884,0.0,0
3532868,1062.0,72.9755,18.4557,1681.27,2.2375,3.73,74.8744,0.3921,0.756,0.694,0.823,0.755,4.8023,57123.352165725046,5.79074788981221,188.32391713747649,1
3532900,9311.0,96.198,20.2234,1301.87,2.52,4.12,96.1755,0.4633,0.765,0.718,0.869,0.718,15.1629,40539.2546450435,58.10296411856474,0.0,0
3533007,19419.0,92.0439,19.7281,1455.77,5.1212,4.44,92.3542,0.3785,0.739,0.727,0.818,0.68,4.8326,26408.62042329677,36.51588202995133,36.04717029713167,1
3533106,2156.0,90.6308,17.9963,1356.94,2.9883,7.34,91.3495,0.3634,0.726,0.707,0.842,0.644,4.7464,17057.050092764377,63.11844955793664,0.0,0
3533205,4609.0,76.0252,26.3615,1422.32,9.1302,3.14,90.3467,0.4,0.735,0.675,0.827,0.711,6.8007,46247.55912345411,17.39054971342759,0.0,0
3533254,4412.0,93.8123,22.4388,1145.17,2.1465,5.93,93.7225,0.3534,0.719,0.712,0.822,0.634,6.777,17828.6491387126,37.46221512753456,0.0,0
3533304,2837.0,87.8745,18.8227,1254.56,5.2181,5.87,94.9198,0.3892,0.743,0.705,0.808,0.719,7.3317,21224.53295734931,38.43340197247209,0.0,0
3533403,62019.0,99.2373,20.1342,1934.32,5.3174,1.92,97.9592,0.4065,0.791,0.755,0.861,0.762,5.0446,64826.81113852207,840.5025207350789,3.224818200873926,0
3533502,38324.0,95.5015,19.4369,1693.96,3.6058,4.6,95.078,0.4404,0.753,0.741,0.865,0.665,5.3342,41382.81494624778,41.1315137328641,2.6093309675399228,0
3533601,7391.0,93.668,19.5373,1765.43,2.5981,3.91,93.6337,0.4146,0.746,0.73,0.866,0.656,2.8269,117452.57745907184,21.22234505333582,0.0,0
3533700,4331.0,85.5461,19.6952,1349.57,1.1017,4.64,96.1159,0.4291,0.717,0.679,0.83,0.653,7.2551,32640.49873008543,14.38698361657742,0.0,0
3533809,2512.0,76.4729,19.3073,1376.51,2.9536,4.71,70.9147,0.3723,0.73,0.713,0.858,0.637,4.6975,51063.69426751592,12.627049633554174,39.80891719745223,1
3533908,55074.0,96.8787,20.0748,1674.78,2.8744,3.84,96.6794,0.4267,0.773,0.737,0.867,0.724,6.2666,46322.13022478847,68.62333422631471,1.8157388241275372,0
3534005,4771.0,91.3645,21.0228,1480.85,5.7476,5.39,85.3787,0.3739,0.738,0.693,0.863,0.671,1.3845,43101.23663802138,19.63810888016267,20.959966464053657,1
3534104,6085.0,94.9548,18.4388,1590.53,2.7659,3.91,93.6876,0.3742,0.77,0.717,0.837,0.761,3.6964,21325.06162695152,27.8275742221084,0.0,0
3534203,6024.0,93.1773,19.8539,1567.59,4.3976,5.33,93.1979,0.4086,0.767,0.719,0.824,0.762,4.2688,106381.3081009296,24.351397456524023,0.0,0
3534302,38319.0,97.9018,20.512,1737.14,3.6884,3.23,98.5692,0.4153,0.78,0.765,0.882,0.703,4.6339,67314.02176465983,131.33514986376022,2.609671442365406,0
3534401,728615.0,99.9988,21.8375,1951.14,6.22,2.99,93.716,0.4976,0.776,0.776,0.84,0.718,8.5512,118184.85757224324,11217.400006158205,4.529140904318467,0
3534500,2470.0,82.996,15.0607,1469.93,0.5415,6.48,83.5417,0.3551,0.749,0.713,0.823,0.715,1.498,45701.21457489878,11.119614640075632,0.0,0
3534609,31272.0,92.5844,19.551,1773.28,4.4145,3.45,96.2333,0.48,0.762,0.74,0.837,0.713,6.561,34775.19826042466,126.07745587369676,0.0,0
3534708,103970.0,98.1572,20.0654,1834.77,4.2412,3.52,97.8633,0.4697,0.778,0.753,0.859,0.727,5.9922,38103.02010195248,351.4661041586381,5.7708954506107535,0
3534757,10294.0,91.393,19.3511,1715.52,2.8451,5.28,91.6667,0.4446,0.77,0.717,0.866,0.736,4.8624,53306.7806489217,35.66281422355256,0.0,0
3534807,7779.0,94.6008,20.4011,1167.79,3.5373,6.47,93.2742,0.4054,0.692,0.666,0.814,0.612,10.0527,17352.616017482967,29.159076085734203,0.0,0
3534906,14877.0,60.0659,24.1043,1561.57,3.7071,4.43,88.9671,0.4151,0.725,0.717,0.843,0.631,6.3484,14632.990522282718,43.83646408839779,13.44357061235464,1
3535002,11476.0,86.7288,18.726,1569.56,3.3408,4.7,90.274,0.3915,0.732,0.717,0.848,0.645,2.1847,36634.715928895086,16.44830665284986,8.71383757406762,0
3535101,9650.0,98.0207,22.1658,1390.3,4.0748,6.31,98.194,0.3759,0.722,0.698,0.837,0.645,5.3249,14136.683937823836,117.50380517503804,0.0,0
3535200,8903.0,82.388,17.1178,1515.31,4.2867,6.2,84.1867,0.3906,0.753,0.72,0.829,0.714,5.192,24154.77928788049,27.93185668569994,11.232168931820734,0
3535309,19594.0,94.8403,19.0569,1582.67,2.1137,3.59,95.0835,0.4814,0.746,0.727,0.814,0.702,11.6171,45964.42788608758,35.72893854381873,10.207206287639073,0
3535408,14964.0,97.1732,21.2978,1347.66,3.6522,6.32,91.3281,0.3966,0.722,0.724,0.814,0.639,6.531,21239.37449879711,42.02780508355568,6.682705159048383,0
3535507,41120.0,91.7242,20.2116,1546.02,5.7893,3.85,93.511,0.4465,0.762,0.717,0.836,0.739,8.0063,43816.82879377432,41.0587403593838,7.295719844357976,0
3535606,17667.0,61.2271,19.4827,1390.47,5.2251,5.81,40.1479,0.4295,0.719,0.709,0.815,0.642,5.9858,19946.68025131601,21.822534264849747,22.64108224373125,1
3535705,6099.0,87.1454,18.5276,1744.46,1.7236,5.66,88.4039,0.3811,0.749,0.751,0.837,0.668,3.3301,45140.678799803245,39.30122562602296,16.396130513198887,1
3535804,19395.0,81.7221,22.4542,1579.99,4.7194,5.82,71.3138,0.4598,0.717,0.697,0.839,0.631,5.3485,48731.37406548079,19.03852270094746,0.0,0
3535903,4031.0,91.7142,20.7145,1515.68,2.8472,5.62,93.0111,0.4198,0.732,0.712,0.842,0.655,3.349,33010.419250806255,28.72023597474956,0.0,0
3536000,10580.0,87.0321,18.5917,1490.2,4.6842,6.22,88.7128,0.3933,0.737,0.693,0.83,0.696,4.4318,70112.09829867675,28.85475530731133,18.90359168241966,1
3536109,7153.0,86.8167,22.3263,1633.36,2.7408,5.08,76.9169,0.402,0.727,0.718,0.821,0.652,3.8806,51484.83153921431,34.079106596663074,0.0,0
3536208,19233.0,74.211,21.1615,1435.07,3.1361,4.52,70.179,0.4534,0.736,0.682,0.862,0.678,6.5284,30469.713513232466,53.5121058166905,0.0,0
3536257,2892.0,86.4454,18.3956,1359.26,1.9694,6.09,87.7256,0.3188,0.721,0.72,0.842,0.619,2.9412,18540.80221300138,34.12912895193363,0.0,0
3536307,14512.0,85.6395,21.7682,1342.63,5.7351,3.79,83.3367,0.3657,0.73,0.696,0.826,0.678,4.3935,93771.29272326353,24.07240299378948,0.0,0
3536406,7955.0,90.4211,20.4148,1196.6,2.276,4.96,49.215,0.4067,0.711,0.692,0.811,0.64,8.3228,25159.648020113134,21.26487940100136,12.570710245128849,1
3536505,110537.0,99.0492,20.4149,2680.07,4.2486,2.57,96.8255,0.4918,0.795,0.8,0.864,0.727,4.8046,473953.8525561577,796.5080668986936,9.046744528981243,0
3536570,2090.0,75.3589,20.8134,1337.04,3.1511,7.21,68.1462,0.3621,0.718,0.683,0.817,0.663,1.1962,23271.291866028707,8.158389869543832,0.0,0
3536604,7400.0,88.1892,19.4595,1373.91,1.9374,7.38,91.3923,0.4101,0.725,0.721,0.8,0.662,7.5369,36442.56756756757,10.027290490605512,0.0,0
3536703,44827.0,93.5998,21.2885,1528.3,5.0333,4.69,91.6725,0.44,0.739,0.738,0.812,0.673,11.5184,68402.10141209539,61.61939401937093,4.461596805496687,0
3536802,6557.0,27.0398,18.3621,1372.0,1.5751,6.68,19.9838,0.3742,0.677,0.671,0.796,0.581,3.3584,18007.62543846271,41.34639030942007,15.250876925423212,1
3536901,2787.0,62.3251,15.8952,1530.81,1.4902,5.1,61.1217,0.3699,0.742,0.698,0.854,0.684,3.7267,28664.15500538213,10.71506837728421,0.0,0
3537008,15525.0,79.5556,21.3849,1428.33,3.0881,6.58,83.9856,0.4037,0.715,0.716,0.82,0.623,4.3107,111521.0305958132,21.78629364976901,6.44122383252818,0
3537107,43112.0,98.3323,20.6532,1769.5,3.4517,2.92,96.5036,0.3801,0.769,0.75,0.864,0.701,4.0295,34839.673408795694,396.18809561006094,4.63907960660605,0
3537156,2804.0,90.4422,18.6163,1839.31,1.9443,5.35,88.0527,0.4108,0.774,0.749,0.837,0.739,2.8887,63000.0,18.40994294493431,35.66333808844508,1
3537206,11281.0,65.7477,18.4204,1125.29,9.1345,7.13,60.6084,0.4325,0.696,0.654,0.812,0.634,14.0068,15832.72759507136,16.826263349442154,17.728924740714476,1
3537305,61679.0,96.0473,19.1264,1737.74,3.9673,3.07,95.9633,0.433,0.759,0.748,0.859,0.68,5.9646,33762.836621864815,86.7113539168356,9.72778417289515,0
3537404,24095.0,93.6875,17.9664,1619.12,5.4305,5.23,92.52,0.4692,0.766,0.728,0.845,0.732,6.5982,45133.22266030297,24.7319211657824,12.450715916165178,1
3537503,8737.0,71.3746,19.881,1397.46,1.4579,4.05,70.0096,0.389,0.736,0.717,0.873,0.637,4.6744,36392.81217809317,39.15549261436971,0.0,0
3537602,68352.0,97.6445,19.1889,1407.11,7.2873,4.16,73.509,0.4937,0.749,0.73,0.854,0.675,11.3771,28766.48817883895,209.52988204134684,14.630149812734082,1
3537701,5519.0,92.4443,18.8984,1450.85,1.2465,6.6,92.6958,0.3662,0.732,0.681,0.843,0.684,3.5519,21566.40695778221,23.73885964006745,0.0,0
3537800,52970.0,57.0738,20.3493,1446.28,3.9754,4.17,39.111,0.3898,0.716,0.694,0.848,0.624,4.8542,30150.70794789504,70.92284044837909,9.43930526713234,0
3537909,27619.0,79.4127,21.2897,1571.17,4.3243,4.25,68.0702,0.4728,0.69,0.674,0.82,0.594,5.4015,46206.596907925705,40.541770397858045,3.620695897751548,0
3538006,165428.0,96.3344,20.8967,1610.98,6.7413,2.22,95.2305,0.4823,0.773,0.745,0.843,0.736,8.8872,83072.38194259738,226.19384567002345,16.321299900863213,1
3538105,14542.0,94.8975,18.34,1694.67,3.8708,5.0,95.4754,0.3999,0.737,0.726,0.842,0.654,4.8639,34300.71516985284,78.67983227377249,6.876633200385091,0
3538204,15224.0,60.0302,18.7664,1382.52,4.1998,3.06,47.9476,0.3943,0.725,0.707,0.808,0.666,7.2215,20668.08985811876,98.51872464068234,26.27430373095113,1
3538303,3264.0,81.3113,18.3517,1304.25,3.5837,5.8,84.3458,0.4028,0.711,0.669,0.836,0.644,8.3027,20555.45343137255,6.760997495696699,0.0,0
3538501,12490.0,91.7694,18.759,1321.99,8.3668,2.61,74.442,0.4303,0.757,0.711,0.823,0.74,8.807,15840.992794235388,70.96752198913612,24.01921537229784,1
3538600,26029.0,82.2736,19.2478,1603.66,2.6552,5.68,71.9656,0.3886,0.739,0.758,0.851,0.625,4.039,25421.49141342349,67.50819570088804,3.841868684928349,0
3538709,423323.0,97.8562,20.9143,2145.67,4.6907,2.15,97.0173,0.4774,0.785,0.797,0.848,0.717,5.212,81629.68702385649,307.18563439131134,6.85056091920354,0
3538808,29436.0,93.654,19.7038,1659.91,2.4343,2.75,91.8701,0.4261,0.758,0.74,0.843,0.699,5.6508,31464.97486071477,58.33635558303656,3.3972007066177468,0
3538907,22431.0,81.5122,21.5416,1707.81,4.5324,4.98,96.0716,0.4825,0.749,0.734,0.853,0.672,4.7751,24076.412108243057,27.230084563670395,4.458116000178324,0
3539004,10885.0,92.3656,19.5682,1696.01,2.8356,3.64,92.8004,0.382,0.756,0.735,0.837,0.701,2.8482,33513.826366559486,50.43811889216854,0.0,0
3539103,18370.0,96.5161,24.3386,1199.19,8.0489,4.34,70.7049,0.3996,0.727,0.679,0.81,0.698,9.8505,45001.19760479042,169.32592244375004,38.105606967882416,1
3539202,25348.0,94.8714,20.4947,1546.97,5.0152,3.18,92.7249,0.3679,0.776,0.74,0.863,0.733,4.5684,36601.74372731576,53.06559089586391,11.835253274420074,0
3539301,73545.0,95.9113,19.21,2014.47,4.6007,2.82,95.9397,0.4687,0.801,0.789,0.884,0.736,4.9354,45038.16710857298,101.14589378890358,5.438846964443537,0
3539400,15108.0,87.1657,17.9243,2157.6,2.7309,3.14,76.1342,0.4628,0.779,0.762,0.859,0.723,3.4301,18431.758009001853,37.54389191096621,0.0,0
3539509,33674.0,96.2285,23.1158,1363.54,5.0611,3.97,96.38,0.3951,0.723,0.699,0.83,0.651,7.6274,41265.10067114094,78.19560744755456,2.9696501752093605,0
3539608,4389.0,88.4256,20.1868,1363.79,5.7965,5.9,89.3617,0.3869,0.719,0.683,0.853,0.639,7.4538,44147.18614718615,15.143621150694385,0.0,0
3539707,3025.0,83.6364,19.2066,1317.54,2.3388,6.69,84.6425,0.3838,0.719,0.691,0.824,0.652,4.0992,39675.70247933884,9.237205325516062,0.0,0
3539806,103765.0,99.8159,22.1317,1476.59,6.5411,2.3,96.7578,0.4274,0.771,0.71,0.856,0.754,6.9002,36325.8034982894,6010.484244670992,1.9274321784802195,0
3539905,5592.0,91.6845,18.5443,1589.47,4.7521,6.01,92.297,0.4163,0.766,0.736,0.853,0.717,4.4313,27614.985693848357,41.38574145753003,17.8826895565093,1
3540002,20196.0,94.5138,19.1672,1904.12,2.9774,2.84,97.0327,0.4036,0.786,0.75,0.864,0.748,3.6679,96645.91998415528,25.738077214231645,0.0,0
3540101,3395.0,84.6834,17.9381,1724.87,5.064,4.5,88.0411,0.4275,0.755,0.727,0.844,0.701,4.717,27805.301914580265,18.511551317073703,0.0,0
3540200,37607.0,97.6627,24.0115,1384.14,4.4517,5.69,99.0316,0.3905,0.725,0.718,0.838,0.633,6.8316,38898.74225543117,105.52766639260771,13.295397133512378,1
3540259,4127.0,83.6928,20.2811,1217.5,3.9467,10.11,83.796,0.346,0.702,0.677,0.847,0.604,4.7734,23753.33171795493,19.69693354015034,0.0,0
3540309,2387.0,89.7361,16.5899,1493.44,0.7073,8.43,91.5361,0.3616,0.732,0.705,0.805,0.69,2.3879,53063.678257226646,10.974460357233168,0.0,0
3540408,4127.0,82.9174,17.0099,1340.0,0.3043,7.83,88.0421,0.4103,0.714,0.699,0.804,0.647,5.7164,28412.89071965108,13.062689515031431,24.2306760358614,1
3540507,10451.0,57.6404,17.4146,1451.19,1.8321,5.75,49.6049,0.4649,0.703,0.696,0.864,0.578,7.7917,22364.7497847096,39.33546364358328,9.56846234810066,0
3540606,56497.0,84.7302,21.2772,1626.03,3.3926,3.61,85.2848,0.4261,0.758,0.737,0.836,0.706,5.189,66457.79421916208,101.48444600920412,5.310016461051029,0
3540705,52649.0,98.5451,20.8133,1719.41,3.205,3.67,96.9867,0.4047,0.751,0.736,0.827,0.696,3.6497,47405.89564854033,214.9763582762366,5.69811392429106,0
3540754,20392.0,85.1805,25.4561,1092.82,3.1335,4.68,98.868,0.41,0.697,0.651,0.806,0.646,10.3885,15126.47116516281,456.77933830611744,34.32718713220871,1
3540804,18496.0,91.4955,19.6042,1696.31,3.4944,4.45,91.1868,0.3917,0.747,0.737,0.857,0.661,2.3069,33529.89835640138,54.00418111955899,16.219723183391004,1
3540853,2578.0,50.8922,37.3933,1252.86,4.1338,3.81,92.7911,0.3311,0.696,0.658,0.814,0.629,5.9566,15891.77657098526,40.8855901290957,0.0,0
3540903,17078.0,92.8622,20.869,1538.35,5.8802,6.78,92.9582,0.4191,0.733,0.738,0.822,0.65,6.9505,64206.93289612367,102.032525182521,0.0,0
3541000,349935.0,99.6902,20.1255,1795.56,6.4342,2.5,97.8531,0.4803,0.754,0.744,0.834,0.692,9.7548,24941.29195422007,2338.324913800016,8.287253347050166,0
3541059,5126.0,80.8428,25.1658,1368.51,3.7836,6.65,91.1429,0.3792,0.701,0.681,0.798,0.633,4.5455,24652.16543113539,29.274700171330668,0.0,0
3541109,3804.0,87.0925,17.0347,1520.64,3.9578,5.52,87.9751,0.404,0.735,0.711,0.811,0.689,4.2061,20329.39011566772,13.270909357316793,0.0,0
3541208,14490.0,68.1573,19.793,1619.0,3.5701,3.86,75.4349,0.4247,0.757,0.718,0.839,0.719,6.2767,22906.4182194617,19.339778146451103,0.0,0
3541307,39505.0,92.568,19.6785,1428.42,5.3805,3.99,86.7114,0.4459,0.75,0.714,0.845,0.7,8.1841,33553.27173775472,31.34618390660496,7.593975446146057,0
3541406,225668.0,97.6208,20.3551,2104.17,5.2926,2.37,98.0262,0.4822,0.806,0.788,0.858,0.774,5.6003,40954.80528918588,402.5207041276263,6.646932662140844,0
3541505,35201.0,94.4632,17.3177,1954.88,4.8144,4.31,94.7926,0.4498,0.763,0.749,0.837,0.708,4.593,23383.710690037216,46.611308482619904,2.8408283855572285,0
3541604,35131.0,85.722,20.7082,1506.74,4.5123,3.36,87.4621,0.4464,0.743,0.724,0.85,0.666,9.9332,60213.62898864251,45.08598562628337,14.232444279980644,1
3541653,3405.0,44.464,18.6784,1517.01,4.4017,5.56,34.3096,0.4464,0.678,0.7,0.822,0.541,4.287,42444.34654919236,16.555486405538918,0.0,0
3541703,13163.0,95.0239,20.2841,1377.34,3.1784,6.52,95.5873,0.425,0.738,0.706,0.814,0.7,6.6199,62383.879054926685,20.209076351711317,0.0,0
3541802,3265.0,91.4855,21.8683,1374.71,5.3087,5.32,90.7755,0.3791,0.715,0.662,0.811,0.681,2.4547,209719.14241960185,13.89870335527044,30.62787136294028,1
3541901,9159.0,90.3265,22.295,1157.07,6.4177,4.38,84.2413,0.4185,0.722,0.665,0.823,0.687,9.1429,42419.80565563926,36.72428518157651,32.754667540124466,1
3542008,7038.0,92.64,21.4123,1452.52,2.7676,4.91,93.9286,0.3572,0.732,0.689,0.811,0.703,2.0492,39256.038647343,22.067053994989607,0.0,0
3542107,8965.0,89.2694,20.5689,1616.59,5.3316,3.36,93.615,0.3794,0.745,0.722,0.823,0.696,3.8706,49401.338538761855,73.6980558181594,0.0,0
3542206,28588.0,90.2931,19.5397,1424.04,4.3414,4.71,90.8245,0.4253,0.751,0.72,0.861,0.683,9.1378,48336.22498950609,18.00821166388871,13.991884706870014,1
3542305,4494.0,53.7383,17.2007,1108.67,3.2464,6.97,37.3214,0.4601,0.657,0.633,0.799,0.56,12.4193,14869.826435246996,14.522962374087468,22.251891410769915,1
3542404,20145.0,92.549,19.8064,1607.09,4.8797,3.12,91.3552,0.4078,0.768,0.735,0.818,0.752,4.536,48832.21643087615,76.50590741816774,4.964010920824026,0
3542503,7662.0,68.1806,31.9629,1654.56,2.1914,6.27,93.8375,0.3873,0.728,0.715,0.817,0.66,3.8237,24128.81754111198,18.669317700033623,0.0,0
3542602,59947.0,87.2704,20.6699,1533.08,6.5205,3.53,84.8465,0.4673,0.754,0.718,0.851,0.702,7.6414,39324.886983502096,83.00597756026369,15.013261714514488,1
3542701,6404.0,82.6046,22.3298,1215.0,0.5583,5.26,83.4631,0.3609,0.705,0.664,0.826,0.639,5.3661,33065.58400999376,26.059427213464307,15.61524047470331,1
3542800,3132.0,53.1928,19.4125,1092.39,0.8621,6.74,36.5434,0.4513,0.698,0.635,0.797,0.673,11.392,19821.519795657725,9.32811927602834,0.0,0
3542909,10989.0,92.7291,20.1838,1436.29,5.4087,6.45,94.227,0.4169,0.712,0.712,0.811,0.625,5.5961,33831.831831831834,23.30384919616671,18.2000182000182,1
3543006,18627.0,53.5406,23.7451,1023.29,2.4656,7.86,60.457,0.4099,0.639,0.592,0.797,0.553,9.6131,31969.66768669136,26.705376344086023,21.474204112310087,1
3543105,4608.0,82.5955,22.1354,1222.84,1.4925,6.4,81.3763,0.3823,0.711,0.688,0.814,0.642,8.138,69240.01736111111,31.06544777930588,0.0,0
3543204,4677.0,79.5168,18.73,1402.27,2.1586,6.11,73.2143,0.4237,0.747,0.753,0.818,0.676,5.0246,47971.56296771434,23.015826148576828,0.0,0
3543238,2025.0,86.6667,18.2222,1309.36,1.1482,7.06,87.5,0.3627,0.721,0.661,0.809,0.701,2.8642,23210.37037037037,10.308176292721663,0.0,0
3543253,7450.0,40.3221,20.4564,1110.8,3.9607,7.85,41.2645,0.3365,0.705,0.643,0.807,0.676,5.047,15703.624161073823,22.3480110270186,0.0,0
3543303,115559.0,98.3489,19.9907,1660.3,9.3657,2.87,88.4948,0.4449,0.784,0.749,0.847,0.76,8.1405,33671.137687242015,1167.5928545447198,7.78822938931628,0
3543402,698642.0,99.6266,21.5886,2507.29,4.0005,2.06,98.2605,0.5215,0.8,0.82,0.844,0.739,6.8277,57189.95708817964,1073.321288768443,7.443010869658566,0
3543501,5599.0,74.9777,20.5394,1032.65,0.8201,8.71,73.4752,0.4167,0.664,0.634,0.799,0.577,13.1795,16573.673870333987,14.50976733579007,0.0,0
3543600,4049.0,88.491,20.7459,1599.06,2.6889,3.75,87.354,0.3867,0.74,0.713,0.824,0.69,3.1429,47211.16325018523,24.915696458020527,0.0,0
3543709,9098.0,83.0732,20.2242,1396.8,2.5116,5.25,89.4848,0.3978,0.734,0.701,0.826,0.682,8.2287,24845.35062651132,28.733036675835887,0.0,0
3543808,9259.0,83.5295,19.0409,1359.86,1.2355,4.99,92.4242,0.435,0.723,0.696,0.843,0.644,8.2547,37695.86348417756,25.828426053263637,0.0,0
3543907,201418.0,98.6372,20.6158,2056.67,4.537,2.41,97.5582,0.4477,0.803,0.784,0.862,0.766,4.537,65760.43849109812,404.1113755010814,16.383838584436347,1
3544004,31328.0,96.243,21.8463,1563.69,3.9575,4.01,94.0229,0.3969,0.759,0.741,0.842,0.7,6.7543,57063.36184882533,138.21765928252822,0.0,0
3544103,44170.0,93.6926,22.8141,1233.69,9.2712,3.75,82.0203,0.4199,0.749,0.684,0.823,0.745,9.9342,21750.667874122708,1215.431606174844,9.05592030790129,0
3544202,10309.0,71.5394,25.987,1152.39,6.3975,7.35,93.9434,0.436,0.703,0.677,0.817,0.629,13.1027,26090.11543311669,16.31436768967094,9.700261907071493,0
3544251,17440.0,79.2947,19.1858,1598.65,6.9462,4.85,77.1503,0.4728,0.764,0.749,0.818,0.728,9.9027,111340.1376146789,23.440513648319715,5.73394495412844,0
3544301,10832.0,93.3069,21.0303,1393.07,3.1054,3.28,87.7921,0.4268,0.737,0.691,0.823,0.704,6.9922,34599.88921713442,83.42125732592974,27.695716395864107,1
3544400,2700.0,88.7407,18.7407,1214.43,1.8415,6.76,90.5,0.3601,0.721,0.684,0.82,0.668,5.113,29240.74074074074,11.417262901507078,0.0,0
3544509,3833.0,89.3556,14.8187,1417.38,2.4294,4.19,76.2825,0.3736,0.759,0.713,0.844,0.726,5.059,26834.59431254892,15.781650794435045,0.0,0
3544608,5112.0,89.9452,17.097,1431.47,1.0748,4.76,88.1572,0.4065,0.728,0.708,0.813,0.671,4.91,34326.2910798122,16.745008762304074,0.0,0
3544707,2474.0,79.3856,18.4317,1184.76,0.7049,7.95,80.0436,0.3511,0.73,0.692,0.83,0.677,5.5376,22137.833468067907,16.723561023422448,0.0,0
3544806,6437.0,92.7606,17.3373,1449.56,1.477,6.74,90.2587,0.4048,0.751,0.708,0.859,0.697,5.9713,26329.035264874943,20.86175884364214,0.0,0
3544905,11411.0,94.812,20.0245,1668.02,1.0457,2.85,94.4336,0.3653,0.772,0.738,0.845,0.739,4.1213,36564.45535010078,37.31816754748574,8.763473841030585,0
3545001,15202.0,64.1363,20.9972,1326.05,5.2007,5.58,56.1608,0.439,0.732,0.687,0.829,0.69,7.1855,16560.452572029997,35.769664256453574,6.578081831337983,0
3545100,4808.0,91.8469,21.0275,1280.67,3.6456,11.23,92.8254,0.408,0.719,0.678,0.846,0.649,9.2732,20152.87021630616,27.80251425399285,0.0,0
3545159,8161.0,89.5969,19.3114,1814.85,3.323,2.05,83.6707,0.3596,0.791,0.771,0.857,0.75,1.1396,46302.0463178532,81.82437987527322,0.0,0
3545209,134319.0,98.8378,20.9516,1902.87,6.0386,2.65,94.1404,0.4397,0.78,0.755,0.837,0.751,5.6355,69264.11751129774,1009.484656951532,3.722481555103894,0
3545308,43748.0,92.7562,21.5141,1536.7,5.5465,2.29,77.4082,0.4109,0.729,0.699,0.834,0.665,5.3483,50778.93846575844,156.0132947234783,11.429093901435492,0
3545407,9050.0,93.8343,19.9558,1320.5,3.6293,7.81,73.4943,0.4163,0.704,0.664,0.825,0.637,8.4408,30269.944751381216,48.025641978125776,33.149171270718234,1
3545506,3645.0,69.3827,19.8628,1322.62,7.8762,4.16,72.9286,0.4236,0.709,0.665,0.812,0.659,7.1977,87465.02057613169,7.995946088238391,0.0,0
3545605,14018.0,95.5557,20.2597,1450.23,2.6928,3.77,96.2279,0.4244,0.76,0.75,0.835,0.702,6.9849,27289.627621629334,42.444189433461815,7.133685261806249,0
3545704,6393.0,87.5958,16.784,1489.31,3.7938,7.47,86.8431,0.3788,0.728,0.716,0.809,0.665,2.744,33597.84138901924,23.4440320948176,0.0,0
3545803,183347.0,99.4453,19.9103,1877.28,4.3404,2.53,99.0541,0.3839,0.781,0.752,0.867,0.731,3.4558,42681.40193185599,676.4823082315612,2.727069436641996,0
3546009,13975.0,84.8945,19.8569,1448.84,4.7433,5.18,65.2393,0.4339,0.735,0.706,0.828,0.678,6.3087,22384.18604651163,51.33375943108604,7.155635062611807,0
3546108,2598.0,78.3295,17.9754,1467.76,1.8957,4.83,79.1359,0.36,0.733,0.712,0.804,0.687,4.8997,37252.88683602771,14.161279420902876,0.0,0
3546207,4277.0,81.2719,16.3666,1761.73,3.3255,3.34,79.1539,0.4245,0.79,0.83,0.876,0.679,4.9836,37795.41734860884,28.48864317591421,0.0,0
3546256,2116.0,76.0397,19.9433,1486.5,1.6765,3.04,82.0312,0.4212,0.743,0.719,0.832,0.686,3.4499,29989.130434782608,14.291310396995852,0.0,0
3546306,28864.0,97.7134,21.1682,1607.04,4.5587,4.73,97.4182,0.4347,0.728,0.746,0.815,0.635,5.5779,22726.371951219517,97.73242092931126,13.858093126385809,1
3546405,46442.0,93.325,20.4212,1738.78,4.3002,3.92,91.9115,0.4115,0.762,0.744,0.867,0.686,3.8551,60008.31144222902,41.66147116789729,2.1532233753929635,0
3546504,6118.0,96.2569,22.965,1533.31,7.4681,3.64,96.6425,0.392,0.738,0.716,0.802,0.699,3.287,17059.98692383132,45.51372181429985,0.0,0
3546603,34794.0,96.8702,19.2907,1938.25,2.2649,3.63,95.8072,0.4345,0.784,0.763,0.84,0.751,3.828,38652.67000057481,168.46376194095973,2.874058745760764,0
3546702,23611.0,98.8692,24.8909,1593.01,4.5179,2.78,98.5751,0.361,0.737,0.723,0.847,0.654,5.1019,165000.12705942144,240.2152791201636,16.941256194146796,1
3546801,53174.0,79.5746,21.3225,1412.6,6.6974,4.81,53.5045,0.4329,0.738,0.7,0.834,0.689,7.4907,31194.43713092865,146.35099578347078,7.5224733892503854,0
3546900,7149.0,97.4262,21.0379,1388.3,5.7231,5.07,98.2542,0.3548,0.737,0.696,0.818,0.703,4.8507,18342.145754651,46.464318211360975,13.987970345502866,1
3547007,5243.0,92.7141,21.1902,1491.6,5.31,6.02,91.1003,0.3935,0.686,0.688,0.82,0.571,5.8936,29186.34369635705,20.75441075761714,19.07304978065993,1
3547106,2956.0,90.3924,18.7077,1549.88,8.6892,4.1,78.3713,0.4819,0.739,0.683,0.847,0.699,5.3451,23365.358592692828,17.726817508530583,0.0,0
3547205,1670.0,73.6527,14.491,1574.52,0.2793,5.97,77.0615,0.3576,0.773,0.751,0.84,0.733,2.7545,23900.0,12.857230845035724,59.880239520958085,1
3547304,154105.0,99.1331,21.2881,3465.07,5.3778,2.71,75.0268,0.6112,0.814,0.876,0.849,0.725,5.0517,74915.823626748,856.3815303224802,7.786898543201064,0
3547403,2733.0,77.1679,16.4654,1350.25,1.2235,7.23,76.4922,0.3174,0.761,0.711,0.839,0.74,2.4515,24930.479326747165,13.026692087702571,0.0,0
3547502,24833.0,92.5261,16.9532,1753.02,3.8612,3.19,92.575,0.4576,0.775,0.764,0.887,0.686,8.2338,33255.54705432288,32.9288554792804,4.026899689928723,0
3547601,23411.0,96.6469,19.2388,1588.13,6.8797,2.75,97.2083,0.42,0.77,0.746,0.868,0.704,4.5311,35600.52966554184,81.1259425593258,4.271496305155696,0
3547650,1645.0,71.4286,16.9605,1589.31,2.7842,4.05,74.3034,0.319,0.772,0.712,0.864,0.748,0.7922,25596.352583586628,20.772300232346705,0.0,0
3547700,17963.0,93.5144,18.9501,1557.89,4.6013,3.91,92.9297,0.4474,0.753,0.725,0.854,0.689,8.0704,30941.43517229861,32.49010628061265,11.13399766186049,0
3547809,748919.0,99.8888,19.4889,2460.93,5.6762,1.82,96.6803,0.4964,0.815,0.819,0.861,0.769,6.8394,43556.50611080771,4260.498799649566,4.406351020604364,0
3547908,6775.0,80.9446,19.5867,1366.48,2.4472,3.98,79.9299,0.39,0.702,0.69,0.83,0.604,4.3285,31220.959409594096,21.83293534550822,14.760147601476016,1
3548005,23244.0,93.3488,22.6768,1423.41,3.195,4.24,82.8199,0.3649,0.702,0.718,0.838,0.576,5.356,80482.44708311823,150.80482440489706,17.208742040956807,1
3548054,8379.0,80.296,17.6274,1499.77,5.374,4.61,72.3973,0.364,0.757,0.71,0.84,0.728,2.5788,34571.9059553646,6.403848270296049,0.0,0
3548104,6126.0,64.8547,19.6866,1487.79,1.9022,5.83,65.2842,0.3755,0.714,0.703,0.835,0.62,2.5792,36374.959190336274,55.71319436865655,0.0,0
3548203,7133.0,49.0958,19.7112,1728.57,2.9442,4.5,40.2533,0.4534,0.706,0.685,0.812,0.632,2.7445,20808.776111033225,53.6283531817635,0.0,0
3548302,3000.0,89.2667,19.3333,1258.52,3.0415,7.18,88.9447,0.3401,0.732,0.664,0.828,0.714,3.8,15757.666666666666,31.75779389191764,0.0,0
3548401,3899.0,96.5119,21.031,1254.45,3.2207,6.29,98.2313,0.3279,0.74,0.68,0.83,0.719,5.3091,20685.56040010259,30.454751378626213,0.0,0
3548500,418608.0,99.9252,17.5322,3237.52,5.3914,1.51,96.2944,0.5131,0.84,0.861,0.852,0.807,6.8055,57548.28622482131,1489.5332576601324,4.777739555861331,0
3548609,11674.0,53.9147,18.5541,1710.26,2.1658,3.31,53.2292,0.4862,0.72,0.719,0.812,0.638,5.4005,34833.56176117869,46.21920270489629,0.0,0
3548708,810729.0,99.5355,20.484,2229.41,6.9848,2.34,93.8596,0.5045,0.805,0.807,0.861,0.752,7.9628,71882.2368510316,1979.6475000732544,6.53732628288861,0
3548807,165655.0,100.0,16.3502,3884.58,4.3277,1.13,99.9484,0.4892,0.862,0.891,0.887,0.811,3.1179,93971.01204310164,10805.231230839476,1.2073284838972562,0
3548906,254857.0,97.8835,21.647,2281.26,4.9479,2.26,96.6809,0.4942,0.805,0.788,0.863,0.766,5.3857,55489.368547852326,224.16697232051524,14.51794535759269,1
3549003,2602.0,77.133,17.6787,1574.4,4.4428,6.54,82.1839,0.4071,0.723,0.705,0.814,0.658,4.8424,19664.873174481167,34.42755262705249,0.0,0
3549102,92547.0,95.022,19.3577,1961.78,4.2921,2.27,95.4024,0.4557,0.797,0.776,0.871,0.749,3.9785,44682.05344311539,179.21607129370892,4.3221282159335255,0
3549201,2580.0,77.4419,19.6124,1560.38,0.3228,6.15,89.6939,0.4255,0.72,0.675,0.806,0.686,2.2093,20392.248062015504,19.92862770542708,0.0,0
3549250,1846.0,82.7736,20.5309,1454.39,4.2781,5.89,83.115,0.403,0.748,0.682,0.833,0.738,3.6876,27886.24052004334,10.34776564496962,0.0,0
3549300,2242.0,87.8234,16.5923,1578.37,0.5842,4.9,88.1081,0.3647,0.75,0.714,0.854,0.692,1.1201,26089.65209634255,19.05409425062678,0.0,0
3549409,48558.0,98.6264,20.4065,1577.23,4.8313,3.36,97.9491,0.4032,0.762,0.74,0.847,0.706,5.7783,45123.06931916471,118.18538052830262,6.178178672927221,0
3549508,7626.0,91.5552,23.8919,1171.92,4.1207,6.2,90.7012,0.3772,0.693,0.679,0.844,0.58,6.8394,30358.903750327827,27.535457407781852,13.113034356150012,1
3549607,3853.0,70.9836,19.3615,1251.77,2.4561,6.64,63.0014,0.5275,0.684,0.666,0.813,0.591,12.0739,16440.95509992214,6.751535435485426,0.0,0
3549706,52205.0,90.6656,18.6687,1547.43,4.592,2.5,88.5358,0.4246,0.774,0.744,0.868,0.717,6.6556,45496.92558184082,124.3912086236311,0.0,0
3549805,480393.0,99.1788,20.4653,2410.09,3.4328,2.42,95.4232,0.5072,0.797,0.801,0.846,0.748,6.5218,43636.38729123863,1112.1650028707425,8.74284179827766,0
3549904,697054.0,98.7233,20.7631,2276.81,6.0825,2.01,95.8559,0.5357,0.807,0.804,0.855,0.764,7.6446,64856.96660516976,634.0260994770827,6.7426626918431,0
3549953,16067.0,51.9823,21.2112,1374.59,5.0977,5.84,42.955,0.4447,0.728,0.704,0.823,0.666,6.7511,17763.863820252693,86.17046380915605,12.447874525424783,1
3550001,10337.0,55.5674,17.9936,1465.87,4.0295,6.28,53.3493,0.4649,0.665,0.654,0.808,0.56,5.9356,19756.11879655606,16.745097721584603,9.673986649898422,0
3550100,37289.0,95.6019,20.325,1448.66,8.0161,4.63,94.7964,0.4049,0.744,0.735,0.805,0.695,6.7027,35944.031751991206,57.30298401497386,0.0,0
3550209,32039.0,68.1263,21.4489,1302.75,3.082,4.52,59.3881,0.4653,0.71,0.708,0.799,0.633,11.3808,29783.23293486064,34.43798443363118,9.363588126970257,0
3550308,11451999.0,99.8497,21.3831,2713.36,6.1158,2.66,95.2264,0.5893,0.805,0.843,0.855,0.725,9.287,72387.42747008623,7528.256602344724,5.0908142761800805,0
3550407,38256.0,96.1522,19.2127,1747.04,4.7189,3.3,85.8077,0.3972,0.755,0.741,0.863,0.674,3.8091,23168.548724383105,62.58363625060937,10.455876202425763,0
3550506,7217.0,76.0842,20.8397,1416.03,2.9235,5.79,76.4278,0.4215,0.703,0.661,0.826,0.636,3.3333,32474.019675765558,9.869793126838534,0.0,0
3550605,79484.0,90.1867,19.5146,2014.74,4.1222,3.28,63.8379,0.4816,0.768,0.765,0.863,0.687,5.6532,43414.76271954104,258.98314804436507,5.032459362890645,0
3550704,81595.0,98.37,22.2269,1607.55,4.9351,4.21,64.2603,0.4615,0.772,0.747,0.875,0.703,6.7321,196196.39683804155,202.77339430161908,15.9323487958821,1
3550803,10441.0,77.6171,19.5479,1428.62,2.4216,4.46,90.4195,0.3873,0.701,0.689,0.82,0.609,3.3641,41039.3640455895,41.365239095123016,0.0,0
3550902,13442.0,91.1769,19.6623,1642.69,2.292,2.32,91.0824,0.4232,0.766,0.732,0.852,0.722,5.1842,37295.56613599167,21.77716718617356,0.0,0
3551009,329911.0,99.9079,21.7722,1451.91,7.0995,3.19,92.1292,0.4585,0.768,0.738,0.857,0.716,11.8431,18554.273728369168,2226.8563830146268,7.577801285801321,0
3551108,10369.0,72.601,21.1592,1495.18,2.498,4.43,58.5984,0.4408,0.707,0.699,0.814,0.621,7.217,19665.445076670847,29.407927576348868,0.0,0
3551207,3704.0,88.6609,22.8132,1165.06,4.6601,7.7,88.0323,0.369,0.688,0.679,0.794,0.603,7.3264,26068.574514038875,26.15671430992599,0.0,0
3551306,3130.0,83.2588,16.262,1667.35,1.518,6.57,85.5885,0.3738,0.773,0.748,0.835,0.74,3.3579,133386.26198083066,18.647824221915062,0.0,0
3551405,12746.0,93.8569,24.9725,1340.01,9.3454,6.34,87.1281,0.3851,0.686,0.697,0.81,0.572,5.421,15339.949788168837,45.01596360862317,0.0,0
3551504,43909.0,99.2894,23.7195,1283.46,4.6474,4.26,98.7643,0.3681,0.729,0.713,0.835,0.65,8.5277,30723.76961442984,348.35694905034666,11.387187137033411,0
3551603,29894.0,84.0001,18.4753,1836.39,2.7321,3.17,74.0297,0.4217,0.767,0.764,0.873,0.676,4.1007,28270.622867465045,146.73054080320418,3.3451528734863185,0
3551702,126887.0,99.0897,21.2055,1797.64,6.0432,3.51,99.2894,0.4257,0.761,0.768,0.855,0.672,4.85,56026.40144380433,314.7865607843429,6.304822401033991,0
3551801,12730.0,56.8578,19.9214,1004.06,4.0147,8.04,57.1046,0.4054,0.673,0.651,0.832,0.562,11.2091,29785.54595443833,11.978932886922824,7.855459544383346,0
3551900,14576.0,95.2799,23.0447,1360.31,2.1677,6.59,98.0625,0.361,0.715,0.709,0.807,0.638,4.8075,18654.77497255763,103.77331624661824,6.860592755214051,0
3552007,6186.0,52.1823,21.1122,1153.4,4.3388,7.97,52.6009,0.4564,0.678,0.657,0.812,0.584,11.2731,14962.65761396702,14.913858364152736,0.0,0
3552106,40122.0,61.3952,18.0998,1787.74,3.1512,4.17,58.0351,0.4239,0.729,0.737,0.828,0.634,4.7405,27920.318030008475,89.35280349376099,2.492398185534121,0
3552205,723682.0,99.2762,21.5209,2165.31,5.7635,2.04,97.28,0.4851,0.798,0.792,0.843,0.762,6.1502,61537.24702286363,1608.6397908738486,5.665471850895836,0
3552304,7355.0,87.4779,19.0483,1361.7,1.6173,6.88,87.5801,0.3833,0.747,0.743,0.809,0.694,6.3511,30833.990482664853,12.366665321550112,0.0,0
3552403,279545.0,99.5586,21.7328,1586.3,5.7904,3.86,94.01,0.4302,0.762,0.744,0.845,0.705,7.3628,57879.38256810173,1821.555403512201,8.943103972526783,0
3552502,307429.0,98.722,22.9181,1407.5,7.3003,3.28,89.7581,0.4647,0.765,0.708,0.873,0.723,11.014,48178.649379206254,1490.666033088307,6.180288782125304,0
3552551,3408.0,77.6408,18.4566,1343.1,5.4122,6.22,82.7991,0.3576,0.699,0.665,0.813,0.631,5.223,100346.53755868544,10.308935318085709,0.0,0
3552601,11323.0,92.6521,18.2814,1674.01,3.1944,4.75,93.2426,0.4094,0.735,0.726,0.82,0.666,2.7415,25358.73885012806,32.74511845271146,8.83158173628897,0
3552700,14769.0,90.8321,20.1029,1493.36,3.0287,5.54,94.0569,0.4033,0.704,0.7,0.818,0.609,4.8207,23049.83411199133,40.06738939349546,0.0,0
3552809,273542.0,100.0,22.5249,1740.2,7.6377,2.78,96.542,0.4491,0.769,0.742,0.863,0.71,7.3504,37621.54257847058,13416.8138120463,6.58034232403068,0
3552908,6260.0,83.2907,20.1438,1391.05,5.0485,5.56,90.8308,0.4049,0.723,0.682,0.809,0.684,5.9265,29778.274760383385,10.316992052949573,0.0,0
3553005,12669.0,90.6622,23.3641,1290.18,1.8722,4.23,89.9609,0.3747,0.709,0.69,0.818,0.631,4.5483,27107.743310442813,87.17281809924862,15.786565632646615,1
3553104,5677.0,93.183,20.8385,1340.52,1.8246,7.76,93.3845,0.3921,0.71,0.701,0.814,0.628,7.6977,19360.049321824907,53.02683567005109,17.61493746697199,1
3553203,6548.0,79.215,23.7935,1644.9,1.8357,5.92,94.1233,0.4121,0.76,0.732,0.835,0.718,4.58,21327.27550397068,49.43416453393125,15.27183872938302,1
3553302,21435.0,91.3506,19.5241,1702.58,3.3869,3.17,90.6705,0.4236,0.731,0.729,0.858,0.624,4.3802,32676.417074877536,38.15496237014675,0.0,0
3553401,25265.0,91.1142,18.6384,1480.38,2.6172,4.44,90.6378,0.425,0.748,0.735,0.829,0.687,9.1447,52387.49257866614,33.81208696792636,7.916089451810806,0
3553500,7996.0,70.7104,22.7114,1156.39,4.0844,6.96,62.0199,0.4151,0.681,0.647,0.846,0.578,10.1897,23153.826913456727,10.589311893375854,0.0,0
3553609,11816.0,87.2969,19.7952,1422.36,4.7717,3.49,91.082,0.3675,0.751,0.703,0.87,0.692,4.6797,25489.5903859174,53.25137116872699,0.0,0
3553658,2619.0,95.609,20.2367,1606.61,5.5353,7.28,96.2065,0.423,0.759,0.742,0.823,0.716,3.5892,17893.088965253915,48.59719438877755,0.0,0
3553708,52260.0,95.6602,20.0574,1620.23,3.3961,4.83,96.0983,0.4491,0.748,0.727,0.827,0.696,7.1022,31764.52353616533,87.93020771113933,5.740528128587831,0
3553807,24350.0,83.8645,22.0246,1515.25,2.684,4.41,88.1228,0.4459,0.701,0.7,0.811,0.606,5.1781,40581.1909650924,54.29026899880718,16.427104722792606,1
3553856,6876.0,50.2472,24.7964,1253.48,5.2295,5.26,43.4391,0.434,0.679,0.617,0.811,0.626,6.461,53421.175101803376,29.66452681714641,0.0,0
3553906,6536.0,92.2889,22.2766,1266.7,7.741,6.11,91.2107,0.3827,0.726,0.666,0.823,0.697,5.0207,25757.34394124847,32.45524741167416,15.29987760097919,1
3553955,14882.0,96.4991,21.1195,1307.96,7.7933,5.11,96.0811,0.3787,0.753,0.738,0.852,0.68,7.2874,60276.575729068674,49.12961807515689,6.719526945303051,0
3554003,123942.0,96.8929,21.8344,1558.09,5.3089,2.78,89.5772,0.4315,0.752,0.734,0.842,0.688,6.5851,40956.19725355408,236.64388858021684,8.068290006615998,0
3554102,310739.0,98.3224,20.392,1941.51,5.9784,1.97,95.4405,0.4896,0.8,0.778,0.883,0.746,7.6931,52133.739247406986,497.180013535935,12.550725850311675,1
3554201,4127.0,71.1897,22.3165,1042.07,1.0215,9.03,61.7155,0.3597,0.668,0.668,0.794,0.563,7.2207,33466.44051369033,13.933670730513288,24.2306760358614,1
3554300,22173.0,84.5443,20.3806,1337.3,5.0312,5.74,85.2419,0.4341,0.741,0.699,0.856,0.679,9.6217,28278.89775853516,14.251804373689984,4.509989627023858,0
3554409,7904.0,96.5334,19.9899,1605.47,3.0838,3.23,96.7885,0.4095,0.749,0.732,0.838,0.684,4.7002,22132.464574898782,35.67736897459161,37.955465587044536,1
3554508,37663.0,90.7947,20.1949,2011.6,2.6588,2.03,89.3668,0.4748,0.778,0.764,0.884,0.698,8.5866,57308.28664737276,93.13395780373692,7.965377160608555,0
3554607,2464.0,76.5016,18.2224,1241.59,0.6803,6.0,76.9231,0.4104,0.71,0.688,0.826,0.629,6.2066,26907.873376623374,12.520961430967022,0.0,0
3554656,2046.0,82.6979,18.8172,1344.68,3.2573,5.65,73.5872,0.3656,0.714,0.679,0.829,0.647,3.4213,18454.05669599218,28.676346919325,0.0,0
3554706,9335.0,86.406,17.9861,1525.18,1.9505,3.71,88.4143,0.4151,0.744,0.734,0.852,0.658,5.7312,30486.55597214783,29.60982278513133,21.424745581146222,1
3554755,1682.0,92.39,22.7705,1217.77,5.0125,7.38,91.1371,0.3799,0.722,0.666,0.811,0.697,6.9643,26706.30202140309,26.52118383500733,0.0,0
3554805,51173.0,82.8836,22.465,1946.41,15.6457,2.69,90.9763,0.5128,0.785,0.769,0.873,0.72,7.6291,17521.62273073691,267.78967419175905,5.862466535086862,0
3554904,6804.0,90.5203,19.2387,1569.16,5.2337,5.93,91.6892,0.3597,0.753,0.71,0.829,0.726,1.9126,17935.92004703116,44.88304286449332,0.0,0
3554953,6778.0,47.3001,16.6273,1438.03,1.6521,5.33,30.3522,0.3979,0.728,0.702,0.871,0.63,4.8982,26820.59604603128,53.48336239751916,14.753614635585718,1
3555000,63928.0,94.9224,18.6554,1848.89,4.708,3.8,94.3671,0.4535,0.771,0.764,0.852,0.704,4.1592,34622.340758353144,101.79844773609602,1.5642597922662995,0
3555109,15854.0,78.0434,17.0115,1947.45,4.8083,3.28,88.5519,0.4434,0.769,0.762,0.835,0.715,2.4526,21468.209915478743,64.77100951914042,6.307556452630251,0
3555208,1818.0,82.6183,16.0616,1691.07,5.0336,6.33,87.8307,0.4108,0.751,0.713,0.824,0.721,2.533,31036.853685368536,11.86413025744771,0.0,0
3555307,1669.0,75.5542,14.8592,1793.09,0.6734,5.1,81.4867,0.3547,0.736,0.724,0.817,0.675,1.2582,44153.38526063512,11.292516086253444,0.0,0
3555356,5365.0,94.4268,22.013,1156.09,2.769,7.35,91.155,0.3743,0.7,0.672,0.844,0.604,9.3569,39634.48275862069,25.56454033860508,18.63932898415657,1
3555406,92981.0,93.6127,21.655,1615.62,4.4953,3.45,37.83,0.467,0.751,0.741,0.841,0.679,7.1919,29102.08537228036,131.30962216055528,27.962702057409576,1
3555505,5132.0,79.2868,21.1419,1339.15,1.4214,4.29,69.5961,0.4094,0.727,0.689,0.829,0.674,5.575,22304.754481683554,18.18703730610712,19.48558067030397,1
3555604,10394.0,93.2365,18.5107,1575.95,3.5608,4.9,93.3451,0.4132,0.721,0.708,0.823,0.644,4.1956,38660.86203578988,41.17511904101666,9.620935154897056,0
3555703,1603.0,80.8484,20.8983,1330.0,2.4852,5.84,86.6667,0.3349,0.749,0.697,0.863,0.699,4.6163,35929.50717404866,20.27676583687513,0.0,0
3555802,8833.0,87.4901,17.8875,1502.78,2.8135,8.33,88.8177,0.3683,0.746,0.727,0.804,0.709,4.8144,32380.1652892562,42.21024361804819,0.0,0
3555901,1387.0,83.9942,16.2942,1489.99,3.7975,5.03,82.0037,0.4438,0.712,0.678,0.832,0.639,7.6534,33447.72891131939,9.441732867713627,0.0,0
3556008,13744.0,93.0733,18.7354,1630.42,2.8196,3.48,93.9673,0.3931,0.745,0.741,0.817,0.683,4.3897,35166.254365541325,42.43075365218143,0.0,0
3556107,14098.0,91.8428,20.627,1475.19,3.2217,3.96,94.5293,0.3611,0.735,0.708,0.81,0.692,3.5757,31036.03347992623,94.14923100553622,7.093204709887927,0
3556206,126373.0,96.4771,18.6931,3127.28,3.37,1.76,91.4452,0.5033,0.819,0.848,0.85,0.763,3.2737,63060.93864986983,850.778925258183,3.1652330798509176,0
3556305,24241.0,96.8566,20.2467,1439.26,5.299,3.89,96.6134,0.4454,0.725,0.719,0.825,0.643,11.219,51000.24751454148,28.264081029684224,4.125242357988531,0
3556354,10512.0,64.3455,20.9855,1452.82,1.5468,5.6,51.5301,0.3754,0.699,0.69,0.839,0.591,7.3965,14592.941400304417,73.71927486938532,0.0,0
3556404,40133.0,95.5672,20.7934,1350.12,3.7562,4.69,95.1552,0.4769,0.737,0.721,0.863,0.643,11.7028,32076.819574913414,150.2107209425926,2.491715047467172,0
3556453,50415.0,98.9091,20.7954,1929.62,8.789,3.95,55.0187,0.5086,0.77,0.755,0.884,0.683,8.4086,57486.91857582069,1186.5423992092071,3.967073291679064,0
3556503,115771.0,99.7115,22.5514,1446.57,5.816,3.21,95.5843,0.3737,0.759,0.72,0.863,0.705,5.8579,34255.89309930812,3296.440774487472,3.4550966995188777,0
3556602,10176.0,88.3353,19.1136,1513.7,2.7559,3.67,90.6189,0.4079,0.754,0.722,0.83,0.715,4.4105,23603.87185534591,41.07930048926997,0.0,0
3556701,76540.0,98.717,19.5715,3247.77,2.9038,2.17,92.4093,0.5148,0.817,0.84,0.878,0.739,3.09,164069.88502743663,945.5219271155032,5.226025607525477,0
3556800,17414.0,97.2436,21.299,1399.34,3.1981,4.81,97.1268,0.3808,0.739,0.717,0.823,0.683,5.4686,25479.728953715403,79.98126085079411,0.0,0
3556909,8109.0,94.4999,22.9621,1473.26,2.2227,7.32,94.9756,0.385,0.744,0.726,0.84,0.676,4.6985,52418.054014058456,84.97416927768289,0.0,0
3556958,1794.0,84.3367,19.398,1415.49,0.4296,9.5,86.1472,0.3452,0.725,0.686,0.811,0.685,2.4526,25183.389074693423,36.000963236474554,0.0,0
3557006,127923.0,97.7314,22.1993,1837.4,5.8218,2.61,95.5385,0.4582,0.767,0.72,0.838,0.747,5.769,30637.461597992544,694.5316147807108,4.690321521540302,0
3557105,96634.0,97.1459,19.6742,1789.36,3.9044,3.65,97.2073,0.4499,0.79,0.772,0.857,0.744,7.4333,39970.81772461039,229.69648421808265,7.243827224372374,0
3557154,2692.0,81.3522,16.9762,1437.75,4.7431,6.38,81.5341,0.3852,0.729,0.695,0.826,0.674,2.8232,48361.44130757801,8.437390301389097,0.0,0
3557204,12211.0,96.9699,20.5716,1348.48,3.469,5.25,93.9213,0.3906,0.729,0.713,0.828,0.655,6.6804,21811.89091802473,64.70192394305002,24.56801244779297,1
3557303,11295.0,92.6693,20.3718,1645.48,4.652,3.7,89.4544,0.4005,0.74,0.716,0.815,0.695,3.5667,34478.264718902166,152.33869227449287,0.0,0
4100103,7241.0,75.5697,18.7405,1096.83,1.2937,11.09,45.7627,0.3892,0.687,0.676,0.804,0.596,10.8397,30633.476039221103,31.65921203933245,13.81024720342494,1
4100202,6256.0,33.1202,20.7641,1182.06,2.3316,12.35,32.514,0.4694,0.667,0.644,0.817,0.563,11.6056,58960.03836317136,4.636440375865905,63.93861892583121,1
4100301,10233.0,41.3759,21.89,1296.35,2.2614,5.37,19.9835,0.4291,0.66,0.671,0.79,0.543,8.8537,21196.521059317893,53.22452291416356,39.08922114726864,1
4100400,119825.0,95.6019,24.1719,1352.58,4.1954,3.9,69.6588,0.4056,0.699,0.706,0.84,0.575,7.8441,16159.023576048405,616.9295879069958,37.554767369079904,1
4100459,3590.0,54.1504,19.8607,1382.24,2.5474,10.47,11.8797,0.4515,0.667,0.667,0.78,0.571,5.2089,26798.607242339836,9.277804339117962,0.0,0
4100509,18742.0,79.0204,18.2104,1362.99,2.509,7.38,50.6183,0.3687,0.721,0.69,0.848,0.641,7.0881,24676.82211076726,28.330007860209204,10.671219720414044,0
4100608,13909.0,86.347,20.5407,1448.91,2.9206,6.47,59.1905,0.4283,0.696,0.679,0.846,0.587,6.5334,31365.37493709109,34.114181580941775,21.56876842332303,1
4100707,9727.0,87.6118,19.7594,1180.6,10.7843,13.07,56.9373,0.439,0.676,0.669,0.798,0.578,11.7343,42230.90367019636,21.72825275987008,20.56132414927521,1
4100806,10326.0,87.9527,17.7223,1538.57,3.2129,8.19,0.4887,0.4172,0.708,0.695,0.826,0.617,4.4335,32767.673833042805,24.33942251031232,9.68429207824908,0
4100905,4762.0,85.1323,21.5876,1067.49,1.7695,10.86,37.5216,0.3472,0.669,0.644,0.785,0.591,6.9401,25433.431331373373,12.37735064394973,62.9987400251995,1
4101002,19620.0,80.7339,22.1713,1815.06,1.8132,5.18,65.5012,0.4378,0.709,0.699,0.824,0.62,2.3278,38244.85219164119,65.76190970976943,10.19367991845056,0
4101051,2918.0,81.0487,19.4654,1370.33,1.3305,9.03,0.8961,0.3322,0.695,0.671,0.844,0.593,3.9411,39424.94859492804,28.35900675445843,0.0,0
4101101,19878.0,95.573,18.9104,1578.21,4.6025,7.19,62.5151,0.4465,0.725,0.69,0.838,0.66,7.2881,41075.71184223765,84.24880480113926,10.06137438374082,0
4101150,3235.0,83.4312,19.5054,1394.7,0.2853,5.93,2.1294,0.4675,0.721,0.705,0.827,0.644,7.4807,47665.22411128284,30.51282293130606,0.0,0
4101200,18091.0,86.7393,19.1145,1211.84,4.9081,6.79,60.279,0.4582,0.687,0.686,0.838,0.564,13.1591,38741.41838483224,20.29089864981572,5.52761041401802,0
4101309,7018.0,17.2556,18.7803,1190.28,4.0428,6.43,2.2014,0.4208,0.656,0.626,0.825,0.547,9.8132,33249.50128241664,14.943997274392062,0.0,0
4101408,130134.0,96.761,20.857,1770.29,2.6062,4.26,80.4396,0.414,0.748,0.741,0.845,0.668,4.2405,29769.9294573286,233.63794682130737,13.831896352989997,1
4101507,119138.0,98.1039,20.885,1778.09,3.9101,3.71,74.6821,0.4164,0.748,0.751,0.834,0.669,4.6032,41581.93859222079,311.7041455725181,9.2329903137538,0
4101606,25777.0,87.0466,22.6365,1526.02,1.9183,5.96,70.2067,0.4872,0.723,0.715,0.823,0.643,10.7556,56152.03475966947,18.94334120648881,15.517709586065097,1
4101655,3527.0,58.4916,18.6844,1226.76,2.3087,12.06,0.5236,0.4321,0.676,0.638,0.828,0.584,10.774,43137.51063226538,16.225715481826,0.0,0
4101705,14485.0,84.8947,20.1657,1513.63,4.3307,6.2,52.2885,0.3863,0.704,0.685,0.785,0.648,4.6717,37787.57335174318,29.36996011687156,13.807386952019328,1
4101804,151666.0,92.0984,23.1753,1600.99,5.2502,2.42,79.5657,0.4077,0.74,0.743,0.852,0.639,6.4526,166594.76085609169,323.21626459807345,18.461619611514777,1
4101853,2329.0,44.912,16.2301,1383.07,9.3333,13.88,1.566,0.4782,0.67,0.637,0.794,0.594,8.9738,55377.415199656505,9.949802413756275,0.0,0
4101903,13797.0,90.3167,17.7285,1275.36,1.0642,6.52,74.4218,0.445,0.728,0.724,0.833,0.641,11.6856,39106.47242154092,31.33210854167282,28.99180981372762,1
4102000,36808.0,90.2793,20.2673,1672.22,1.9187,5.75,38.3979,0.4132,0.729,0.713,0.857,0.633,3.4263,44372.41903933927,37.53134154560851,13.584003477504888,1
4102109,25475.0,92.5574,18.3278,1554.91,2.1051,4.82,71.5795,0.4043,0.747,0.754,0.818,0.675,4.4598,34658.29244357213,58.59123442933633,11.776251226692835,0
4102208,3980.0,84.4472,17.7136,1709.41,0.7744,5.92,4.1525,0.3853,0.736,0.707,0.854,0.66,1.9276,44548.74371859297,28.911181653748645,0.0,0
4102307,13395.0,54.8936,20.0597,1606.33,2.9059,3.21,21.9741,0.38,0.696,0.707,0.823,0.579,3.2644,69144.08361328855,38.38922866166465,22.396416573348265,1
4102406,31273.0,92.0155,20.0524,1502.12,4.7828,5.83,91.7101,0.4655,0.727,0.714,0.819,0.658,8.1294,33046.6536629041,70.24609606641629,6.395293064304672,0
4102505,10795.0,81.1116,18.1195,1309.84,2.4133,12.35,35.2764,0.4263,0.696,0.667,0.808,0.625,7.3857,27731.63501621121,20.041363741005057,18.52709587772117,1
4102604,9759.0,74.9872,21.2829,1469.89,2.4298,5.49,5.719,0.4568,0.706,0.716,0.833,0.59,8.0326,27075.52003279025,60.53482039289636,0.0,0
4102703,2814.0,74.769,16.7377,1473.07,3.2975,8.98,6.89,0.3913,0.744,0.678,0.813,0.747,4.2659,53357.49822316987,24.288981917051487,0.0,0
4102752,4031.0,38.1047,18.457,1750.4,0.9552,7.57,1.5743,0.4551,0.681,0.667,0.828,0.572,4.1429,26525.427933515257,27.216809468829968,0.0,0
4102802,14833.0,95.4359,19.369,1399.26,2.6187,7.64,45.1654,0.4566,0.716,0.721,0.844,0.604,10.537,35312.54634935616,61.11937500257532,6.741724533135575,0
4102901,15533.0,65.6924,23.273,1382.61,1.2889,6.4,41.0187,0.4055,0.667,0.645,0.829,0.556,7.5461,35559.2609283461,12.171862021408309,19.313719178523144,1
4103008,4558.0,87.7578,18.7582,1556.08,2.2084,8.86,1.6176,0.3955,0.72,0.687,0.808,0.673,4.2371,62678.58709960509,15.04836739410347,0.0,0
4103024,2455.0,43.9919,18.8595,2185.28,0.7273,7.8,1.2486,0.5332,0.7,0.673,0.848,0.602,1.8791,58088.391038696536,16.172915143250524,40.73319755600815,1
4103040,6378.0,31.4048,21.9505,1567.86,2.7907,8.26,2.5011,0.4884,0.655,0.635,0.802,0.553,7.504,56677.64189401066,10.487044110368824,0.0,0
4103057,7924.0,69.2453,20.154,1272.15,0.9912,9.41,26.156,0.3928,0.67,0.668,0.801,0.563,6.2405,23386.54719838465,29.76988823142669,12.619888944977284,1
4103107,13299.0,57.6735,23.1897,1328.2,3.2201,5.01,39.1398,0.4098,0.64,0.679,0.816,0.473,6.9403,21078.8029175126,16.107016768301914,22.558087074216107,1
4103156,3980.0,37.5879,19.1206,1545.13,1.9026,8.65,0.5844,0.4275,0.697,0.64,0.805,0.656,3.593,29062.81407035176,22.597073735727797,50.25125628140704,1
4103206,6581.0,87.9198,20.6048,1387.3,3.2372,9.21,1.3115,0.3679,0.686,0.692,0.82,0.57,2.0992,23897.43200121562,20.390079162212825,15.1952590791673,1
4103222,3202.0,54.2786,17.8326,1788.27,0.7097,4.09,0.6774,0.4114,0.742,0.704,0.836,0.695,1.0618,93708.93191755153,16.34248791666454,0.0,0
4103305,7735.0,85.1584,17.66,1549.47,4.0461,8.57,0.4912,0.4466,0.717,0.695,0.838,0.633,6.3736,31761.215255332903,23.132502736424048,0.0,0
4103354,4854.0,67.9646,19.1595,1317.26,0.4452,9.69,0.1611,0.3633,0.701,0.689,0.797,0.627,3.5501,49758.137618459004,14.138371960934515,0.0,0
4103370,3708.0,87.6214,20.5771,1443.73,1.0579,9.62,0.8427,0.4046,0.681,0.68,0.813,0.572,6.8938,74419.90291262136,12.740691873170327,53.93743257820928,1
4103404,2627.0,82.8702,19.2234,1490.03,6.261,9.9,0.6944,0.4129,0.693,0.683,0.811,0.602,3.6544,43414.16063951275,14.13885898815931,38.06623524933384,1
4103453,18997.0,90.3301,23.3511,1712.31,1.8486,5.09,80.1358,0.372,0.748,0.723,0.835,0.692,2.4484,102607.0432173501,69.10412362133691,47.37590145812496,1
4103479,4473.0,82.4055,19.07,1393.28,0.8364,11.82,0.8671,0.3976,0.692,0.686,0.792,0.611,3.5874,33307.17639168343,13.33663295487072,44.7127207690588,1
4103503,8710.0,85.442,20.3904,1415.61,3.3673,6.72,15.6358,0.3909,0.722,0.718,0.821,0.638,4.1009,29070.60849598163,61.4171784764873,0.0,0
4103602,23212.0,95.0672,19.6149,1436.07,4.0622,4.54,94.1169,0.4392,0.721,0.711,0.818,0.645,5.8072,35285.02498707565,63.39426414640874,4.308116491469929,0
4103701,107208.0,97.6839,21.2717,1753.93,4.3002,4.09,94.1492,0.4298,0.734,0.724,0.84,0.651,4.6219,46917.22632639355,216.41786525359572,0.9327662114767556,0
4103800,9460.0,86.6913,20.6342,1624.96,1.4925,7.59,14.5042,0.3984,0.725,0.702,0.835,0.651,3.0348,29620.61310782241,57.40778949668054,10.570824524312895,0
4103909,15723.0,87.5914,20.8421,1619.88,3.1979,8.77,1.9097,0.4445,0.704,0.677,0.829,0.623,3.9648,36785.15550467468,19.73728807176374,25.440437575526303,1
4103958,3936.0,39.2785,23.2978,1316.21,12.952,5.95,0.5076,0.4835,0.63,0.598,0.792,0.527,9.0193,38203.760162601626,8.777407096854763,0.0,0
4104006,47825.0,87.1281,23.0716,1514.06,5.8743,3.28,77.6865,0.3819,0.718,0.712,0.86,0.605,5.122,45499.71772085729,88.68881491715268,37.63721902770517,1
4104055,4027.0,61.634,20.437,1444.58,4.1832,11.3,0.6152,0.4036,0.681,0.69,0.813,0.562,5.5169,55788.676434070025,9.282395028490292,0.0,0
4104105,7508.0,64.6244,23.5216,1119.38,2.0807,5.54,30.6098,0.3904,0.686,0.661,0.806,0.606,9.76,34798.88119339371,24.657786185334068,13.319126265316994,1
4104204,136327.0,89.1482,21.499,1755.14,5.1009,2.88,70.6152,0.4149,0.745,0.73,0.854,0.664,4.7244,42054.67002134574,109.60638758887173,37.41005083365731,1
4104253,30160.0,85.0663,22.6227,1402.36,3.5391,4.54,50.3634,0.3808,0.701,0.685,0.828,0.607,4.9172,17957.592838196288,109.5325256399082,19.893899204244036,1
4104303,99432.0,96.7958,21.9607,2064.25,3.0629,4.13,87.9894,0.458,0.757,0.749,0.841,0.689,4.0421,51767.13734009172,132.6401978557622,18.102824040550324,1
4104402,15244.0,36.3553,20.8082,1245.36,3.0335,12.22,24.9463,0.5041,0.629,0.643,0.783,0.494,15.8845,27659.21018105484,10.094294644276102,13.119916032537391,1
4104428,14973.0,55.5867,22.1332,1389.16,1.9716,7.23,35.1514,0.4525,0.635,0.655,0.778,0.503,6.9525,56772.0563681293,9.89598410614935,13.357376611233557,1
4104451,10933.0,75.2858,21.7964,1380.05,4.8455,8.89,45.4545,0.4544,0.635,0.638,0.768,0.522,8.7858,30727.52218055429,19.246409672319885,45.7331016189518,1
4104501,20481.0,71.4076,20.0674,1827.28,1.6528,4.4,44.1813,0.4268,0.706,0.719,0.801,0.611,4.0464,54035.05688198818,48.90342760950801,4.882574093061862,0
4104600,14648.0,81.5333,19.757,1698.36,2.7752,7.07,2.6786,0.3981,0.716,0.712,0.829,0.623,3.5756,85713.13489896232,52.30251764781496,6.8268705625341335,0
4104659,23283.0,80.14,24.1292,1600.57,2.6171,2.99,72.8458,0.4188,0.728,0.721,0.836,0.64,3.8993,67810.54846883993,35.837698309472835,34.35983335480823,1
4104709,16905.0,72.7359,20.9583,1441.28,1.2748,5.98,65.7661,0.4396,0.713,0.696,0.832,0.625,6.3868,27130.316474415853,37.448661772459225,11.830819284235432,0
4104808,348051.0,96.0029,23.6586,2217.32,2.8893,2.93,91.2763,0.4583,0.782,0.776,0.846,0.728,3.8378,45358.02224386656,166.436097186351,17.813481357617132,1
4104907,73075.0,78.0937,23.7427,1568.37,3.9916,4.67,68.7775,0.4634,0.703,0.704,0.823,0.6,6.336,49690.81081081081,28.8662506029027,6.842285323297981,0
4105003,10446.0,60.9516,22.9849,1376.45,1.7416,8.71,0.534,0.4647,0.678,0.677,0.805,0.573,9.5553,34075.339843002104,17.99728128375782,19.146084625694044,1
4105102,10832.0,85.709,17.716,1244.49,1.3179,10.53,21.9892,0.4011,0.668,0.686,0.791,0.549,8.2306,40666.45125553914,29.13127901160195,18.463810930576077,1
4105201,16134.0,39.2525,23.0321,935.0,3.0483,13.92,31.8719,0.4727,0.573,0.604,0.797,0.391,19.5001,25107.598859551257,12.02962446008728,24.792363951902814,1
4105300,11087.0,81.0499,20.5556,1771.19,2.0676,5.0,67.9674,0.3983,0.732,0.732,0.812,0.659,2.8168,85032.74104807433,9.39288912459832,18.039144944529628,1
4105409,21085.0,70.2917,21.622,1839.01,1.8738,5.79,56.8323,0.4487,0.74,0.74,0.817,0.671,5.8999,43124.06924353806,21.968805026204198,0.0,0
4105508,79527.0,91.6418,20.3981,1868.11,3.1867,3.8,60.8637,0.4118,0.755,0.747,0.841,0.685,3.026,38222.44017754976,97.98007798783982,12.574345819658731,1
4105607,11467.0,95.0641,21.8715,1589.25,2.1018,7.32,86.8756,0.4275,0.718,0.712,0.805,0.645,5.7824,37627.36548356152,28.450917391358285,8.720676724513822,0
4105706,15070.0,89.7213,21.9841,1590.88,3.3652,8.33,78.188,0.4913,0.694,0.718,0.813,0.573,6.7849,55605.83941605839,21.415528034162527,46.44990046449901,1
4105805,232212.0,95.2759,23.6435,1526.6,4.1097,3.18,85.1008,0.3939,0.733,0.715,0.87,0.632,5.305,24520.136771570807,1175.2808988764043,17.2256386405526,1
4105904,22896.0,93.0337,18.8898,1845.18,3.0238,4.99,88.7741,0.4185,0.73,0.747,0.804,0.649,2.8231,34777.559399021666,56.17712872453186,13.10272536687631,1
4106001,8320.0,62.5,19.4471,1207.32,4.1602,12.18,0.4124,0.4757,0.668,0.655,0.809,0.562,14.9097,34328.966346153844,15.523459641803631,24.03846153846154,1
4106100,3461.0,69.4597,19.1563,1357.56,6.0587,7.34,70.6189,0.4279,0.707,0.675,0.806,0.65,7.7723,44040.73967061543,16.907256784152803,0.0,0
4106209,19128.0,64.6016,21.6959,1234.23,6.2546,2.9,51.8687,0.4612,0.681,0.697,0.816,0.555,12.9015,29149.780426599747,63.96532870514351,5.227938101212882,0
4106308,17470.0,87.8019,20.4293,1707.15,1.9058,4.93,61.5864,0.4073,0.738,0.728,0.807,0.683,3.5118,60914.539210074414,33.01602420545152,11.448196908986835,0
4106407,45206.0,96.2151,19.2939,1919.99,3.9993,4.5,90.8367,0.435,0.759,0.746,0.848,0.692,3.6354,40087.64323319913,71.17934183593135,8.848382958014422,0
4106456,5649.0,35.8825,22.5704,1162.7,3.291,13.02,11.9641,0.4522,0.6,0.609,0.792,0.447,10.902,57305.009736236505,3.7318929860362857,35.40449637103912,1
4106506,23331.0,76.0876,20.7364,1923.36,1.801,3.85,44.1587,0.4322,0.723,0.714,0.81,0.653,3.4907,38031.33170459903,34.09962861790614,21.43071450002143,1
4106555,3760.0,66.1702,17.2606,1219.96,2.7306,11.97,56.6076,0.3893,0.638,0.632,0.79,0.52,7.2684,23319.94680851064,22.87925715433154,0.0,0
4106571,4133.0,66.0053,19.308,1665.75,2.394,7.2,0.905,0.391,0.709,0.703,0.792,0.641,2.9811,42867.89257198161,25.534096946781823,24.195499637067503,1
4106605,23831.0,89.5808,20.7209,1571.31,4.3799,6.77,62.4684,0.4374,0.717,0.698,0.825,0.64,5.294,36060.929042004114,30.71068475638673,20.981075070286604,1
4106704,4494.0,80.9301,17.49,1407.88,3.8298,6.94,0.7519,0.4282,0.713,0.682,0.828,0.641,4.5191,45694.48153093013,17.344453750053066,0.0,0
4106803,15978.0,35.8243,21.4608,1245.38,2.2442,4.07,15.2939,0.4709,0.664,0.635,0.845,0.545,11.8838,31610.088872199274,10.807995400277337,12.51721116535236,1
4106852,2892.0,59.0249,17.1508,1308.84,3.6203,11.66,1.3011,0.3511,0.666,0.65,0.768,0.593,5.6708,52270.05532503458,9.260356261147171,34.57814661134164,1
4106902,1773718.0,100.0,21.2527,3137.92,3.9094,1.61,97.1654,0.5215,0.823,0.85,0.855,0.768,4.9291,55251.44977950272,4074.917810957161,15.22226193791798,1
4107009,13647.0,75.9581,21.0376,1174.71,9.0739,10.88,4.2823,0.4117,0.656,0.649,0.795,0.546,7.221,20226.350113578075,23.681895245747167,21.982853374367995,1
4107108,5142.0,82.886,18.6309,1508.14,3.5481,7.71,57.1807,0.3781,0.723,0.699,0.824,0.657,4.71,57994.36017113963,21.17033847015279,0.0,0
4107124,3171.0,44.6547,20.1198,1190.65,2.439,14.65,0.6762,0.4336,0.608,0.605,0.777,0.479,10.6591,23568.590350047303,9.132196536619505,0.0,0
4107157,4557.0,52.9734,20.9568,1469.26,4.6059,9.37,2.4303,0.4201,0.644,0.647,0.776,0.532,8.7951,28095.45753785385,14.742324738766134,0.0,0
4107207,44869.0,80.9401,24.0277,2032.62,1.9153,2.95,57.8671,0.4137,0.767,0.747,0.85,0.711,2.7269,45163.63190621587,107.17595688979765,11.14355122690499,0
4107256,9161.0,80.2096,19.5284,1609.13,1.5245,7.17,1.8203,0.4026,0.724,0.721,0.818,0.644,3.3839,91827.09311210566,21.780582210345123,43.6633555288724,1
4107306,6327.0,90.3904,18.097,1607.28,4.1362,4.7,41.9074,0.3689,0.746,0.704,0.839,0.702,2.4972,31668.247194562984,53.489453438728496,0.0,0
4107405,5999.0,36.6561,18.1197,2211.98,1.8088,5.83,1.9937,0.5191,0.752,0.767,0.835,0.664,4.1178,51895.48258043007,31.211791699401157,0.0,0
4107504,12454.0,90.8624,18.5402,1697.37,2.2051,8.88,18.0283,0.4568,0.73,0.701,0.82,0.677,5.7242,45495.904930142926,26.63125526573519,0.0,0
4107520,1849.0,64.4132,17.0362,1417.1,1.1338,10.23,0.8463,0.3484,0.689,0.69,0.799,0.594,2.4878,35281.77393185506,13.086930056764292,0.0,0
4107538,4575.0,73.4863,20.3934,2240.05,2.0622,3.66,1.6949,0.4047,0.761,0.778,0.826,0.686,1.6849,68446.55737704918,37.82023196408938,21.85792349726776,1
4107546,4797.0,47.4046,20.3252,1363.45,1.7474,11.5,0.173,0.5204,0.636,0.632,0.781,0.521,13.1206,33940.17094017094,14.694890332067148,0.0,0
4107553,3039.0,69.9572,19.151,1519.69,4.3387,11.84,0.9675,0.4582,0.715,0.671,0.818,0.665,3.6903,70987.82494241527,10.507136139846212,0.0,0
4107603,16389.0,88.8767,21.0873,1452.98,2.8132,8.62,38.5522,0.4538,0.687,0.697,0.796,0.584,7.5064,30515.711757886387,22.891487171464767,12.203307096223076,1
4107652,148873.0,98.5028,24.23,1448.37,4.7422,2.41,90.9963,0.3804,0.72,0.713,0.847,0.617,5.5521,22317.12936529794,1275.9303381957182,24.181685060420627,1
4107702,4492.0,88.3126,18.7222,1434.14,1.0521,9.77,1.0716,0.4318,0.716,0.669,0.825,0.665,7.1477,47386.91006233304,19.188463000696288,0.0,0
4107736,6255.0,45.6914,21.9664,1162.7,5.2653,6.1,5.3629,0.4205,0.645,0.647,0.791,0.525,9.2246,40581.61470823341,15.387453874538746,0.0,0
4107751,8062.0,84.9541,20.1687,1371.25,6.8312,10.47,42.9396,0.4161,0.677,0.68,0.801,0.569,5.929,20031.257752418755,62.125777342816846,12.403870007442322,1
4107801,4792.0,94.3239,15.6093,1468.8,1.8828,6.39,21.6244,0.3444,0.745,0.739,0.853,0.656,2.6145,49928.42237061769,25.071547037926468,0.0,0
4107850,4364.0,47.319,19.8442,1957.58,2.0082,8.7,1.6,0.5009,0.682,0.68,0.833,0.56,4.7356,41852.19981668195,17.065473699852575,22.914757103574704,1
4107900,10458.0,97.533,20.5489,1457.38,2.6885,5.85,2.8151,0.3804,0.736,0.707,0.816,0.691,4.4385,25925.03346720214,66.05024820948123,0.0,0
4108007,11446.0,93.8319,20.1817,1226.32,3.1086,8.71,53.5647,0.4225,0.701,0.682,0.807,0.625,11.2528,34971.605801153244,46.3676763093825,17.473353136466887,1
4108106,2652.0,91.9306,18.552,903.94,1.5692,9.0,92.0455,0.4212,0.732,0.707,0.816,0.679,19.4193,30381.975867269983,31.93410880716711,0.0,0
4108205,7635.0,73.0059,16.516,1600.27,2.5261,6.96,0.4977,0.3934,0.723,0.692,0.836,0.652,2.8815,48561.4931237721,27.67296965215784,0.0,0
4108304,285415.0,99.4352,23.785,1910.76,4.1281,3.8,79.3336,0.4951,0.751,0.748,0.858,0.661,7.4636,66461.21962755987,468.5140317010072,27.32862673650649,1
4108320,8116.0,83.4771,23.4845,1363.92,3.2589,7.81,50.1572,0.3952,0.669,0.669,0.786,0.57,4.9833,35798.91572203056,25.21295565676084,36.96402168555939,1
4108403,96666.0,87.4547,23.366,2277.74,1.8557,3.39,70.6224,0.4668,0.774,0.758,0.844,0.726,4.3742,38219.63254918999,131.49850838852907,13.448368609438688,1
4108452,4926.0,75.4162,21.9854,1270.58,4.9443,7.03,1.516,0.4406,0.645,0.654,0.828,0.496,10.5359,37361.75395858709,20.985545279104343,0.0,0
4108502,11062.0,76.7583,23.5762,1246.29,6.3445,8.23,54.9153,0.4371,0.652,0.638,0.816,0.532,10.39,40270.47550171759,10.326900258872667,36.15982643283312,1
4108551,2977.0,53.6782,15.2838,1320.61,2.4372,16.91,0.0845,0.4309,0.675,0.642,0.828,0.578,8.129,24328.518642929124,22.72310933349617,0.0,0
4108601,28437.0,92.6891,19.6645,1577.15,4.0766,6.6,58.1266,0.4511,0.731,0.72,0.85,0.639,5.8954,37780.70823223265,50.37948042008588,7.033090691704469,0
4108650,6566.0,37.6485,23.2714,1183.13,1.6267,7.87,0.3471,0.481,0.641,0.593,0.813,0.547,10.8434,47082.69875114225,9.340516303226789,0.0,0
4108700,5641.0,60.6275,18.0996,1258.21,2.0784,12.2,0.33,0.4484,0.658,0.649,0.799,0.55,8.6871,30620.10281864917,18.086562847679783,0.0,0
4108809,32097.0,89.3915,21.4132,1631.65,4.3676,5.82,55.2593,0.4648,0.724,0.739,0.836,0.615,9.7258,35515.28180203757,56.935619485509335,24.924447767704144,1
4108908,6587.0,84.9097,21.2388,1274.78,1.3107,10.7,0.7404,0.3691,0.693,0.698,0.829,0.574,4.2204,41557.00622438136,13.335627809045633,45.54425383330803,1
4108957,7856.0,31.53,20.9776,1305.12,1.7368,5.01,0.2148,0.4162,0.669,0.657,0.804,0.568,6.6641,37559.19042769857,32.09215874507241,0.0,0
4109005,4626.0,77.6697,19.866,1337.57,3.2875,7.68,69.422,0.4738,0.702,0.666,0.805,0.645,11.3563,38251.621271076525,24.46324695928081,43.23389537397319,1
4109104,2191.0,80.6481,19.7627,1850.26,3.2415,11.07,0.12,0.4235,0.719,0.686,0.808,0.671,1.4672,35663.623916020086,10.89236887894606,0.0,0
4109203,4748.0,82.2662,18.5762,1709.29,2.7176,7.44,0.7713,0.3576,0.698,0.693,0.821,0.598,2.0317,47148.90480202191,22.430083144368854,21.061499578770007,1
4109302,13735.0,58.8497,19.9927,1490.34,0.5168,7.46,34.4624,0.4613,0.677,0.698,0.841,0.528,8.9654,37278.04878048781,11.091640286840237,14.561339643247178,1
4109401,182093.0,93.1425,23.9174,1703.75,3.6217,3.7,81.587,0.463,0.731,0.73,0.853,0.628,5.6653,45630.66125551229,57.48193558366453,12.630908381980635,1
4109500,7430.0,36.9314,20.2961,974.13,4.1918,8.03,29.7633,0.4774,0.587,0.587,0.792,0.434,19.1812,15902.018842530282,3.694023487625519,0.0,0
4109609,42062.0,91.648,19.0885,1685.43,3.1649,3.58,70.6296,0.4915,0.717,0.737,0.828,0.604,9.5645,23349.46032047929,31.704945464961146,23.774428225001188,1
4109658,4941.0,46.185,19.3281,1708.91,0.9208,7.72,3.3239,0.4531,0.683,0.645,0.807,0.612,4.575,60422.18174458612,9.839297449071031,0.0,0
4109708,28830.0,81.6164,21.0059,1437.92,3.2602,7.85,30.9604,0.4249,0.71,0.738,0.813,0.596,6.6339,30469.44155393687,32.09677796444305,31.21748178980229,1
4109757,6218.0,83.8372,21.5986,1329.26,4.3776,10.47,0.4681,0.3967,0.685,0.664,0.786,0.615,3.8276,29324.702476680606,42.75126163662115,16.08234158893535,1
4109807,51603.0,98.1319,20.6073,1651.74,5.2367,5.73,95.9278,0.4389,0.726,0.72,0.821,0.647,5.8986,64209.32891498556,173.31448032188942,21.316590120729416,1
4109906,8991.0,79.1569,20.1535,1338.6,3.2096,9.84,0.6897,0.3822,0.666,0.673,0.792,0.554,4.6676,27755.533311088868,13.3152656833126,11.122233344455568,0
4110003,5338.0,91.0266,20.1948,1388.72,1.3688,5.73,9.0445,0.3792,0.758,0.714,0.833,0.732,4.6647,39809.85387785688,32.354848681379295,18.733608092918697,1
4110052,2144.0,71.9216,19.2164,1480.17,3.2978,10.06,2.657,0.4053,0.703,0.672,0.812,0.637,4.3925,39177.23880597015,20.049187839569093,46.64179104477612,1
4110078,14249.0,67.0433,24.1771,1176.57,4.3871,10.18,44.538,0.4114,0.622,0.636,0.785,0.481,9.1113,19380.728472173487,43.082960929326894,28.07214541371324,1
4110102,29924.0,72.9014,24.1378,1254.07,3.2246,4.66,58.1152,0.453,0.66,0.681,0.828,0.509,11.9661,43135.61021253843,39.55401931173046,3.34179922470258,0
4110201,9670.0,63.5471,23.6608,1124.11,2.9259,7.58,39.405,0.4456,0.6,0.623,0.765,0.454,7.9367,27477.662874870734,10.324082229660116,20.682523267838675,1
4110300,2536.0,94.4401,16.7192,1139.89,4.5579,11.55,2.6104,0.4195,0.705,0.676,0.807,0.641,11.9479,22993.690851735017,13.02489933437423,0.0,0
4110409,4448.0,82.1942,19.8291,1380.22,0.6533,6.74,1.1998,0.3432,0.724,0.707,0.835,0.642,2.8777,114083.63309352518,36.27407806103309,0.0,0
4110508,14142.0,36.6638,23.158,1507.37,2.7922,3.93,32.4379,0.4345,0.652,0.684,0.828,0.489,4.0266,43500.91924763117,15.700755283822629,0.0,0
4110607,15746.0,85.3804,19.9479,1543.14,3.1317,6.4,39.8021,0.4097,0.706,0.696,0.829,0.611,3.8073,37918.3284643719,24.303358265395264,50.80655404547187,1
4110656,2343.0,82.8852,18.7793,1353.34,0.2836,11.47,2.3095,0.3707,0.707,0.672,0.836,0.63,4.4388,82956.03926589842,28.735068311707423,42.680324370465215,1
4110706,59250.0,82.4388,21.2422,1765.52,3.1675,2.09,74.8171,0.439,0.726,0.715,0.835,0.64,4.5736,38585.83966244726,59.27863157905268,21.940928270042196,1
4110805,10684.0,64.4141,21.097,1310.73,1.9912,12.92,3.5895,0.3925,0.665,0.696,0.811,0.521,4.7866,33148.91426432048,18.728778054163403,37.43916136278548,1
4110904,4481.0,78.2191,19.2591,1391.9,2.2694,5.43,6.4958,0.4483,0.707,0.672,0.791,0.664,12.2153,27176.523097522877,23.05598575787356,44.63289444320464,1
4110953,11485.0,70.6748,22.8733,1555.62,1.6156,6.5,34.6602,0.3951,0.738,0.779,0.848,0.608,4.918,45692.9908576404,34.714036137659214,0.0,0
4111001,5908.0,84.9018,18.6188,1287.62,2.0356,11.11,71.1081,0.4316,0.694,0.664,0.789,0.639,8.8441,37850.71090047393,28.493985781944804,16.926201760324982,1
4111100,6111.0,95.1726,19.4731,1536.99,1.6993,6.71,66.838,0.3478,0.746,0.691,0.854,0.703,3.3219,37364.26116838488,25.063365898073183,0.0,0
4111209,12344.0,73.8577,21.4031,1613.14,1.7973,4.78,2.1841,0.4353,0.731,0.713,0.828,0.661,6.9697,61002.43033052495,48.59574669112726,8.101101749837978,0
4111258,31217.0,82.9996,25.3516,1035.18,1.7513,7.55,58.564,0.3773,0.637,0.654,0.779,0.507,10.2284,20082.871512317008,96.64975185067075,28.83044494986706,1
4111308,3572.0,81.8029,19.5969,1251.41,7.3566,12.97,0.7616,0.3841,0.656,0.651,0.798,0.543,4.4513,24566.069428891376,27.71785520291767,0.0,0
4111407,13229.0,49.5276,22.5867,1289.23,1.4912,4.5,36.8019,0.4438,0.651,0.654,0.791,0.534,9.2884,37622.42043994255,21.763664600360617,37.79575175750246,1
4111506,32720.0,90.3851,19.4438,1764.64,2.5679,7.11,13.7539,0.4909,0.73,0.711,0.827,0.661,5.166,28967.634474327628,74.83064763272606,9.16870415647922,0
4111555,6831.0,83.0479,18.094,1318.3,2.9147,8.33,43.2003,0.3663,0.706,0.684,0.803,0.641,4.9041,29853.608549260724,16.65463872282741,14.639145073927684,1
4111605,2708.0,85.8936,18.5007,1780.15,1.9202,6.36,32.5516,0.395,0.766,0.718,0.837,0.748,3.3867,53025.48005908419,28.083420618706377,0.0,0
4111704,5427.0,64.9162,19.5688,1482.44,3.4221,8.0,13.6364,0.4348,0.718,0.699,0.827,0.64,6.0439,29491.615994103555,38.96551476553918,0.0,0
4111803,40375.0,93.3251,20.9882,1591.93,7.1803,6.66,86.5976,0.466,0.743,0.734,0.844,0.663,7.2985,39579.66563467492,67.00933400605449,17.337461300309595,1
4111902,15122.0,92.2431,22.378,1517.31,3.7914,6.19,91.3912,0.3596,0.715,0.714,0.834,0.615,3.229,69394.39227615394,31.835521385083076,19.83864568178812,1
4112009,35141.0,89.0982,22.3557,1418.37,3.1479,4.23,81.5412,0.4412,0.743,0.698,0.859,0.684,8.2921,50905.011240431406,24.27181448407285,22.765430693491933,1
4112108,21408.0,92.4187,20.1887,1763.44,2.511,4.79,56.814,0.4006,0.747,0.741,0.801,0.703,3.5404,36909.33295964126,114.11513859275054,23.35575485799701,1
4112207,5870.0,68.075,18.8075,1208.61,4.8753,11.37,1.0804,0.3719,0.696,0.688,0.826,0.593,6.3269,41215.672913117545,17.428741092636578,34.07155025553663,1
4112306,4972.0,60.1569,19.0668,1339.86,3.313,7.47,6.7103,0.4342,0.696,0.675,0.827,0.603,7.5825,32867.65888978278,26.474691430336208,0.0,0
4112405,9144.0,93.3618,19.2695,1684.55,3.7985,4.57,63.9113,0.3561,0.712,0.698,0.829,0.623,1.8373,35124.45319335083,55.356115870085056,0.0,0
4112504,12004.0,67.7441,18.7854,1312.61,5.4215,10.47,18.2972,0.412,0.689,0.696,0.827,0.569,9.4758,31164.52849050317,29.03823545064419,8.330556481172943,0
4112603,1343.0,69.248,17.8704,1120.71,4.5855,9.74,2.4194,0.3835,0.682,0.669,0.791,0.6,9.1586,42475.05584512286,10.45014200676964,0.0,0
4112702,11813.0,93.7188,22.0435,1263.41,2.2948,7.19,90.493,0.4018,0.687,0.669,0.845,0.574,8.3156,23929.23050876153,74.21251680508612,16.930500296283753,1
4112751,10506.0,80.5635,18.0373,1610.56,2.0876,6.2,1.3992,0.3898,0.705,0.68,0.839,0.615,2.2961,42068.53226727584,42.44917089569124,9.518370454978108,0
4112801,11945.0,78.9703,21.7832,1481.83,1.803,4.3,80.1556,0.4391,0.7,0.699,0.801,0.613,5.0599,57009.376308078696,41.30745263216137,16.74340728338217,1
4112900,3333.0,62.9163,19.3219,1278.67,1.3992,8.41,2.0783,0.5063,0.688,0.66,0.817,0.605,11.1311,38421.842184218425,10.389132711585455,30.003000300030006,1
4112959,7771.0,83.6572,20.7052,1524.76,1.4687,7.03,1.2969,0.3937,0.708,0.678,0.818,0.639,2.9855,56740.5739287093,21.92942849725141,0.0,0
4113007,6690.0,92.003,19.6562,1489.41,4.2034,5.82,92.3878,0.3474,0.718,0.716,0.835,0.619,3.2775,60557.997010463376,31.725858234259185,14.947683109118088,1
4113106,4582.0,76.7569,17.5469,1400.13,1.1337,9.5,0.8562,0.3891,0.721,0.673,0.848,0.657,3.3554,36152.33522479267,23.704209540659807,0.0,0
4113205,45003.0,61.027,21.1808,1508.11,3.0171,3.51,56.5682,0.4458,0.706,0.696,0.848,0.595,6.9869,63133.102237628606,21.492851237834067,13.332444503699753,1
4113254,5600.0,41.6786,22.5179,1001.65,3.8152,13.77,0.5297,0.392,0.585,0.581,0.79,0.436,10.9464,20181.42857142857,10.01002790295278,71.42857142857143,1
4113304,32227.0,84.3485,22.9497,1801.68,3.3062,5.74,44.7517,0.4976,0.706,0.709,0.835,0.594,6.8601,31890.30936792131,47.77314611671786,18.61792906569026,1
4113403,3752.0,66.0181,16.258,1313.79,1.9608,6.91,0.7072,0.4018,0.707,0.657,0.812,0.663,6.7218,60600.213219616206,10.877947802086291,0.0,0
4113429,3938.0,69.68,17.0391,1256.59,0.1304,10.58,0.7171,0.4155,0.68,0.657,0.802,0.598,8.6957,31914.931437277806,26.00095077118107,0.0,0
4113452,5175.0,61.9903,18.9758,1258.41,3.8171,7.49,2.8769,0.3534,0.666,0.652,0.769,0.588,6.8692,38815.65217391304,14.909548737658206,57.971014492753625,1
4113502,23225.0,92.7966,20.9774,1760.13,3.4342,5.82,73.3684,0.4366,0.725,0.724,0.815,0.645,4.5616,30051.66846071044,32.14546219569078,25.83423035522067,1
4113601,4601.0,92.3278,19.4306,1604.37,0.6718,5.36,93.1949,0.4277,0.744,0.708,0.841,0.692,5.4336,46851.554009997824,19.098894165310664,0.0,0
4113700,555965.0,97.1933,21.8692,2332.51,3.6779,2.91,92.7829,0.5042,0.778,0.789,0.837,0.712,5.5317,42455.36679467233,336.42468181358845,11.511516012698642,0
4113734,6690.0,74.4843,20.2392,1271.33,2.2656,11.67,0.9384,0.4168,0.668,0.659,0.781,0.58,4.5482,81742.60089686098,7.296810017898453,14.947683109118088,1
4113759,4872.0,78.5304,17.6519,1265.28,2.1945,12.07,29.9262,0.3999,0.69,0.655,0.826,0.607,7.2044,29189.244663382597,24.45623528584982,0.0,0
4113809,4813.0,93.4137,20.1122,1332.01,4.9333,7.82,0.535,0.3925,0.71,0.703,0.856,0.595,6.3244,27321.42115104924,39.7551748632977,20.77706212341575,1
4113908,13428.0,60.8058,21.6116,1481.24,2.7511,3.0,27.2432,0.4423,0.708,0.681,0.809,0.645,9.238,56478.77569258266,17.663215052405604,0.0,0
4114005,13452.0,80.8058,19.774,1688.63,3.9531,6.99,64.8499,0.4606,0.719,0.698,0.821,0.649,5.3412,58963.49985132322,17.069744600989008,22.30151650312221,1
4114104,31457.0,95.9023,22.491,1651.0,2.6159,4.04,37.8835,0.3943,0.718,0.717,0.825,0.625,2.3304,21862.637886638902,106.98968434012768,34.96836952029755,1
4114203,36716.0,95.4325,20.5769,1604.93,2.6877,5.62,68.7422,0.391,0.751,0.732,0.84,0.689,3.4599,49997.43980825798,109.33433388721136,49.02494825144351,1
4114302,27439.0,45.2713,21.874,1269.58,2.4512,3.78,20.5547,0.4512,0.655,0.677,0.807,0.515,12.3988,24236.05087648967,72.36423958077847,10.93334305186049,0
4114351,2770.0,28.9892,19.0253,1680.04,1.6794,8.13,0.1936,0.4186,0.645,0.642,0.805,0.52,3.0708,29412.274368231047,12.837208440116973,72.20216606498195,1
4114401,16603.0,60.0072,22.3273,1500.51,2.2263,8.42,46.3476,0.4563,0.688,0.695,0.811,0.579,7.7373,106804.07155333374,15.730611734431877,18.069023670421007,1
4114500,14240.0,58.6306,22.0857,1828.41,1.3883,7.23,13.9704,0.4955,0.716,0.725,0.806,0.628,11.4063,37323.59550561798,24.932809230742293,14.04494382022472,1
4114609,55836.0,86.0807,21.7011,2069.05,2.9236,2.59,29.0697,0.4218,0.774,0.782,0.842,0.704,3.2401,52363.152804642166,74.87247702977413,10.74575542660649,0
4114708,5865.0,73.4527,18.5337,1434.22,4.2258,8.55,0.6585,0.4234,0.703,0.68,0.842,0.607,6.7065,22922.9326513214,12.062341636776466,34.10059676044331,1
4114807,41851.0,87.0158,20.1214,1696.15,2.974,4.33,71.145,0.3894,0.735,0.733,0.814,0.666,3.9603,63425.79627726936,88.01601706018806,19.11543332297914,1
4114906,8677.0,79.6358,20.8136,1533.15,2.7139,6.76,24.6973,0.4263,0.691,0.664,0.831,0.599,4.2566,53755.09968883255,22.571431544336463,0.0,0
4115002,7253.0,79.5533,20.0331,1287.26,3.3296,8.62,24.7741,0.35,0.681,0.651,0.828,0.585,6.1492,24057.631324968977,31.21409174438271,0.0,0
4115101,9847.0,85.884,20.4022,1300.28,1.5635,11.32,61.8503,0.4116,0.639,0.653,0.794,0.504,5.4264,28877.72925764192,22.732414525474987,50.77688636132832,1
4115200,409657.0,99.3983,21.9276,2646.96,3.0468,1.9,95.0549,0.4684,0.808,0.806,0.852,0.768,3.3785,55304.164215429,841.1398980752567,10.252479513348971,0
4115309,6371.0,73.3637,18.7255,2076.62,1.9387,4.53,6.3302,0.5097,0.698,0.717,0.804,0.591,5.8731,69048.97190393973,27.656110954355043,31.39224611520954,1
4115358,6555.0,66.4989,18.0473,1580.45,1.1058,3.83,1.4643,0.3686,0.758,0.736,0.866,0.684,2.2759,72938.21510297483,23.097821299327325,0.0,0
4115408,15901.0,70.9264,21.3068,2013.84,1.2395,4.39,41.2083,0.495,0.722,0.73,0.842,0.613,5.2035,39941.13577762405,41.02298174463122,31.444563235016663,1
4115457,4504.0,32.8153,19.3606,1563.73,0.8643,7.33,0.6914,0.4797,0.614,0.615,0.814,0.463,6.7052,24745.5595026643,8.684117166170504,0.0,0
4115507,4699.0,90.0192,19.3658,1424.62,3.3515,6.72,0.4992,0.3992,0.721,0.705,0.826,0.643,6.129,22015.53522025963,22.54041348875138,42.562247286656735,1
4115606,18450.0,77.2575,23.2141,1633.1,1.7442,6.38,62.6211,0.3691,0.725,0.715,0.831,0.642,4.1601,59423.63143631436,28.86384400695861,16.260162601626018,1
4115705,39259.0,99.134,18.9638,1729.34,3.5905,2.92,82.7582,0.4995,0.743,0.743,0.834,0.662,7.6023,22726.814233678902,334.17887452225506,50.94373264729106,1
4115739,3267.0,28.0992,19.7735,1179.56,0.8035,11.54,1.063,0.4233,0.632,0.58,0.812,0.536,8.7611,37706.45852464034,8.280676141159294,30.609121518212422,1
4115754,9383.0,87.6159,22.4555,1055.56,3.7047,10.37,6.7858,0.4134,0.652,0.661,0.793,0.529,12.6505,39827.13417883407,86.61977031867362,10.65757220505169,0
4115804,54369.0,91.5779,24.4551,2049.11,1.7449,3.22,38.4442,0.4251,0.763,0.762,0.849,0.686,4.4165,44916.03671209697,165.39004416971878,20.2321175669959,1
4115853,5931.0,58.1521,20.1821,1778.11,1.4581,3.11,3.1177,0.4119,0.74,0.708,0.843,0.68,2.5329,46907.94132524027,30.08582907231556,0.0,0
4115903,2238.0,66.8007,19.7498,1213.96,4.0256,9.19,0.1222,0.3725,0.68,0.656,0.8,0.599,5.8166,56584.0035746202,10.094358345210818,0.0,0
4116000,1966.0,84.944,18.3622,1212.39,1.8349,8.02,1.8642,0.3749,0.748,0.694,0.854,0.707,7.528,26614.445574771107,21.773318271424458,0.0,0
4116059,11064.0,61.2979,18.8449,1858.61,2.6461,4.59,1.984,0.3737,0.711,0.714,0.828,0.608,2.3036,42156.54374548084,34.10635733376079,18.076644974692694,1
4116109,11175.0,85.8434,18.0671,1204.28,1.8034,11.93,28.6541,0.4198,0.675,0.673,0.802,0.57,9.669,27395.43624161074,31.61468279227668,44.742729306487696,1
4116208,18309.0,56.3056,20.804,1394.05,3.4007,3.47,36.3677,0.4701,0.686,0.71,0.837,0.544,9.1977,21257.90594789448,26.74486546495661,10.923589491506908,0
4116307,3951.0,84.4596,18.8813,1704.22,0.6803,7.24,10.9973,0.4403,0.726,0.704,0.856,0.634,2.7665,34656.79574791192,28.835627435811357,0.0,0
4116406,3669.0,84.4099,18.1521,1612.61,2.7559,8.27,0.5865,0.3503,0.709,0.679,0.832,0.631,1.9079,27123.19433088035,19.750335093583967,0.0,0
4116505,1323.0,73.0915,20.1058,1455.89,3.0973,8.65,2.9167,0.4034,0.717,0.673,0.794,0.691,4.006,39248.677248677246,10.07831068316168,75.58578987150416,1
4116604,3280.0,80.9756,19.7561,1149.02,4.5627,9.14,18.1271,0.365,0.698,0.655,0.809,0.643,4.4512,29756.09756097561,25.332880224906543,0.0,0
4116703,13765.0,81.3004,18.9103,1730.42,1.9949,4.19,50.194,0.3959,0.733,0.726,0.844,0.642,2.7729,59553.57791500181,29.24728349786037,0.0,0
4116802,6790.0,66.2592,21.1487,1355.91,0.7776,12.57,16.0504,0.4474,0.658,0.646,0.792,0.558,6.0115,51264.65390279824,12.223486375943311,29.455081001472752,1
4116901,26585.0,93.0036,19.7329,1663.04,4.9839,5.56,62.4987,0.4111,0.722,0.723,0.829,0.628,4.6071,35477.93868722964,66.19985208684544,22.56911792364115,1
4116950,5597.0,39.5212,21.8331,2953.34,1.0068,7.24,0.7299,0.5991,0.714,0.714,0.805,0.633,2.6085,29442.915847775595,26.847730150811618,0.0,0
4117008,7225.0,89.301,18.8927,1230.27,9.5634,9.67,0.622,0.4404,0.688,0.681,0.819,0.584,8.5952,43588.65051903114,25.491932553109663,13.84083044982699,1
4117057,12074.0,25.3271,23.5547,1149.47,1.5447,7.4,20.0698,0.55,0.642,0.614,0.833,0.517,23.5133,25532.88056981945,9.984181101170664,24.846778201093255,1
4117107,12923.0,92.2541,20.8311,1559.23,2.1357,5.27,87.7946,0.4076,0.758,0.735,0.856,0.691,4.5447,34274.936160334284,47.97152073766932,23.214423895380328,1
4117206,5833.0,91.1023,18.8068,1373.96,3.1284,7.3,37.7984,0.4125,0.71,0.699,0.813,0.631,5.2252,18722.26984399109,42.78055256074574,0.0,0
4117214,4184.0,88.3126,21.0086,1183.28,1.6639,17.49,0.625,0.3961,0.68,0.668,0.799,0.588,4.9474,26467.97323135755,54.41752181773251,23.90057361376673,1
4117222,8322.0,77.3492,18.9137,1713.57,1.3676,2.8,2.3518,0.3708,0.731,0.732,0.809,0.66,1.0018,52841.50444604662,40.66156890528425,0.0,0
4117255,12699.0,65.9343,21.4663,2106.68,0.6798,5.94,7.8184,0.4893,0.716,0.711,0.798,0.646,3.7819,38782.423812898654,36.0188901337342,0.0,0
4117271,6848.0,44.0859,19.2611,1473.55,1.1995,13.17,0.5098,0.4904,0.651,0.632,0.788,0.553,10.2349,27714.369158878504,12.549341562730216,29.20560747663551,1
4117297,3125.0,67.552,20.224,1568.06,2.5463,8.4,1.7256,0.3815,0.71,0.681,0.831,0.633,2.592,29250.24,19.36051446307873,0.0,0
4117305,24192.0,53.9848,21.255,1156.6,4.9933,11.54,41.2054,0.4712,0.609,0.632,0.811,0.441,15.9565,112699.65277777778,9.957522473575027,33.06878306878307,1
4117404,3187.0,94.7913,17.3204,1624.55,1.2102,7.15,1.4214,0.4067,0.72,0.721,0.803,0.644,3.326,52304.98901788516,18.06105736808401,31.377470975839344,1
4117453,6785.0,74.4436,20.6338,1323.87,3.1289,5.9,8.789,0.3728,0.709,0.688,0.817,0.634,5.1808,46959.76418570376,23.153677629827808,14.738393515106852,1
4117503,45962.0,98.7816,21.9529,1423.93,3.3931,4.58,81.0295,0.3493,0.716,0.697,0.833,0.632,4.6822,23012.401549105783,268.18921804888583,15.229972586049346,1
4117602,48247.0,90.1154,24.729,1515.41,2.3314,5.69,74.3838,0.4794,0.66,0.687,0.827,0.505,7.3812,33505.19203266524,30.94069406376296,31.090015959541525,1
4117701,33855.0,64.5193,21.8638,1563.68,2.3592,2.7,61.1116,0.424,0.718,0.725,0.826,0.618,6.744,48501.727957465664,23.010325590499804,11.815093782306898,0
4117800,13033.0,56.9017,21.1156,1265.43,2.2509,9.24,33.8669,0.4945,0.639,0.647,0.791,0.511,13.2464,25384.56226501957,15.939641434506576,30.691322028696387,1
4117909,35011.0,91.4284,21.6132,2272.86,3.2275,3.4,59.4881,0.4684,0.768,0.76,0.864,0.689,1.9502,80426.58021764588,53.76068349819881,5.712490360172517,0
4118006,13245.0,92.4047,21.3741,1575.83,6.415,6.83,73.2449,0.3789,0.746,0.752,0.825,0.668,5.2695,28481.61570403926,64.74746289669737,45.300113250283125,1
4118105,9557.0,94.2764,20.4876,1362.04,4.0812,6.37,60.933,0.3997,0.717,0.689,0.839,0.638,5.6018,34061.10704195877,27.41293803477029,10.463534581981794,0
4118204,145829.0,95.7142,23.1538,1570.84,7.2579,2.76,80.9453,0.459,0.75,0.733,0.852,0.676,8.1239,93581.5784240446,177.2268660416753,43.20128369528695,1
4118303,2398.0,91.8265,18.5988,1089.81,1.1572,6.63,2.5303,0.3801,0.709,0.68,0.834,0.629,9.243,38374.06171809841,13.634683724235964,0.0,0
4118402,92001.0,96.6055,20.7606,1810.85,3.2596,4.62,79.7202,0.4475,0.763,0.75,0.844,0.703,5.4971,34562.64605819502,76.52299907008931,13.043336485472985,1
4118451,5733.0,71.0972,21.0361,1801.41,0.7283,2.49,1.6541,0.3763,0.747,0.745,0.807,0.694,2.9319,42470.43432757718,42.2787610619469,34.88574917146346,1
4118501,91836.0,95.0651,23.9307,2309.92,1.7303,2.83,79.2062,0.4684,0.782,0.778,0.845,0.728,5.4425,49523.999303105535,170.28393635583177,11.977873600766584,0
4118600,5666.0,46.8761,19.9612,1665.15,1.9659,4.3,1.9942,0.443,0.717,0.699,0.847,0.622,4.2534,77649.48817507942,13.445370174818288,0.0,0
4118709,6343.0,35.3303,20.8892,1462.14,1.8698,3.45,4.0852,0.4773,0.708,0.688,0.806,0.639,12.306,62545.16790162384,17.456949340995347,0.0,0
4118808,13346.0,89.0154,20.8152,1549.52,5.399,6.54,3.6963,0.4477,0.723,0.727,0.826,0.629,5.809,34034.84190019481,28.480945125204336,22.47864528697737,1
4118857,7189.0,80.4563,20.6287,1393.26,3.1958,5.62,27.6241,0.4018,0.713,0.684,0.83,0.638,7.1359,39210.32132424538,17.57486859797091,13.910140492418972,1
4118907,11878.0,88.6092,18.3112,1485.86,2.4394,8.45,1.8955,0.4087,0.7,0.704,0.804,0.607,4.155,30281.613066172755,50.29087244798591,8.418925745074928,0
4119004,6221.0,57.4827,18.4054,2376.5,0.6316,5.74,2.5844,0.4796,0.726,0.697,0.809,0.679,2.8001,38249.79906767401,30.30509696559317,0.0,0
4119103,13655.0,44.4379,22.2263,1421.44,6.5188,2.89,3.0812,0.4049,0.694,0.677,0.802,0.616,7.405,67354.74185280118,53.59273446576031,0.0,0
4119152,127019.0,100.0,23.08,2122.76,3.7749,2.16,97.8183,0.4738,0.751,0.761,0.836,0.666,4.1156,62691.04622143144,2086.6915279854115,23.618513765657102,1
4119202,6566.0,65.8392,19.205,1351.43,3.0934,9.32,4.4628,0.4207,0.697,0.679,0.828,0.601,5.6465,38299.57356076759,29.760906515580736,0.0,0
4119251,2761.0,45.8892,21.9486,1639.07,2.439,6.66,0.2092,0.4458,0.695,0.669,0.801,0.626,6.0123,29064.107207533503,28.328699096067226,0.0,0
4119301,29886.0,62.4975,24.1083,1121.81,5.8925,8.34,32.7929,0.4784,0.654,0.649,0.806,0.534,16.9856,60053.97175935221,14.923211821125188,20.07628990162618,1
4119400,23651.0,74.8129,22.2781,1409.0,3.9247,4.65,61.7654,0.4758,0.708,0.702,0.816,0.619,9.7073,50385.60737389539,17.569508052288807,21.14075514777388,1
4119509,118730.0,91.5228,25.5277,1420.03,4.8778,3.68,89.9645,0.4098,0.7,0.689,0.869,0.574,6.3589,13003.006822201634,522.9428916235762,23.58291922850164,1
4119608,33567.0,68.5048,21.7446,1584.1,3.4531,6.05,46.072,0.4843,0.702,0.696,0.802,0.621,8.2299,33985.4619119969,19.822227681318434,5.958232788155033,0
4119657,3046.0,86.4084,19.8621,1609.52,3.0164,6.45,2.8207,0.4114,0.71,0.67,0.842,0.634,4.0133,40000.98489822718,24.71820756477777,0.0,0
4119707,4070.0,70.4914,20.3931,1178.56,9.5876,8.04,0.8844,0.3887,0.705,0.682,0.795,0.646,8.2145,25531.695331695333,11.426421705147783,24.570024570024568,1
4119806,14374.0,54.0559,20.2936,2090.83,1.8483,4.92,0.7532,0.4513,0.706,0.704,0.786,0.636,2.342,29589.95408376235,41.514436476327184,41.74203422846807,1
4119905,358371.0,98.237,23.6718,1891.65,4.3357,2.21,91.5409,0.4843,0.763,0.755,0.837,0.703,6.7355,54385.67573827123,174.53713962883506,20.0909113739672,1
4119954,30425.0,98.4881,18.4355,1644.82,4.3086,2.46,65.3653,0.4493,0.738,0.737,0.831,0.655,7.6217,21473.032046014792,151.49629039486132,42.72801972062449,1
4120002,11624.0,95.0189,18.1865,1614.47,6.3374,5.56,93.3011,0.4344,0.738,0.728,0.834,0.661,5.456,47676.87543014453,39.85421531013533,17.205781142463866,1
4120101,4098.0,86.53,21.4495,1567.66,4.0189,2.8,82.257,0.4122,0.7,0.708,0.815,0.595,3.6421,39807.46705710103,21.96365117562881,0.0,0
4120150,3110.0,30.2572,19.582,1915.74,1.4035,6.5,0.1765,0.4541,0.688,0.676,0.821,0.588,4.6669,54666.55948553055,8.614457330736993,0.0,0
4120200,3182.0,79.7297,20.5531,2008.51,1.4354,7.17,67.2276,0.4197,0.735,0.691,0.846,0.68,2.1999,34132.935260842234,14.618056193608853,94.28032683846638,1
4120309,3562.0,56.064,20.6345,1212.67,2.8996,3.55,16.0743,0.4132,0.685,0.674,0.796,0.6,9.5952,27719.82032565974,16.721984104256546,0.0,0
4120333,3709.0,94.2572,20.302,1321.84,2.3949,11.67,92.4032,0.4231,0.71,0.707,0.852,0.593,5.9843,46084.38932326773,24.26149297469845,26.961445133459154,1
4120358,5737.0,73.331,19.5224,2502.72,0.3328,7.48,51.6294,0.5255,0.752,0.743,0.821,0.696,4.0265,57424.26355237929,25.36924029362342,0.0,0
4120408,4336.0,93.2657,21.3561,1492.24,1.1585,5.27,75.2896,0.3664,0.713,0.695,0.857,0.608,1.4991,33994.464944649444,27.84234656529724,23.062730627306276,1
4120507,10082.0,90.8748,18.3892,1561.86,2.6244,6.91,56.1745,0.3713,0.701,0.695,0.826,0.599,2.027,36824.24122197976,24.32668503674821,19.837333862328904,1
4120606,49393.0,54.6737,21.499,1411.17,1.9945,5.09,49.6917,0.4498,0.676,0.664,0.807,0.577,7.6227,31820.905796367908,21.993009328316678,12.14747028931225,1
4120655,4201.0,67.5791,19.3763,1287.55,2.0105,8.17,9.6962,0.3723,0.71,0.724,0.819,0.603,4.975,86408.71221137824,13.09624383142288,0.0,0
4120705,8099.0,93.2584,18.8418,1506.45,2.2833,6.07,78.6916,0.4119,0.714,0.691,0.803,0.655,3.8538,26190.146931719966,71.8703688913736,0.0,0
4120804,24191.0,89.9012,21.9379,2002.85,6.5724,3.02,76.5568,0.4621,0.742,0.74,0.831,0.665,4.4213,80241.41209540739,134.0436967712264,12.401306270927204,1
4120853,4480.0,68.4375,18.0134,2437.06,1.2379,1.73,9.6108,0.4064,0.791,0.79,0.838,0.748,1.0491,56599.77678571428,39.16323551266249,22.32142857142857,1
4120903,30738.0,70.5706,22.1908,1425.0,2.5061,8.8,41.8822,0.448,0.681,0.69,0.794,0.576,7.8375,47710.22838180754,37.416783627083525,55.30613572776368,1
4121000,10685.0,68.3388,19.1764,1373.66,2.1553,11.26,4.8371,0.4195,0.688,0.667,0.808,0.604,5.3765,24446.981750116985,11.68062110076599,0.0,0
4121109,5001.0,75.145,19.3361,1463.1,5.5931,11.17,0.8347,0.4057,0.715,0.689,0.842,0.631,3.898,51483.90321935613,15.332166277818484,39.99200159968007,1
4121208,18398.0,29.1227,20.2468,1211.25,3.2641,5.29,8.1277,0.4419,0.68,0.648,0.806,0.603,11.4141,27673.497119252093,41.15662693725616,16.306120230459832,1
4121257,4221.0,59.0855,23.1225,1122.96,2.5655,14.14,0.5479,0.3537,0.63,0.639,0.802,0.489,7.8497,26954.27623785833,17.795409703367678,23.691068467187872,1
4121307,3512.0,89.664,18.7927,1381.13,4.2651,9.18,1.1331,0.4212,0.707,0.691,0.808,0.633,7.2323,52861.902050113895,20.94890423869344,0.0,0
4121356,2618.0,87.1658,19.7479,1077.07,1.6753,9.5,4.3344,0.4117,0.704,0.673,0.831,0.625,13.5755,89689.45760122231,10.854738064141634,0.0,0
4121406,19247.0,79.9189,22.0554,2238.89,3.1439,4.86,60.0162,0.4782,0.722,0.72,0.83,0.63,3.014,38607.67911882371,54.45989994793671,20.782459604094143,1
4121505,14514.0,59.7837,21.8548,1322.81,2.5031,4.3,50.0,0.4949,0.672,0.647,0.814,0.576,13.4446,36959.62518947224,30.1220322098622,6.889899407468652,0
4121604,6845.0,59.6786,20.672,1626.85,1.5925,6.98,53.4586,0.4886,0.733,0.746,0.838,0.63,9.4709,61727.246165084005,16.09554333334117,14.609203798392986,1
4121703,24573.0,65.1528,22.952,1228.72,2.9206,10.56,53.0539,0.4544,0.618,0.65,0.786,0.461,11.524,30821.552110039476,15.024441543592769,12.208521548040531,1
4121752,6553.0,61.2086,23.4702,1098.19,3.1931,9.23,43.2637,0.4588,0.648,0.636,0.82,0.521,15.4527,39680.75690523424,7.855129028855282,0.0,0
4121802,12364.0,72.1126,19.8479,1565.81,1.9449,5.09,75.5619,0.4096,0.716,0.704,0.832,0.627,2.6433,31032.918149466197,19.649600142397617,0.0,0
4121901,13060.0,88.8744,20.6815,1275.58,4.409,10.77,62.6403,0.4842,0.701,0.684,0.824,0.611,8.8832,25883.69065849924,34.85157392483161,15.313935681470138,1
4122008,14025.0,42.3316,22.082,1310.29,2.7941,2.58,43.7792,0.5199,0.687,0.728,0.819,0.544,17.3476,52018.82352941176,23.41183461980182,0.0,0
4122107,3197.0,71.5358,18.5174,1418.24,2.6316,9.6,0.6452,0.3956,0.729,0.672,0.848,0.681,3.2932,32643.728495464497,17.977237454733572,0.0,0
4122156,13929.0,36.5999,21.1142,1218.66,2.1837,6.75,0.3731,0.462,0.629,0.631,0.792,0.498,9.0752,31697.46571900352,20.441647600612267,21.537798836958864,1
4122172,3808.0,53.4926,20.063,1163.27,1.2092,12.61,0.2909,0.3919,0.64,0.624,0.783,0.537,7.3568,30345.063025210085,10.072741700833223,0.0,0
4122206,37558.0,72.2909,21.9154,1030.48,2.4011,8.38,48.2129,0.4516,0.679,0.679,0.847,0.545,17.4378,36625.99179935034,46.28647133129988,23.962937323606155,1
4122305,31324.0,82.1575,21.7884,1799.19,4.9783,2.02,54.7812,0.4336,0.76,0.721,0.863,0.705,6.2394,41449.176350402246,51.84908083914602,12.769761205465455,1
4122404,71670.0,96.4616,22.3273,1663.39,3.602,4.34,51.3228,0.4189,0.739,0.744,0.821,0.661,5.1419,49880.63345890889,156.13562689532574,5.581135761127389,0
4122503,11251.0,69.7271,20.3182,1349.95,2.0393,10.55,1.0169,0.4265,0.681,0.665,0.797,0.595,7.4223,53158.91920718159,15.160600495067516,17.776197671318105,1
4122602,9097.0,85.5777,21.2488,1514.88,1.8636,7.69,51.943,0.3869,0.713,0.724,0.82,0.61,6.6102,38481.25755743652,16.387300157622157,0.0,0
4122651,5435.0,50.138,18.3993,1324.47,2.3275,14.73,38.0952,0.4264,0.662,0.638,0.788,0.577,4.9565,23894.75620975161,14.394605532189887,18.39926402943882,1
4122701,8822.0,90.2516,22.0358,1580.46,1.8333,5.57,1.6719,0.3554,0.74,0.71,0.843,0.676,3.5479,79949.89798231694,46.3513179809698,11.335298118340512,0
4122800,4075.0,62.8466,21.2761,1865.95,1.036,7.84,0.9032,0.4353,0.7,0.682,0.831,0.604,2.0192,30513.12883435583,22.51194652376875,0.0,0
4122909,5192.0,77.0416,18.8559,1385.52,0.7894,11.71,45.6184,0.4579,0.704,0.661,0.836,0.631,5.2773,19964.560862865947,25.892679034510277,19.26040061633282,1
4123006,15223.0,63.3318,20.85,1937.98,0.8115,8.12,47.3179,0.4888,0.718,0.707,0.839,0.625,4.5926,34808.57912369441,48.6797967491374,26.27602969191355,1
4123105,3394.0,75.3094,19.2693,1219.36,0.7067,8.66,47.8295,0.4201,0.653,0.655,0.809,0.526,7.2481,29715.969357690043,43.48773143699148,29.463759575721863,1
4123204,3365.0,88.8559,18.0089,1194.03,1.3314,13.07,66.103,0.4191,0.723,0.681,0.838,0.661,10.2157,45619.61367013373,32.02443945334805,0.0,0
4123303,8613.0,76.5122,19.2268,1566.91,2.7555,8.65,24.5581,0.4234,0.71,0.681,0.831,0.633,3.4189,43549.98258446535,19.48585222606575,0.0,0
4123402,11378.0,91.2638,18.9664,1458.51,3.4221,5.44,56.7872,0.3703,0.705,0.721,0.808,0.601,3.4653,28095.79891017753,41.18867221013536,17.577781683951486,1
4123501,25492.0,70.9281,20.7948,2128.29,1.1061,4.19,37.7992,0.4678,0.744,0.738,0.823,0.678,3.3703,57476.50243213557,33.77761524100273,15.691197238349288,1
4123600,1748.0,62.9291,19.3936,1333.84,1.467,5.61,7.0901,0.36,0.717,0.675,0.827,0.659,4.119,29453.66132723112,11.138369388600376,0.0,0
4123709,8912.0,86.8043,18.8734,1425.9,3.791,7.3,78.697,0.3908,0.72,0.697,0.817,0.656,4.5444,28402.49102333932,25.49950357227673,33.66247755834829,1
4123808,14070.0,64.7406,21.2722,1908.59,0.986,5.64,2.8207,0.4673,0.696,0.677,0.826,0.603,3.5722,33190.618336887,43.80693812231071,21.32196162046908,1
4123824,3644.0,68.6334,18.9078,1305.23,0.2005,8.07,12.167,0.3542,0.687,0.688,0.795,0.592,4.9437,38448.95718990121,28.735224306656256,27.442371020856204,1
4123857,9934.0,30.602,20.6664,1045.38,2.5942,8.86,0.5269,0.4516,0.609,0.6,0.79,0.477,15.3916,26908.596738473927,12.12516233607718,0.0,0
4123907,11066.0,86.1648,17.9288,1464.31,2.9426,8.46,70.2799,0.4689,0.7,0.684,0.804,0.624,10.8546,44556.84077354058,25.90398250907669,0.0,0
4123956,3356.0,75.4172,18.9809,1158.56,1.257,10.56,1.1182,0.3916,0.704,0.698,0.792,0.63,7.062,27118.29558998808,12.909827394530634,59.594755661501786,1
4124004,5514.0,71.8172,20.6202,1360.85,1.1377,9.48,34.1115,0.4107,0.687,0.654,0.848,0.585,6.8771,31120.964816829888,21.944609163884124,0.0,0
4124020,13174.0,90.2232,21.8461,1489.9,1.984,5.98,6.0853,0.3987,0.705,0.686,0.808,0.632,4.3316,44185.1373918324,40.38750421533462,53.13496280552603,1
4124053,24262.0,90.6974,20.9175,1690.18,1.7106,4.93,81.1579,0.3902,0.738,0.716,0.814,0.689,3.5847,28329.774956722445,90.44278269427194,16.4866870002473,1
4124103,44369.0,89.5851,21.2964,1439.66,3.66,6.45,85.0974,0.4507,0.718,0.733,0.817,0.617,5.7804,33933.534675111,61.49788210769094,20.28443282471996,1
4124202,2493.0,82.6314,18.7726,1309.09,1.7129,9.74,3.7755,0.3676,0.696,0.65,0.82,0.632,4.7772,21683.11271560369,11.380028119122828,0.0,0
4124301,2125.0,83.4824,19.6706,1340.41,3.1111,10.99,1.0989,0.4064,0.716,0.683,0.813,0.662,5.2235,50302.117647058825,12.72348425880465,0.0,0
4124400,23673.0,74.7265,22.3884,1734.86,1.6916,7.38,55.3927,0.4542,0.671,0.69,0.807,0.543,4.3857,27385.206775651583,72.69438754986166,12.672665061462428,1
4124509,6181.0,88.3514,19.9644,1660.45,2.4751,6.14,49.9341,0.4022,0.739,0.746,0.843,0.641,1.8494,86088.33522083805,22.06451935330718,32.35722375020223,1
4124608,6587.0,96.7208,20.9959,1514.76,4.3304,7.19,1.1814,0.3852,0.682,0.703,0.825,0.547,4.2004,60122.36222863216,29.26528019051089,15.18141794443601,1
4124707,10830.0,56.7959,21.0434,1168.93,2.1846,14.3,0.4558,0.4717,0.637,0.626,0.822,0.503,16.3364,29814.496768236382,13.146809683238365,9.233610341643582,0
4124806,11886.0,74.5835,20.461,1693.11,2.4128,4.42,43.8944,0.4082,0.727,0.695,0.838,0.66,4.1491,74930.00168265185,30.629363060771684,42.06629648325761,1
4124905,5586.0,88.5607,19.9069,1220.35,7.2007,10.52,83.3869,0.4209,0.664,0.678,0.785,0.551,7.673,27674.901539563198,18.350070463482176,17.901897601145723,1
4125001,10667.0,85.2536,17.6151,1435.26,1.2568,10.44,58.1059,0.4064,0.693,0.677,0.803,0.611,5.1718,33861.160588731604,30.189822008258545,9.374707040404989,0
4125100,13726.0,30.5479,23.0439,1474.27,2.8195,4.5,10.9821,0.4632,0.629,0.655,0.801,0.475,7.0605,42223.15314002623,19.053118584355783,0.0,0
4125209,9378.0,66.2935,18.9913,1829.04,4.503,6.05,7.2252,0.4939,0.722,0.705,0.813,0.656,4.3246,50472.80870121561,24.70853258506896,0.0,0
4125308,5168.0,89.4737,17.7632,1785.31,1.1887,7.28,82.3896,0.3918,0.743,0.727,0.81,0.696,2.576,77653.83126934984,16.401767125374498,0.0,0
4125357,6504.0,75.6765,18.3579,1373.72,2.1127,9.74,1.9101,0.4039,0.676,0.702,0.81,0.543,8.3012,22350.39975399754,16.003425087288054,0.0,0
4125407,6040.0,63.0464,19.8841,1395.21,4.3148,6.95,28.3291,0.4801,0.671,0.651,0.781,0.594,9.0395,38043.87417218543,15.110199384584591,0.0,0
4125456,3957.0,64.6197,18.3725,1557.1,0.7031,11.14,1.1897,0.3826,0.713,0.686,0.844,0.627,3.3401,25025.01895375284,21.69181938284937,101.08668182966892,1
4125506,329628.0,93.84,23.3381,1823.68,4.6095,2.34,79.8176,0.4327,0.758,0.749,0.859,0.678,4.9191,81937.5477811351,348.4259271982741,21.84280461611271,1
4125555,2138.0,76.4266,18.1478,1301.92,0.8677,10.53,1.7327,0.3312,0.725,0.721,0.825,0.64,4.2095,29157.156220767072,22.41536574370157,0.0,0
4125605,42366.0,61.2921,21.5338,1568.37,2.1539,2.61,40.5982,0.454,0.719,0.711,0.838,0.623,6.5837,35803.66331492234,31.57602887053426,14.1622999575131,1
4125704,29122.0,74.4489,21.4958,1733.78,2.0999,6.83,52.3538,0.4317,0.704,0.726,0.818,0.588,4.3073,50480.0837854543,34.18408131308566,30.904470846782505,1
4125753,5784.0,68.603,18.7759,1478.95,2.6884,9.84,15.1405,0.4119,0.683,0.687,0.798,0.581,5.7551,42730.63623789765,18.759486773653688,17.28907330567082,1
4125803,8690.0,89.9885,18.8723,1588.58,3.1512,7.89,52.6096,0.4296,0.717,0.702,0.836,0.627,4.2948,42591.59953970081,26.929703866225378,0.0,0
4125902,2661.0,67.982,19.767,1682.34,5.6172,7.77,0.6091,0.3902,0.704,0.678,0.836,0.616,3.6911,33943.25441563322,10.616227947688849,37.579857196542655,1
4126009,8063.0,90.4502,20.0174,1305.25,4.9291,12.43,1.608,0.468,0.715,0.689,0.814,0.651,9.7119,37225.84645913432,35.53986388800733,12.40233163834801,1
4126108,5232.0,90.6728,19.9159,1352.04,13.1365,5.35,53.4359,0.3833,0.725,0.707,0.816,0.66,6.2345,31242.928134556576,23.93160829372939,19.113149847094803,1
4126207,6695.0,61.6281,21.9716,1074.17,4.0103,15.93,42.8571,0.4642,0.655,0.695,0.795,0.509,14.1826,22984.31665421957,9.880329216406512,0.0,0
4126256,118455.0,99.5146,23.0569,1461.61,3.3034,4.23,43.7617,0.3537,0.695,0.681,0.85,0.579,3.5763,17498.07943944958,1144.4816958290255,16.88404879490102,1
4126272,6108.0,64.6038,21.8402,1875.4,3.1697,5.65,1.3686,0.478,0.699,0.695,0.803,0.611,3.962,128735.75638506876,40.16201572815023,0.0,0
4126306,17270.0,83.3526,23.5263,1315.97,3.9176,6.58,61.5145,0.4101,0.663,0.658,0.811,0.546,6.8402,38493.92009264621,11.966156632625133,11.580775911986104,0
4126355,5007.0,62.0332,19.0334,1990.96,0.8077,4.23,3.748,0.4256,0.762,0.778,0.859,0.662,4.5346,58184.341921310166,10.3794823318698,0.0,0
4126405,5616.0,90.5805,18.1446,1730.01,1.7088,6.07,31.7663,0.4563,0.725,0.724,0.809,0.651,2.9915,74154.38034188034,12.634648092654086,17.806267806267808,1
4126504,15930.0,94.0741,19.6108,1843.32,2.6667,4.81,83.045,0.4334,0.723,0.719,0.804,0.655,2.8223,43363.46516007533,31.51135833142116,18.832391713747647,1
4126603,22811.0,82.092,21.8535,1562.88,3.3007,6.77,66.4655,0.3909,0.704,0.708,0.839,0.588,3.8183,30974.35447810267,82.04362760084162,0.0,0
4126652,3440.0,47.7907,18.7209,2593.96,0.7018,4.31,0.1493,0.5353,0.693,0.684,0.854,0.57,1.4269,46081.395348837206,20.145351050310676,0.0,0
4126678,10707.0,60.5212,22.6674,1129.05,4.6154,10.33,33.0168,0.4714,0.621,0.628,0.829,0.46,16.9936,36572.42925189128,22.67687517870191,18.67936863734006,1
4126702,4880.0,87.9303,18.75,1407.37,5.9844,7.72,0.6434,0.4028,0.731,0.679,0.852,0.674,5.8486,25884.4262295082,25.239725673145557,0.0,0
4126801,15869.0,90.0246,20.4802,1355.43,1.5947,7.98,88.0653,0.374,0.703,0.694,0.819,0.612,4.6569,31296.86810763123,26.83298416128536,56.71434873022875,1
4126900,5745.0,63.9513,18.1549,1376.12,4.2052,12.44,2.6211,0.3968,0.697,0.689,0.794,0.619,5.9688,26705.483028720628,13.2260210741509,52.21932114882507,1
4127007,9547.0,53.2314,22.8553,1413.01,4.0018,4.13,28.172,0.4339,0.671,0.676,0.822,0.544,5.2643,64565.20372892008,10.574866443435486,0.0,0
4127106,75042.0,98.2423,22.2582,1683.23,2.8679,4.22,87.43,0.4307,0.734,0.726,0.828,0.657,6.3422,65475.88017376936,54.26579697149386,46.640547959809176,1
4127205,17568.0,92.401,19.9966,1465.38,1.8885,7.12,64.2769,0.3506,0.728,0.708,0.803,0.68,3.6651,32412.112932604738,54.75455820476858,5.692167577413479,0
4127304,14842.0,84.7999,19.0001,1486.82,4.6907,7.8,51.5382,0.4117,0.71,0.698,0.837,0.613,4.3822,25343.95634011589,21.184729067555047,20.21290931141356,1
4127403,18119.0,78.2494,19.957,1587.77,3.113,6.9,47.8634,0.422,0.714,0.697,0.818,0.639,6.1944,49456.64771786523,22.6259260970496,11.038136762514489,0
4127502,19961.0,62.8977,21.9829,1248.88,4.8956,7.04,52.2617,0.4466,0.664,0.678,0.832,0.519,8.9431,72143.68017634387,6.702971490627895,45.0879214468213,1
4127601,17621.0,52.4885,21.7638,1318.51,2.2278,4.18,2.2031,0.3905,0.636,0.679,0.792,0.479,5.1836,32710.06185801033,26.226058173299457,28.37523409568129,1
4127700,150470.0,91.7286,22.231,2165.17,2.7228,3.15,75.0306,0.4235,0.768,0.755,0.855,0.702,2.9376,49725.460224629496,125.59586460987823,15.285438957931817,1
4127809,8426.0,50.8426,18.0631,1530.72,1.8162,8.57,38.3605,0.46,0.699,0.661,0.829,0.622,6.388,38470.92333254213,14.246632783148868,11.86802753382388,0
4127858,11135.0,60.7274,20.6017,1602.6,3.718,8.73,40.7272,0.4922,0.681,0.683,0.831,0.557,9.3261,39151.863493489,22.027477473022028,26.94207453973956,1
4127882,6219.0,69.6897,25.4221,1119.88,8.2257,11.92,22.1958,0.4281,0.611,0.641,0.801,0.444,7.821,23175.590931017847,9.303223142721228,32.15951117543013,1
4127908,8067.0,76.1497,19.7471,1190.36,1.9167,10.98,48.7154,0.4146,0.695,0.662,0.805,0.629,11.3177,28972.48047601339,11.542902767463524,0.0,0
4127957,8077.0,83.8182,18.9922,1663.51,2.2018,5.83,2.1018,0.4163,0.73,0.721,0.83,0.649,3.6028,53414.262721307416,26.944080275145197,24.76166893648632,1
4127965,14231.0,48.0079,22.7813,1317.98,3.7094,8.59,19.1625,0.4415,0.672,0.668,0.828,0.549,7.3332,42275.454992621744,15.15254764252296,7.026913077085236,0
4128005,24749.0,90.0844,20.3927,1637.48,2.2732,6.31,35.5695,0.4014,0.739,0.706,0.854,0.669,4.8313,69252.97991838054,37.92479401024547,4.040567295648309,0
4128104,117095.0,94.8546,20.8865,1959.13,3.7244,3.99,86.2874,0.4602,0.761,0.755,0.836,0.698,4.6386,35045.13429266834,94.84932407858167,11.956104018104956,0
4128203,55033.0,94.2725,23.6694,1628.91,5.5136,2.43,69.2223,0.4237,0.74,0.713,0.837,0.68,5.7897,35599.64021587048,76.43493454148484,18.17091563243872,1
4128302,2136.0,85.9551,16.573,1318.4,0.779,9.01,0.4969,0.3509,0.72,0.69,0.826,0.655,5.1498,46759.36329588015,22.527130638374164,0.0,0
4128401,10406.0,87.488,18.3644,1578.68,5.1928,7.69,77.0601,0.4344,0.721,0.698,0.821,0.655,5.8637,35349.41379973092,43.7576216307136,0.0,0
4128500,19188.0,82.2233,20.9141,1431.15,3.7372,6.73,53.5775,0.461,0.687,0.692,0.79,0.594,8.0333,37065.92662080467,48.22123262196041,10.423181154888471,0
4128534,9681.0,73.5565,24.2434,1263.37,2.6646,9.44,27.2648,0.416,0.65,0.633,0.798,0.543,6.6522,35905.69156078917,11.815694210175582,30.98853424233034,1
4128559,8215.0,76.8107,19.8783,1368.31,2.9874,10.86,65.0637,0.3911,0.699,0.702,0.811,0.601,5.9404,41522.58064516129,25.126396633093435,0.0,0
4128609,7932.0,52.824,18.4947,1887.7,1.46,5.49,1.9829,0.4356,0.72,0.709,0.84,0.626,3.153,63001.512859304086,25.439302632127543,0.0,0
4128625,3055.0,63.6007,19.4108,1217.29,2.3016,11.12,5.2863,0.3374,0.678,0.677,0.829,0.556,2.8571,37204.90998363338,3.156735264091129,65.46644844517185,1
4128633,5697.0,28.8573,22.2749,893.21,1.0089,12.29,16.3038,0.4079,0.546,0.57,0.791,0.362,14.1528,17413.90205371248,7.3275008296012,0.0,0
4128658,3811.0,59.958,20.3621,1641.92,4.1338,8.08,10.114,0.4779,0.722,0.708,0.848,0.628,6.2368,49784.30858042509,15.301226587437014,0.0,0
4128708,9706.0,77.21,20.1731,1800.07,0.6851,4.74,3.5007,0.4118,0.702,0.728,0.818,0.582,4.8733,51342.88069235525,31.49069814222401,0.0,0
4128807,5798.0,72.9562,17.5923,1278.58,7.1169,9.72,39.7727,0.425,0.706,0.703,0.825,0.606,9.8791,20633.149361848915,16.118450315808204,17.247326664367023,1
4200051,2598.0,45.1501,17.398,2127.38,2.6358,5.1,32.1981,0.518,0.694,0.66,0.812,0.625,5.7021,28918.78367975366,10.938164426125288,0.0,0
4200101,17392.0,65.4439,22.5276,1685.84,1.2347,7.71,2.3383,0.487,0.696,0.684,0.852,0.578,9.1461,45187.902483900645,18.23076084495468,11.499540018399264,0
4200200,10990.0,75.1956,21.6561,1683.01,0.6377,2.34,53.4236,0.3802,0.725,0.727,0.827,0.633,6.7195,36046.223839854414,53.13927906583178,0.0,0
4200309,6055.0,59.3064,21.8332,2206.89,0.8096,2.24,40.8703,0.4222,0.741,0.774,0.884,0.595,2.9727,38462.92320396367,46.65803627845331,0.0,0
4200408,6508.0,53.9951,20.8359,2200.72,3.8974,3.83,21.4815,0.5375,0.698,0.724,0.82,0.574,6.5589,100044.86785494776,4.900930860577252,15.365703749231711,1
4200507,6036.0,59.3605,18.8535,1626.84,1.6178,6.79,11.6535,0.4114,0.713,0.712,0.811,0.629,4.0424,22814.280980781976,43.265405595257725,0.0,0
4200556,2839.0,45.9669,18.5277,2175.45,0.4947,5.15,1.1696,0.3992,0.745,0.728,0.86,0.661,0.6702,57441.000352236704,37.04767000300139,0.0,0
4200606,6743.0,54.3675,19.9318,1876.74,1.0606,3.62,0.8943,0.3783,0.723,0.731,0.853,0.606,2.2265,29599.584754560285,20.64225800526541,0.0,0
4200705,10481.0,38.3456,21.1144,1625.18,2.2146,5.45,14.8472,0.4739,0.668,0.702,0.882,0.481,11.2791,32102.757370479914,14.28923951143098,9.54107432496899,0
4200754,1856.0,35.6681,13.847,2513.02,0.1899,2.1,0.5517,0.4254,0.755,0.734,0.882,0.664,0.3772,42562.5,17.94398306149875,0.0,0
4200804,5943.0,57.9505,18.4755,2515.03,1.9284,4.93,0.703,0.5082,0.699,0.703,0.8,0.608,1.4807,34293.286219081274,25.578012291906965,16.826518593303046,1
4200903,5358.0,20.4181,18.1784,1380.1,0.5798,6.89,0.9533,0.3984,0.687,0.699,0.797,0.581,8.5106,32579.507278835383,10.716042864171456,37.32736095558044,1
4201000,8285.0,57.3929,20.7363,1468.32,1.5778,6.32,21.888,0.4339,0.688,0.667,0.826,0.592,5.8809,27942.908871454438,14.046848826405702,0.0,0
4201109,3593.0,39.9666,17.7567,1642.76,0.806,5.01,1.5026,0.3653,0.674,0.699,0.836,0.524,2.9281,23536.8772613415,6.645876338238668,0.0,0
4201208,11224.0,56.887,20.4205,1801.02,1.1573,1.89,15.462,0.3739,0.749,0.768,0.89,0.615,1.9287,70966.76764076977,47.87946523790429,0.0,0
4201257,9811.0,47.7321,21.3332,1835.23,2.3208,5.18,34.0594,0.4218,0.708,0.735,0.827,0.584,3.1291,45098.35898481296,19.880848649415388,10.192640913260623,0
4201273,4378.0,42.0968,16.1032,2056.91,0.7647,2.16,14.2679,0.3884,0.733,0.744,0.863,0.614,0.7786,64964.36729100045,33.02032658294679,0.0,0
4201307,45283.0,93.5583,24.5037,1494.49,3.5658,2.51,74.2962,0.3892,0.703,0.696,0.83,0.602,5.2159,165360.0689000287,117.10323176266444,19.87500828125345,1
4201406,71922.0,92.3042,21.7333,1922.77,2.6934,2.42,38.9242,0.413,0.76,0.745,0.853,0.691,3.2236,33164.678401601734,238.30540148307196,8.342370901810295,0
4201505,8834.0,64.5461,20.9531,2061.11,0.3477,3.79,39.7538,0.4326,0.77,0.743,0.882,0.698,0.8843,30802.12814127236,50.78237275664241,0.0,0
4201604,3556.0,70.8099,18.4758,2168.63,0.7349,3.3,66.2114,0.3737,0.764,0.781,0.873,0.653,0.2531,35419.85376827897,38.01988666737945,0.0,0
4201653,2510.0,36.0159,19.5219,2237.43,1.9076,6.73,1.2644,0.4396,0.715,0.713,0.842,0.61,1.238,81223.90438247012,27.73388727445499,0.0,0
4201703,8319.0,93.2684,21.0963,1713.62,1.5843,3.94,84.73,0.3495,0.742,0.739,0.868,0.636,3.2421,29449.57326601755,73.69512065483151,0.0,0
4201802,3227.0,49.1168,18.903,2095.5,0.4263,2.33,40.9167,0.4229,0.733,0.736,0.802,0.668,1.4884,39039.66532383018,34.19047921765572,0.0,0
4201901,6780.0,43.2891,20.767,2233.37,1.7369,2.62,18.2641,0.4327,0.733,0.748,0.87,0.606,4.8323,60017.40412979351,32.746504383105126,44.24778761061947,1
4201950,15820.0,99.1719,17.3009,1530.6,2.7303,2.56,1.5781,0.3998,0.746,0.753,0.858,0.642,5.159,14026.991150442478,167.735779038329,31.60556257901391,1
4202008,139155.0,100.0,21.7362,3583.85,2.645,1.09,98.0505,0.5121,0.845,0.854,0.894,0.789,3.992,52881.09661887823,3077.6971734418544,10.060723653479933,0
4202057,14912.0,94.4944,15.8597,1709.56,2.7321,2.73,5.9859,0.4065,0.716,0.713,0.844,0.611,5.1452,17076.113197424893,136.91536441596122,33.53004291845494,1
4202073,15669.0,91.6395,17.6144,1743.57,3.9376,3.3,0.7873,0.4169,0.728,0.734,0.844,0.622,4.2319,13848.682111174932,106.71234182818694,0.0,0
4202081,3144.0,47.0102,18.7023,1849.34,0.4614,6.84,0.0876,0.4328,0.672,0.675,0.795,0.565,3.0216,32510.178117048345,21.232626929778352,0.0,0
4202099,1668.0,23.3213,14.8681,2909.71,4.1338,7.31,32.5516,0.5145,0.701,0.692,0.83,0.599,1.1418,31343.525179856115,17.94822131835496,0.0,0
4202107,45369.0,95.1994,20.4787,1670.39,3.1465,2.53,45.6611,0.4791,0.738,0.735,0.857,0.639,13.2975,52292.20392779211,326.5201839550332,24.24563027617977,1
4202131,5872.0,21.7473,20.9298,1195.56,0.9482,5.06,0.1922,0.4352,0.675,0.624,0.826,0.598,12.1968,33522.99046321526,10.96172729343155,17.029972752043594,1
4202156,2658.0,57.6749,18.7359,1798.71,1.0512,4.58,0.2099,0.3979,0.705,0.699,0.82,0.611,3.7622,21689.99247554552,28.32118654903465,0.0,0
4202206,10520.0,55.5323,20.3612,1654.16,1.693,2.14,2.1803,0.324,0.74,0.723,0.868,0.645,1.2855,44692.01520912548,27.093082250168045,0.0,0
4202305,76773.0,92.2342,22.8948,1899.63,4.4504,2.51,47.2509,0.4109,0.739,0.733,0.836,0.659,3.8033,34781.47265314629,209.90280378942188,2.605082515988694,0
4202404,361261.0,97.3249,22.5466,2633.68,3.0425,1.21,67.617,0.4374,0.806,0.812,0.894,0.722,2.1459,56965.711770714246,696.5611653667801,5.812971784942189,0
4202438,3515.0,36.5007,19.8578,1561.31,1.7778,6.08,15.9366,0.4112,0.647,0.642,0.768,0.549,3.6446,38662.30440967283,6.883073904435911,56.899004267425326,1
4202453,25058.0,99.98,22.1726,1964.03,2.3713,1.6,16.9462,0.4089,0.781,0.753,0.864,0.732,3.1145,35022.50778194588,713.0296218308056,0.0,0
4202503,4026.0,55.9613,20.9389,1591.86,0.619,5.84,36.1911,0.4217,0.696,0.71,0.835,0.568,3.2579,92314.4560357675,4.289751053791305,0.0,0
4202537,2777.0,64.8181,22.5423,1602.98,5.6604,4.66,8.0082,0.3936,0.718,0.74,0.827,0.606,4.5733,57276.557436082105,43.47009376516444,0.0,0
4202578,2187.0,37.3114,17.7869,2347.75,0.9009,6.79,0.7463,0.4309,0.712,0.725,0.83,0.601,3.9781,33700.04572473708,32.26758339849801,0.0,0
4202602,8418.0,73.9249,22.8795,1710.21,0.9972,5.66,59.2361,0.4213,0.699,0.704,0.869,0.559,4.8254,50173.794250415776,7.96379302841725,59.39653124257544,1
4202701,5363.0,36.9569,19.3735,1804.04,0.1821,2.02,15.5364,0.3083,0.724,0.741,0.848,0.604,0.6903,80298.52694387469,18.10258695182545,18.646280067126607,1
4202800,33773.0,82.2491,24.6765,1873.21,1.1538,2.25,51.3917,0.4388,0.778,0.746,0.881,0.716,7.0482,51668.99594350517,159.27279586880144,2.960945133686673,0
4202859,4026.0,61.4257,18.5047,1932.61,0.6689,2.51,33.6011,0.3754,0.78,0.766,0.883,0.702,3.6757,62133.879781420765,45.02801668698482,0.0,0
4202875,2489.0,39.3331,18.6822,1449.82,1.3158,7.84,34.1176,0.5098,0.661,0.646,0.819,0.545,6.841,55427.48091603054,7.398072161669723,40.17677782241864,1
4202909,141385.0,98.2608,23.0548,2235.17,1.7666,1.98,78.4923,0.3981,0.795,0.794,0.894,0.707,2.9039,61707.63518053542,496.6540792131378,2.1218658273508506,0
4203006,73720.0,91.5152,23.7507,1873.8,1.6804,3.31,57.0881,0.4245,0.735,0.728,0.878,0.62,3.4532,63801.08518719479,74.96257972146297,5.425935973955507,0
4203105,6304.0,66.1802,19.3687,2564.39,1.2125,4.63,3.8528,0.5147,0.728,0.737,0.83,0.631,1.5419,50249.84137055837,36.42267403902264,15.862944162436548,1
4203154,3443.0,66.7151,24.1359,1031.92,2.3846,8.34,6.8323,0.3747,0.622,0.618,0.779,0.5,9.9913,28373.80191693291,5.411752131378417,0.0,0
4203204,103074.0,96.6471,24.1593,1838.18,2.1167,2.66,85.1767,0.3902,0.726,0.736,0.866,0.6,5.0558,21757.882686225432,489.5045780935375,5.821060597240817,0
4203253,2625.0,42.819,17.7524,1338.98,0.6119,7.02,30.8383,0.4038,0.654,0.68,0.796,0.516,5.4857,89531.04761904762,1.9707769440869936,0.0,0
4203303,12501.0,58.2353,20.4224,1633.87,1.4525,2.56,23.297,0.3947,0.714,0.677,0.845,0.636,4.0093,55971.76225901928,24.993352300104164,23.99808015358771,1
4203402,7257.0,65.1371,21.028,1293.18,1.7876,9.15,54.1682,0.4402,0.641,0.648,0.768,0.528,9.3534,45890.0372054568,7.075595873007826,13.779798814937305,1
4203501,9623.0,79.7672,22.9242,1921.14,3.1354,6.81,3.1851,0.4801,0.69,0.702,0.787,0.595,3.4126,45498.18144029928,20.08302011223785,20.78353943676608,1
4203600,36932.0,83.8568,22.444,1809.2,1.8449,3.67,79.4438,0.4383,0.742,0.721,0.861,0.658,4.5472,70679.81696090111,21.50235884346513,13.53839488790209,1
4203709,12821.0,73.949,23.1573,1639.81,0.4727,4.26,32.4944,0.3438,0.697,0.723,0.865,0.542,1.4984,23060.759691131738,84.96129989927371,7.799703611262772,0
4203808,55016.0,79.5805,21.7573,1821.76,3.0682,2.99,28.5758,0.4427,0.757,0.717,0.874,0.692,4.6442,40045.56856187291,47.92184217219669,9.08826523193253,0
4203907,23314.0,87.2437,22.9776,1812.66,1.5409,3.9,16.9312,0.3885,0.752,0.742,0.869,0.659,3.995,45926.91086900575,95.42169069194438,12.867804752509224,1
4203956,23975.0,98.1189,21.439,1711.32,2.668,1.97,89.9953,0.3556,0.767,0.724,0.87,0.716,3.8363,56250.385818561,450.4716094847995,4.171011470281544,0
4204004,10566.0,88.9741,22.4588,1900.84,1.5393,2.9,57.6923,0.4007,0.714,0.723,0.806,0.625,1.7139,50244.27408669316,53.0512236024221,9.46431951542684,0
4204103,4614.0,56.7837,18.6606,2494.4,1.0097,7.67,0.2388,0.5469,0.691,0.725,0.87,0.523,2.8627,35576.07282184655,32.75290509891889,0.0,0
4204152,2805.0,44.0285,18.0392,1552.72,4.1338,6.05,0.8729,0.513,0.719,0.651,0.826,0.692,10.4456,23494.830659536543,13.46027419610252,0.0,0
4204178,3317.0,30.5095,18.9931,1203.24,1.4095,8.92,1.086,0.4204,0.621,0.634,0.829,0.455,7.0588,42633.70515526078,7.925092702320425,60.29544769369912,1
4204194,2950.0,20.6102,19.9661,1770.31,0.5409,4.28,10.4824,0.3709,0.704,0.68,0.833,0.616,1.8983,33197.28813559322,23.62532634984704,0.0,0
4204202,254785.0,95.1135,24.9402,2385.86,3.1388,2.56,38.3833,0.4318,0.79,0.779,0.871,0.727,2.2446,53750.33852071354,407.86939726865097,14.914535785073689,1
4204251,17240.0,89.3619,19.971,2094.01,1.8328,1.54,65.9872,0.3567,0.78,0.747,0.859,0.74,2.9231,51536.71693735499,242.9366589163672,0.0,0
4204301,81646.0,84.712,20.8706,2277.94,1.5541,2.82,33.5251,0.3993,0.8,0.777,0.872,0.756,1.8426,55848.77397545501,102.16029880066816,4.899198980966612,0
4204350,4781.0,47.7515,18.8454,2130.12,1.3128,2.66,13.4615,0.3617,0.747,0.735,0.855,0.662,0.6275,90895.83769085964,56.06501243022656,0.0,0
4204400,10388.0,66.2495,18.8294,2249.78,4.3572,4.74,30.3144,0.4509,0.744,0.732,0.86,0.653,2.9454,36733.05737389295,44.68533574224631,0.0,0
4204459,2065.0,46.0533,20.339,2083.12,4.1338,8.09,6.0367,0.4823,0.696,0.678,0.816,0.609,5.1891,27785.95641646489,19.2089449498614,0.0,0
4204509,15267.0,78.6271,21.065,1989.39,1.9229,1.88,59.2777,0.3505,0.78,0.768,0.873,0.707,1.7598,52243.72830287548,37.62559733439142,0.0,0
4204558,15727.0,86.2084,21.8669,1531.4,2.0789,5.08,78.8792,0.4074,0.702,0.701,0.804,0.614,4.8682,37601.831245628535,24.29300512212151,12.716983531506326,1
4204608,214493.0,97.6638,22.1578,2235.77,2.0099,1.76,80.5769,0.4366,0.788,0.786,0.846,0.737,3.7249,46926.11413892295,913.5369728357624,2.331078403491023,0
4204707,10953.0,66.4384,18.6342,2191.07,1.4189,2.86,4.4641,0.4366,0.742,0.744,0.804,0.682,1.0121,84685.65689765361,49.76396984993117,0.0,0
4204756,1968.0,47.3577,19.3598,2169.22,0.1969,3.57,0.1422,0.4089,0.754,0.777,0.886,0.623,0.4073,33854.166666666664,35.905201510645675,0.0,0
4204806,40045.0,92.9105,22.7994,1806.18,2.9685,5.34,69.2329,0.4586,0.721,0.716,0.846,0.62,4.7066,46831.0151080035,42.15289780777562,7.491571981520789,0
4204905,8530.0,53.3998,17.3857,2412.49,0.6061,3.67,1.3747,0.4242,0.743,0.741,0.854,0.647,0.458,35053.45838218054,29.71535269998641,0.0,0
4205001,15008.0,76.6858,20.689,2292.36,3.0291,6.11,34.8845,0.5651,0.706,0.703,0.82,0.61,6.0485,42397.1881663113,39.61535517351515,19.989339019189764,1
4205100,4221.0,54.6316,21.4878,1899.35,0.1229,3.12,4.6735,0.3512,0.742,0.762,0.862,0.622,0.7374,39263.91850272448,23.6925857530156,23.691068467187872,1
4205159,3637.0,65.4935,19.8515,1771.6,0.914,3.24,14.4534,0.3402,0.716,0.714,0.843,0.609,2.1763,48313.44514709926,9.71927152229393,0.0,0
4205175,3402.0,32.04,24.8383,1241.72,0.7407,8.6,7.5874,0.394,0.657,0.638,0.808,0.55,6.9118,17814.814814814814,32.7625724686531,0.0,0
4205191,2269.0,54.9581,20.0529,1847.57,1.5411,4.52,17.6761,0.4019,0.726,0.708,0.808,0.67,1.4235,77810.48920229176,34.74146774662767,0.0,0
4205209,4885.0,70.87,18.4442,1649.61,0.575,4.64,48.4043,0.3643,0.723,0.736,0.868,0.592,1.4709,37492.1187308086,23.39100080922807,20.47082906857728,1
4205308,11192.0,83.0057,20.9435,1884.75,1.1306,4.87,67.4349,0.404,0.758,0.746,0.863,0.676,1.51,67760.09649749822,32.91087129120475,26.8048606147248,1
4205357,1783.0,26.977,19.069,2168.65,0.5803,8.33,0.7541,0.4643,0.708,0.736,0.792,0.608,0.4487,36050.47672462143,30.50105205535693,0.0,0
4205407,537211.0,99.5562,21.8724,3636.13,3.5638,1.24,57.1046,0.5308,0.847,0.87,0.873,0.8,4.828,43856.039805588494,796.0521246391758,8.376596905126663,0
4205431,2682.0,53.7286,19.3512,2102.36,0.639,5.71,5.042,0.5076,0.715,0.728,0.845,0.593,8.2617,29320.28337061894,26.711019042307385,0.0,0
4205456,31431.0,91.5147,25.3603,1664.12,1.4069,2.9,68.0667,0.3335,0.753,0.754,0.861,0.657,3.3139,38959.880372880274,171.42529901664022,6.363144666093983,0
4205506,33481.0,87.9215,22.9802,1714.52,2.2109,4.04,70.5438,0.4141,0.731,0.712,0.86,0.637,3.1301,38041.24727457364,60.964551301193765,8.960305845106179,0
4205555,2411.0,37.9925,20.0332,1788.63,0.6926,4.52,1.7321,0.4302,0.682,0.664,0.812,0.588,1.2443,42346.74408958938,15.185010234608722,0.0,0
4205605,3210.0,70.3738,17.8505,2170.52,0.6098,8.42,0.6061,0.5053,0.708,0.704,0.815,0.618,5.4591,31141.1214953271,22.95546211276066,124.61059190031152,1
4205704,29959.0,96.9992,19.5801,2120.74,2.5012,3.03,8.1283,0.4198,0.753,0.737,0.868,0.668,2.2251,25814.11262058146,261.0282906258441,0.0,0
4205803,18545.0,76.4141,23.0574,1603.44,2.3717,3.95,62.7877,0.4154,0.725,0.717,0.83,0.64,5.1111,109638.28525208952,36.8252266205979,32.353734160150985,1
4205902,72570.0,92.242,23.2575,2016.67,1.0147,2.1,64.2542,0.3623,0.765,0.77,0.889,0.655,2.3341,57287.90133664048,187.71388441253083,2.75595976298746,0
4206009,16915.0,97.0381,19.8286,1823.64,1.5728,4.07,16.7316,0.3829,0.747,0.737,0.87,0.651,1.6851,26589.890629618683,132.60842296716737,0.0,0
4206108,6277.0,50.8842,19.675,2306.62,0.8106,3.29,49.5868,0.4461,0.665,0.654,0.808,0.56,1.3223,52440.019117412776,18.77306631734467,15.931177314003504,1
4206207,12435.0,44.5919,20.2975,1841.83,0.4428,2.71,39.3212,0.3727,0.757,0.726,0.877,0.681,1.6848,31146.28065942903,75.03711123716194,0.0,0
4206306,24543.0,93.762,21.2362,1933.97,2.1728,1.16,57.416,0.3491,0.754,0.75,0.876,0.653,3.3098,51457.68650939168,142.5484832116534,8.148963044452593,0
4206405,10796.0,57.4565,18.2104,2834.02,0.539,2.76,6.849,0.4953,0.751,0.754,0.871,0.646,0.5377,42111.61541311597,32.54100781876382,0.0,0
4206504,46711.0,93.9629,24.4311,1850.72,2.7894,2.96,58.8015,0.3683,0.751,0.748,0.885,0.641,2.7037,53829.07666288455,174.6114222059406,8.563293442658047,0
4206603,4829.0,72.1682,17.2292,2492.22,0.5153,4.54,0.4625,0.4736,0.73,0.732,0.833,0.639,0.7872,41947.60820045558,47.98767763092518,0.0,0
4206652,8425.0,54.5163,21.1276,1858.24,1.6004,4.07,1.7508,0.3976,0.717,0.716,0.823,0.626,1.8635,42136.37982195846,40.85918252536422,11.869436201780417,0
4206702,21724.0,89.3436,21.207,1922.35,0.9946,3.37,76.6647,0.3723,0.758,0.74,0.859,0.684,2.8944,28725.05063524213,100.3042741514722,0.0,0
4206751,2008.0,36.0558,17.0817,2299.32,4.1338,3.02,21.2291,0.4505,0.725,0.737,0.82,0.631,0.1,37653.38645418327,13.752576895944772,0.0,0
4206801,3269.0,46.4668,17.5895,1917.72,3.6603,5.22,1.84,0.4918,0.708,0.734,0.826,0.586,7.3417,44483.94004282655,20.92414437595612,0.0,0
4206900,19862.0,89.1652,21.9263,2075.03,0.9996,2.31,32.1994,0.3605,0.737,0.749,0.848,0.63,2.183,30169.116906655927,80.37976220346253,5.034739703957305,0
4207007,59035.0,89.0319,21.7244,1976.0,2.3717,2.39,53.9512,0.3748,0.741,0.732,0.861,0.645,2.2545,59654.6116710426,256.1315822584354,1.6939103921402558,0
4207106,17046.0,67.6522,22.2868,1724.1,2.5992,3.41,60.8087,0.3274,0.738,0.75,0.883,0.607,2.8605,71298.60377801243,67.3691033261667,5.866478939340608,0
4207205,11881.0,33.0696,17.2124,1397.34,0.64,6.44,12.8652,0.3942,0.667,0.67,0.834,0.53,6.3547,21281.289453749683,21.911042752444494,8.416799932665601,0
4207304,52579.0,97.7348,19.1426,1867.08,3.0434,3.36,5.7606,0.4467,0.765,0.734,0.868,0.703,5.9989,47604.13853439586,289.5686127648325,5.7056999942943,0
4207403,5982.0,43.0291,22.1665,1900.55,0.3786,3.82,15.2612,0.3719,0.713,0.716,0.84,0.602,1.4106,43578.5690404547,50.22121850679607,0.0,0
4207502,71549.0,96.703,23.3826,1941.73,2.0053,1.63,60.165,0.3634,0.777,0.767,0.873,0.701,2.3019,51377.27990607835,166.08441523773269,4.19293071880809,0
4207577,2877.0,41.2583,17.7616,2700.4,0.4711,1.99,13.6023,0.5027,0.795,0.754,0.891,0.749,1.877,79172.7493917275,25.23994174723212,0.0,0
4207601,4578.0,60.8344,17.038,2074.85,0.7907,1.87,0.545,0.3857,0.736,0.724,0.838,0.657,2.1625,23402.14067278288,29.311018202539262,0.0,0
4207650,9335.0,57.2683,18.661,2584.82,0.6884,2.82,0.9703,0.4956,0.759,0.743,0.847,0.695,0.5937,40847.45581146224,46.415537147346335,0.0,0
4207684,7730.0,27.6455,26.5977,1290.53,0.3833,6.78,0.5142,0.5099,0.66,0.674,0.79,0.54,15.2272,41557.95601552393,29.60211388963352,25.8732212160414,1
4207700,7816.0,53.5568,20.893,2372.79,0.9298,3.48,2.9516,0.4717,0.738,0.747,0.853,0.631,2.1015,59586.7451381781,31.757511732320257,0.0,0
4207759,3986.0,39.7642,18.9413,2149.25,0.0934,3.39,0.2729,0.4254,0.722,0.71,0.845,0.628,1.5845,33568.99147014551,24.136072710978706,0.0,0
4207809,10195.0,76.3021,21.9912,1801.71,1.4485,3.9,8.867,0.3643,0.742,0.715,0.847,0.675,1.9627,27728.298185384992,31.28625000767196,0.0,0
4207858,2069.0,41.0826,18.898,2193.15,0.5279,6.74,1.0165,0.4242,0.707,0.694,0.836,0.609,0.4833,27365.3939101015,26.55560119108738,0.0,0
4207908,10285.0,38.8916,22.4016,1443.53,2.9197,4.17,17.8185,0.5149,0.699,0.72,0.836,0.567,15.959,44625.86290714633,17.441130883943984,29.16869227029655,1
4208005,7067.0,68.7703,19.1595,2845.16,2.2606,3.8,52.0238,0.5278,0.771,0.747,0.879,0.698,0.8371,57270.69477854818,42.50443569001293,0.0,0
4208104,22051.0,59.2127,22.7926,1585.77,1.1325,2.84,11.3934,0.4313,0.708,0.7,0.836,0.606,6.5683,47511.450727858144,16.99442715963941,18.139766903995284,1
4208203,264054.0,96.7919,23.683,2365.7,3.1507,1.83,80.5057,0.4672,0.795,0.778,0.884,0.73,3.2761,180861.5169624395,913.0024376329028,9.846470797639876,0
4208302,75940.0,98.6344,22.7482,2579.53,2.4414,1.68,65.9921,0.4745,0.796,0.788,0.881,0.727,3.4297,38049.302080589936,1304.5868407490125,3.9504872267579674,0
4208401,16638.0,56.996,21.2826,2634.98,1.4023,1.8,48.6342,0.4635,0.775,0.766,0.842,0.723,1.1731,64000.06010337781,59.04564521509536,0.0,0
4208450,30750.0,96.6309,18.6276,1795.93,3.3708,2.14,1.8884,0.4641,0.761,0.739,0.874,0.682,7.989,54925.365853658535,125.3086872539671,26.016260162601625,1
4208500,26525.0,70.345,22.8916,2112.88,1.4044,3.22,48.2972,0.409,0.748,0.749,0.876,0.638,2.8686,52769.72667295005,78.80554268126016,3.770028275212064,0
4208609,4310.0,51.6937,18.3063,2085.55,1.8031,4.38,1.685,0.483,0.732,0.746,0.801,0.657,5.6643,42077.49419953596,23.61863844851301,0.0,0
4208708,10624.0,58.9514,20.8208,1613.26,1.341,4.95,11.921,0.3805,0.716,0.708,0.818,0.633,6.1276,49866.8109939759,24.666592369701696,0.0,0
4208807,20375.0,82.7926,18.2822,1851.84,1.8677,3.2,7.4931,0.4065,0.721,0.719,0.83,0.628,2.686,41817.37423312884,62.43067513987535,24.539877300613497,1
4208906,182660.0,93.9209,22.4127,2341.61,2.1928,1.43,86.3664,0.4064,0.803,0.793,0.865,0.755,2.6536,65988.9357275813,344.1104107245798,2.7373261797875834,0
4208955,1776.0,60.1351,18.4685,2584.16,1.5952,2.56,0.5917,0.4496,0.709,0.708,0.823,0.611,1.464,37905.96846846847,25.927385801252576,0.0,0
4209003,30146.0,93.4087,21.2267,2837.07,2.9528,1.73,60.1682,0.446,0.827,0.823,0.891,0.771,2.125,78990.04843096928,124.75738400989914,13.2687587076229,1
4209102,616317.0,96.9125,23.0399,2260.92,3.4894,1.52,78.0244,0.4545,0.809,0.795,0.889,0.749,4.2986,73135.63474640486,546.4592844533386,8.27496239759734,0
4209151,5985.0,38.7135,22.7402,1488.38,0.9184,3.41,9.7444,0.4084,0.694,0.689,0.841,0.578,6.7012,21800.668337510444,14.757663628831814,0.0,0
4209177,2555.0,58.3562,22.0352,2527.58,0.8451,5.85,0.528,0.4905,0.719,0.708,0.862,0.61,1.6843,34536.20352250489,27.93937538273117,0.0,0
4209201,2248.0,54.9822,18.194,2588.1,0.2606,3.32,0.8444,0.4759,0.781,0.763,0.883,0.708,1.468,61281.58362989324,32.56272089924097,44.48398576512455,1
4209300,164981.0,97.7379,22.602,2029.41,3.9728,3.38,79.8031,0.4658,0.77,0.755,0.867,0.697,3.8463,39867.74234608834,62.54824351887658,4.242912820264152,0
4209409,42785.0,95.3652,19.1118,1700.15,3.9636,2.61,50.4909,0.4185,0.752,0.715,0.871,0.682,4.1357,25567.90931401192,128.3836295493895,7.011803202056796,0
4209458,1702.0,50.4113,18.8014,2948.12,4.1338,5.49,4.6233,0.5155,0.771,0.75,0.858,0.712,1.9389,34746.76850763807,26.0451735324723,0.0,0
4209508,7932.0,77.5214,19.5663,2054.57,1.0492,2.15,48.6726,0.3802,0.749,0.742,0.855,0.662,0.9613,56077.15582450832,99.9836133765268,0.0,0
4209607,14381.0,80.9401,19.8734,1957.24,1.2037,2.73,52.5279,0.4044,0.735,0.714,0.822,0.677,2.2391,29123.21813503929,52.90010741138561,20.860858076628887,1
4209706,11472.0,68.41,23.4745,1252.95,2.8208,8.22,30.382,0.4441,0.649,0.632,0.806,0.537,10.3644,36331.938633193866,12.182999872562762,17.433751743375172,1
4209805,3330.0,29.1592,19.6997,1675.05,0.6997,8.59,10.8463,0.3511,0.686,0.74,0.818,0.533,3.8543,35971.47147147147,11.341961852861036,0.0,0
4209854,4549.0,54.2317,18.9492,1702.86,0.1878,4.27,9.5296,0.4141,0.743,0.747,0.865,0.636,9.4637,33396.350846339854,23.920576744088216,0.0,0
4209904,12873.0,77.5421,21.6888,1799.95,0.5356,2.9,56.0421,0.3275,0.704,0.735,0.82,0.579,1.3758,36216.732696341176,65.15137712186086,0.0,0
4210001,11684.0,47.6464,23.2455,1830.61,1.053,2.6,37.5502,0.3763,0.737,0.766,0.87,0.6,2.4221,67851.33515919205,44.92014793968613,8.558712769599452,0
4210035,5794.0,71.8847,18.3638,2502.26,0.4461,1.24,69.2173,0.46,0.789,0.781,0.877,0.718,3.5751,50568.6917500863,49.47950025192358,17.25923369002416,1
4210050,1778.0,40.8886,17.5478,1809.53,0.2339,4.14,11.1111,0.4295,0.662,0.675,0.806,0.533,1.9144,33266.02924634421,6.806835931518177,0.0,0
4210100,55286.0,80.6027,21.4539,1806.38,3.2557,2.02,5.324,0.421,0.777,0.738,0.88,0.723,4.7532,45042.63285461057,39.37513710005954,3.61755236407047,0
4210209,3214.0,34.3186,17.5482,1622.58,0.1908,4.5,2.1577,0.3895,0.698,0.738,0.818,0.563,3.3914,19335.407591785937,10.501277535630502,0.0,0
4210308,7425.0,42.2222,21.468,1244.76,2.2712,4.38,22.9735,0.448,0.69,0.653,0.817,0.617,12.1404,40447.003367003366,14.256474455469878,26.93602693602693,1
4210407,7815.0,81.881,21.8682,1861.57,1.4503,2.79,38.7026,0.3626,0.768,0.752,0.861,0.699,0.8641,34943.186180422264,124.24088264284124,0.0,0
4210506,28251.0,83.8271,22.1656,2146.03,1.2299,2.16,5.4148,0.3865,0.781,0.758,0.886,0.708,1.5788,63508.51297299211,165.8516252883955,0.0,0
4210555,2184.0,40.3388,18.7729,3440.45,0.5738,5.59,0.1348,0.5199,0.743,0.748,0.862,0.636,1.4207,44556.77655677656,20.962911771481227,0.0,0
4210605,17162.0,55.18,19.5082,1903.58,1.1571,2.5,47.7434,0.3588,0.774,0.749,0.867,0.714,5.3535,43810.39505885095,45.83145284263431,5.82682671017364,0
4210704,2761.0,54.1108,20.8982,1198.14,5.2586,8.41,29.4606,0.3947,0.657,0.63,0.831,0.541,4.9329,22669.322709163345,6.3414264419797375,0.0,0
4210803,7006.0,61.7043,19.3406,1822.0,0.8613,3.22,41.3287,0.3689,0.738,0.734,0.808,0.679,2.6354,48584.92720525264,37.57797456540745,28.546959748786755,1
4210852,2511.0,46.356,19.8327,1380.51,2.88,4.39,38.6918,0.3485,0.708,0.683,0.821,0.633,3.1898,35620.868180007965,7.429191901559509,0.0,0
4210902,4080.0,67.9167,21.0049,2525.48,0.1781,4.61,3.9843,0.4594,0.76,0.751,0.886,0.659,1.1765,41741.66666666666,44.18166460918719,0.0,0
4211009,10066.0,68.5973,20.3457,2163.03,1.2608,2.85,2.2205,0.4515,0.748,0.728,0.875,0.657,2.3724,108204.74865885156,50.26064031636341,0.0,0
4211058,9117.0,92.6182,26.4012,1157.98,3.0995,8.17,72.845,0.4259,0.643,0.648,0.804,0.511,11.3114,25603.48798947022,47.663610033563714,21.937040693210484,1
4211108,7736.0,58.3247,22.2208,1235.91,2.1861,5.44,10.5007,0.3437,0.675,0.641,0.826,0.581,3.9671,30692.476732161325,13.795981403245335,0.0,0
4211207,18537.0,87.9161,21.7457,1720.72,0.4326,3.32,82.8906,0.3666,0.738,0.732,0.825,0.665,2.7646,49770.29724335114,223.666111633968,10.789232346118574,0
4211256,3010.0,45.4153,19.1362,1647.35,1.2258,4.69,8.6397,0.3608,0.701,0.742,0.847,0.548,1.696,48215.94684385382,11.57055926932495,0.0,0
4211306,86401.0,95.9156,22.8898,1738.92,4.7181,2.74,83.3979,0.4309,0.736,0.731,0.873,0.624,4.7172,71099.04977951644,775.7526239708378,6.944364069860303,0
4211405,5155.0,76.0233,20.6402,2798.97,1.0333,4.63,4.8026,0.534,0.765,0.767,0.851,0.686,0.8542,48181.76527643065,79.20168390001075,0.0,0
4211454,4536.0,42.1517,19.9074,2406.86,0.5458,3.31,2.3159,0.4674,0.736,0.753,0.876,0.605,2.0741,41763.44797178131,33.092821863441046,22.045855379188712,1
4211504,13727.0,76.1492,19.9534,2047.66,1.2103,3.02,54.8361,0.3636,0.748,0.749,0.891,0.628,1.2058,50379.47111532017,34.07454846941309,7.284912945290303,0
4211603,13664.0,79.8156,20.4772,1877.88,0.3471,2.87,51.3142,0.3679,0.768,0.741,0.869,0.703,2.9707,78645.34543325526,46.30875440160237,0.0,0
4211652,2643.0,49.4135,19.7881,2185.28,0.1503,4.58,0.1101,0.4489,0.706,0.7,0.846,0.594,2.0431,45343.927355278094,17.42001819116542,113.50737797956867,1
4211702,23661.0,79.5529,21.5037,2065.31,0.9952,2.51,66.1873,0.4454,0.755,0.749,0.873,0.657,5.6126,50211.06462110646,43.031031591735335,8.452728118000085,0
4211751,17312.0,92.3232,22.7761,1792.79,3.3233,3.41,72.4116,0.3724,0.74,0.713,0.835,0.681,1.8714,57653.65064695009,20.43309377482287,5.77634011090573,0
4211801,7032.0,69.781,18.9562,2446.42,0.7351,3.06,33.9104,0.4536,0.774,0.774,0.884,0.677,2.479,35925.9101251422,32.930135850859074,0.0,0
4211850,2181.0,48.5099,20.3576,1508.02,0.1056,6.79,1.2706,0.417,0.695,0.696,0.79,0.611,5.6422,62937.18477762494,11.5661193839888,0.0,0
4211876,1927.0,26.5698,17.4364,1673.43,0.5669,6.94,0.578,0.4144,0.718,0.705,0.847,0.62,4.5148,30261.546445251686,22.394477500929717,0.0,0
4211892,2215.0,46.9977,18.3296,1156.41,0.4969,6.98,23.4245,0.4376,0.664,0.668,0.808,0.543,10.6335,38348.081264108354,3.000009480842603,45.14672686230248,1
4211900,222598.0,98.7933,23.2221,2029.43,3.8134,1.99,54.9771,0.4297,0.757,0.752,0.859,0.672,4.8665,36882.79768910772,563.7533240471065,9.434047026478224,0
4212007,7605.0,76.1078,20.7758,2139.93,1.0094,6.96,0.4671,0.4796,0.704,0.7,0.8,0.622,1.646,43693.22813938199,22.98430237126675,0.0,0
4212056,2561.0,46.8957,17.6884,1501.95,1.168,5.63,36.6667,0.3778,0.671,0.655,0.827,0.557,4.0673,73368.60601327606,8.85861838760001,39.04724716907458,1
4212106,15626.0,68.4308,18.2324,1913.03,0.6365,3.78,0.8267,0.4474,0.737,0.757,0.836,0.632,5.896,58480.28926148726,44.51205095555917,25.59836170485089,1
4212205,19150.0,67.9687,22.6527,1568.58,2.9363,3.3,53.5673,0.418,0.704,0.691,0.836,0.603,5.1645,44586.21409921671,25.04128870448272,5.221932114882507,0
4212239,4267.0,42.9107,18.3736,2750.48,0.45,5.83,0.0635,0.506,0.7,0.728,0.833,0.565,1.3254,33583.54816029998,23.66112522041944,0.0,0
4212254,12897.0,95.0686,19.3921,1750.71,1.3975,2.1,3.2027,0.4543,0.72,0.695,0.869,0.618,5.0746,18404.900364425837,139.21932684211663,31.01496472047763,1
4212270,4034.0,38.2251,20.5999,1587.67,0.2335,8.56,6.1331,0.4871,0.659,0.648,0.808,0.547,8.3956,43427.11948438275,6.5371127805902525,0.0,0
4212304,9063.0,81.43,20.4237,1513.69,1.3919,6.64,2.0954,0.3807,0.716,0.707,0.865,0.6,5.472,27592.7397109125,20.313112861833627,0.0,0
4212403,4245.0,29.7291,16.914,1875.23,0.9066,3.09,12.0907,0.3783,0.728,0.715,0.87,0.621,0.3777,57463.13309776208,26.54917069021589,0.0,0
4212502,33663.0,99.8277,20.7617,1753.22,2.4387,2.38,82.1065,0.3827,0.743,0.739,0.867,0.64,2.5548,30809.88028399133,582.8889042803712,11.882482250542138,0
4212601,2992.0,57.3529,15.7086,2454.13,0.1775,2.18,0.6667,0.396,0.766,0.762,0.882,0.669,0.1337,40426.80481283423,31.286598628074284,0.0,0
4212650,10190.0,81.3837,20.5594,1490.29,2.2979,3.71,4.8117,0.3495,0.665,0.654,0.808,0.56,5.2999,11724.04317958783,95.3646598598074,0.0,0
4212700,6716.0,42.302,19.1185,3308.39,0.2426,3.55,34.2202,0.649,0.716,0.74,0.802,0.618,3.7087,33288.266825491366,21.893336810535924,0.0,0
4212809,27127.0,91.7462,19.8363,2255.06,3.8045,2.15,60.9496,0.4631,0.756,0.745,0.869,0.668,3.1881,55809.59929221809,273.03105027426903,14.74545655619862,1
4212908,21972.0,87.8709,23.3934,2285.95,1.5373,2.54,6.3971,0.4117,0.783,0.758,0.886,0.716,1.8069,68915.84744219916,170.68812827245466,0.0,0
4213005,3473.0,63.7201,23.4955,2022.36,0.9775,2.82,52.5957,0.3101,0.777,0.762,0.866,0.712,0.835,65442.55686726173,56.92416121682975,0.0,0
4213104,5769.0,65.7306,19.3794,1775.54,1.5452,2.39,6.1734,0.3615,0.758,0.736,0.829,0.714,1.4652,138873.11492459697,39.489896500739285,17.33402669440111,1
4213153,2946.0,58.0788,18.4657,1901.26,0.6866,5.31,0.0945,0.3849,0.751,0.731,0.881,0.659,3.2926,48178.88662593347,46.68779714738511,0.0,0
4213203,34289.0,87.2671,20.2193,2135.56,2.3599,1.2,34.7895,0.3555,0.78,0.78,0.886,0.687,1.7749,81847.03549243197,160.00541299772746,0.0,0
4213302,4437.0,76.5382,21.794,1329.52,3.916,7.97,33.3959,0.4095,0.673,0.666,0.804,0.568,7.1895,39615.95672751859,7.714241007006625,0.0,0
4213351,3210.0,88.7539,23.4579,1197.09,0.3467,7.84,77.7046,0.3484,0.689,0.661,0.819,0.605,4.753,51913.08411214953,8.088046321072762,0.0,0
4213401,10649.0,87.088,22.8848,1564.49,0.9257,6.67,33.7566,0.4089,0.693,0.69,0.79,0.61,4.5446,27333.55244623908,18.99128102423444,18.7811062071556,1
4213500,27688.0,93.9396,22.0998,2069.1,2.2973,2.93,16.5468,0.4451,0.76,0.75,0.886,0.66,4.3828,53169.206876625256,295.5814375540444,10.83501878069922,0
4213609,32970.0,86.8911,21.5469,1898.25,3.168,2.36,72.5895,0.4312,0.786,0.752,0.891,0.724,3.6994,34875.12890506521,38.84403360592098,9.099181073703368,0
4213708,17123.0,65.0295,22.1807,1720.92,0.9878,2.76,60.1285,0.3876,0.72,0.728,0.857,0.598,3.4975,41995.0359166034,48.025601687332944,5.840098113648309,0
4213807,8270.0,72.89,20.1814,1478.65,1.1009,4.78,41.0819,0.3545,0.718,0.692,0.84,0.636,2.5352,26998.669891172915,29.08285272190181,12.091898428053204,1
4213906,1689.0,39.1948,18.3541,1871.95,0.1062,2.64,0.9901,0.3956,0.77,0.813,0.883,0.637,2.2619,44951.450562463,25.81266333501444,0.0,0
4214003,20010.0,77.956,24.8026,1966.13,1.9118,2.32,66.21,0.4006,0.759,0.764,0.874,0.654,3.1947,49231.63418290854,67.3374613003096,14.992503748125936,1
4214102,2301.0,46.8927,18.5571,1951.22,1.2723,5.8,16.5345,0.4084,0.737,0.765,0.861,0.609,3.4151,27268.14428509344,10.23813337604784,0.0,0
4214151,2964.0,42.0715,20.1754,2349.85,1.0676,2.9,0.183,0.4864,0.706,0.701,0.82,0.611,0.9821,45853.91363022942,34.62697726582397,0.0,0
4214201,11022.0,67.7373,21.5297,1806.72,4.4406,5.24,4.9662,0.4355,0.73,0.712,0.832,0.656,8.9688,41974.41480675014,39.50778362839313,0.0,0
4214300,3279.0,41.598,16.9869,2011.61,0.6565,4.36,27.462,0.519,0.753,0.743,0.893,0.644,14.5789,50549.25282098201,11.44658435179658,0.0,0
4214409,6253.0,50.104,19.3507,1809.13,0.5438,3.94,6.7441,0.3919,0.697,0.727,0.82,0.569,0.9925,46072.28530305453,19.856277765605103,0.0,0
4214508,6452.0,48.4966,20.1333,2058.98,2.2929,4.26,45.2838,0.4885,0.729,0.741,0.803,0.65,6.8118,33003.874767513946,12.850157838656031,0.0,0
4214607,7747.0,59.8038,20.4079,2489.7,1.2214,2.41,57.0175,0.4763,0.754,0.769,0.892,0.625,1.979,35644.24938685943,31.61305328964282,0.0,0
4214706,10865.0,58.6378,20.0,1654.22,1.4045,2.02,21.974,0.3259,0.729,0.739,0.827,0.634,4.8589,43718.82190520018,19.55990660212108,0.0,0
4214805,72587.0,93.1834,22.9463,2416.85,1.6432,1.93,65.0605,0.4454,0.802,0.793,0.894,0.727,4.9687,50840.32953559177,278.30624537510977,2.755314312480196,0
4214904,4847.0,46.2348,19.3522,1801.19,0.5173,0.98,37.737,0.3659,0.806,0.848,0.85,0.727,7.9882,62468.53723952961,16.02896921194484,0.0,0
4215000,39261.0,89.3813,22.4803,1592.73,1.3695,4.45,61.8396,0.3991,0.738,0.71,0.848,0.668,7.9405,41125.87555080105,43.26662405501312,7.6411706273401085,0
4215059,2397.0,43.0955,21.3183,1770.92,1.6007,6.04,28.473,0.4474,0.653,0.652,0.806,0.53,1.8773,29230.70504797664,8.482823785880361,41.71881518564873,1
4215075,4768.0,55.8305,19.3792,1853.54,1.7214,4.99,2.7203,0.4215,0.714,0.702,0.83,0.624,3.9664,30970.008389261744,24.955380742276027,0.0,0
4215109,12757.0,82.2372,18.6643,1885.06,1.7365,2.88,59.2293,0.3141,0.754,0.769,0.889,0.626,0.7921,30577.80042329701,98.89070627359476,0.0,0
4215208,4823.0,43.1682,16.9604,2356.31,1.2019,5.72,3.3889,0.4995,0.692,0.738,0.8,0.561,3.7484,23083.765291312466,21.59555462023077,0.0,0
4215307,7489.0,67.5391,21.6851,1842.19,1.6807,3.0,52.0015,0.3594,0.744,0.737,0.803,0.695,2.0722,42485.51208439044,42.09975995997459,0.0,0
4215356,3632.0,46.8612,19.7963,1583.41,1.5356,6.84,0.5162,0.4601,0.654,0.639,0.795,0.551,11.261,25779.18502202643,23.19758826835624,0.0,0
4215406,4390.0,82.4829,20.41,1953.74,0.6268,3.72,4.1491,0.4134,0.784,0.778,0.88,0.705,2.6651,60802.50569476082,41.81987920818488,0.0,0
4215455,12882.0,56.6527,24.0801,1365.46,1.1294,3.28,29.5225,0.3323,0.7,0.725,0.853,0.554,5.9258,36228.22543083372,155.2347440470452,7.762769756249029,0
4215505,15546.0,88.3571,23.0928,1544.14,0.3629,6.15,81.2071,0.4288,0.698,0.697,0.819,0.597,3.8187,42587.16068442043,13.56880762771926,19.2975685063682,1
4215554,2425.0,53.2371,18.1443,2133.42,0.1635,3.66,1.5891,0.4195,0.727,0.705,0.833,0.653,1.1134,42727.010309278354,29.936793244778038,0.0,0
4215604,2088.0,27.7299,18.8697,1903.24,4.1338,3.17,10.0407,0.3227,0.757,0.726,0.843,0.71,0.8704,34880.26819923372,10.274680392484916,0.0,0
4215653,9792.0,53.6969,20.5474,1531.38,2.0375,3.11,1.5514,0.3291,0.705,0.702,0.806,0.618,2.6683,20332.312091503267,65.15013406609492,20.42483660130719,1
4215679,8066.0,23.7664,20.5058,1685.25,1.4188,2.62,7.2011,0.3855,0.669,0.637,0.817,0.575,5.8678,33348.375898834616,11.272432013930525,12.397718819737168,1
4215687,2576.0,32.8804,18.7112,1861.87,0.1709,6.85,0.4188,0.4471,0.682,0.686,0.791,0.585,4.5031,25279.1149068323,21.52892113026836,0.0,0
4215695,1651.0,56.9958,19.6245,1422.63,0.3584,5.59,2.4263,0.4744,0.728,0.731,0.811,0.652,13.931,29365.233192004845,22.513124701711327,0.0,0
4215703,27272.0,90.0411,20.3322,1906.51,2.4179,3.03,48.1256,0.4016,0.781,0.753,0.89,0.71,3.3592,46073.15195071868,79.2249480732639,3.6667644470519214,0
4215752,2684.0,44.1505,19.7839,2364.31,1.5581,7.62,0.3064,0.5155,0.677,0.653,0.822,0.577,2.3117,32847.98807749627,17.906345277568366,0.0,0
4215802,83277.0,94.3622,21.6542,1941.74,1.3972,1.44,45.0907,0.388,0.782,0.763,0.871,0.719,2.1178,56408.26398645484,168.23568389622667,9.606493989937196,0
4215901,2946.0,22.3014,17.685,1564.53,1.4493,1.36,2.0426,0.3743,0.731,0.729,0.86,0.622,5.8104,38164.2905634759,6.384389668817913,0.0,0
4216008,10282.0,71.348,18.4303,2123.6,1.0635,2.7,3.9246,0.404,0.769,0.763,0.867,0.688,1.9696,50654.05563120016,63.422156427337775,0.0,0
4216057,6084.0,61.7686,24.9836,1488.6,1.206,6.37,64.9492,0.4167,0.665,0.667,0.812,0.543,3.8237,36129.52005259698,17.588745977918663,0.0,0
4216107,9226.0,72.0681,20.052,2247.77,0.9571,5.6,22.9655,0.4487,0.765,0.769,0.861,0.675,2.6707,48775.63407760677,25.103054213999048,0.0,0
4216206,52674.0,93.194,19.2163,1869.82,3.54,2.07,23.1389,0.4408,0.762,0.74,0.856,0.699,5.66,161685.36659452482,106.7861964943864,32.27398716634393,1
4216255,6295.0,44.0826,17.4265,3215.69,0.5673,0.59,1.7043,0.5046,0.761,0.756,0.873,0.668,0.5418,56112.78792692613,38.48058243524932,0.0,0
4216305,32687.0,92.3425,23.3763,1715.92,0.9814,2.08,49.8194,0.3522,0.74,0.739,0.865,0.634,4.8756,31505.460886591,162.81224316987525,6.118640438094656,0
4216354,4463.0,55.2319,21.9807,1695.69,1.1965,3.6,13.1544,0.3756,0.738,0.714,0.873,0.645,0.9419,75767.86914631414,29.384073476643515,0.0,0
4216404,8668.0,38.6594,20.2353,1534.99,0.6479,4.27,3.4908,0.3655,0.695,0.682,0.84,0.587,2.7488,32639.59390862944,47.0128813559322,57.68343331795108,1
4216503,25939.0,71.4021,21.5467,1604.93,1.4574,3.65,50.0209,0.4245,0.687,0.705,0.817,0.562,4.2002,43693.97432437642,13.734265082594089,15.42079494197926,1
4216602,270299.0,99.6855,22.225,2396.69,3.1355,1.66,72.026,0.446,0.809,0.799,0.88,0.752,4.4855,51203.27859148572,1796.0185781965329,10.728859522232788,0
4216701,14167.0,68.7443,19.2137,2548.44,0.9747,2.99,1.4055,0.4711,0.731,0.753,0.83,0.625,0.5134,40107.29159313899,50.45946716056419,0.0,0
4216800,8708.0,33.7621,19.0629,1223.88,1.0535,5.77,21.1301,0.4139,0.636,0.618,0.827,0.503,8.8539,36612.76986678916,9.178740906110798,22.96738631143776,1
4216909,24791.0,82.1104,21.7418,2140.03,2.0173,4.03,11.4003,0.4312,0.749,0.748,0.807,0.695,2.271,56049.413093461335,69.59990791509098,4.033721915211165,0
4217006,13509.0,81.8491,24.4134,2064.29,0.5671,2.56,82.382,0.3644,0.755,0.756,0.834,0.683,0.9337,68788.58538751943,126.53022994427012,14.804944851580428,1
4217105,3405.0,37.8855,17.9442,2224.39,0.1402,0.72,24.1438,0.3738,0.742,0.754,0.83,0.654,0.4993,32089.86784140969,15.162580265935182,0.0,0
4217154,1781.0,31.3869,16.0022,2281.1,0.2466,5.32,0.3021,0.4822,0.71,0.733,0.795,0.615,2.5857,28242.56035934868,24.479417222184043,0.0,0
4217204,44330.0,89.3932,21.3603,2515.12,2.1218,2.69,10.3115,0.4045,0.801,0.787,0.884,0.739,1.1182,49052.10918114144,189.58217508446307,0.0,0
4217253,5776.0,73.1475,20.2216,2167.98,1.5791,3.76,19.3456,0.3952,0.734,0.757,0.846,0.618,1.2394,17510.387811634348,41.495445271415846,34.62603878116344,1
4217303,10265.0,63.546,20.7793,2154.73,0.9671,1.96,0.6392,0.4294,0.755,0.723,0.85,0.7,4.2821,51355.86945932781,49.88312817995831,0.0,0
4217402,20061.0,90.8978,20.8514,1978.64,1.3485,1.72,66.9349,0.3449,0.769,0.75,0.855,0.71,2.0936,37859.47859029959,121.40743295993028,0.0,0
4217501,18620.0,75.2148,21.8743,2097.28,1.6556,3.14,30.6989,0.4248,0.779,0.804,0.872,0.674,2.4126,63299.89258861439,60.1368743681914,0.0,0
4217550,3303.0,64.7593,18.9827,1823.32,1.8405,3.66,2.0325,0.3207,0.773,0.758,0.879,0.694,0.5752,35736.60308810173,36.47144560752617,0.0,0
4217600,13714.0,79.3642,19.8483,1838.15,1.2799,2.89,47.8734,0.3446,0.774,0.751,0.88,0.701,1.6687,49552.06358465801,52.34291210405988,0.0,0
4217709,29991.0,86.3392,22.4934,1687.98,2.3548,2.34,33.9518,0.4209,0.728,0.729,0.858,0.617,6.7341,30355.306591977595,209.05916058470484,3.3343336334233604,0
4217758,2832.0,42.5847,19.2444,3151.9,1.0198,5.67,30.7307,0.5653,0.707,0.713,0.832,0.595,0.1412,29447.38700564972,25.034254143646407,0.0,0
4217808,18310.0,65.9694,20.5844,2065.3,1.1199,2.71,54.2063,0.3933,0.761,0.749,0.879,0.67,1.799,46132.05898416166,26.389103073155898,5.461496450027307,0
4217907,8143.0,62.3849,20.2505,1861.19,0.3365,2.49,1.1475,0.3822,0.737,0.748,0.867,0.617,3.5368,73790.0036841459,20.877131810770067,12.280486307257766,1
4217956,2329.0,41.9064,18.2482,1442.85,0.1946,5.86,0.8111,0.2842,0.717,0.688,0.846,0.633,1.2022,28146.8441391155,40.886907060847584,0.0,0
4218004,51592.0,91.9968,23.996,1989.06,1.9399,3.09,56.2071,0.3998,0.76,0.747,0.873,0.672,2.4105,47258.41215692356,184.7434139144821,17.444565048844783,1
4218103,5386.0,49.7215,19.9963,1777.55,0.8769,5.8,15.3654,0.3655,0.72,0.721,0.856,0.606,2.0697,28756.962495358337,16.395388834941112,0.0,0
4218202,46099.0,93.2276,21.8052,2129.74,2.3099,1.43,66.3798,0.3773,0.784,0.807,0.856,0.697,2.3655,54984.728519056815,359.26991029747575,2.1692444521573138,0
4218251,7342.0,60.365,26.0556,1221.89,2.7018,5.28,19.2857,0.4203,0.659,0.634,0.798,0.565,5.6797,41309.72487060746,12.311685872583608,13.620266957232362,1
4218301,19746.0,85.8959,23.2807,1287.6,1.8215,4.47,11.4407,0.3939,0.706,0.677,0.814,0.639,6.5002,77122.05003545021,45.23752794985521,0.0,0
4218350,3782.0,54.1248,17.5833,1977.65,0.9918,2.33,33.382,0.3067,0.774,0.737,0.882,0.714,2.3797,61411.158117398205,24.149160334589105,0.0,0
4218400,7362.0,54.075,19.5192,1556.82,0.1835,2.97,23.8592,0.3717,0.729,0.729,0.881,0.602,1.7129,27130.12768269492,46.06057572591392,0.0,0
4218509,8787.0,79.39,22.613,2521.03,0.9647,2.6,39.502,0.4375,0.795,0.838,0.874,0.685,2.6403,94404.46113576875,49.66455091647968,22.760896779333105,1
4218608,7274.0,69.4116,20.0852,2025.72,1.942,2.74,51.909,0.3435,0.775,0.76,0.88,0.696,1.0797,60209.650811108055,66.3395593170874,0.0,0
4218707,110088.0,94.2818,20.2574,2160.06,2.0622,2.01,76.1719,0.4405,0.796,0.788,0.866,0.74,5.0152,43761.31821815275,365.1524951490124,3.633456870866943,0
4218756,4916.0,35.1098,18.1041,3288.15,0.3003,2.72,9.8639,0.5634,0.752,0.728,0.83,0.704,0.6524,37086.24898291294,36.97936647635382,0.0,0
4218806,13043.0,71.5556,20.7391,2009.39,1.9447,2.97,48.9004,0.4026,0.74,0.742,0.867,0.631,2.6203,56575.63443992946,55.4775758813121,0.0,0
4218855,2774.0,52.956,18.0606,2224.06,0.7741,5.52,0.1949,0.4017,0.705,0.703,0.823,0.606,1.1536,30689.25739005047,29.87389211368017,0.0,0
4218905,10834.0,73.0478,20.3157,2017.81,0.5598,4.7,50.3286,0.4406,0.694,0.722,0.823,0.562,2.9697,32888.59147129407,10.60731115334193,18.460402436773123,1
4218954,2656.0,48.6069,18.9383,1649.66,3.6859,4.78,15.5925,0.4899,0.699,0.667,0.823,0.622,5.969,33305.346385542165,7.578351480289439,0.0,0
4219002,20919.0,71.992,19.346,1838.88,1.0318,2.72,49.8133,0.345,0.772,0.756,0.876,0.695,2.7774,51995.36306706822,82.05009531131105,0.0,0
4219101,3634.0,61.8327,21.9318,2062.19,2.187,4.55,18.7452,0.4551,0.686,0.708,0.827,0.551,3.0545,55313.7039075399,21.80160182379938,0.0,0
4219150,2627.0,39.665,18.3479,1330.09,2.9825,5.23,3.2706,0.4084,0.629,0.636,0.79,0.495,8.8694,44212.409592691285,7.492741139626817,38.06623524933384,1
4219176,4576.0,58.042,22.5743,1899.82,1.6522,4.74,20.3727,0.4207,0.718,0.705,0.801,0.656,2.1435,117989.51048951047,15.263152628190802,0.0,0
4219200,6189.0,42.4624,20.3749,1633.53,0.4523,4.27,4.5923,0.4022,0.7,0.728,0.802,0.588,2.9431,57335.43383422201,17.839230742623915,0.0,0
4219309,55466.0,92.325,23.5514,2199.25,1.3792,2.23,62.8925,0.4018,0.764,0.772,0.857,0.675,2.0527,62310.28017163668,144.39532861613117,12.620343994519166,1
4219358,5370.0,31.9181,21.4339,1613.42,0.5795,3.82,11.1342,0.3373,0.673,0.694,0.841,0.522,3.3538,26496.83426443203,14.497292218976606,0.0,0
4219408,4255.0,40.2585,22.1152,2324.29,0.1218,2.78,10.0196,0.3939,0.71,0.739,0.87,0.557,1.1103,41176.96827262045,27.670117573613567,0.0,0
4219507,51607.0,94.0628,22.6597,2120.34,2.4089,3.2,12.3154,0.4382,0.775,0.76,0.861,0.711,5.4855,51155.40527447827,136.7340882716082,15.501773015288624,1
4219606,3653.0,33.1782,16.2059,2639.27,4.1338,2.51,23.9425,0.4556,0.749,0.772,0.861,0.632,1.752,58001.642485628254,16.754421369340278,27.37476047084588,1
4219705,31918.0,87.3582,21.361,1900.05,1.0832,3.27,7.4427,0.3644,0.752,0.737,0.871,0.662,4.2923,46115.73406855066,108.70216736823464,18.79817031142302,1
4219853,3930.0,89.0585,23.1298,1456.33,2.2924,4.32,0.6835,0.347,0.761,0.752,0.885,0.661,4.0468,26375.826972010174,20.68116277601196,25.44529262086514,1
4220000,15981.0,98.542,18.4156,1651.68,2.2948,2.72,4.2992,0.4092,0.665,0.654,0.808,0.56,4.8441,18443.83955947688,251.6217407733972,6.257430698955009,0
4300034,4170.0,36.7146,19.8801,1644.79,2.3068,3.52,13.9505,0.5396,0.687,0.703,0.852,0.541,8.5556,109886.3309352518,2.6880004950562064,23.980815347721823,1
4300059,3912.0,43.5327,20.0665,2262.1,0.652,2.89,6.5847,0.5918,0.75,0.84,0.85,0.59,5.9606,139931.74846625768,13.41904324142615,0.0,0
4300109,16041.0,51.0691,18.2158,1720.07,0.7979,3.41,49.6738,0.4179,0.694,0.752,0.847,0.524,5.5003,41635.62122062215,30.004264679475668,6.234025310142759,0
4300208,6720.0,64.1667,17.2321,2357.63,0.3562,2.93,6.25,0.5132,0.753,0.763,0.85,0.658,4.3537,77538.69047619047,20.825972963424388,0.0,0
4300307,6123.0,41.189,13.8821,1732.26,1.27,4.83,0.6659,0.4445,0.672,0.683,0.852,0.522,4.2014,26469.541074636614,19.35245295422796,16.331863465621428,1
4300406,72409.0,90.6006,19.9298,1653.21,4.7224,3.91,76.4489,0.4748,0.74,0.72,0.849,0.664,6.9259,42534.57443135522,9.28254820940877,12.429394136088057,1
4300455,3651.0,46.59,14.1331,2205.9,0.8824,4.76,0.5506,0.4988,0.695,0.717,0.818,0.572,5.0123,42898.65790194467,21.129205875204,0.0,0
4300471,1969.0,51.6506,16.2519,2128.82,1.3228,3.11,18.5464,0.4016,0.74,0.732,0.828,0.669,0.8647,140381.91975622144,7.4290112510470045,0.0,0
4300505,7117.0,36.181,15.751,2094.44,1.4362,7.63,12.6186,0.4629,0.671,0.7,0.795,0.543,2.7297,27593.64900941408,21.83269474413996,0.0,0
4300554,1800.0,48.7222,16.5,1652.45,5.644,5.43,0.1435,0.382,0.747,0.756,0.859,0.642,2.5556,58967.77777777778,15.606710885680844,0.0,0
4300570,3072.0,36.1328,17.3503,1814.97,0.464,1.24,14.065,0.2774,0.734,0.74,0.886,0.603,0.2604,52587.56510416666,39.29896379685301,0.0,0
4300604,187315.0,100.0,22.9298,1332.84,6.03,2.55,92.1832,0.4135,0.699,0.694,0.874,0.564,9.8639,17629.517123561913,2612.409695684918,38.43792541974748,1
4300638,5310.0,32.2599,20.4896,1018.29,2.3908,7.32,3.0318,0.4383,0.624,0.664,0.802,0.457,15.7059,27802.824858757063,10.491811052559823,0.0,0
4300646,7650.0,62.915,22.8889,1500.41,0.7068,6.37,4.7915,0.4148,0.682,0.697,0.809,0.562,3.5859,23238.16993464052,81.72640350408632,13.071895424836605,1
4300661,1135.0,50.3084,18.8546,1705.55,1.7657,3.55,13.5011,0.3454,0.72,0.738,0.837,0.605,1.5004,170123.34801762117,3.426849593005,0.0,0
4300703,5957.0,48.9508,16.552,2682.97,0.0883,2.65,39.1946,0.4839,0.74,0.742,0.868,0.63,1.8475,54103.23988584858,24.60553490293267,0.0,0
4300802,13045.0,73.4381,17.9916,2153.43,0.4967,3.24,68.2381,0.3996,0.758,0.777,0.835,0.671,3.772,61135.53085473362,37.535139738908505,22.997316979685703,1
4300851,4112.0,79.5477,16.3181,1556.44,2.1424,4.82,11.8566,0.4556,0.691,0.694,0.833,0.57,4.3552,69330.98249027238,7.935267361774474,0.0,0
4300877,8525.0,80.3754,22.0528,1362.38,0.1821,3.02,56.4541,0.3278,0.679,0.696,0.824,0.547,3.1202,27733.958944281523,242.2219065208126,11.730205278592376,0
4300901,6483.0,59.6175,15.0393,2353.81,0.4866,2.75,43.1014,0.4139,0.772,0.801,0.856,0.67,1.7584,146070.0293074194,18.940688736381723,0.0,0
4301008,21958.0,82.4529,18.4853,2120.87,1.7935,1.7,5.0672,0.3669,0.769,0.75,0.86,0.706,2.8027,69977.22925585209,139.78152373192097,4.554148829583751,0
4301057,11057.0,96.1291,16.2521,1638.58,2.7312,2.13,3.3819,0.4128,0.74,0.74,0.844,0.649,4.7658,25827.982273672787,92.79120510238336,36.17617798679569,1
4301073,2599.0,26.5871,19.6999,1613.45,0.983,2.98,0.1215,0.4945,0.669,0.756,0.86,0.461,10.8888,29544.055405925355,20.843190876793404,0.0,0
4301107,14601.0,91.6239,20.7931,1504.33,6.6988,4.06,52.2583,0.4236,0.698,0.7,0.833,0.583,8.1322,24474.21409492501,34.291471637493515,0.0,0
4301206,12058.0,51.443,19.8292,1519.14,1.4091,4.68,11.4106,0.4085,0.707,0.708,0.848,0.589,8.3278,35600.6800464422,38.26333092164553,24.87974788522143,1
4301305,17558.0,87.9713,20.1674,1360.17,4.2393,5.77,84.5096,0.4464,0.657,0.673,0.807,0.522,8.5155,64444.24194099556,6.999242991090098,0.0,0
4301404,10322.0,66.8184,20.1414,1561.86,0.2063,4.34,56.5759,0.4016,0.694,0.713,0.817,0.575,6.0941,32575.857391978298,38.32757788422264,19.37608990505716,1
4301503,7149.0,57.1269,16.4778,2387.12,1.1239,2.6,1.3409,0.5462,0.743,0.779,0.847,0.621,4.63,70525.10840677017,20.53018359136061,0.0,0
4301552,3396.0,52.1496,16.9317,1517.58,2.0208,2.82,19.651,0.3384,0.707,0.715,0.841,0.588,2.5618,48126.91401648999,21.66825116285005,29.44640753828033,1
4301602,117938.0,97.4097,21.3697,1662.21,6.1848,2.94,85.1697,0.4879,0.74,0.739,0.848,0.647,7.7464,31783.114856958746,28.83315893955544,5.087418813274772,0
4301636,14955.0,99.1307,16.8506,1475.9,10.7112,3.88,6.5902,0.4682,0.696,0.71,0.836,0.567,9.871,20868.94015379472,146.0634650883413,46.80708793045804,1
4301651,6461.0,64.5101,18.4956,2268.93,0.8459,2.06,23.6094,0.3488,0.748,0.767,0.836,0.652,0.7742,47686.42624980653,52.7140257981349,0.0,0
4301701,7144.0,73.6702,18.813,2068.99,1.3588,2.63,21.6045,0.444,0.719,0.745,0.842,0.593,3.6575,47826.70772676372,27.42365789524193,27.99552071668533,1
4301750,5889.0,14.1111,20.7166,1185.44,3.477,6.17,1.5774,0.4523,0.61,0.645,0.821,0.428,15.4043,24166.921378841907,13.503752571078715,0.0,0
4301800,4831.0,64.0447,17.4705,1797.57,1.7827,4.81,4.7644,0.4778,0.71,0.711,0.885,0.568,3.5396,65635.47919685366,9.372047591610746,41.3992962119644,1
4301859,3161.0,63.5875,19.4242,1418.41,2.3653,5.45,0.2545,0.3464,0.734,0.696,0.845,0.672,2.2201,17972.79341980386,50.33359341411761,31.63555836760519,1
4301875,4241.0,75.1474,22.2117,1229.26,4.4554,4.09,72.093,0.4598,0.662,0.659,0.802,0.548,9.1489,91059.41994812545,4.016338095928072,0.0,0
4301909,12225.0,76.7117,19.3538,1523.42,7.2239,4.74,74.166,0.4381,0.67,0.691,0.822,0.529,5.4229,41507.40286298568,16.76228137048961,8.1799591002045,0
4301925,1696.0,27.3585,12.0873,2481.84,0.9938,5.16,32.5516,0.4753,0.723,0.703,0.842,0.638,3.3608,47610.84905660377,11.537807408415253,0.0,0
4301958,2498.0,72.0977,17.534,1991.52,1.569,2.44,1.4509,0.3903,0.763,0.731,0.856,0.71,1.4877,66064.85188150521,41.33229644092195,0.0,0
4302006,9296.0,44.2879,19.5676,1364.7,2.6382,10.83,27.4696,0.4748,0.65,0.69,0.795,0.5,12.4594,26303.141135972463,14.345811843936826,53.78657487091222,1
4302055,2082.0,22.6225,22.6225,1631.91,2.9262,11.25,7.8621,0.5199,0.619,0.601,0.801,0.492,9.7983,23685.878962536022,15.730897386495002,48.03073967339097,1
4302105,123151.0,95.1239,20.0616,2516.92,1.5757,1.62,83.5023,0.4113,0.778,0.805,0.842,0.695,2.4207,60888.86813748975,452.28380348676217,16.24022541432875,1
4302154,1933.0,62.5453,19.8138,1653.55,1.3529,3.74,1.8325,0.4753,0.676,0.666,0.825,0.561,6.4733,123394.7232281428,9.859025624285948,0.0,0
4302204,6966.0,70.758,17.0112,1976.81,1.3238,1.29,6.6545,0.412,0.762,0.761,0.834,0.697,1.7079,46926.06948033305,63.59262741804439,0.0,0
4302220,2229.0,28.3984,17.0929,2133.19,0.5092,2.54,0.117,0.5204,0.703,0.692,0.851,0.59,3.7287,210296.99416778825,3.178741081627618,0.0,0
4302238,2271.0,41.4355,17.8776,1302.75,1.3205,1.79,0.2384,0.4743,0.731,0.703,0.867,0.641,14.0467,169165.12549537647,4.504933407919637,0.0,0
4302253,2779.0,16.6607,14.7175,2314.5,1.8182,2.83,3.2319,0.3573,0.728,0.77,0.852,0.587,0.3968,43226.70025188917,29.847059328951325,0.0,0
4302303,11202.0,78.852,21.0587,1183.2,1.8228,8.44,72.6298,0.5094,0.666,0.697,0.832,0.51,20.2172,54778.07534368863,4.270947832442504,8.926977325477592,0
4302352,13142.0,83.8076,19.6469,2002.51,1.0651,1.11,60.1081,0.3208,0.746,0.751,0.836,0.661,1.5833,68984.62943235428,145.98491496617532,0.0,0
4302378,2096.0,59.8282,17.3187,1621.07,2.2851,6.75,0.609,0.4321,0.723,0.7,0.84,0.643,3.1966,41164.12213740458,23.496177387171265,47.70992366412214,1
4302402,12294.0,80.3563,20.0016,1774.79,1.7372,2.79,22.06,0.3446,0.739,0.725,0.857,0.649,0.9167,32784.773060029285,119.89467524868344,16.268098259313486,1
4302451,6247.0,26.7488,18.3768,1647.73,1.0107,6.45,2.377,0.4311,0.7,0.725,0.843,0.562,5.6404,24074.75588282376,24.23299675315859,0.0,0
4302501,5890.0,58.2683,17.5891,1390.7,0.6905,8.25,4.4086,0.4169,0.692,0.665,0.821,0.608,5.2828,83293.54838709677,3.6582578494164175,0.0,0
4302584,2151.0,37.0525,16.5969,1638.05,3.4535,3.89,0.3717,0.5117,0.745,0.773,0.853,0.628,8.7401,105722.91957229195,10.728340074913838,0.0,0
4302600,3268.0,70.41,19.033,1343.57,1.4238,6.94,7.916,0.4456,0.674,0.656,0.83,0.563,11.1179,40070.07343941248,24.74932598224834,61.19951040391676,1
4302659,4966.0,49.6778,18.1031,1992.92,0.9934,3.43,6.1417,0.3867,0.699,0.723,0.851,0.554,1.7448,23701.369311316957,47.13676876785664,0.0,0
4302709,19084.0,96.4054,20.284,1374.61,8.1414,3.88,55.0796,0.4305,0.689,0.691,0.848,0.558,9.3442,28471.54684552505,25.37135047534722,36.6799413120939,1
4302808,32515.0,77.5304,18.3023,1519.48,2.7083,6.26,55.1529,0.4555,0.704,0.699,0.855,0.585,8.3238,34527.879440258344,10.667136460282263,6.151007227433492,0
4302907,11157.0,80.3263,18.41,1367.34,5.7286,4.85,24.0225,0.4428,0.7,0.68,0.807,0.626,10.0939,55847.27077171283,4.700639180756577,26.88894864210809,1
4303004,80070.0,86.4131,19.1033,1757.97,4.9418,4.46,43.7822,0.4781,0.742,0.739,0.854,0.648,6.8735,44245.11052828775,21.431645710565988,2.4978144123891592,0
4303103,136258.0,100.0,21.3411,1884.12,4.5869,1.67,97.2506,0.4341,0.757,0.749,0.857,0.675,4.3411,47399.08115486797,3113.7568555758685,10.274626077000985,0
4303202,4603.0,37.1931,19.2918,1246.35,1.2855,5.27,26.8072,0.5081,0.662,0.677,0.81,0.528,17.0758,36766.456658700845,22.61005393404132,0.0,0
4303301,4704.0,65.8588,17.2832,1856.95,6.4133,2.55,1.0554,0.4334,0.719,0.709,0.857,0.611,5.3823,56317.1768707483,18.003674219228415,0.0,0
4303400,4836.0,43.9826,18.0108,2241.76,0.9123,4.17,17.3936,0.5103,0.699,0.721,0.817,0.58,3.8605,30835.8147229115,25.57769303594946,0.0,0
4303509,62200.0,81.3023,20.492,1605.16,4.525,4.2,77.0811,0.4506,0.697,0.715,0.819,0.578,6.6221,43788.971061093245,37.0405218545034,22.508038585209004,1
4303558,2981.0,61.6572,18.1147,2309.51,2.8986,3.45,22.7837,0.4699,0.736,0.762,0.854,0.612,2.2811,174600.13418316,21.590653948388127,33.545790003354576,1
4303608,6361.0,72.8973,20.7829,1511.6,0.7348,3.26,53.2865,0.4231,0.697,0.705,0.838,0.574,9.3943,38135.1988681025,5.382417323920661,31.441597233139447,1
4303673,3242.0,41.9186,17.5817,1371.16,1.1111,3.7,32.3209,0.4493,0.706,0.713,0.886,0.557,14.2415,63140.96236890808,6.020572455788162,0.0,0
4303707,5882.0,45.0527,15.5559,2384.95,1.0228,1.8,39.3307,0.4757,0.738,0.698,0.849,0.677,1.5471,40661.33968038082,26.166411616071745,0.0,0
4303806,5284.0,81.6238,16.408,1877.21,1.6304,3.82,65.6796,0.3996,0.76,0.753,0.842,0.691,2.1756,75587.43376230128,19.13369688805846,56.77517032551098,1
4303905,62886.0,96.2122,19.847,1991.18,2.4465,1.92,95.7185,0.4225,0.745,0.755,0.852,0.643,4.2601,57247.7657984289,1038.373897823718,7.950895270807493,0
4304002,4975.0,80.4824,19.7789,1441.24,1.3069,7.0,1.1458,0.4207,0.703,0.677,0.866,0.593,6.2475,65475.37688442211,22.53997163814624,40.20100502512563,1
4304101,3613.0,61.2234,16.9665,1859.44,3.0322,7.23,3.4932,0.5334,0.708,0.704,0.819,0.616,5.685,41526.155549404924,15.972449403630383,27.67783005812344,1
4304200,28906.0,56.5315,19.9232,1375.38,2.4761,4.65,47.8574,0.4021,0.674,0.699,0.842,0.521,7.3025,37299.903134297376,30.596939882612585,3.4594893793676054,0
4304309,6294.0,35.653,16.6667,2260.55,0.983,2.68,4.264,0.4913,0.728,0.72,0.853,0.627,2.6257,56949.15792818557,25.47693353896222,0.0,0
4304358,10710.0,77.9272,22.9879,1372.47,5.532,4.6,73.5072,0.4574,0.698,0.704,0.86,0.562,12.4517,256210.08403361344,11.471378321986917,9.337068160597571,0
4304408,48946.0,96.9456,22.7128,2181.94,2.1054,2.08,73.5712,0.4502,0.748,0.738,0.849,0.667,2.1719,32592.346667756305,193.46092125753947,8.172271482858662,0
4304507,49680.0,41.9324,19.6075,1501.9,3.9694,5.55,38.7897,0.4802,0.65,0.683,0.819,0.491,10.8205,33414.07004830918,14.088357367859263,2.0128824476650564,0
4304606,347657.0,100.0,21.3676,2066.82,5.1173,1.84,97.703,0.486,0.75,0.768,0.864,0.636,7.4099,63267.582703641805,2658.456573936716,20.134788023828083,1
4304614,1656.0,26.2077,13.9493,1812.7,4.1338,5.67,0.9259,0.3912,0.713,0.751,0.84,0.574,2.7778,41055.55555555556,19.965518488600605,0.0,0
4304622,1733.0,23.7161,17.6572,1683.27,0.646,5.45,0.5789,0.4454,0.637,0.654,0.779,0.507,4.674,197376.22619734565,3.2893612982822438,57.703404500865545,1
4304630,63594.0,98.8537,21.3794,1932.27,6.1062,2.18,30.7634,0.4799,0.743,0.756,0.852,0.637,5.1565,30915.30647545366,646.39216124737,15.724753907601349,1
4304655,3119.0,31.3562,19.0766,1746.81,6.9172,2.07,1.7995,0.4391,0.672,0.639,0.86,0.552,5.0466,206785.8287912793,3.0948723749647744,0.0,0
4304663,26487.0,94.1179,22.0448,1171.22,4.347,4.55,38.0337,0.418,0.637,0.662,0.814,0.48,10.0925,31339.449541284404,33.819120628808115,7.550874013667082,0
4304671,3991.0,87.2714,21.7489,1622.38,1.7797,3.77,45.1203,0.4023,0.766,0.805,0.836,0.668,5.312,96926.58481583562,9.666036150151736,25.056376847907792,1
4304689,11159.0,69.7195,20.8262,1406.12,1.1503,4.47,44.7356,0.3806,0.661,0.675,0.816,0.525,4.9371,26757.594766556143,61.059554816257744,44.806882337126986,1
4304697,2921.0,44.9161,19.3085,1761.46,2.2044,2.99,29.4118,0.3438,0.746,0.747,0.842,0.661,1.4036,32652.858610065046,39.49058363864967,68.46970215679562,1
4304705,61804.0,97.7396,20.0877,2049.08,3.9036,2.8,24.7894,0.4709,0.766,0.756,0.84,0.707,5.2155,62242.864539512,92.7021992098324,22.652255517442235,1
4304713,7394.0,27.8199,17.0544,1436.47,1.6177,4.72,1.8899,0.3958,0.652,0.661,0.83,0.505,6.5999,22404.78766567487,25.09792740134281,13.52447930754666,1
4304804,30420.0,80.3945,19.7995,2626.72,1.3086,1.58,75.0644,0.3761,0.796,0.835,0.835,0.724,1.3012,116028.4023668639,132.22580098321748,6.574621959237343,0
4304853,1368.0,31.5789,17.8363,1475.2,0.7282,2.78,5.848,0.4003,0.739,0.732,0.886,0.622,8.9912,51496.34502923977,16.443098225876245,0.0,0
4304903,9465.0,68.9488,19.0069,2626.19,1.6488,2.5,12.4655,0.4084,0.785,0.778,0.847,0.733,2.2761,75850.0792393027,34.7925496524421,21.130480718436345,1
4304952,3000.0,52.8,19.4,1774.11,0.1668,6.73,83.8739,0.5362,0.703,0.696,0.833,0.6,11.1,66399.0,12.730798772750996,0.0,0
4305009,8674.0,70.475,16.7051,1787.11,1.8248,3.82,6.2018,0.451,0.739,0.763,0.842,0.627,6.3314,73566.05948812544,14.873623924002882,11.528706479133042,0
4305108,463501.0,96.4684,20.4435,2330.62,3.5944,1.59,90.077,0.4415,0.782,0.812,0.86,0.686,4.1234,68367.81797666024,280.51527549143026,14.455200743903465,1
4305116,2721.0,43.7339,15.5458,1378.3,1.6598,1.4,9.1174,0.4583,0.701,0.707,0.856,0.569,13.963,44387.725101065786,20.188455260424394,0.0,0
4305124,5808.0,62.0007,18.3023,1229.98,8.049,7.14,32.0049,0.4511,0.649,0.657,0.824,0.504,11.1903,27776.85950413223,12.8581201198143,0.0,0
4305132,3802.0,31.1415,15.071,1507.25,0.7855,8.94,6.9532,0.3438,0.661,0.671,0.816,0.527,4.238,23713.57180431352,24.059484258819808,0.0,0
4305157,2379.0,48.7179,18.2009,1824.62,0.7563,10.62,1.0929,0.4603,0.674,0.676,0.803,0.563,1.5152,31182.009247583017,32.39467305754514,84.06893652795293,1
4305173,9178.0,30.6167,21.9874,1300.87,3.0408,6.05,16.0615,0.4389,0.66,0.673,0.855,0.499,10.8555,22138.15646110264,28.247996355891512,32.686859882327305,1
4305207,13705.0,81.7731,20.0584,1996.14,2.7011,3.14,19.3458,0.4254,0.764,0.752,0.849,0.698,3.3188,58137.68697555637,77.54240644555341,0.0,0
4305306,9540.0,67.2013,17.673,1849.22,1.3469,2.71,9.2816,0.4017,0.757,0.752,0.849,0.679,2.3117,77759.74842767295,13.942333689442556,10.482180293501049,0
4305355,35012.0,97.1781,22.4666,1785.15,5.7617,3.24,72.262,0.4402,0.747,0.726,0.87,0.659,8.1936,49611.07620244488,161.07691316789504,5.712327202102136,0
4305371,2768.0,23.1214,23.2298,1739.81,0.7626,5.62,1.6684,0.5634,0.62,0.699,0.885,0.385,20.1951,53956.64739884393,13.927184172922496,0.0,0
4305405,3913.0,72.2719,17.838,1954.81,1.3567,4.9,1.6415,0.4799,0.732,0.702,0.85,0.657,4.8045,99370.30411449017,9.851981096684368,0.0,0
4305439,6262.0,97.1575,22.3411,1448.23,5.2348,1.51,79.2872,0.4177,0.706,0.676,0.792,0.658,6.0999,59134.94091344618,30.94072247723421,31.938677738741617,1
4305447,4597.0,7.3309,20.6221,1608.16,1.1215,6.18,1.1983,0.4097,0.616,0.655,0.818,0.437,2.5033,28222.971503154236,20.850814846397032,0.0,0
4305454,17071.0,97.9263,16.1326,1526.55,6.4459,3.0,8.9581,0.4664,0.729,0.73,0.848,0.625,10.5517,21209.24374670494,70.1301048808844,58.57887645714955,1
4305504,4149.0,61.4847,18.2695,1730.43,0.1787,3.35,44.3452,0.4711,0.719,0.724,0.855,0.6,6.657,63716.79922872981,15.123018042646253,24.10219329959026,1
4305587,2423.0,45.1094,13.9909,2243.77,0.3028,1.0,6.962,0.4111,0.765,0.786,0.84,0.678,0.8685,35992.57119273628,39.89659487584799,0.0,0
4305603,3258.0,59.9448,15.132,2130.43,1.8854,3.17,0.8594,0.4058,0.758,0.775,0.835,0.674,1.0462,103793.12461632903,11.379870413384795,0.0,0
4305702,6406.0,71.8701,19.5754,1895.81,1.6084,4.26,1.8379,0.463,0.747,0.735,0.852,0.666,3.9981,97519.04464564472,13.8189003555034,46.83109584764284,1
4305801,10385.0,77.7275,19.74,2063.36,1.7399,3.94,1.4512,0.49,0.754,0.726,0.885,0.668,4.8813,41632.16177178623,51.00336912000157,9.629272989889264,0
4305835,1290.0,20.0,11.7829,2430.83,0.6656,4.5,41.8327,0.4442,0.692,0.703,0.886,0.532,1.3953,40437.20930232558,11.452618121770628,0.0,0
4305850,2211.0,43.9168,16.3275,2555.61,2.1441,3.51,0.4464,0.5389,0.746,0.806,0.84,0.614,4.4776,85999.54771596563,7.9777157970319,0.0,0
4305871,2822.0,55.8469,17.1155,2178.56,1.5763,2.06,0.2747,0.425,0.744,0.793,0.852,0.61,1.2464,80129.69525159462,17.237166801045714,35.43586109142452,1
4305900,6144.0,73.5352,18.6035,1313.41,1.24,7.04,4.9377,0.4351,0.665,0.667,0.803,0.55,9.0121,83846.6796875,12.480118951133752,0.0,0
4305934,1607.0,12.2589,15.7436,2882.39,4.1338,3.16,7.7876,0.3349,0.727,0.766,0.835,0.6,0.9988,30528.93590541381,15.20800999356475,0.0,0
4305959,3846.0,54.9402,15.3926,2003.46,0.1303,1.95,41.8004,0.3626,0.741,0.767,0.835,0.636,2.1915,43663.28653146126,22.20464530879237,26.001040041601662,1
4305975,2667.0,66.4417,18.9726,1655.79,1.3479,3.59,2.2593,0.4247,0.706,0.693,0.866,0.586,5.6618,158404.57442819647,6.318392991250909,0.0,0
4306007,12886.0,52.8015,17.8023,1902.99,0.9691,3.23,3.3036,0.4622,0.712,0.702,0.835,0.616,4.477,39498.60313518547,35.57761862427318,23.281080242123235,1
4306056,7299.0,69.7767,20.3453,1456.88,3.2536,6.93,65.5098,0.438,0.644,0.687,0.826,0.471,5.1201,42321.96191259076,10.73789761409476,41.10152075626798,1
4306072,2692.0,47.1397,18.3135,1402.3,2.9536,6.34,0.473,0.3621,0.66,0.641,0.826,0.542,4.1791,35193.53640416048,27.73170706581645,0.0,0
4306106,58913.0,97.1195,20.2672,1995.66,3.2082,3.61,32.2721,0.486,0.75,0.754,0.858,0.653,5.2443,78240.74482711796,43.300934623401744,20.369018722523045,1
4306130,1635.0,29.5413,14.8624,1965.07,0.2608,4.77,9.9026,0.436,0.719,0.724,0.849,0.605,1.4067,88540.67278287462,9.7972831265018,122.32415902140671,1
4306205,11600.0,63.8621,18.181,1693.59,0.9372,3.06,6.2814,0.3438,0.723,0.746,0.833,0.607,2.8054,45948.62068965517,74.60670688568452,8.620689655172413,0
4306304,4321.0,55.913,17.9357,1785.56,0.7086,4.0,36.6707,0.4162,0.762,0.74,0.87,0.688,5.9981,53081.231196482295,24.80880968238293,0.0,0
4306320,2751.0,43.1116,17.7754,1783.0,1.0093,5.92,0.3724,0.5089,0.707,0.664,0.846,0.628,6.0705,53946.92838967648,7.623645216446677,36.350418029807344,1
4306353,2507.0,27.3235,15.9553,1659.75,4.507,9.33,1.2783,0.4709,0.654,0.625,0.809,0.553,10.1316,22806.142800159552,11.588187167480967,0.0,0
4306379,2806.0,38.0613,14.6472,1705.85,0.5685,7.75,10.7236,0.4163,0.648,0.681,0.864,0.463,5.1319,95474.69707769068,4.672632627165214,0.0,0
4306403,30709.0,98.5542,19.6034,2188.04,1.4394,1.17,76.5915,0.3912,0.743,0.763,0.848,0.633,2.7521,71267.21807939041,454.88749648195056,0.0,0
4306429,2090.0,54.067,18.3732,1288.19,5.9468,9.58,1.5038,0.4367,0.67,0.646,0.797,0.585,10.0,95308.61244019138,9.244842351109382,0.0,0
4306452,3097.0,53.5034,13.8844,1823.9,0.1586,2.81,60.8958,0.4531,0.757,0.775,0.837,0.67,4.6014,55731.99870842751,23.19242146253791,0.0,0
4306502,13051.0,27.3312,20.9562,1327.63,3.4268,8.61,14.7602,0.4714,0.587,0.633,0.818,0.39,13.0719,27343.498582484102,9.63034840004575,0.0,0
4306551,2562.0,42.662,16.8228,1374.7,1.0496,3.21,0.7619,0.3182,0.691,0.697,0.82,0.577,2.0408,25579.2349726776,32.75544645596809,0.0,0
4306601,36981.0,90.9981,20.6809,1515.04,4.6225,4.27,88.1543,0.4538,0.708,0.715,0.848,0.585,7.4515,59786.05229712555,7.119876181423709,27.040912901219546,1
4306700,3079.0,66.4826,17.6031,1460.43,0.6938,3.28,61.0793,0.4128,0.697,0.718,0.831,0.568,7.5748,34620.33127638844,26.97351706979474,0.0,0
4306734,4470.0,59.6868,15.5928,2041.23,1.5429,3.53,0.4396,0.4692,0.706,0.707,0.84,0.593,4.6622,58343.84787472036,17.479304425353202,0.0,0
4306759,1888.0,52.4364,16.6843,2045.38,0.6932,2.2,5.2113,0.3792,0.724,0.749,0.855,0.593,2.1716,41785.48728813559,17.487958503149315,0.0,0
4306767,39559.0,93.9432,21.5754,1573.59,6.7428,3.29,68.0486,0.4836,0.717,0.717,0.844,0.609,8.7208,53597.63896964029,77.62267675499184,27.80656740564726,1
4306809,22962.0,89.3737,18.67,2213.18,2.9745,2.5,71.2118,0.3796,0.767,0.764,0.858,0.687,0.544,50882.240222977096,164.00725683185007,17.420085358418255,1
4306908,23819.0,73.9872,20.9832,1425.04,3.4304,7.02,63.6827,0.4349,0.657,0.677,0.875,0.478,7.7306,45381.79604517402,7.114692037692127,16.79331626012847,1
4306924,1296.0,44.9074,18.3642,1746.89,0.3617,6.07,1.3605,0.5231,0.717,0.735,0.821,0.611,8.5648,56492.28395061728,18.204548327738056,0.0,0
4306932,9158.0,61.105,17.8751,1554.23,1.7396,3.68,3.4618,0.4058,0.68,0.692,0.829,0.548,6.655,75079.49333915702,16.53322260635657,0.0,0
4306957,2685.0,73.7803,15.8287,1596.55,1.4658,6.46,12.1435,0.3881,0.703,0.709,0.857,0.572,4.5625,77287.52327746741,22.39142037494162,37.243947858473,1
4306973,3054.0,65.1277,21.7092,1452.05,1.1209,3.9,4.7708,0.4799,0.712,0.689,0.837,0.626,10.9576,59095.93975114604,19.98782666745204,32.74394237066143,1
4307005,105705.0,96.3758,20.4787,2385.71,1.7644,1.94,78.5292,0.4364,0.776,0.782,0.833,0.716,2.6484,65111.66926824654,246.3044430567336,10.406319474007852,0
4307054,3034.0,58.8003,18.4245,1833.01,0.1912,2.72,3.04,0.4231,0.716,0.703,0.854,0.612,1.8482,87524.39024390244,12.718081137501152,32.95978905735003,1
4307104,6191.0,69.9725,19.0276,1225.78,3.0514,4.65,60.1574,0.4177,0.687,0.73,0.843,0.527,9.4914,40963.97997092554,3.518179343610365,16.152479405588757,1
4307203,4930.0,64.8073,17.4645,1448.46,3.5797,8.87,19.274,0.3878,0.681,0.713,0.885,0.501,5.0325,30605.070993914807,17.257252071395317,40.56795131845842,1
4307302,6787.0,51.4955,18.1081,1414.36,3.0745,5.66,10.6171,0.4921,0.685,0.666,0.821,0.589,13.5806,52153.823486076326,19.00157063225648,0.0,0
4307401,3195.0,65.2895,19.4053,1412.83,3.7879,7.43,33.9744,0.4882,0.68,0.669,0.827,0.569,11.1424,122960.87636932707,3.8513139670703618,0.0,0
4307450,3226.0,29.3242,15.0031,1449.92,1.7685,6.31,2.4295,0.4032,0.661,0.665,0.788,0.55,6.0136,36184.43893366398,21.664237890255123,0.0,0
4307500,15173.0,77.4863,19.5347,1984.0,2.5406,4.8,34.9724,0.4641,0.765,0.747,0.884,0.677,3.7698,73360.97014433533,19.36215771997928,6.590654451987082,0
4307559,5582.0,86.9581,17.646,1792.35,1.3571,2.76,63.8582,0.3698,0.753,0.752,0.843,0.674,2.4915,62828.37692583304,55.95597301442505,0.0,0
4307609,47924.0,97.1017,19.8877,1975.46,2.8769,1.19,81.8085,0.4077,0.757,0.749,0.887,0.652,3.4424,39134.838494282616,925.5489677282296,10.433185877639596,0
4307708,76137.0,99.9461,20.4697,1899.78,5.0114,1.74,94.7545,0.4587,0.754,0.769,0.843,0.662,6.8046,49252.00625188805,2751.01170689406,13.134218579665603,1
4307807,32183.0,85.6819,18.777,2031.92,2.6565,1.58,62.6641,0.383,0.767,0.776,0.85,0.684,4.0781,67471.86402759221,173.9320766137749,3.1072305254326817,0
4307815,3070.0,43.4528,17.4919,1666.27,1.0114,4.19,31.4384,0.4167,0.679,0.707,0.792,0.56,5.8132,64304.56026058632,10.90148537176906,0.0,0
4307831,2633.0,63.7676,17.3186,1771.7,3.7893,3.87,0.1799,0.5389,0.712,0.697,0.885,0.584,9.2756,153985.56779339156,6.301741654919211,0.0,0
4307864,2566.0,55.3001,16.9525,2086.7,1.4066,2.54,53.7939,0.3502,0.763,0.773,0.852,0.674,0.6235,77131.33281371785,19.107189396477903,0.0,0
4307906,70286.0,86.4312,20.4109,2099.9,2.4773,1.47,71.4799,0.3797,0.777,0.783,0.861,0.696,3.3095,62579.41837634806,194.51432303558136,31.300685769570045,1
4308003,6702.0,73.7392,18.3229,1987.81,2.6967,3.06,69.2755,0.4422,0.72,0.732,0.854,0.597,2.0442,40302.297821545806,39.5365574524818,0.0,0
4308052,2520.0,58.0159,18.8889,1922.21,0.5159,6.14,0.5976,0.4973,0.666,0.646,0.801,0.571,7.6342,40938.88888888889,17.58290829676042,0.0,0
4308078,4291.0,57.306,21.044,1500.24,2.2059,3.7,3.0984,0.354,0.698,0.726,0.841,0.557,2.4819,32818.457236075505,50.604995636483714,0.0,0
4308102,13764.0,79.3665,18.3668,2300.06,2.0872,1.62,37.6344,0.3807,0.75,0.758,0.847,0.658,0.8743,42818.584713746,145.40614204671505,0.0,0
4308201,30892.0,79.0528,19.2445,2303.59,1.4639,1.94,74.5573,0.4,0.754,0.786,0.849,0.642,2.9436,82161.78946005438,111.82988767054854,6.474168069403081,0
4308250,1668.0,26.3789,13.4293,1586.03,4.1338,2.88,1.1527,0.3904,0.663,0.701,0.854,0.486,8.2233,61785.97122302158,9.897876229075308,0.0,0
4308300,9550.0,51.6754,19.6021,1460.29,2.7413,10.15,8.9387,0.4419,0.661,0.668,0.812,0.532,6.4949,23818.84816753927,16.37407649351295,10.471204188481677,0
4308409,6413.0,42.6945,15.8272,1436.99,2.2213,8.81,26.4196,0.4279,0.682,0.69,0.838,0.549,7.9975,47216.74723218462,11.078384798099762,0.0,0
4308433,2393.0,30.6728,14.2081,1608.56,0.8222,6.01,1.466,0.366,0.683,0.743,0.886,0.484,2.9289,24630.171333054743,25.65449516499067,0.0,0
4308458,4477.0,72.6826,18.2712,2095.83,1.3962,4.14,6.0116,0.4808,0.756,0.779,0.837,0.663,3.2092,126149.87714987715,6.882271195612073,0.0,0
4308508,32627.0,83.6087,22.0584,2257.68,1.5726,3.18,61.9347,0.4624,0.76,0.754,0.846,0.688,2.7901,43847.457627118645,123.17839290837978,6.129892420388022,0
4308607,34335.0,89.9723,19.2049,2487.48,1.6889,1.51,81.9118,0.3803,0.786,0.825,0.856,0.688,1.6431,87315.24683267802,203.7782209244356,34.94975972040192,1
4308656,2688.0,34.189,17.5223,1367.69,2.5372,9.91,1.5152,0.449,0.671,0.657,0.833,0.553,8.6875,74764.50892857143,3.343408336131945,0.0,0
4308706,5665.0,66.4431,16.9109,2655.63,1.4022,2.74,16.7046,0.4705,0.738,0.733,0.852,0.643,1.2685,49915.79876434246,27.71146809634688,52.9567519858782,1
4308805,7612.0,58.7362,17.3673,1484.84,2.6535,5.54,6.1309,0.4615,0.686,0.704,0.832,0.552,10.1499,36307.67209668944,14.925197545146174,0.0,0
4308854,1744.0,54.9885,19.4381,2888.72,1.4228,4.89,0.774,0.5425,0.733,0.71,0.863,0.643,4.4151,109316.5137614679,9.44157215169315,0.0,0
4308904,16602.0,89.1218,18.4677,2249.9,2.9091,2.35,50.2844,0.4297,0.746,0.747,0.843,0.658,1.68,47805.32465967956,57.75291686669032,0.0,0
4309001,16013.0,80.878,18.816,1632.65,3.1293,4.27,2.1856,0.4012,0.721,0.707,0.842,0.629,3.7696,75123.02504215325,18.71639627846089,6.244925997626928,0
4309050,7658.0,54.6226,17.929,1564.64,3.0266,5.29,34.5369,0.4333,0.714,0.716,0.859,0.593,6.4736,60314.44241316271,23.63908567547962,0.0,0
4309100,40134.0,86.4305,20.9673,2622.73,2.2082,0.97,61.0754,0.4562,0.764,0.783,0.861,0.662,1.1267,66228.98290726068,167.68543626039835,14.949917775452237,1
4309126,2014.0,30.7845,18.0735,1252.53,0.3021,11.49,7.3306,0.4094,0.685,0.662,0.832,0.584,11.6187,46961.27110228401,15.327711650278548,0.0,0
4309159,3304.0,15.4056,21.247,1202.09,1.0492,6.83,4.4212,0.4126,0.634,0.681,0.792,0.473,11.2288,33136.501210653754,15.240555376170487,0.0,0
4309209,265074.0,96.0679,21.0813,1696.73,6.1091,2.58,79.9261,0.4341,0.736,0.727,0.862,0.636,7.7464,38712.4199280201,566.0490979909799,12.449353765363634,1
4309258,1417.0,52.5053,13.6909,1705.26,0.3697,3.98,16.9039,0.4141,0.758,0.831,0.857,0.612,4.0226,93710.65631616092,9.64437638250808,0.0,0
4309308,92924.0,97.4926,20.8687,1668.25,7.0272,2.09,85.3397,0.463,0.73,0.732,0.833,0.639,8.4572,89156.9992682192,246.0493984070497,5.380741250914726,0
4309407,25268.0,91.5466,19.8314,2065.92,0.621,1.84,87.1383,0.3879,0.765,0.781,0.837,0.685,3.8745,45474.71109703973,84.92160849619385,27.7030235871458,1
4309506,7415.0,66.1362,16.6419,1956.16,1.287,4.21,0.7495,0.4383,0.737,0.698,0.863,0.665,3.078,48904.24814565071,25.611710579035357,40.45853000674309,1
4309555,5378.0,68.5571,20.0818,2119.47,1.1212,0.81,19.7329,0.3218,0.749,0.748,0.841,0.668,0.781,45648.38229825214,110.7952204367532,0.0,0
4309571,2565.0,21.9883,19.2982,1484.1,4.1338,7.32,0.3102,0.4084,0.616,0.67,0.792,0.441,4.0456,27736.06237816764,21.74078877107331,0.0,0
4309605,18851.0,84.9239,18.4871,2203.71,1.6643,1.97,17.2744,0.4073,0.783,0.782,0.858,0.716,3.2229,138358.60166569412,82.07005842555749,5.304758368256326,0
4309654,5976.0,42.7711,21.168,1219.72,3.7467,5.95,40.3628,0.4879,0.643,0.653,0.796,0.512,15.8195,52625.16733601071,7.264699589597962,0.0,0
4309704,4681.0,63.213,15.7872,1799.56,1.9231,3.01,0.424,0.4461,0.738,0.732,0.837,0.657,5.7717,48974.364452040165,34.67150581438412,0.0,0
4309753,3732.0,32.5027,18.8639,1515.91,14.6882,5.63,0.6351,0.4963,0.652,0.686,0.792,0.511,13.3047,30071.54340836013,19.09674250099782,0.0,0
4309803,4527.0,69.5825,16.8986,1840.85,0.1147,3.82,35.6497,0.5018,0.739,0.766,0.888,0.593,6.9889,81134.3052794345,12.979603071294632,0.0,0
4309902,6776.0,56.523,19.8495,2287.25,1.2507,4.57,52.9109,0.4669,0.724,0.739,0.835,0.615,3.941,58986.57024793389,24.12967922055724,0.0,0
4309951,3723.0,68.6275,20.5479,1762.16,1.5689,5.67,7.4555,0.4468,0.638,0.678,0.828,0.463,3.1426,57352.13537469783,12.120561003242567,0.0,0
4310009,21583.0,83.2785,19.9046,2923.72,1.7285,2.15,2.3906,0.4976,0.765,0.786,0.848,0.671,1.3963,79787.65695223093,35.54600327741957,18.533104758374645,1
4310108,32808.0,93.6631,20.5864,1769.21,2.4825,2.32,86.5017,0.4057,0.721,0.749,0.876,0.571,4.4427,57573.97585954645,237.53945958469689,15.2401853206535,1
4310207,84780.0,91.4331,20.1191,2280.37,3.1762,2.34,48.1096,0.4801,0.781,0.786,0.858,0.707,4.4429,61222.04529370135,123.05111018865514,8.25666430761972,0
4310306,4157.0,56.0741,17.9697,2139.37,0.9465,5.29,23.1942,0.4471,0.73,0.756,0.866,0.595,1.7944,33815.25138320905,33.63214187472695,24.055809477988934,1
4310330,26824.0,99.9925,17.6819,1774.31,4.4422,2.33,2.5344,0.4514,0.764,0.825,0.847,0.638,6.7082,23367.99135102893,674.5460946537244,26.096033402922757,1
4310363,3080.0,57.1753,16.3312,2396.68,0.1753,1.94,2.6227,0.3747,0.743,0.764,0.844,0.635,0.5213,168568.18181818182,42.94598287738085,0.0,0
4310405,6427.0,69.8304,17.5198,1910.25,0.8475,3.52,2.9791,0.4337,0.693,0.711,0.813,0.576,2.2405,76889.06177065505,17.938283596253253,0.0,0
4310413,2014.0,64.6971,17.8749,1245.23,2.6279,8.94,0.6394,0.3866,0.673,0.647,0.807,0.585,8.4409,54894.24031777557,17.70565015956184,0.0,0
4310439,5399.0,59.3443,16.3734,1802.03,2.2572,4.6,57.6041,0.3315,0.728,0.751,0.831,0.618,1.1136,55303.38951657715,9.012874103553733,37.04389701796629,1
4310462,1720.0,42.907,13.7209,2773.2,0.8584,3.51,2.5185,0.5044,0.791,0.818,0.866,0.698,1.2224,103272.67441860466,10.837376346796043,0.0,0
4310504,7482.0,57.6183,17.5221,1572.85,0.7906,7.59,16.8254,0.4998,0.691,0.684,0.819,0.59,8.2664,34013.90002673082,41.14379983502887,40.0962309542903,1
4310538,5572.0,80.5276,18.5032,2136.25,4.0404,3.07,3.1206,0.5234,0.76,0.761,0.841,0.687,4.3125,51446.33883704236,32.24518376629765,17.946877243359655,1
4310553,2995.0,45.8097,16.8614,1298.07,1.2346,4.99,31.7949,0.4062,0.657,0.692,0.804,0.509,9.4586,82232.72120200333,2.6735127636802174,0.0,0
4310579,1937.0,28.1363,18.2757,2035.46,0.2806,6.26,1.931,0.4485,0.664,0.709,0.834,0.495,1.6021,48649.97418688694,10.488809950561262,0.0,0
4310603,35768.0,89.2082,21.8324,1442.82,5.1263,4.13,74.4229,0.4709,0.713,0.687,0.843,0.626,8.8336,61142.05435025721,10.50147108087818,11.183180496533211,0
4310652,2638.0,32.4488,17.3237,1327.12,1.4668,4.96,1.4409,0.3453,0.669,0.692,0.827,0.524,1.8681,32880.591357088706,12.864527455378914,0.0,0
4310702,3208.0,54.2082,14.1521,1459.71,0.8673,3.32,10.5058,0.4227,0.681,0.696,0.801,0.567,7.6875,25469.763092269328,15.08447399479943,0.0,0
4310751,1929.0,37.8434,17.3665,1960.11,0.8418,3.16,28.2432,0.449,0.724,0.712,0.886,0.602,2.7691,37278.90098496631,15.691857154478155,0.0,0
4310801,22983.0,92.0028,17.9132,2380.0,2.7185,1.66,73.6188,0.4102,0.784,0.78,0.848,0.729,3.0741,51359.13501283558,364.277562923984,4.351042074576861,0
4310850,3779.0,51.7862,18.153,1329.75,1.1811,9.45,3.2688,0.4702,0.658,0.636,0.82,0.547,12.0658,36181.5295051601,29.618540783296368,0.0,0
4310876,2040.0,29.4608,18.0392,1148.0,3.6212,11.07,11.4796,0.44,0.662,0.73,0.817,0.487,15.049,109817.1568627451,6.010624663007257,0.0,0
4310900,3338.0,72.7382,15.728,1979.26,0.4005,3.47,51.1914,0.4074,0.726,0.703,0.855,0.636,1.1772,69592.86998202516,18.751860860967707,0.0,0
4311007,26603.0,92.9143,19.9602,1581.33,3.6437,3.58,74.2986,0.4825,0.707,0.698,0.832,0.608,7.7275,39822.42604217569,12.965404306855538,11.276923655226854,0
4311106,10579.0,60.5445,15.9561,1871.31,2.0806,3.49,13.8547,0.464,0.712,0.734,0.866,0.567,5.0454,35733.056054447494,15.670085378931963,9.452689290103034,0
4311122,3690.0,65.393,20.1355,1058.77,4.4787,7.21,58.5909,0.3922,0.614,0.626,0.779,0.475,12.3474,25485.636856368565,4.059946373499662,0.0,0
4311130,3349.0,27.2619,15.8256,1331.59,1.6652,4.05,0.3003,0.4949,0.631,0.636,0.836,0.473,15.6605,140043.59510301583,3.925774839405448,0.0,0
4311155,7184.0,30.7628,18.1932,1881.4,1.197,5.51,2.9496,0.5664,0.686,0.671,0.841,0.572,9.9191,135775.33407572383,5.799586504982203,13.919821826280623,1
4311205,18226.0,84.8129,19.527,1699.46,3.5995,4.7,62.9146,0.5293,0.716,0.733,0.833,0.602,9.6066,105627.94908372656,9.445755059226428,16.46000219466696,1
4311239,2251.0,20.5686,18.0364,1502.05,2.2243,7.85,32.5516,0.426,0.67,0.696,0.801,0.539,8.4964,30615.72634384718,20.508755626013595,0.0,0
4311254,5341.0,35.3679,19.0227,1280.03,1.3989,13.36,17.7078,0.4179,0.643,0.641,0.822,0.505,7.0024,28962.741059726643,13.784897781150232,74.89234225800412,1
4311270,1738.0,64.7871,14.3843,2326.25,1.3444,0.82,0.6116,0.4247,0.789,0.765,0.852,0.754,0.0,90414.26927502875,12.539501594493586,0.0,0
4311304,27659.0,88.9078,20.9661,1855.38,2.629,3.57,84.554,0.473,0.738,0.734,0.885,0.62,5.9064,54716.51180447594,21.732110235911136,21.69275823420948,1
4311403,93646.0,99.6551,21.6987,2490.87,2.0339,2.4,21.4875,0.4476,0.778,0.796,0.84,0.704,3.8646,59758.91121884544,1031.3322540500656,7.474958887726117,0
4311429,2601.0,32.4875,21.4917,1182.61,2.5253,12.31,0.3052,0.4244,0.613,0.604,0.822,0.465,10.496,28787.004998077664,38.27983575433794,38.446751249519416,1
4311502,7157.0,81.7801,18.4575,1521.74,1.8031,7.48,56.6302,0.4891,0.699,0.683,0.868,0.577,9.3056,69530.38982814028,2.7516667826490817,13.97233477714126,1
4311601,4781.0,34.0515,15.8963,1705.05,0.7897,9.77,2.0799,0.5063,0.685,0.68,0.81,0.583,9.6254,36068.39573311023,19.464472553913048,0.0,0
4311627,6248.0,83.9949,22.2311,1516.47,1.7063,2.38,78.6147,0.3046,0.712,0.712,0.842,0.601,2.6455,58554.73751600512,187.34070942400527,48.015364916773365,1
4311643,1683.0,26.0844,16.4587,1864.49,0.225,1.81,1.3534,0.3749,0.749,0.751,0.846,0.662,3.4462,38965.53773024361,26.50310226449561,0.0,0
4311700,5735.0,67.7419,18.5527,1501.06,1.1288,6.29,17.8851,0.4371,0.692,0.711,0.807,0.577,5.1613,47571.75239755885,17.10184169092037,0.0,0
4311718,4425.0,26.9153,19.774,1297.03,1.5297,5.29,49.326,0.4273,0.684,0.664,0.832,0.58,5.2655,131535.14124293785,2.629739771649444,0.0,0
4311734,3131.0,26.3175,17.9495,1297.67,0.2179,5.88,5.7583,0.3247,0.649,0.65,0.813,0.517,3.5909,22425.42318748004,19.98684991669486,63.87735547748324,1
4311759,6801.0,76.0182,18.8649,1491.49,3.0893,5.31,5.0235,0.4573,0.655,0.686,0.766,0.534,6.2823,80425.23158359065,4.982103691635546,0.0,0
4311775,7418.0,34.7263,18.6169,1494.9,1.6605,4.86,4.988,0.4312,0.682,0.695,0.88,0.519,5.4663,25678.619574009168,12.08970305420646,13.480722566729575,1
4311791,2470.0,35.587,16.6802,2028.04,2.2957,2.48,2.5694,0.3273,0.697,0.729,0.862,0.54,1.0582,32719.433198380568,30.09882651133885,0.0,0
4311809,45124.0,90.6037,21.4143,2256.96,1.2472,1.72,73.9729,0.4142,0.774,0.773,0.857,0.699,2.0356,67813.62467866324,69.44611170106346,8.864462370357238,0
4311908,4320.0,54.0972,16.088,2070.86,2.1218,3.58,3.6952,0.4566,0.724,0.735,0.834,0.618,3.6684,38848.37962962963,18.819347334579245,0.0,0
4311981,3916.0,16.6752,17.1604,1441.03,5.0482,5.43,15.1312,0.4089,0.701,0.701,0.866,0.568,4.903,26684.371807967316,11.57039444526518,0.0,0
4312005,1858.0,60.9257,15.3391,2243.73,0.8,3.88,2.9062,0.4457,0.73,0.763,0.843,0.604,3.8898,39229.27879440258,18.81957316640838,53.821313240043054,1
4312054,3969.0,43.0587,15.873,1825.9,0.9091,4.05,1.7789,0.3955,0.687,0.743,0.849,0.515,2.9982,31276.14008566389,31.571662662869688,0.0,0
4312104,4698.0,59.3444,16.3687,1543.63,1.1154,3.61,7.4528,0.456,0.656,0.66,0.807,0.529,6.9608,35974.03150276713,14.861398008990228,21.28565346956152,1
4312138,2553.0,28.7897,16.4121,1605.58,0.2812,5.19,2.0541,0.3856,0.727,0.752,0.839,0.608,4.0359,65904.8178613396,10.714825322745815,39.16960438699569,1
4312153,4859.0,42.6631,18.3165,1637.84,1.6915,3.34,2.2836,0.3478,0.746,0.721,0.853,0.676,3.6563,37155.175962132125,103.827004850531,0.0,0
4312179,1795.0,38.7744,16.3788,1352.71,3.8128,2.44,0.4304,0.4137,0.717,0.702,0.87,0.603,9.5691,49273.537604456826,15.655935736526736,0.0,0
4312203,4191.0,69.8401,17.3706,1564.17,2.3367,5.96,50.9422,0.4408,0.699,0.699,0.825,0.591,6.7112,38445.00119303269,20.05695006101792,0.0,0
4312252,7505.0,96.6023,21.4923,1237.25,3.438,5.02,79.7937,0.4135,0.681,0.743,0.826,0.514,11.7255,37198.80079946702,17.686330975941406,0.0,0
4312302,4427.0,52.6768,17.7547,1413.56,1.1983,6.07,3.5585,0.5174,0.725,0.744,0.837,0.613,15.1118,43005.64716512311,33.73312200920479,0.0,0
4312351,1499.0,52.9686,16.2108,2821.46,0.2286,6.25,2.9907,0.4115,0.764,0.79,0.852,0.662,0.6032,65468.979319546364,18.22935668247598,0.0,0
4312377,3180.0,22.7044,19.8428,1166.56,2.3308,6.72,11.0553,0.4405,0.65,0.667,0.822,0.501,12.3072,34506.2893081761,5.787553120819721,0.0,0
4312385,2557.0,31.3649,12.7884,1921.88,1.1466,0.5,3.3806,0.3754,0.752,0.752,0.852,0.663,4.0784,36931.95150567071,36.67211657057626,0.0,0
4312401,64322.0,81.9067,21.0503,1897.77,3.2911,2.49,70.0994,0.4558,0.755,0.761,0.866,0.654,5.9288,89430.44370510867,151.33769231312186,1.554678026180778,0
4312427,2756.0,25.9797,18.3237,1549.13,0.5682,7.09,8.9792,0.4654,0.714,0.735,0.86,0.576,9.3784,55636.42960812772,18.852049715782776,0.0,0
4312443,3071.0,47.8346,15.2068,1608.45,2.164,2.48,1.6419,0.4088,0.711,0.72,0.842,0.593,6.5147,26527.515467274505,18.47506978534989,32.56268316509281,1
4312450,6046.0,48.2302,15.564,1503.22,4.3147,5.03,10.757,0.4001,0.702,0.719,0.864,0.557,5.9798,21906.2189877605,24.71336017494737,0.0,0
4312476,6029.0,72.765,17.3163,1806.64,0.6903,1.45,19.9478,0.3019,0.743,0.733,0.858,0.653,1.179,45474.70558965002,69.26939117846433,0.0,0
4312500,12090.0,68.8916,19.694,1246.83,3.0396,7.43,54.7572,0.4275,0.664,0.701,0.849,0.493,8.9796,53211.41439205955,6.11395934748023,41.35649296939619,1
4312609,4601.0,85.6553,16.366,2114.86,0.6748,3.43,61.1204,0.3709,0.746,0.757,0.84,0.654,1.5546,65605.7378830689,41.35841865398618,0.0,0
4312617,2879.0,27.9611,19.5554,1418.99,2.2925,2.75,10.1277,0.4231,0.702,0.711,0.873,0.558,6.3741,389748.5237929837,2.41277876017197,34.73428273706148,1
4312625,1721.0,39.3957,19.5816,2360.89,0.939,6.06,9.0909,0.5475,0.689,0.74,0.808,0.547,6.4252,53450.319581638585,15.508835800989466,0.0,0
4312658,17898.0,89.5296,20.0134,2175.25,1.374,2.24,18.0241,0.3713,0.765,0.784,0.847,0.673,1.1818,123339.75863224942,49.48450187868583,27.936082243826124,1
4312674,1932.0,48.9648,16.7702,2530.73,2.4845,2.9,2.7308,0.5201,0.753,0.772,0.839,0.66,1.4606,75699.79296066253,12.464918223168487,0.0,0
4312708,13719.0,75.1294,21.1167,1582.13,4.9133,7.62,1.5786,0.4937,0.702,0.703,0.833,0.591,10.4133,38305.051388585176,29.253969404770537,51.02412712296815,1
4312757,3163.0,56.2125,19.8862,2575.7,0.7708,4.9,19.2833,0.441,0.74,0.763,0.838,0.634,0.8536,74794.49889345557,21.2480098884194,0.0,0
4312807,4954.0,81.3282,23.2338,2136.64,0.7087,2.03,70.624,0.3793,0.785,0.796,0.843,0.722,1.6367,66052.88655631813,65.60372910983394,0.0,0
4312906,9649.0,69.7274,19.7119,2046.8,3.3014,2.06,49.7721,0.3529,0.747,0.778,0.849,0.632,1.1341,83138.87449476629,45.59781863891764,10.36376826614157,0
4312955,2042.0,47.3066,16.8952,2487.62,2.8285,1.93,2.1357,0.3904,0.768,0.764,0.836,0.708,0.3428,71176.7874632713,21.78528373144997,0.0,0
4313003,3044.0,50.2957,16.1629,2582.36,1.4228,1.66,4.3693,0.4424,0.778,0.836,0.847,0.666,2.2682,46367.93692509856,29.555119715711594,0.0,0
4313011,3061.0,42.9271,16.3672,2547.55,0.4896,1.04,12.3519,0.4568,0.759,0.794,0.856,0.643,3.3671,74952.956550147,31.36945449328237,32.66906239790918,1
4313037,4865.0,81.5211,19.1161,1628.39,1.2323,2.23,19.1501,0.3586,0.735,0.723,0.848,0.647,1.8088,35429.80472764646,25.3686669586801,0.0,0
4313060,20088.0,90.4122,21.7294,1487.48,1.4862,3.12,62.8319,0.3102,0.689,0.694,0.836,0.563,2.7009,40108.4229390681,323.540780827213,9.956192751891676,0
4313086,2343.0,34.4857,15.621,2241.7,0.2692,1.38,38.7654,0.3501,0.761,0.762,0.852,0.678,1.8376,42770.379854886894,22.826690568280352,0.0,0
4313102,5586.0,62.1017,18.8865,1829.37,3.8875,1.82,30.0343,0.4202,0.744,0.762,0.841,0.643,3.8882,68508.59291084854,17.755146799401167,17.901897601145723,1
4313201,23300.0,76.7167,16.8755,2219.28,1.8995,1.08,6.6475,0.381,0.78,0.775,0.89,0.688,1.1983,41746.309012875536,80.29941688148772,12.875536480686696,1
4313300,25692.0,84.322,19.438,2089.33,1.6383,1.56,60.3077,0.3919,0.766,0.782,0.839,0.686,2.5629,67337.80943484353,98.83781319607142,15.569048731122528,1
4313334,2163.0,32.8248,14.3782,3024.38,0.7187,2.08,0.9259,0.5629,0.742,0.752,0.847,0.642,4.7157,140858.99214054554,8.473580293343362,0.0,0
4313359,3466.0,48.8459,17.4264,2294.79,0.3889,2.89,53.0498,0.4169,0.741,0.794,0.851,0.602,1.6246,48847.37449509521,23.142614861751923,0.0,0
4313375,29024.0,89.5638,22.3022,1533.62,4.5059,3.28,34.8554,0.4267,0.718,0.716,0.853,0.606,8.0606,85705.69184123485,133.08023145982926,34.454244762954794,1
4313391,3568.0,16.0874,15.9473,1644.07,1.3403,4.52,1.4403,0.3858,0.688,0.697,0.852,0.548,4.2697,37323.991031390135,18.48723820972238,28.02690582959641,1
4313409,227646.0,97.5734,20.8464,2138.48,3.1039,2.1,90.2892,0.4846,0.747,0.778,0.852,0.629,4.9249,44094.44049093768,1022.9074177256142,10.981963223601555,0
4313425,3198.0,50.2502,15.0094,1276.42,0.2317,3.84,0.1534,0.4406,0.663,0.674,0.796,0.543,12.6606,58272.35772357724,14.613683306220182,31.26954346466541,1
4313441,2146.0,40.9133,17.4744,1617.01,3.4483,5.98,40.7814,0.5061,0.676,0.679,0.805,0.566,7.0829,34822.460391425906,28.45097311343268,0.0,0
4313466,1646.0,47.7521,15.7959,2118.7,1.1166,2.39,0.1608,0.4344,0.767,0.749,0.85,0.708,2.4301,45585.66221142163,20.61339244342588,0.0,0
4313490,4272.0,47.4017,17.5562,1322.87,2.7159,6.46,1.7001,0.4169,0.706,0.734,0.808,0.594,10.4167,31647.940074906368,34.63484239200934,0.0,0
4313508,47396.0,92.415,20.7591,2065.29,3.3656,3.14,51.21,0.4633,0.751,0.769,0.853,0.646,4.5025,38379.56789602498,71.39263539385249,27.428474976791293,1
4313607,3629.0,58.6387,17.3326,1670.92,1.6839,3.7,12.0226,0.417,0.706,0.725,0.87,0.558,4.1334,46196.19729953155,19.93977955801712,0.0,0
4313656,12844.0,92.9072,16.3968,1325.77,2.9646,4.18,12.5652,0.4477,0.715,0.725,0.852,0.592,9.5687,57272.34506384304,13.531380603265273,31.14294612270321,1
4313706,33216.0,89.5683,20.2974,1578.86,4.5884,6.44,25.8743,0.4732,0.737,0.722,0.831,0.667,8.6234,66686.44629094412,23.37342666003331,30.10597302504817,1
4313805,7839.0,56.0403,19.3009,1562.57,0.6112,6.31,14.4426,0.4389,0.72,0.707,0.836,0.632,7.8341,34652.76183186631,54.36916098515061,12.756729174639622,1
4313904,43515.0,92.6209,20.825,2086.21,1.7705,1.45,8.9961,0.3867,0.761,0.752,0.848,0.691,2.6182,72796.78271860279,88.52248916736173,6.894174422612892,0
4313953,10212.0,86.1242,20.5542,1438.55,6.2136,5.88,76.0766,0.4613,0.661,0.676,0.816,0.524,7.431,52260.96748922836,12.13943950786056,9.792401096748922,0
4314001,7194.0,64.8596,17.5146,2303.16,0.1573,1.02,52.939,0.3729,0.773,0.787,0.866,0.679,0.6413,59000.13900472616,59.09072241159801,0.0,0
4314027,6519.0,45.7432,16.5209,1115.75,1.7248,6.16,15.8579,0.4905,0.676,0.692,0.831,0.537,23.1484,31812.54793680012,19.31360988818904,0.0,0
4314035,4319.0,29.9606,17.2494,1816.63,0.6387,1.58,23.9286,0.3835,0.749,0.738,0.852,0.668,4.763,31589.488307478583,75.13264329825172,0.0,0
4314050,52058.0,95.9449,22.0523,1535.37,1.4972,3.02,85.172,0.3553,0.704,0.7,0.886,0.562,3.9951,26707.134350147917,479.53205600589536,15.367474739713398,1
4314068,3983.0,13.8589,18.5036,1266.84,2.6072,7.25,0.5902,0.4575,0.622,0.639,0.782,0.482,12.9841,33387.647501883,13.089099865592724,0.0,0
4314076,6025.0,27.4689,16.8133,1493.09,3.4979,3.05,25.1575,0.4361,0.698,0.726,0.851,0.551,6.7234,38114.6887966805,22.724443958315263,16.59751037344398,1
4314100,206215.0,98.2863,22.2564,2343.36,2.5429,2.29,56.7895,0.4889,0.776,0.787,0.849,0.699,5.3327,60872.71536988095,262.89319561553583,15.032854060082924,1
4314134,2144.0,37.5933,15.7649,2959.51,1.586,3.64,1.8916,0.4758,0.71,0.73,0.858,0.571,0.6996,91357.276119403,14.32494370911812,0.0,0
4314159,7978.0,57.834,18.0872,1447.12,1.1275,3.53,1.5243,0.339,0.683,0.701,0.84,0.541,3.4078,30390.82476811231,46.42069555401686,12.5344697919278,1
4314175,2061.0,35.2741,17.7098,1529.35,5.0132,6.0,47.4596,0.4081,0.64,0.647,0.82,0.493,2.4284,187379.91266375547,1.500016375724626,0.0,0
4314209,7484.0,94.1475,18.4928,1254.09,6.8919,6.36,67.5422,0.4697,0.678,0.683,0.829,0.551,12.4194,36163.9497594869,12.395715494809998,0.0,0
4314308,3745.0,70.2537,17.8104,1691.27,0.2769,2.03,6.2545,0.3941,0.741,0.724,0.867,0.648,3.8523,123955.14018691589,9.04357821427364,26.7022696929239,1
4314407,325685.0,93.8502,21.2101,1959.93,5.6192,2.71,78.4556,0.5151,0.739,0.758,0.844,0.632,7.9226,33093.86677310899,202.4422232996432,4.912722415831248,0
4314423,5351.0,69.4637,17.4547,2056.94,0.5962,1.05,35.1551,0.3162,0.758,0.738,0.842,0.701,0.3366,72220.70641001682,63.49074513526341,0.0,0
4314456,2959.0,51.3011,20.2771,1426.23,0.7734,5.74,26.3545,0.3948,0.72,0.701,0.852,0.624,7.1308,41683.67691787766,43.37310544985489,0.0,0
4314464,2248.0,31.2278,17.0374,1382.28,3.6193,6.59,0.791,0.4007,0.65,0.641,0.835,0.513,7.2703,135553.8256227758,5.131131451005455,0.0,0
4314472,3805.0,56.3732,17.4507,2173.71,1.0627,3.58,47.6934,0.5225,0.678,0.672,0.804,0.577,7.31,244897.24047306177,7.958419610549873,0.0,0
4314498,4540.0,21.5419,19.141,1757.29,1.6256,7.72,2.8892,0.4856,0.71,0.713,0.828,0.607,5.1982,28975.550660792956,43.08013474403378,22.02643171806168,1
4314506,11214.0,79.7485,18.0756,1416.97,7.9529,6.01,75.9525,0.4796,0.661,0.685,0.846,0.499,9.1397,35466.9163545568,4.985825920248127,0.0,0
4314548,2723.0,30.3709,16.1219,2510.66,0.6433,2.78,0.8705,0.3762,0.665,0.654,0.808,0.56,1.0785,27280.940139551964,25.982576502132613,0.0,0
4314555,2260.0,36.1947,13.6283,1342.02,2.6856,9.34,0.5453,0.4514,0.669,0.656,0.824,0.553,11.547,41890.265486725664,8.02004301014216,0.0,0
4314605,17504.0,64.591,18.2473,1240.96,2.1941,8.05,39.7711,0.4562,0.658,0.672,0.821,0.517,12.7072,50290.04798903108,4.947008450385778,0.0,0
4314704,10406.0,61.5126,18.8257,1342.22,0.4438,7.83,9.8049,0.4853,0.687,0.674,0.807,0.597,12.7297,24265.615990774557,45.53012006020512,9.609840476648086,0
4314753,2171.0,55.1359,16.3058,1915.28,1.7398,1.77,0.2375,0.3646,0.744,0.742,0.877,0.634,0.783,60689.54398894519,32.10683545801414,0.0,0
4314779,3296.0,51.2439,17.9612,1695.82,1.3415,3.39,18.3479,0.4391,0.725,0.708,0.864,0.623,7.6153,122365.59466019415,6.55647700757297,30.33980582524272,1
4314787,1575.0,35.746,14.4127,2431.26,4.1338,3.83,1.1966,0.4861,0.725,0.727,0.874,0.6,2.5397,60983.49206349206,15.828509406657018,0.0,0
4314803,34071.0,87.7168,20.5307,1627.56,2.6689,2.32,76.0804,0.386,0.713,0.725,0.856,0.584,4.2437,48792.31604590414,213.88215796808495,5.870094802031052,0
4314902,1332845.0,99.8187,20.1267,3203.31,4.8872,1.65,93.0096,0.569,0.805,0.867,0.857,0.702,7.0058,61194.70981246882,2687.312113263317,24.23387565695936,1
4315008,4360.0,49.1972,13.3257,1673.28,1.3731,6.51,1.261,0.4205,0.693,0.7,0.827,0.575,4.6281,31115.1376146789,17.37910362091232,0.0,0
4315057,2142.0,40.2894,13.7722,1373.97,1.9355,5.41,1.6607,0.3893,0.698,0.672,0.831,0.608,6.1358,41713.35200746966,20.24364196539112,46.68534080298787,1
4315073,1560.0,25.4487,13.0128,1544.81,1.1583,6.47,8.4211,0.4949,0.69,0.661,0.827,0.6,13.7179,28982.05128205128,13.650204753071296,0.0,0
4315107,9938.0,62.417,18.7362,1572.31,2.794,6.09,39.2921,0.4405,0.723,0.687,0.876,0.628,7.3461,21224.29060173073,35.30410626045748,20.12477359629704,1
4315131,1739.0,43.1282,15.5262,1783.78,2.3529,8.4,1.9549,0.4485,0.715,0.765,0.845,0.566,5.5843,35319.14893617021,16.50876227002601,0.0,0
4315149,3077.0,66.5583,18.3295,1581.99,0.1919,1.82,97.8417,0.287,0.757,0.727,0.885,0.674,1.0427,69487.48781280468,62.0012895945837,0.0,0
4315156,5340.0,37.7715,16.7228,1524.47,1.8668,6.09,8.8668,0.3816,0.683,0.705,0.861,0.525,4.9438,31182.958801498127,20.85619768863337,0.0,0
4315172,2025.0,26.5679,15.0123,2219.02,0.0907,4.01,0.3989,0.4217,0.733,0.771,0.839,0.609,1.5802,46055.8024691358,11.773666523250812,0.0,0
4315206,3747.0,45.5031,15.9594,1838.13,1.7143,5.35,40.9956,0.4232,0.715,0.745,0.873,0.563,4.3862,35613.290632506,17.334462132041693,0.0,0
4315305,23500.0,92.566,21.2085,1391.76,3.7181,3.94,79.3386,0.4615,0.704,0.673,0.852,0.609,7.1766,26627.744680851065,7.484088350459157,8.51063829787234,0
4315313,1552.0,58.8918,18.4923,1947.15,2.3377,5.56,0.3466,0.4594,0.689,0.695,0.833,0.565,1.933,119821.52061855672,5.770138788196497,128.8659793814433,1
4315321,2507.0,39.0108,17.3514,1417.51,1.4549,5.56,0.5808,0.4942,0.665,0.667,0.824,0.534,10.4758,119387.31551655364,4.613892472564179,0.0,0
4315354,3910.0,61.202,16.8031,2866.59,4.1338,1.85,1.7787,0.5534,0.756,0.783,0.841,0.655,2.2296,65248.33759590793,17.527973031128962,25.57544757033248,1
4315404,9738.0,33.8981,27.3362,851.69,4.5992,8.87,1.9349,0.4687,0.631,0.606,0.792,0.523,23.0975,23917.02608338468,32.064009482886355,0.0,0
4315453,1796.0,46.9376,14.6993,1810.47,0.2043,3.63,26.6187,0.2959,0.731,0.765,0.868,0.588,0.4487,46039.53229398664,16.600732059008394,0.0,0
4315503,14939.0,61.2959,19.2851,1470.95,2.9158,5.49,30.8838,0.3999,0.683,0.709,0.828,0.542,4.2497,45078.18461744428,15.42297288926514,6.693888479817926,0
4315552,2835.0,32.3104,15.3439,1646.66,0.8814,9.55,0.7333,0.4793,0.656,0.645,0.804,0.545,8.5009,48143.20987654321,12.02014805769671,70.54673721340389,1
4315602,191900.0,95.6316,21.0182,1671.01,7.7206,3.11,39.6446,0.4812,0.744,0.752,0.861,0.637,8.9503,69214.17926003126,71.52795870984286,43.77279833246483,1
4315701,34654.0,70.1016,19.4638,1477.03,7.1823,5.56,60.2226,0.4606,0.693,0.702,0.846,0.56,9.01,40125.95948519652,16.895225614203415,2.885669763952213,0
4315750,4473.0,64.5205,18.9582,1519.68,0.3497,6.05,24.7829,0.3352,0.661,0.69,0.885,0.472,1.0887,34842.16409568522,18.708436153749638,0.0,0
4315800,10418.0,71.3189,18.6024,1866.11,0.9773,2.78,48.8516,0.3635,0.729,0.753,0.853,0.602,1.9418,55296.889998080245,50.06054548599766,0.0,0
4315909,6654.0,67.9591,19.5221,1960.07,1.0756,5.09,1.1232,0.4403,0.732,0.733,0.842,0.636,3.8352,41971.74631800421,79.90105430005524,0.0,0
4315958,2291.0,32.3003,14.797,1225.08,4.0843,6.11,19.1676,0.3691,0.689,0.676,0.834,0.579,7.2457,70673.94151025753,7.760813818381373,0.0,0
4316006,21253.0,78.0031,20.463,1643.72,1.0683,3.75,37.5319,0.3518,0.688,0.708,0.83,0.553,1.9141,34423.89309744506,71.77885102502619,9.41043617371665,0
4316105,9777.0,75.2992,19.8629,2330.21,1.2735,5.13,18.0107,0.5408,0.724,0.729,0.867,0.6,5.416,48230.9501892196,23.352242192631515,0.0,0
4316204,4991.0,51.5929,15.9888,2559.5,1.2329,2.85,14.302,0.5451,0.764,0.78,0.842,0.678,4.1198,53871.76918453216,19.76993828578672,0.0,0
4316303,6576.0,49.2853,16.2865,1796.07,0.7368,4.64,1.7021,0.4505,0.688,0.687,0.843,0.563,6.3289,66457.72506082724,18.83787283289982,0.0,0
4316402,36630.0,89.151,20.6497,1627.08,6.0155,4.18,69.8616,0.4897,0.699,0.705,0.841,0.576,7.2931,37727.98252798253,8.432988247688122,21.84002184002184,1
4316428,2480.0,44.3145,18.7903,1376.32,1.1555,6.92,1.7472,0.4004,0.678,0.669,0.782,0.596,9.4355,33312.903225806454,31.840182824275573,0.0,0
4316436,2575.0,73.4369,14.4466,1873.11,3.0115,3.72,6.6667,0.4395,0.762,0.745,0.841,0.706,6.7704,98737.08737864078,11.622448703250674,0.0,0
4316451,10203.0,86.1315,20.1215,1561.65,2.3441,6.62,43.5744,0.443,0.687,0.693,0.837,0.558,6.5944,118931.49073801824,20.09659285638313,0.0,0
4316477,2877.0,57.6295,15.8498,1696.82,0.4394,1.06,1.3417,0.3763,0.753,0.71,0.851,0.706,2.8561,62033.368091762255,29.983741870935468,34.758428919012864,1
4316501,6879.0,63.2941,20.7734,1967.63,0.8993,1.72,5.7325,0.3315,0.74,0.75,0.843,0.641,1.9968,49086.05902020643,69.4666047300709,0.0,0
4316600,16399.0,75.4802,17.8547,1943.31,0.8,2.79,45.2593,0.4337,0.747,0.764,0.843,0.647,5.6684,51455.94243551437,32.505515372676655,12.19586560156107,1
4316709,8122.0,81.9626,18.653,1887.18,2.6629,3.64,11.3225,0.4571,0.725,0.716,0.841,0.634,3.4228,164495.19822703768,8.323435461606335,24.62447672986949,1
4316733,1674.0,40.5018,19.0562,2248.46,0.3947,3.69,0.9724,0.5113,0.725,0.781,0.839,0.581,2.509,85949.82078853047,8.367657056024314,0.0,0
4316758,6887.0,70.2628,18.1792,1832.22,0.5464,1.11,3.6434,0.3416,0.74,0.747,0.843,0.644,3.0893,49238.71061420067,79.62678197731556,0.0,0
4316808,133230.0,90.039,20.4398,2192.33,3.249,2.11,84.7717,0.4621,0.773,0.782,0.852,0.693,6.3417,73671.1026045185,181.38474859635463,6.004653606545072,0
4316907,271735.0,96.2095,22.6699,2365.64,3.7514,1.91,77.0564,0.5127,0.784,0.795,0.848,0.715,5.5783,35188.93775185383,152.6434759357688,22.08033562110144,1
4316956,6340.0,47.2397,16.53,1764.69,0.5541,1.7,1.2842,0.3001,0.676,0.716,0.846,0.51,0.6789,44070.82018927445,45.144798023312944,15.77287066246057,1
4316972,2596.0,22.6502,16.718,1610.73,3.5964,10.56,5.4966,0.4888,0.663,0.691,0.87,0.484,4.5542,139066.2557781202,2.7174737961622486,0.0,0
4317004,7024.0,56.549,17.0416,1182.47,5.6381,8.01,42.6553,0.4692,0.633,0.63,0.802,0.503,12.8315,51950.597949886105,4.950645085124453,0.0,0
4317103,84421.0,91.1171,20.5814,1600.16,5.2182,2.71,40.6202,0.492,0.727,0.715,0.846,0.636,8.9356,33450.53955769299,12.15318941144681,13.029933310432238,1
4317202,76963.0,91.9455,20.4046,2122.58,2.6046,1.95,36.0573,0.4226,0.769,0.752,0.871,0.693,3.2186,48491.52190013384,157.266336997834,11.693930849888908,0
4317251,1505.0,37.5415,13.0233,2366.65,0.2123,1.59,5.7432,0.34,0.746,0.765,0.853,0.637,0.1999,33123.58803986711,20.42921717411666,0.0,0
4317301,30983.0,87.1058,19.7657,1518.77,4.3378,3.89,66.2726,0.4899,0.712,0.709,0.861,0.591,9.2249,56664.33205306136,5.950285549561674,38.7309169544589,1
4317400,48938.0,92.1288,19.8741,2097.02,3.4416,2.72,80.8959,0.479,0.766,0.746,0.882,0.682,4.1946,41306.367240181455,20.27745700187162,8.173607421635538,0
4317509,76917.0,94.6956,20.9863,2046.8,3.1339,2.71,34.7806,0.4837,0.772,0.765,0.863,0.696,5.3019,41346.81539841648,113.36296724254314,14.301129789253352,1
4317558,2091.0,41.6547,17.4558,2000.81,2.0455,3.6,3.2086,0.4598,0.764,0.787,0.853,0.665,5.888,57291.72644667623,16.582866750202232,0.0,0
4317608,42947.0,76.8808,20.0945,1614.13,3.1871,6.34,33.0795,0.4171,0.717,0.718,0.866,0.594,4.6874,39129.74130905535,40.91815511493612,2.3284513470091044,0
4317707,10300.0,68.3981,18.1165,1526.41,2.2963,5.82,0.93,0.4729,0.686,0.672,0.835,0.576,6.608,65431.65048543689,6.021750797735822,0.0,0
4317756,2089.0,75.2992,16.5151,1912.78,1.9881,1.92,32.5516,0.3809,0.759,0.701,0.885,0.705,1.1489,90698.89899473432,10.268383798662995,0.0,0
4317806,13902.0,86.5487,18.4434,1895.92,1.9535,4.99,3.4546,0.4684,0.739,0.753,0.84,0.637,3.2316,61029.99568407423,29.71941638608305,14.386419220256078,1
4317905,15320.0,61.4752,17.4021,2116.06,1.861,1.54,4.9907,0.4829,0.738,0.746,0.82,0.656,6.7767,51179.56919060052,41.72090565955523,6.527415143603133,0
4317954,2349.0,47.9779,14.9,2108.68,3.9168,6.28,3.6026,0.4515,0.732,0.679,0.853,0.677,3.0226,54896.97743720732,18.74192158552348,0.0,0
4318002,59676.0,89.9139,20.804,1568.58,4.1103,5.71,37.5416,0.4826,0.736,0.72,0.86,0.643,6.655,43078.72511562437,16.500243040981854,5.027146591594611,0
4318051,2754.0,73.3115,16.8482,2785.62,0.6824,2.45,6.7171,0.4652,0.763,0.78,0.839,0.68,0.7275,44820.62454611474,35.0069912291852,0.0,0
4318101,17618.0,74.6793,17.5105,1663.89,3.21,6.38,10.5437,0.4531,0.675,0.681,0.818,0.552,5.2253,45642.18412986718,6.950479901877434,0.0,0
4318200,21893.0,71.717,21.7101,1572.34,2.1683,5.35,46.3804,0.449,0.685,0.701,0.86,0.534,6.8086,46887.95505412689,6.598661640837255,4.567670031516923,0
4318309,58487.0,90.179,20.4969,1526.68,4.5538,5.85,68.5484,0.4925,0.699,0.711,0.822,0.585,9.5907,46560.654504419785,11.573654486233195,8.548908304409526,0
4318408,21028.0,78.2956,19.6072,1635.38,6.9098,5.61,33.0614,0.5112,0.696,0.734,0.822,0.56,9.7486,31720.277724938176,22.475512935070267,4.7555640098915735,0
4318424,4461.0,59.8969,15.2881,2185.87,0.5063,5.13,31.8574,0.4664,0.694,0.702,0.828,0.575,1.5019,41279.75790181573,26.011055135740275,0.0,0
4318432,2649.0,61.6837,15.8173,2028.21,0.7862,1.24,59.9424,0.4375,0.748,0.748,0.847,0.661,1.4903,39568.893922234805,33.822778345250256,0.0,0
4318440,2912.0,54.2239,17.4794,1677.22,1.5686,0.95,42.2899,0.3908,0.732,0.75,0.846,0.617,7.7586,45786.744505494506,23.160557062299677,0.0,0
4318457,2362.0,41.0669,16.6808,1309.27,1.4303,7.09,0.5365,0.4567,0.651,0.652,0.782,0.542,12.7434,39522.015241320914,24.07133757961784,0.0,0
4318465,1902.0,43.5331,18.6646,1379.43,0.7788,10.9,5.3405,0.4559,0.717,0.701,0.847,0.622,9.5689,31079.39011566772,18.481809701492537,0.0,0
4318481,4447.0,59.7706,17.6299,1834.47,1.5122,1.53,24.5127,0.2876,0.707,0.717,0.824,0.597,0.5851,26504.60984933663,69.80175485410224,0.0,0
4318499,2406.0,58.7697,14.7548,1809.63,0.7634,1.6,0.2092,0.3523,0.747,0.723,0.822,0.702,2.4938,76389.85868661679,30.95250347347296,0.0,0
4318507,25443.0,75.9069,20.0409,1183.51,4.0233,10.67,38.6147,0.4279,0.623,0.663,0.792,0.461,11.9564,31156.07436230004,23.72666081030421,15.721416499626615,1
4318606,6834.0,64.9107,18.3348,2185.37,1.1571,4.45,48.7947,0.4707,0.755,0.759,0.846,0.669,1.4054,67752.12174422007,20.38691585997047,29.2654375182909,1
4318614,2380.0,39.0756,16.3025,1684.96,2.011,1.62,4.886,0.3787,0.725,0.774,0.836,0.59,4.3423,39503.78151260504,43.45920677817544,0.0,0
4318622,4172.0,59.396,22.3873,1066.14,4.1338,4.5,58.4647,0.4559,0.663,0.674,0.801,0.541,17.6343,37303.930968360495,3.553944222157292,71.90795781399808,1
4318705,217409.0,99.4623,21.7217,1922.89,5.1833,2.4,93.8045,0.4763,0.739,0.766,0.861,0.612,7.0196,49930.84002962159,2110.582570455009,13.798876771430804,1
4318804,41989.0,59.9347,18.4906,1750.71,2.9555,3.41,54.335,0.4708,0.687,0.722,0.849,0.528,6.7652,40512.30084069637,20.59034246296568,0.0,0
4318903,34752.0,91.7415,20.7787,1901.46,1.8988,3.88,40.6432,0.4957,0.741,0.718,0.855,0.664,4.8941,54781.96938305709,26.79883063573964,14.38766114180479,1
4319000,21084.0,86.3593,19.6595,1695.7,1.4249,2.29,86.8936,0.4856,0.768,0.775,0.855,0.683,20.8371,54325.2229178524,82.3082538579554,14.228799089356858,1
4319109,5481.0,69.1662,16.4933,1810.54,0.5423,3.86,0.8574,0.3928,0.726,0.734,0.83,0.628,2.9009,64592.22769567597,32.00677392040643,0.0,0
4319125,2860.0,38.8112,15.5944,1776.57,3.7833,6.63,1.3949,0.4708,0.652,0.659,0.848,0.496,5.5303,117517.48251748252,4.271544790731644,34.96503496503497,1
4319158,7056.0,59.042,19.3878,1484.86,1.6236,3.84,12.0542,0.4413,0.667,0.674,0.821,0.537,7.8704,123005.95238095238,5.741673515554434,0.0,0
4319208,5118.0,72.1766,18.1907,1350.34,6.2988,9.32,2.2472,0.4692,0.645,0.658,0.778,0.523,11.8119,44557.83509183275,10.288553933492278,0.0,0
4319307,5846.0,40.1984,16.182,1792.43,1.1723,3.3,1.1654,0.4366,0.692,0.688,0.825,0.584,6.0226,34305.33698255217,26.27368496746126,0.0,0
4319356,3548.0,65.3326,19.5603,1942.46,0.6976,1.53,18.2582,0.3135,0.739,0.748,0.851,0.634,1.4374,31913.190529875985,94.28396800510218,0.0,0
4319364,1757.0,31.8156,16.2208,1178.39,2.5714,8.2,0.149,0.3699,0.664,0.644,0.804,0.566,7.2851,64984.63289698349,21.99163892157108,0.0,0
4319372,3070.0,51.4007,16.9381,2153.13,0.6993,1.33,0.2566,0.397,0.763,0.76,0.843,0.694,0.6517,52659.60912052117,28.58632698288545,0.0,0
4319406,15577.0,75.5344,17.2819,1606.44,3.7927,3.3,57.8103,0.4752,0.709,0.698,0.824,0.619,6.229,34169.480644540025,17.835020620704974,6.419721384091931,0
4319505,24428.0,85.3529,19.6332,1718.35,3.46,2.66,62.7784,0.4328,0.739,0.734,0.852,0.646,6.2377,36820.90224332733,215.9915824469261,16.37465203864418,1
4319604,21219.0,83.1048,18.1724,1613.74,2.1627,5.92,73.864,0.4592,0.708,0.708,0.871,0.576,5.9706,62741.92940289364,9.624093843419226,14.13827230312456,1
4319703,3264.0,57.6593,15.8088,1963.67,0.4545,7.83,13.8015,0.4414,0.72,0.745,0.82,0.612,6.2461,41526.04166666666,21.13305276788605,0.0,0
4319711,2207.0,43.8151,14.4993,1652.84,1.5576,1.27,21.2766,0.3815,0.764,0.776,0.848,0.677,2.3108,43305.84503851382,24.01575659970837,90.62075215224289,1
4319737,2543.0,20.3696,25.1278,1050.48,0.4823,6.97,2.9056,0.5292,0.642,0.674,0.816,0.48,25.059,35560.36177742823,23.6773989311186,0.0,0
4319752,2251.0,67.0813,19.2803,2313.19,1.1679,1.62,37.5587,0.3104,0.754,0.743,0.852,0.677,0.1333,42535.76188360729,70.5664754381015,0.0,0
4319802,8097.0,72.9529,19.5875,1507.1,4.6419,3.8,50.2085,0.4663,0.685,0.698,0.831,0.553,6.3512,90225.39212053848,6.895611999403863,0.0,0
4319901,75648.0,96.5207,21.7362,1641.28,1.4287,2.68,91.8373,0.3925,0.711,0.722,0.832,0.598,4.1244,47795.03754230119,549.1329060170298,5.287648054145516,0
4320008,132107.0,99.6669,21.9693,1571.59,5.259,2.34,90.6625,0.3998,0.726,0.726,0.844,0.624,6.2382,31823.34017122484,2268.04813981836,15.89620534869462,1
4320107,22851.0,91.1382,20.0779,1850.64,2.4872,2.17,70.058,0.451,0.777,0.776,0.858,0.705,6.3164,56852.610389042056,64.96966319608322,13.12852829197847,1
4320206,11950.0,59.1381,20.3849,1567.87,0.8956,4.35,4.3626,0.435,0.723,0.706,0.865,0.62,7.3617,51652.30125523012,39.69677642244015,8.368200836820085,0
4320230,2704.0,57.8772,17.3077,1991.34,2.2351,6.27,0.4682,0.5329,0.712,0.751,0.886,0.543,5.2534,58259.9852071006,22.66326941129141,0.0,0
4320263,6009.0,31.6359,18.6054,1663.32,2.2298,7.67,0.0431,0.5095,0.659,0.673,0.811,0.525,7.8141,27140.622399733733,24.5095240037525,0.0,0
4320305,5107.0,76.2679,18.4453,2458.17,6.7459,2.81,2.3749,0.4424,0.777,0.785,0.841,0.71,1.8103,73462.69825729392,28.93976313254377,0.0,0
4320321,2673.0,39.2817,16.9473,1464.59,2.4609,4.72,0.9579,0.4721,0.693,0.701,0.817,0.581,9.522,55765.05798728021,18.171682631188943,0.0,0
4320354,5306.0,26.0083,19.3178,1250.16,2.2516,7.25,10.8108,0.4177,0.671,0.671,0.826,0.545,8.2872,25681.681115718056,18.806932974160848,37.69317753486619,1
4320404,16961.0,88.7566,21.3844,2126.45,1.4109,2.17,2.4234,0.3791,0.76,0.755,0.843,0.69,1.4482,46123.636578031954,103.85769395627946,17.687636342196804,1
4320453,1941.0,32.406,14.5286,1799.08,4.1338,7.71,0.641,0.3752,0.652,0.695,0.847,0.471,1.8547,30691.3961875322,18.410668892514323,0.0,0
4320503,5541.0,59.4117,17.0547,1226.99,0.3089,2.77,8.8088,0.5383,0.751,0.746,0.837,0.678,26.2634,96463.27377729652,12.575147912879483,0.0,0
4320552,5863.0,26.13,19.2052,1517.5,0.964,3.92,13.7313,0.4347,0.689,0.737,0.832,0.534,8.9273,53687.19085792256,23.26467285417816,0.0,0
4320578,1830.0,31.0929,15.1913,1435.27,1.8145,3.24,1.0057,0.4754,0.683,0.682,0.81,0.577,10.9262,57733.333333333336,13.899437946225126,0.0,0
4320602,3406.0,46.3887,14.357,2745.42,0.6235,2.97,17.0359,0.4961,0.752,0.738,0.861,0.67,0.9112,43867.88021139166,20.322438215253165,0.0,0
4320651,2028.0,48.2249,14.4477,2041.91,4.2269,4.35,38.91,0.4446,0.742,0.744,0.852,0.644,1.1899,42717.45562130178,17.001299408978497,49.30966469428008,1
4320677,8578.0,15.6214,17.0553,1313.34,1.7823,4.23,16.3132,0.3984,0.631,0.697,0.792,0.456,11.328,24887.15318256004,16.826932507875977,11.657729074376311,0
4320701,14226.0,82.5531,20.3782,1838.82,3.7067,4.4,12.8357,0.454,0.743,0.735,0.861,0.647,4.5545,30833.96597778715,110.43059081064716,14.058765640376777,1
4320800,29991.0,87.1995,21.7699,1773.11,2.3749,3.97,81.6405,0.4418,0.731,0.727,0.861,0.625,3.7588,46853.92284351972,24.68281297322922,23.34033543396352,1
4320859,4461.0,34.9025,18.7626,1576.83,1.8197,4.89,2.0642,0.3331,0.701,0.694,0.834,0.595,1.144,31850.93028468953,47.07980665723874,0.0,0
4320909,24557.0,92.3606,21.6883,1867.41,2.2181,2.34,47.2377,0.3762,0.76,0.763,0.837,0.688,2.4297,66968.60365679847,103.14513486949876,4.072158651301055,0
4321006,10592.0,86.9147,19.5714,2018.36,4.0305,4.62,37.7438,0.4126,0.747,0.743,0.835,0.672,2.6715,60448.92371601208,58.86570150332064,37.764350453172206,1
4321105,14695.0,91.6979,19.4284,1449.76,6.009,5.44,78.0403,0.4555,0.695,0.699,0.862,0.556,8.594,41096.56345695815,18.244414316433502,47.63525008506294,1
4321204,53242.0,82.3974,20.0199,1711.54,2.0833,3.36,65.5161,0.4253,0.727,0.754,0.88,0.579,4.9413,29466.962172720785,118.26430768889036,18.782164456631985,1
4321303,25198.0,87.3442,19.3428,1630.78,2.7985,4.74,17.4473,0.3936,0.733,0.737,0.849,0.629,4.3885,43419.43805063894,72.00107438701363,27.77998253829669,1
4321329,3119.0,48.9901,17.9224,2332.95,4.1338,3.69,2.9825,0.4948,0.739,0.768,0.83,0.633,1.6747,60550.81756973389,40.55020346607382,0.0,0
4321352,5212.0,68.1504,18.7452,1361.72,1.5971,7.58,27.7752,0.3696,0.656,0.692,0.828,0.492,3.7173,23839.984650805836,8.542763810282459,38.37298541826554,1
4321402,14497.0,67.7244,21.5562,1735.1,2.4203,4.58,1.6129,0.4758,0.708,0.709,0.83,0.603,5.4782,39954.12844036697,42.95471044015467,13.79595778436918,1
4321436,10334.0,83.5688,19.6245,1502.13,2.3789,3.31,2.2449,0.3788,0.689,0.699,0.829,0.565,3.7245,28192.37468550416,72.61918147065437,58.06077027288563,1
4321451,32797.0,89.9076,19.8921,1891.48,1.0867,1.17,3.5144,0.3599,0.747,0.751,0.855,0.65,1.4221,48053.51099185901,186.4800937034468,0.0,0
4321469,3267.0,55.0964,18.8858,1671.9,0.434,3.44,0.1612,0.3527,0.742,0.709,0.845,0.682,2.8545,53499.84695439241,28.67197921786141,0.0,0
4321477,5129.0,39.5984,15.3831,2310.17,0.3179,4.99,0.1479,0.5638,0.689,0.705,0.815,0.569,4.2528,38261.45447455644,21.673082530117934,0.0,0
4321493,2554.0,32.6547,14.6829,1452.65,0.2339,2.9,0.2836,0.4619,0.683,0.68,0.822,0.569,11.3156,39676.58574784652,12.878436434780854,0.0,0
4321501,41751.0,96.8528,19.063,2080.13,4.1974,2.74,48.0997,0.4558,0.762,0.75,0.862,0.685,3.6133,33103.566381643555,258.3121945183444,26.346674331153743,1
4321600,54387.0,99.4613,19.7786,1871.57,5.4371,2.25,17.6903,0.4899,0.719,0.727,0.842,0.606,5.5611,22699.468623016528,380.65342460000846,36.77349366576572,1
4321626,2152.0,41.3569,15.5669,1637.11,0.221,2.34,1.4458,0.3713,0.701,0.735,0.839,0.559,5.0651,36286.24535315985,26.67294654255649,0.0,0
4321634,2591.0,46.6615,14.0872,2492.19,1.2448,2.44,0.8755,0.4125,0.791,0.843,0.851,0.689,1.1579,54495.17560787341,17.435952651731817,0.0,0
4321667,10962.0,74.6397,19.1936,1632.48,1.3465,3.03,12.9431,0.3736,0.718,0.722,0.847,0.606,4.0289,28149.0603904397,43.58942751597523,9.122422915526364,0
4321709,24425.0,87.9058,20.0532,1619.03,2.586,3.13,71.2668,0.3816,0.71,0.74,0.829,0.584,5.8254,32964.135107471855,145.27967452594513,0.0,0
4321808,24916.0,84.0986,19.1082,2038.2,2.3091,3.38,3.4322,0.4339,0.759,0.756,0.834,0.694,3.7606,54329.58741371007,59.11816277188162,0.0,0
4321832,2760.0,17.8261,18.6232,1413.66,0.1603,6.75,1.0329,0.3422,0.662,0.661,0.813,0.539,2.5,23267.753623188404,12.696309789958876,0.0,0
4321857,4716.0,56.0857,18.3206,1177.01,2.2517,5.84,11.5075,0.4796,0.703,0.747,0.832,0.56,17.3452,37856.23409669211,26.113101401447405,0.0,0
4321907,25436.0,82.2496,18.7254,1970.49,1.9214,3.13,3.816,0.4463,0.768,0.745,0.858,0.71,4.4622,40613.06809246737,94.59208187369376,3.931435760339676,0
4321956,7556.0,63.1154,21.1223,2079.23,1.159,6.65,1.7278,0.4439,0.687,0.675,0.787,0.61,2.4523,46502.24986765484,28.15022893482902,0.0,0
4322004,27498.0,64.5683,20.5615,1481.51,3.9984,3.31,23.1119,0.4219,0.733,0.717,0.873,0.629,9.2644,472121.7543094043,33.62407022683836,10.909884355225834,0
4322103,5542.0,74.2512,15.7524,1823.72,1.8688,4.0,5.2469,0.4032,0.747,0.748,0.816,0.682,4.2519,46793.93720678456,30.58532654885816,0.0,0
4322152,3681.0,35.398,19.1252,1340.45,1.3053,13.74,12.7493,0.4459,0.657,0.659,0.794,0.541,8.3469,32829.3941863624,16.939558770743023,0.0,0
4322186,1374.0,40.2475,16.5211,1414.83,4.1338,6.49,10.5357,0.4403,0.694,0.688,0.818,0.595,8.2969,68943.23144104803,10.127963203207926,0.0,0
4322202,20005.0,83.7691,19.7651,1606.74,5.4929,4.44,42.4064,0.5172,0.709,0.721,0.828,0.596,8.3438,102575.10622344412,8.87834996276463,14.996250937265684,1
4322251,5029.0,72.9966,21.0777,1897.87,1.5077,1.08,28.3388,0.3436,0.718,0.742,0.836,0.597,0.5173,106103.20143169616,84.65474867858465,0.0,0
4322301,8363.0,68.9466,15.736,2155.38,2.9579,3.05,1.9899,0.4219,0.728,0.734,0.832,0.632,2.3975,45860.93507114672,27.178187254232885,0.0,0
4322327,3419.0,46.7388,19.4501,1599.23,0.7047,4.63,42.5726,0.4387,0.629,0.685,0.814,0.446,3.9859,47887.39397484645,13.480000788534706,0.0,0
4322343,1994.0,26.8305,16.5998,1986.68,2.7826,1.69,32.5516,0.5072,0.7,0.691,0.809,0.613,9.519,55532.59779338014,15.840986367536305,0.0,0
4322350,1170.0,26.7521,12.3932,2893.51,4.1338,2.3,2.0642,0.4907,0.733,0.786,0.852,0.587,1.1111,77926.49572649572,8.920810650075484,0.0,0
4322376,1995.0,43.8596,15.0376,1306.67,2.3481,5.85,5.4591,0.4012,0.649,0.626,0.804,0.542,6.7669,74720.3007518797,3.312522830671139,0.0,0
4322400,117210.0,94.9339,22.1798,1566.17,5.4961,2.5,88.8868,0.4837,0.744,0.722,0.863,0.661,8.7754,31713.27531780565,20.555591994385225,13.650712396553194,1
4322509,64197.0,92.9358,21.9574,1790.15,2.4842,2.65,90.6292,0.4518,0.721,0.74,0.838,0.605,3.9851,50558.11019206505,30.217576719516945,28.038693396887705,1
4322525,3150.0,30.7619,17.7143,1263.82,1.17,5.59,14.4513,0.3946,0.646,0.666,0.816,0.497,6.1587,41413.65079365079,9.553357777797997,0.0,0
4322533,9897.0,14.0649,18.9754,1538.7,1.5781,4.07,9.4544,0.4151,0.624,0.681,0.813,0.439,5.7846,27555.21875315752,30.04654071629593,0.0,0
4322541,6058.0,90.2938,19.0657,1927.06,1.2658,1.42,43.7472,0.2851,0.737,0.739,0.85,0.636,0.9909,32732.58501155497,134.36841521570366,16.50709805216243,1
4322558,2004.0,65.519,16.7665,1773.91,3.5514,4.82,54.8223,0.3406,0.757,0.736,0.836,0.704,0.0998,47293.4131736527,30.87589553963485,0.0,0
4322608,68763.0,67.4534,19.797,1739.54,2.0388,2.85,57.7561,0.3916,0.712,0.736,0.818,0.6,3.0393,54273.98455564766,88.99043743957883,10.179893256547851,0
4322707,26710.0,59.386,20.5241,1596.06,1.9496,2.06,62.6197,0.384,0.737,0.738,0.842,0.643,5.6948,30951.77836016473,86.16295799273533,18.71958068139274,1
4322806,24021.0,86.6492,17.8011,2257.23,1.517,2.19,85.0803,0.4452,0.773,0.797,0.838,0.692,3.5965,72382.74842845844,83.00362477841858,0.0,0
4322855,1818.0,28.7129,14.9065,3279.07,4.1338,3.05,2.1807,0.4758,0.723,0.758,0.855,0.584,1.2168,65698.5698569857,16.00042245339811,0.0,0
4322905,4769.0,60.5997,15.2233,1777.55,1.5125,3.9,17.2996,0.4326,0.702,0.715,0.864,0.561,4.8468,42898.301530719225,17.8835264559193,0.0,0
4323002,224112.0,95.4532,21.301,1489.82,6.6316,2.83,55.9672,0.4615,0.717,0.72,0.866,0.591,9.6788,19343.368494324262,149.80558401998906,24.541300778182336,1
4323101,4665.0,51.4469,18.3494,1497.7,2.1351,6.57,7.602,0.4715,0.638,0.656,0.809,0.489,8.5353,27120.042872454447,24.1681043191744,21.43622722400857,1
4323200,2780.0,56.8705,17.2662,2384.33,0.7714,1.3,0.7273,0.4288,0.777,0.774,0.84,0.722,1.8345,106428.77697841729,11.674148480051064,0.0,0
4323309,3646.0,64.0154,15.661,1903.28,1.2786,2.24,22.5246,0.3675,0.742,0.725,0.867,0.65,1.7322,81610.80636313769,33.85235323064353,0.0,0
4323358,2079.0,30.3511,17.1236,1454.41,0.5967,4.0,24.9354,0.3825,0.705,0.759,0.839,0.551,8.8504,81256.85425685426,13.707119922464775,0.0,0
4323408,4413.0,63.3356,18.1056,2679.6,2.4077,3.68,38.9258,0.451,0.761,0.791,0.839,0.664,0.9293,88240.87922048493,24.37300136418113,0.0,0
4323457,3863.0,60.2899,16.6451,1344.1,2.641,7.6,58.3229,0.4462,0.662,0.645,0.827,0.544,11.5765,50723.01320217448,7.600171559658297,0.0,0
4323507,2660.0,49.5489,18.3835,2168.24,0.274,5.66,0.5917,0.4585,0.739,0.76,0.842,0.631,4.812,51527.81954887218,34.2536314000206,0.0,0
4323606,1590.0,34.1509,14.7799,2249.69,0.1287,1.14,3.3159,0.4479,0.78,0.809,0.847,0.692,2.5284,53603.14465408805,13.324729524751314,0.0,0
4323705,2783.0,41.466,17.1757,2018.17,0.5029,3.47,0.361,0.4544,0.757,0.774,0.839,0.669,2.7698,37194.75386273805,30.914665304036788,0.0,0
4323754,3260.0,31.9939,15.3681,1414.14,1.8755,6.09,0.5335,0.4043,0.655,0.659,0.809,0.526,7.362,48934.969325153375,12.613463130769883,0.0,0
4323770,3098.0,54.9709,18.0116,2321.97,0.8593,0.84,3.3273,0.376,0.752,0.796,0.849,0.63,1.0006,85487.41123305359,46.32523364485981,0.0,0
4323804,16463.0,99.8056,20.0996,2134.14,3.5298,1.66,14.3399,0.4858,0.735,0.74,0.852,0.63,5.9953,44533.80307355889,270.96912239120417,18.222681163821903,1
5000203,16741.0,82.1337,24.1742,1627.25,4.6185,5.84,0.9977,0.4206,0.67,0.705,0.823,0.518,2.647,72392.62887521653,2.151368659078298,29.86679409832149,1
5000252,4537.0,65.0871,19.2418,1395.32,0.9378,7.37,59.2655,0.4684,0.711,0.733,0.858,0.572,7.5781,52436.41172581001,1.0317183465764097,0.0,0
5000609,39325.0,64.6637,25.1036,1281.38,1.6903,8.57,36.3343,0.4986,0.673,0.683,0.818,0.546,15.3401,51715.06675143039,9.377067068026598,20.3432930705658,1
5000708,24114.0,86.5099,21.3237,1196.18,4.6726,8.43,37.0612,0.4679,0.663,0.663,0.789,0.557,10.9154,25292.900389815044,8.277756952368398,20.73484282989135,1
5000807,7653.0,59.2839,20.2796,1265.5,2.6118,8.47,30.3811,0.3931,0.67,0.676,0.826,0.538,7.6018,53622.63164771985,2.2405645531738108,0.0,0
5000856,10729.0,79.1966,20.2162,1272.49,3.1827,8.77,32.9897,0.4264,0.697,0.692,0.839,0.582,8.919,82385.40404511138,8.358334066930555,9.320533134495292,0
5000906,9303.0,77.2224,24.8092,980.8,1.5262,9.84,24.7481,0.5276,0.643,0.633,0.799,0.526,23.7357,93151.67150381596,8.488913222009307,42.99688272600236,1
5001003,27674.0,90.2797,23.7082,1465.45,2.5598,6.35,19.9786,0.4579,0.697,0.717,0.804,0.588,8.8646,59991.29146491292,10.05784149286658,7.22700007227,0
5001102,46803.0,78.839,22.5071,1307.08,2.7477,6.21,18.3,0.5032,0.688,0.69,0.84,0.562,12.0305,23862.65837659979,2.7389434535722663,14.956306219686772,1
5001243,10748.0,55.0707,26.2654,1083.72,1.366,10.98,4.6291,0.4911,0.633,0.628,0.798,0.507,16.1096,116821.82731671009,6.498736289649669,55.82433941198362,1
5001508,7940.0,71.0453,21.3602,1797.07,2.1999,7.27,1.097,0.4607,0.681,0.694,0.848,0.537,2.8239,98251.13350125944,2.360645365955034,25.188916876574307,1
5001904,23031.0,89.2536,22.5088,1453.7,4.3319,7.41,32.4958,0.4466,0.71,0.698,0.847,0.606,7.7125,45812.03595154357,9.626428854458728,8.683947722634711,0
5002001,10712.0,79.3036,21.4246,1366.25,4.3182,8.42,42.9421,0.4021,0.684,0.702,0.814,0.559,3.912,56365.75802837939,5.864518241213898,37.34129947722181,1
5002100,21613.0,81.4325,22.9353,1166.61,4.3087,7.78,32.8032,0.4502,0.698,0.699,0.83,0.585,11.2895,43105.44579651136,4.360560422703806,18.50737981770231,1
5002159,8567.0,72.5575,20.5673,1334.74,2.667,8.56,65.8128,0.4592,0.666,0.665,0.776,0.573,10.3226,38818.83973386249,3.308820689495354,0.0,0
5002209,23659.0,82.4337,21.8606,1796.79,0.6917,6.82,77.2518,0.495,0.67,0.714,0.831,0.508,4.3554,47764.78295785959,4.398627704010785,8.453442664525127,0
5002308,11579.0,70.0233,21.9967,1328.35,1.2607,6.57,45.242,0.3812,0.701,0.721,0.837,0.57,5.0774,72017.3590120045,1.9951608862312011,17.272648760687453,1
5002407,30612.0,76.6203,24.3173,1227.87,1.5821,8.13,22.6693,0.4553,0.692,0.676,0.828,0.592,16.9285,64259.3754083366,14.46876491801884,19.60015680125441,1
5002605,13583.0,78.2301,18.6557,1710.09,1.7223,5.55,51.4722,0.4462,0.703,0.715,0.817,0.596,3.4582,44749.31900169329,2.1774163943760683,0.0,0
5002704,898100.0,98.7175,22.1225,2088.31,3.1398,2.73,67.1906,0.533,0.784,0.79,0.844,0.724,8.2804,39180.37969045763,111.11898838045032,16.145195412537582,1
5002803,5036.0,66.0842,21.247,1175.54,1.6829,7.16,32.0909,0.437,0.647,0.628,0.826,0.522,7.5866,34680.10325655282,1.7195307415629977,0.0,0
5002902,20988.0,90.1706,20.5117,1522.15,3.7531,7.5,31.9893,0.4734,0.727,0.756,0.811,0.627,7.7817,33940.39451114923,5.6545350648258985,4.76462740613684,0
5002951,30993.0,92.6564,25.4348,2090.92,1.148,3.22,66.7187,0.4366,0.754,0.758,0.85,0.665,1.5297,85666.92478946858,9.529484581347448,22.5857451682638,1
5003108,4783.0,39.1177,17.1231,1190.38,1.3953,8.36,8.1808,0.4453,0.671,0.684,0.83,0.531,10.2489,30238.344135479823,1.81248183444534,20.907380305247752,1
5003157,14289.0,68.5352,26.5869,699.98,3.1243,16.06,51.8088,0.5138,0.589,0.607,0.806,0.417,34.8698,23527.04877878088,13.957822739851542,90.97907481279306,1
5003207,96268.0,92.418,23.3473,1432.56,4.5434,3.86,51.236,0.5236,0.7,0.701,0.834,0.586,13.3216,39963.07184111024,1.4941221361191084,19.73656874558524,1
5003256,26037.0,90.0065,22.7753,1508.09,4.6329,6.13,55.6313,0.4445,0.706,0.717,0.811,0.606,7.0839,98174.098398433,6.259821165826478,23.044129508007835,1
5003306,32151.0,90.9147,20.9636,1501.32,4.2514,7.2,16.0551,0.4435,0.703,0.719,0.836,0.579,6.5813,38125.87477838947,5.030933410195468,34.213554788342506,1
5003454,13663.0,88.2676,20.3542,1317.66,4.0197,8.29,9.8226,0.4089,0.694,0.693,0.81,0.595,5.0066,33762.3508746249,16.492244553081054,21.95711044426553,1
5003488,11100.0,50.5856,22.6847,1232.92,1.5104,8.85,30.4372,0.501,0.639,0.64,0.773,0.528,10.8489,28011.08108108108,4.5673373657573135,18.01801801801802,1
5003504,5578.0,65.1667,20.7063,1196.02,1.5391,7.56,12.674,0.441,0.699,0.706,0.809,0.597,11.5219,38471.13660810326,19.90472282191732,17.92757260666906,1
5003702,243367.0,93.8977,24.1935,2015.16,2.5503,3.61,69.3567,0.4932,0.747,0.753,0.843,0.657,5.0582,50541.564797199295,59.89998742274278,15.203375971269727,1
5003751,11386.0,84.1648,22.0797,1275.12,2.4986,8.68,27.5144,0.4145,0.684,0.674,0.824,0.577,7.0697,46082.1183910065,11.242145506103894,35.13086246267346,1
5003801,20609.0,93.3087,19.7875,1514.57,3.982,7.35,25.1051,0.4508,0.714,0.719,0.815,0.621,6.4223,33922.218448250766,63.28942883202153,4.852249017419574,0
5003900,3539.0,53.2919,17.7169,1711.92,1.5,9.59,6.0161,0.4565,0.66,0.677,0.83,0.511,2.977,40161.91014410851,0.7250955593582608,0.0,0
5004007,10444.0,80.9077,18.537,1559.86,6.7167,8.16,14.9001,0.4439,0.721,0.705,0.822,0.648,6.5144,26819.322098812718,21.18007320955983,9.574875526618154,0
5004106,9940.0,86.7203,21.2877,1147.34,2.7602,9.68,39.8215,0.4375,0.675,0.677,0.826,0.549,9.8288,35234.20523138833,8.111464910977897,10.060362173038229,0
5004304,13808.0,75.4563,22.5739,1475.2,1.9036,10.78,12.2505,0.4493,0.662,0.671,0.817,0.53,5.3263,57082.19872537659,4.668950196286616,7.242178447276941,0
5004403,8404.0,68.2889,22.9296,1686.73,2.0346,8.12,19.9361,0.4132,0.681,0.702,0.846,0.531,2.27,48326.15421227986,1.4587264089537058,0.0,0
5004502,24137.0,63.6989,24.3609,1257.96,1.2637,8.45,14.525,0.4762,0.654,0.66,0.809,0.523,14.1253,46572.68923229896,17.9806300558184,12.429050834817913,1
5004601,19423.0,52.7519,22.2005,1255.34,5.0204,11.16,1.1275,0.4572,0.62,0.645,0.772,0.479,12.6119,64813.77748030685,9.411658672191972,41.18828193378984,1
5004700,27821.0,84.7885,21.2465,1420.01,2.3049,5.36,1.5929,0.4365,0.72,0.715,0.85,0.615,8.4409,52536.86064483663,13.886684336363135,21.566442615290608,1
5004809,8148.0,23.5641,26.9269,757.4,5.0113,13.35,15.008,0.4854,0.526,0.547,0.791,0.337,29.1835,20256.50466372116,19.558094598000505,49.09180166912125,1
5004908,7139.0,35.4672,16.9772,1392.46,0.5155,6.23,0.441,0.4383,0.664,0.668,0.827,0.53,5.8468,51967.22230004202,2.4502687092551443,14.007564084605686,1
5005004,23981.0,93.8952,21.7297,1572.74,2.7095,6.09,36.9021,0.5159,0.712,0.718,0.845,0.595,11.1704,38784.78795713273,11.258326025272432,8.339935782494475,0
5005103,3586.0,54.908,19.7156,1424.47,1.2285,9.48,56.1014,0.4072,0.708,0.716,0.857,0.579,4.5201,132414.947016174,1.8548442158446936,0.0,0
5005152,6729.0,73.1015,21.073,1202.34,2.6164,11.35,20.8386,0.4206,0.623,0.646,0.77,0.485,9.8495,71889.28518353395,4.288237903205249,29.72209838014564,1
5005202,21522.0,97.2447,24.9373,1172.23,5.081,4.32,32.9471,0.4784,0.704,0.687,0.822,0.618,13.4372,17239.475885140786,60.75284752508786,9.292816652727442,0
5005251,6799.0,49.8309,23.1505,1295.64,0.9377,8.61,23.3617,0.4627,0.672,0.676,0.822,0.545,10.3545,161390.20444182967,3.939667860329822,29.41609060155905,1
5005400,45047.0,91.1071,22.5786,1785.78,1.6969,4.01,42.9379,0.4639,0.736,0.744,0.873,0.613,6.1641,100286.96694563456,8.346821002037279,15.539325593269252,1
5005608,25536.0,56.6299,22.5877,924.13,2.9869,9.96,39.5052,0.5427,0.632,0.638,0.782,0.507,24.3789,24733.78759398496,4.66754097761368,15.664160401002505,1
5005681,19193.0,88.0165,20.8201,1531.14,1.7555,8.21,1.2628,0.4372,0.686,0.707,0.808,0.565,4.8904,49092.846350231855,40.120824449182656,10.420465794821029,0
5005707,50457.0,94.0246,21.7314,1743.97,3.4623,6.99,35.1398,0.4707,0.7,0.715,0.803,0.597,5.9252,57507.08524089819,15.818892693187095,19.818855659274234,1
5005806,13220.0,54.7958,21.5129,1269.36,0.8014,7.96,27.2356,0.4328,0.639,0.658,0.822,0.483,7.4887,33832.450832072616,3.381300741891145,7.5642965204236,0
5006002,21822.0,84.1124,22.0741,1245.03,3.4409,6.8,17.206,0.4408,0.694,0.746,0.809,0.554,9.0972,104605.76482448904,5.418051780605401,4.582531390340024,0
5006200,48563.0,87.5172,21.5061,1656.18,2.5358,5.05,37.0198,0.4668,0.721,0.716,0.85,0.616,6.7378,67579.32994254885,10.184940892821864,10.295904289273729,0
5006259,4721.0,67.2527,20.5465,1347.22,2.1436,10.19,10.5234,0.4109,0.649,0.656,0.798,0.523,7.0611,59122.43168820165,5.559415442951519,0.0,0
5006275,5510.0,54.3194,19.8911,1692.38,1.3399,7.87,14.4319,0.3956,0.665,0.654,0.808,0.56,3.25,235316.51542649727,1.0886245061428257,18.148820326678763,1
5006309,40957.0,90.5852,20.8047,1719.67,2.9592,6.8,69.6255,0.442,0.721,0.727,0.823,0.627,3.7325,38755.15784847523,7.652624616499938,9.766340308128036,0
5006358,12921.0,47.5815,27.5134,763.99,4.012,15.09,34.141,0.5703,0.588,0.566,0.811,0.444,37.5676,22135.593220338986,9.885302641283092,15.478678120888476,1
5006408,6941.0,77.2655,19.4929,1271.33,1.0298,10.14,13.1063,0.4522,0.671,0.672,0.801,0.562,9.1266,38748.45123181098,1.9531304959054887,0.0,0
5006606,92017.0,86.6003,24.9128,1484.68,3.2812,6.02,61.4213,0.5253,0.701,0.708,0.812,0.598,11.3691,51854.54861601661,17.1696763404894,29.342404120977644,1
5006903,12859.0,65.7516,23.3922,1166.44,1.3632,8.77,69.2555,0.4606,0.666,0.677,0.83,0.526,13.0023,36093.39762034373,0.7346743077212962,15.55330896648262,1
5007109,23150.0,78.3844,23.6803,1580.75,2.8657,7.14,45.3566,0.4264,0.664,0.681,0.83,0.519,4.3694,84896.93304535637,1.3369746786813814,21.598272138228943,1
5007208,37601.0,89.2317,23.0659,1528.88,5.0315,5.05,23.828,0.4594,0.715,0.72,0.861,0.59,5.8711,87729.23592457647,9.439170057941409,5.3190074732055,0
5007307,4841.0,72.8568,18.4466,1501.79,2.794,8.19,10.4579,0.388,0.709,0.702,0.869,0.585,4.754,26897.954967981823,2.6470909886264216,20.65688907250568,1
5007406,19818.0,85.165,20.441,1598.28,3.4279,7.54,12.7325,0.4761,0.673,0.686,0.852,0.521,6.3744,30374.306186295285,2.4242842379688567,30.275507114744173,1
5007505,5199.0,69.0517,21.3887,1211.98,1.1369,9.23,2.5899,0.4433,0.651,0.676,0.83,0.491,13.7323,44617.04173879592,3.984656123180214,38.46893633391037,1
5007554,7027.0,51.7717,20.9335,1223.61,1.3902,8.11,32.9753,0.4156,0.642,0.655,0.8,0.505,6.2491,66469.33257435606,1.1440896867323858,0.0,0
5007695,29579.0,91.5447,22.6613,2084.65,2.0615,4.9,82.09,0.4834,0.729,0.751,0.85,0.608,3.2429,73891.74752358093,7.681512379391244,16.90388451266101,1
5007703,10994.0,80.5166,22.3395,1282.59,2.9499,13.44,0.7906,0.4718,0.614,0.66,0.778,0.45,11.6801,38037.92977987994,13.101867796743482,36.38348189921776,1
5007802,8142.0,76.6151,21.1496,1247.44,1.8153,6.43,1.5303,0.3834,0.682,0.668,0.825,0.576,5.8897,211426.1852124785,2.5014462734380016,12.281994595922376,1
5007901,47118.0,68.8399,22.5031,1236.58,3.5994,6.48,19.8634,0.4513,0.686,0.694,0.829,0.561,11.7422,70624.729402776,8.948106565230232,36.07962986544421,1
5007935,14516.0,91.4646,23.7738,1487.62,2.6143,8.99,1.7363,0.4115,0.681,0.706,0.803,0.557,5.9911,70560.82942959493,3.468129097736924,20.666850372003307,1
5007950,10808.0,35.4182,25.4349,727.9,1.771,15.46,40.0679,0.505,0.593,0.615,0.782,0.434,34.8193,28963.26794966691,6.057593093178089,64.76683937823834,1
5007976,3625.0,75.5586,19.7517,1326.37,5.4983,11.64,2.0334,0.3607,0.651,0.657,0.769,0.545,2.4323,50017.379310344826,3.445057743919592,27.58620689655173,1
5008008,17652.0,55.3988,19.216,1302.89,5.1933,9.29,20.611,0.4622,0.658,0.651,0.839,0.521,9.4582,40656.8660774983,6.203145640034116,16.995241332426918,1
5008305,132152.0,96.3534,22.7829,1674.66,3.4007,3.73,80.7767,0.4603,0.744,0.752,0.849,0.645,7.0053,88570.30540589624,12.934431012567105,16.647496821841518,1
5008404,6336.0,77.6673,19.2077,1429.37,4.0185,9.9,6.6081,0.4065,0.711,0.689,0.835,0.626,3.9968,58683.080808080806,20.94254681994566,0.0,0
5100102,5014.0,59.6131,17.4112,1231.13,0.9683,9.92,1.5376,0.425,0.628,0.594,0.816,0.51,9.1638,21767.052253689668,5.893533216653757,19.94415636218588,1
5100201,29219.0,83.9283,24.7134,2215.9,1.4704,4.2,7.9667,0.4676,0.729,0.723,0.829,0.646,3.8718,68466.92220815223,3.870420971034696,6.844861220438756,0
5100250,58613.0,87.7143,23.8838,1840.57,1.544,5.87,31.8282,0.4695,0.714,0.709,0.817,0.629,7.5923,36026.649378124304,6.544982306784391,13.648849231399176,1
5100300,17193.0,87.7276,21.2587,1828.79,6.5733,7.23,15.9542,0.4585,0.704,0.712,0.802,0.612,6.4683,68214.62222997732,3.2332784141759503,17.448961786773687,1
5100359,5715.0,67.1916,25.5643,1237.65,0.5811,7.64,1.399,0.5231,0.651,0.613,0.803,0.561,21.7955,46194.22572178478,2.541791680713605,0.0,0
5100409,13052.0,92.6371,23.3144,1517.96,1.7408,5.94,1.9856,0.447,0.701,0.707,0.835,0.583,4.807,91753.90744713454,3.383486811219219,22.98498314434569,1
5100508,8009.0,66.9122,19.3158,1030.35,1.1652,9.43,19.2639,0.4152,0.638,0.612,0.784,0.541,14.6835,20802.846797352977,4.335389968571264,99.8876264202772,1
5100607,10904.0,94.369,24.9725,1946.75,5.0745,4.87,1.814,0.4844,0.705,0.736,0.833,0.571,3.7379,118828.87013939838,7.167191301038467,18.34189288334556,1
5100805,8590.0,72.7707,24.8196,1635.19,3.6266,10.78,0.8906,0.4953,0.675,0.666,0.809,0.57,9.3706,27216.53084982538,0.4192488622200842,23.28288707799767,1
5101001,3795.0,66.9038,19.1831,1425.49,2.3268,7.58,0.2745,0.4521,0.687,0.671,0.817,0.591,5.9816,33349.407114624504,0.5947623301518642,26.350461133069828,1
5101209,1010.0,85.3465,16.4356,1663.95,2.3166,10.09,3.9216,0.4025,0.701,0.65,0.844,0.627,3.1746,27747.52475247525,1.4957844056330352,0.0,0
5101258,14786.0,84.8167,22.1561,1379.75,1.5927,8.18,23.3176,0.4542,0.725,0.704,0.826,0.655,11.5185,44303.12457730286,9.017321722499943,40.578926011091575,1
5101308,10576.0,93.4002,21.8041,1649.73,2.8449,8.93,5.5876,0.4428,0.704,0.677,0.793,0.649,4.6326,21956.883509833584,25.341630385036552,47.27685325264751,1
5101407,24626.0,73.8813,25.8629,1863.42,0.9898,5.67,4.4339,0.4502,0.675,0.682,0.816,0.553,5.1817,58717.94038820759,0.9978874011346482,97.45797124989848,1
5101605,7253.0,45.719,18.7371,985.39,3.2272,13.99,13.6587,0.4545,0.6,0.598,0.82,0.44,20.4891,17176.754446435956,0.6376335487555377,0.0,0
5101704,29403.0,85.9878,22.7154,1466.38,1.6959,9.21,24.3223,0.4895,0.693,0.684,0.818,0.595,10.1952,53354.14753596572,4.919468651207615,68.02027004047207,1
5101803,69210.0,89.9725,23.5949,1778.99,2.7567,4.13,49.65,0.4991,0.748,0.738,0.817,0.693,8.8555,37263.17006212975,8.275822485341534,14.448779078167894,1
5101852,7280.0,52.8846,23.4203,1533.79,1.7935,6.7,0.768,0.4498,0.661,0.665,0.784,0.555,7.949,105646.42857142857,1.7062622637600209,54.94505494505494,1
5101902,17004.0,60.6975,24.5766,1603.19,0.523,6.82,9.9983,0.4633,0.696,0.695,0.85,0.571,8.4951,122739.00258762644,1.064856085676953,41.16678428605034,1
5102504,89681.0,88.5227,22.8733,1459.05,3.8778,7.45,20.466,0.5154,0.708,0.691,0.813,0.633,13.3733,25248.35806915623,3.660460633303241,45.717599045505736,1
5102603,15347.0,37.1864,25.3405,861.15,0.9023,13.58,4.1534,0.6273,0.538,0.597,0.803,0.324,44.8801,28491.43155014009,2.5668236331082954,19.54779435720336,1
5102637,45899.0,93.477,27.6128,1827.46,2.0355,3.84,5.0543,0.4537,0.734,0.745,0.819,0.649,6.5432,150551.97280986514,4.868068750507102,26.14436044358265,1
5102678,44585.0,87.2289,25.7329,1712.11,1.0065,5.16,55.4936,0.4514,0.75,0.755,0.834,0.67,7.2084,111984.79309184704,9.34482280887118,15.70034765055512,1
5102686,8822.0,79.8118,26.2526,1850.44,0.9301,6.81,0.5205,0.4399,0.744,0.8,0.825,0.625,4.2578,374342.66606211744,1.2987265354769335,56.67649059170256,1
5102694,4485.0,62.029,20.8919,1615.55,1.5294,9.47,0.1276,0.4284,0.667,0.616,0.817,0.589,5.1805,59568.5618729097,1.3003629708814377,22.296544035674472,1
5102702,25858.0,78.2504,24.1511,2136.38,1.2487,5.43,3.0975,0.5154,0.693,0.735,0.825,0.549,7.4631,113363.8719158481,2.3820883318297503,11.601825353855672,0
5102793,10332.0,59.2238,20.3639,1460.34,4.0807,10.4,0.185,0.429,0.665,0.656,0.809,0.553,7.6437,28972.222222222223,4.266269384438274,0.0,0
5102850,7506.0,49.174,21.0765,1335.04,3.817,8.73,0.8082,0.3924,0.665,0.671,0.8,0.547,3.9914,28654.14335198508,2.021292237494567,26.64535038635758,1
5103007,18990.0,68.4518,19.426,1863.33,2.2772,9.46,5.8474,0.5581,0.688,0.677,0.833,0.578,6.2665,63953.55450236967,2.875855714729651,10.5318588730911,0
5103056,9593.0,74.2416,22.089,1473.42,4.0535,5.62,45.0957,0.4025,0.699,0.719,0.809,0.586,6.0739,111366.41300948607,2.495862560786729,20.848535390388825,1
5103106,6220.0,63.955,20.2251,1466.11,0.6339,10.14,1.4938,0.4226,0.66,0.674,0.807,0.528,5.4194,47853.37620578778,0.3755327493537456,64.30868167202573,1
5103205,31370.0,83.4842,21.7405,1796.83,1.167,6.53,26.8376,0.436,0.713,0.732,0.819,0.604,4.4094,40461.77876952502,10.080039433294209,38.25310806503028,1
5103254,25766.0,59.8774,24.1209,1262.59,1.6962,6.77,1.0071,0.501,0.611,0.633,0.815,0.443,15.5202,32950.82667080649,0.921522947033675,65.97842117519212,1
5103304,18238.0,70.2215,23.3249,1444.11,2.4549,8.53,2.8936,0.4595,0.689,0.687,0.84,0.567,11.37,68983.27667507403,0.8488705943834909,16.44917205833973,1
5103353,35075.0,77.0064,26.3093,1500.84,2.6264,5.94,9.8757,0.4665,0.668,0.66,0.812,0.556,8.2905,43817.99002138275,6.045013505844145,19.957234497505347,1
5103361,3760.0,65.3191,22.7926,1523.36,2.1663,8.71,0.9009,0.4367,0.718,0.707,0.807,0.65,7.7517,38076.86170212766,1.4005414433622532,0.0,0
5103379,11011.0,46.3991,22.5956,1520.4,4.3004,7.64,0.9009,0.4922,0.601,0.623,0.825,0.423,10.0409,29460.630278812096,1.1627296723733804,36.32730905458178,1
5103403,650877.0,98.2865,22.5494,2428.24,3.7226,3.56,71.2017,0.5594,0.785,0.8,0.834,0.726,8.6423,45697.9152743145,150.4145848835973,9.371970433737864,0
5103437,4903.0,62.8799,20.4365,1300.68,0.1535,9.66,0.8357,0.4176,0.69,0.658,0.811,0.615,5.8128,25254.741994697124,13.725742696214011,61.18702834998981,1
5103452,7014.0,88.7083,22.6832,1436.49,4.6393,10.97,0.9274,0.425,0.683,0.672,0.802,0.59,5.1041,75502.13857998289,5.509049009643585,0.0,0
5103502,21941.0,79.9234,22.7702,1634.49,1.4408,5.48,25.4264,0.4321,0.718,0.714,0.831,0.625,6.91,261918.5998815004,2.65520342299904,41.019096668337816,1
5103601,7872.0,79.3826,17.4162,1456.31,4.3606,12.28,27.5281,0.4307,0.69,0.687,0.806,0.593,6.6812,85529.59857723577,3.605050918138508,25.406504065040654,1
5103700,10521.0,70.7347,25.3683,1520.23,1.8971,5.99,0.9552,0.4863,0.692,0.737,0.819,0.548,12.2703,99309.38123752495,0.9021984623951916,28.514399771884804,1
5103809,3187.0,61.2488,18.4186,1457.44,4.1338,10.82,0.1652,0.4185,0.679,0.665,0.786,0.599,3.4802,26232.50705993097,3.575082337949045,0.0,0
5103858,8642.0,45.8806,24.0801,1347.27,1.0387,10.72,1.2672,0.4944,0.615,0.658,0.847,0.418,16.3324,149369.35894468872,0.5111076611442554,34.714186530895624,1
5103908,6037.0,44.2438,23.0909,1051.79,2.343,8.24,8.971,0.4954,0.67,0.645,0.82,0.569,20.1995,79792.11528905085,1.3371231409126678,0.0,0
5103957,2905.0,69.7762,17.9002,1190.16,3.7475,10.15,0.6289,0.4767,0.71,0.684,0.823,0.636,14.8546,30710.84337349397,3.486850791593149,137.6936316695353,1
5104104,31024.0,84.6893,24.0104,1740.16,2.2812,5.06,11.3128,0.4952,0.703,0.692,0.826,0.609,5.0958,35427.153171738006,6.565535467626158,22.56317689530686,1
5104203,10966.0,82.8379,18.5391,1502.94,1.6339,10.08,51.1131,0.4469,0.705,0.677,0.813,0.637,5.1628,66305.58088637608,2.173855727423945,9.119095385737737,0
5104500,2213.0,73.249,18.7076,1281.65,0.523,9.87,2.509,0.386,0.661,0.645,0.841,0.533,5.2344,46803.434252146406,3.735052616477776,0.0,0
5104526,7815.0,74.9968,25.8861,1872.14,1.9537,2.32,1.9639,0.3884,0.727,0.742,0.807,0.642,1.7796,246298.2725527831,2.2837415137743364,38.38771593090211,1
5104542,7539.0,61.6793,23.3851,1587.37,0.9767,6.43,1.4107,0.4168,0.71,0.699,0.856,0.597,5.7669,95691.73630454967,2.5909486913801727,13.264358668258389,1
5104559,5020.0,81.5936,22.8088,1489.28,2.4052,9.88,3.1017,0.3832,0.69,0.714,0.809,0.569,3.02,83464.14342629482,1.1101798181693534,19.9203187250996,1
5104609,12236.0,69.5407,21.4531,1638.65,1.558,5.54,1.7004,0.4554,0.693,0.694,0.812,0.591,6.7833,175276.23406341943,1.4066285357980983,8.172605426610003,0
5104807,28569.0,90.9867,21.9784,1638.82,4.5302,6.95,18.8472,0.4948,0.735,0.728,0.833,0.655,7.4561,41923.93853477546,11.75834822556734,21.00178515173789,1
5104906,7426.0,49.7711,20.9803,1095.63,11.1909,16.71,0.7064,0.4166,0.63,0.567,0.805,0.549,11.0154,25417.721518987342,6.664261573612899,0.0,0
5105002,8367.0,66.4515,20.2582,1721.24,1.7725,10.71,25.1698,0.4456,0.673,0.668,0.812,0.563,5.5235,41683.63810206765,6.218917490640406,23.90343014222541,1
5105101,34906.0,80.3873,22.3887,1605.6,1.9125,8.43,20.0644,0.4505,0.682,0.699,0.836,0.543,5.5733,39118.575603048186,1.5422808569171536,48.70222884317882,1
5105150,45869.0,80.3048,23.2641,1597.67,1.4802,6.72,3.4714,0.442,0.716,0.733,0.845,0.593,7.588,29056.443349538906,1.7376481943729354,39.24218971418605,1
5105176,10213.0,73.1714,23.4015,1627.82,1.5602,9.82,0.2763,0.4421,0.662,0.647,0.797,0.563,3.7858,29164.69205914031,3.183765259893193,29.37432683834329,1
5105200,11480.0,68.4146,16.9338,1222.76,5.0982,12.07,13.1068,0.4187,0.714,0.678,0.842,0.637,11.6068,46044.8606271777,5.01025399980186,8.710801393728223,0
5105234,4790.0,61.858,21.7954,1165.12,3.6156,13.68,3.8886,0.3621,0.627,0.67,0.787,0.467,8.41,51137.36951983299,2.645732058594956,0.0,0
5105259,83798.0,96.2147,27.4422,2202.82,2.6773,3.0,40.541,0.4695,0.768,0.766,0.833,0.71,5.249,82235.51874746414,22.80468383463107,29.833647581087856,1
5105309,2509.0,74.0933,22.1204,1051.57,0.7261,8.32,2.4361,0.4825,0.676,0.617,0.788,0.634,20.1674,16404.145077720208,0.5858408637661978,39.856516540454365,1
5105507,16774.0,38.1185,22.517,1260.1,1.1766,7.66,11.254,0.4509,0.645,0.644,0.843,0.495,9.2759,38096.279957076425,1.2439273814564793,71.53928699177298,1
5105580,11396.0,71.1653,23.2713,1570.67,1.0371,6.37,2.6893,0.4788,0.701,0.7,0.813,0.604,8.4652,59189.62793962794,0.9275986314257328,17.55001755001755,1
5105606,20091.0,80.2897,24.5035,1880.9,1.9794,6.15,9.0313,0.4391,0.716,0.706,0.824,0.631,3.9748,63849.48484395998,3.8427610499224216,39.81882434921109,1
5105622,26785.0,84.6369,21.8704,1480.3,2.2686,7.75,22.9646,0.4673,0.704,0.723,0.816,0.592,8.6256,31195.29587455665,24.67558310286821,33.60089602389397,1
5105903,15492.0,86.7674,21.9274,1484.25,4.5018,8.83,1.8244,0.4631,0.699,0.675,0.827,0.611,6.3436,71962.43222308288,3.963426568005692,71.00438936225149,1
5106000,5956.0,84.2008,20.5675,1454.13,2.6199,8.92,11.0539,0.4368,0.702,0.653,0.793,0.668,7.0259,54673.43854936199,4.455569237122163,67.1591672263264,1
5106109,12940.0,41.1747,16.9165,1107.38,4.376,12.64,2.3271,0.455,0.638,0.6,0.82,0.529,11.1655,29968.160741885626,2.391805902178466,30.91190108191654,1
5106158,13635.0,47.9941,21.2101,1419.8,0.6032,6.22,0.4255,0.4944,0.65,0.696,0.842,0.469,17.0773,25177.99779977998,1.4267535491737124,44.004400440044,1
5106174,4200.0,35.5238,23.5714,1290.57,1.5282,14.92,2.454,0.5556,0.595,0.621,0.793,0.427,25.6724,33467.142857142855,1.04101112915255,95.23809523809524,1
5106182,6670.0,51.2894,21.4543,1411.77,3.5176,10.08,3.0932,0.4211,0.636,0.643,0.825,0.485,8.9696,66801.79910044977,1.3952731409292811,0.0,0
5106190,4239.0,63.0101,22.0099,1673.59,5.1724,9.02,1.0624,0.4176,0.714,0.745,0.809,0.603,4.5885,78609.57773059684,1.7769032755130658,117.95234725171032,1
5106208,3932.0,71.236,17.5738,1187.78,1.2799,22.76,0.974,0.4215,0.651,0.673,0.845,0.485,10.3749,27749.237029501524,1.1952922751044817,25.4323499491353,1
5106216,11707.0,63.2869,21.1924,1532.5,4.1072,7.32,1.1191,0.4095,0.686,0.692,0.815,0.572,3.4777,77654.48022550611,1.9665387724947965,17.08379601947553,1
5106224,55839.0,88.5958,27.5811,2222.75,2.5038,3.18,4.8531,0.4587,0.758,0.773,0.837,0.673,2.3137,108105.302745393,5.855100036553088,25.072082236429733,1
5106232,16352.0,89.9951,23.8319,1378.26,1.722,9.94,0.7311,0.4407,0.682,0.704,0.804,0.561,7.2687,44768.04060665362,12.320062444152114,12.23091976516634,1
5106240,11530.0,68.7944,25.1865,1588.72,3.0313,6.15,1.8692,0.4116,0.669,0.694,0.816,0.529,5.1581,283616.65221162187,1.3221298973703834,26.019080659150045,1
5106257,24345.0,82.2674,22.1729,1674.32,2.1938,5.55,50.1939,0.4624,0.704,0.713,0.8,0.613,8.0629,42439.104538919695,4.432645097434437,32.86095707537482,1
5106265,6520.0,40.6442,21.7331,1395.5,9.8072,5.17,1.0337,0.426,0.674,0.652,0.815,0.577,4.3337,74573.9263803681,1.1239908432672343,46.01226993865031,1
5106273,3349.0,58.7638,17.1992,1535.86,0.7634,14.17,1.1952,0.3629,0.664,0.652,0.82,0.548,2.6874,30300.3881755748,3.640027476827296,0.0,0
5106281,6919.0,60.4567,19.6849,1521.54,2.2573,10.21,28.4306,0.4035,0.649,0.658,0.819,0.507,5.2207,124726.55007949124,1.3240597482200591,0.0,0
5106299,11671.0,62.4539,21.4892,1616.67,2.3519,8.18,0.9804,0.4164,0.672,0.677,0.809,0.555,5.6695,68214.72024676549,2.4243121681526683,17.136492160054836,1
5106307,26423.0,72.0698,23.506,1493.0,1.3951,6.79,8.007,0.455,0.667,0.679,0.82,0.532,9.9356,80829.39106081822,1.095143622637953,22.707489687015094,1
5106315,2015.0,67.4442,21.6377,1343.52,1.0742,5.67,0.2717,0.4161,0.653,0.64,0.829,0.526,9.0229,28100.248138957817,0.4584984913920606,0.0,0
5106372,18066.0,77.0563,21.9418,1510.72,2.1502,8.77,22.5879,0.4342,0.679,0.672,0.812,0.573,6.0886,87220.19262703421,4.702639892213599,5.535259603675413,0
5106422,32714.0,80.6902,23.6137,1089.88,1.6692,8.91,14.9449,0.4818,0.649,0.691,0.761,0.521,19.8964,28074.585804242837,2.2664895358282915,39.73833832609892,1
5106455,3166.0,77.7637,20.7202,1477.03,0.8639,7.97,0.625,0.4156,0.656,0.615,0.813,0.565,5.5907,73235.94440934934,1.2988238382993038,0.0,0
5106505,31217.0,74.9848,20.2422,1066.69,3.5644,10.51,2.4468,0.4064,0.652,0.643,0.806,0.534,13.1082,22725.277893455488,1.8348147173335008,32.03382772207451,1
5106653,6932.0,85.0981,22.2302,1748.56,1.4064,5.06,6.6743,0.4592,0.734,0.691,0.816,0.702,4.5874,17773.081361800345,2.527637373736637,14.425851125216386,1
5106703,2008.0,86.6534,17.3307,1511.48,1.7505,11.86,0.5995,0.4084,0.686,0.684,0.806,0.585,3.6537,15546.314741035856,2.863915520197165,49.800796812749006,1
5106752,52018.0,86.1163,24.3973,1576.59,1.4685,5.72,50.7321,0.4541,0.703,0.711,0.807,0.605,7.6382,46831.15460033066,6.087328554717615,34.60340651313007,1
5106778,12127.0,69.5885,22.1572,1438.58,1.8287,7.12,8.0098,0.4289,0.673,0.647,0.803,0.587,7.5611,46890.73967180671,3.0533278680434632,49.47637503092273,1
5106802,5593.0,60.6294,21.4375,1773.87,1.1563,5.43,2.8306,0.4516,0.685,0.703,0.815,0.561,6.568,235786.34006794207,0.8168937065445557,17.879492222420883,1
5106828,10204.0,52.2638,22.5696,1172.74,2.2228,12.34,16.2569,0.4339,0.652,0.666,0.795,0.523,8.0257,30239.807918463343,1.7486741848460348,29.40023520188161,1
5106851,3224.0,50.4653,17.5248,1006.14,2.0182,23.16,7.2095,0.4503,0.599,0.571,0.804,0.467,16.2841,25909.429280397024,1.5761681806648555,0.0,0
5107008,23283.0,69.845,18.855,1126.25,2.4403,11.11,16.0581,0.4864,0.665,0.654,0.808,0.56,18.2175,46286.13151226217,3.3668831046760386,17.179916677404115,1
5107040,85146.0,95.7684,26.4581,2064.23,1.7129,3.45,70.6425,0.4608,0.752,0.774,0.843,0.653,5.1203,81798.49904869283,15.56490651568638,24.66351913184413,1
5107065,26769.0,78.3892,28.6974,1861.74,0.8744,4.77,3.0145,0.5025,0.692,0.701,0.837,0.565,9.9761,159111.69636519856,1.5038773338567792,26.14965071537973,1
5107107,17849.0,79.9148,19.1103,1355.35,1.2836,10.08,13.0088,0.4409,0.719,0.707,0.816,0.643,7.5093,25125.32915009244,13.914495506964265,11.205109529945654,0
5107156,2122.0,72.1018,19.2271,1328.48,21.2591,11.58,1.199,0.4176,0.676,0.642,0.799,0.603,5.9849,22359.09519321395,1.5934794999087618,94.2507068803016,1
5107180,10089.0,60.2042,21.8357,1455.45,0.9005,7.6,3.9954,0.4245,0.67,0.668,0.831,0.542,9.0335,75010.01090296362,0.8885420872944823,29.73535533749628,1
5107198,2593.0,82.6456,20.2083,1593.37,3.2114,8.27,39.1089,0.415,0.692,0.694,0.802,0.595,3.9504,72876.20516775936,4.148819914335589,0.0,0
5107206,4535.0,83.3076,19.2503,1472.23,1.0875,11.59,13.0161,0.4589,0.707,0.701,0.817,0.617,9.5554,23635.722160970232,8.409251474632246,0.0,0
5107248,5374.0,80.1079,24.4697,1739.4,2.2703,5.71,3.1774,0.4054,0.715,0.703,0.827,0.628,1.7744,192088.76069966503,1.409725373745111,37.21622627465575,1
5107263,2519.0,57.1655,19.3728,1498.51,1.8953,11.96,5.6426,0.402,0.689,0.655,0.834,0.599,3.5331,64126.24057165542,2.159669816578102,39.69829297340214,1
5107297,2875.0,47.4783,13.6,1417.51,3.7702,11.61,0.0876,0.4216,0.661,0.63,0.793,0.577,5.3565,20501.565217391304,5.870497838635839,0.0,0
5107305,14911.0,83.4216,22.1045,1335.67,1.2798,9.05,1.4454,0.4647,0.682,0.689,0.841,0.548,10.974,98285.5609952384,3.2950272512078747,80.47749983233854,1
5107354,5964.0,77.9175,25.285,1336.91,0.8582,6.02,5.0129,0.4606,0.657,0.703,0.828,0.487,10.2815,156714.62105969148,0.7988680826884724,0.0,0
5107404,4191.0,86.3756,20.8542,1339.52,9.6886,12.7,6.7327,0.4267,0.66,0.654,0.79,0.556,8.1535,16526.604628966834,12.171463421717538,23.860653781913623,1
5107578,3505.0,29.9287,24.4793,920.06,0.8598,9.78,0.1862,0.518,0.64,0.619,0.8,0.53,26.1432,32623.39514978602,0.276892502983408,28.530670470756064,1
5107602,244911.0,96.5632,23.3983,1960.35,2.1889,4.14,86.3378,0.4829,0.755,0.749,0.823,0.698,5.5737,70614.98258551066,50.76396438598364,26.948564988914335,1
5107701,15453.0,63.7158,19.0384,1249.99,5.2833,13.4,15.2453,0.4376,0.65,0.653,0.807,0.52,9.433,34619.75021031515,2.105473126502924,25.884941435320005,1
5107743,2661.0,65.8023,23.525,2108.12,0.5438,7.04,4.4944,0.5622,0.684,0.704,0.828,0.55,1.8724,120460.72904922962,0.4732021076254714,37.579857196542655,1
5107750,3679.0,56.1837,18.7007,1383.61,1.0787,9.15,1.0108,0.3892,0.666,0.661,0.797,0.56,3.8692,25630.33432998097,2.0982355202357965,27.18129926610492,1
5107768,3276.0,55.464,21.2454,1598.18,0.7294,5.95,21.5238,0.4377,0.735,0.738,0.852,0.632,5.378,377295.177045177,0.6911094965533129,0.0,0
5107776,7596.0,39.3497,22.1301,1002.97,5.3724,10.75,0.1711,0.542,0.609,0.596,0.761,0.498,25.2907,39566.74565560822,1.174719770722414,39.49447077409162,1
5107792,4099.0,62.1859,24.2742,1168.53,1.0013,5.48,0.6192,0.4525,0.655,0.658,0.853,0.501,17.2077,248826.05513539887,1.2043155571186095,0.0,0
5107800,15246.0,59.1237,19.7298,1214.99,2.47,11.32,3.6885,0.4736,0.665,0.654,0.808,0.56,11.8767,53787.354060081336,1.6016061864061182,19.67729240456513,1
5107859,13621.0,58.8944,23.3977,1502.25,1.2395,8.94,2.0263,0.4548,0.668,0.652,0.848,0.538,9.102,119141.76639013288,0.8164856613285092,36.708024374128186,1
5107875,28944.0,87.9975,29.0077,1957.35,2.1083,4.21,8.1907,0.4087,0.732,0.758,0.836,0.62,2.8566,241104.2703150912,2.1259605163651365,27.63957987838585,1
5107883,1800.0,47.7222,18.5556,1552.08,1.0753,10.32,32.5516,0.3434,0.664,0.638,0.819,0.56,2.3438,41866.11111111111,1.2074110892659142,0.0,0
5107909,196312.0,97.0144,27.0554,2146.78,1.6979,4.07,18.4328,0.4687,0.754,0.755,0.832,0.682,4.5553,49019.89180488203,49.190276806811546,21.903908064713317,1
5107925,110635.0,94.6102,27.0095,2175.07,1.7305,4.04,20.0346,0.4612,0.744,0.774,0.839,0.635,4.037,113183.91105888732,13.085419813290155,60.5594974465585,1
5107941,9818.0,51.0695,22.5912,1631.67,0.8111,6.86,1.0303,0.4167,0.695,0.679,0.826,0.598,3.4039,134423.50784273783,1.1634010937250048,71.29761662253004,1
5107958,106434.0,92.0185,24.9507,1846.11,2.429,5.57,20.9197,0.4638,0.729,0.749,0.825,0.626,5.1827,52472.06719657253,9.146751766159957,28.1864817633463,1
5108006,14370.0,77.4878,25.8246,1743.62,0.6758,4.88,1.9791,0.4046,0.714,0.738,0.831,0.594,4.0947,139709.32498260264,3.198636672937063,62.63048016701461,1
5108055,10616.0,58.798,21.185,1545.61,2.3969,7.85,0.8583,0.4187,0.698,0.692,0.815,0.602,6.1704,47310.00376789751,4.423818110067895,28.25923134890731,1
5108105,3025.0,73.3884,16.9587,1370.11,1.9084,10.36,14.4589,0.449,0.655,0.635,0.791,0.56,7.7407,103395.04132231403,0.7127587107950311,0.0,0
5108204,4164.0,73.2949,17.9395,1390.27,3.1056,11.23,18.1551,0.4069,0.716,0.684,0.806,0.666,6.7134,50752.64169068204,1.7361697443652662,0.0,0
5108303,3838.0,79.3121,22.9807,1589.3,2.598,8.85,0.2273,0.4587,0.665,0.665,0.797,0.556,6.0836,131371.02657634186,0.8360511895104549,0.0,0
5108352,2904.0,26.3085,16.8044,1348.22,0.355,10.34,20.2186,0.3739,0.656,0.658,0.765,0.56,5.3375,26559.228650137746,1.5267271889924232,34.43526170798898,1
5108402,300078.0,98.8266,23.5285,1453.88,4.0031,4.49,37.2806,0.446,0.734,0.711,0.842,0.661,7.9719,33044.848339431745,319.27029525889816,12.66337418937743,1
5108501,12800.0,82.5625,24.5,1618.26,1.9534,5.78,1.2372,0.4249,0.68,0.663,0.834,0.568,5.587,100928.4375,4.2972141295086335,23.4375,1
5108600,19888.0,71.8876,24.8994,1632.85,0.8795,7.06,2.5287,0.4479,0.688,0.709,0.829,0.553,5.4373,44203.13757039421,2.674418463922582,5.028157683024939,0
5108808,4590.0,63.7908,21.4161,1130.89,10.6152,8.13,19.4012,0.508,0.688,0.671,0.812,0.597,23.7561,36472.76688453159,4.091171625986694,0.0,0
5108857,3529.0,70.3882,23.236,1504.51,4.1318,6.93,1.2087,0.4498,0.704,0.68,0.823,0.623,4.2602,119812.97818078776,1.8517702272708192,28.33663927458204,1
5108907,5846.0,63.2227,24.6664,1721.46,0.7294,8.65,0.4675,0.4605,0.663,0.702,0.815,0.509,8.3975,206073.2124529593,0.5059947743878705,68.42285323297982,1
5108956,8313.0,60.5197,21.9656,1604.84,0.8309,12.88,0.3013,0.447,0.691,0.69,0.823,0.582,5.3337,44170.93708649104,1.6175332588615547,72.17610970768675,1
5200050,19128.0,96.4555,23.0238,1180.2,2.6404,5.63,17.4988,0.4528,0.708,0.687,0.83,0.622,11.3103,18493.726474278545,133.42913146899,36.59556670849017,1
5200100,17232.0,75.8066,21.3266,1120.29,3.4625,9.1,53.9598,0.4084,0.689,0.671,0.841,0.579,10.1081,25845.46193129062,16.496977181670662,29.015784586815226,1
5200134,21568.0,94.3527,22.0141,1489.52,2.1352,10.1,34.2365,0.4634,0.686,0.71,0.822,0.553,8.4653,48771.46698813057,13.766146564016283,23.18249258160237,1
5200159,2297.0,86.2429,16.3256,1490.18,2.4131,9.93,0.547,0.4701,0.702,0.664,0.836,0.622,5.7507,21249.4558119286,19.907266975776743,0.0,0
5200175,4954.0,61.8086,21.6795,1067.37,4.3902,9.76,1.8364,0.4048,0.671,0.672,0.817,0.55,9.1685,107641.50181671376,2.448068723821873,0.0,0
5200209,1858.0,78.4177,17.9763,1517.07,8.862,7.3,1.4765,0.4075,0.722,0.691,0.821,0.663,4.5748,34374.058127018296,4.049377119493675,0.0,0
5200258,225693.0,99.77,26.5901,1027.34,8.0364,5.1,51.0911,0.417,0.686,0.647,0.848,0.588,11.684,10915.216688156035,1176.6058274292684,17.723190351495173,1
5200308,27008.0,92.2282,23.5227,1299.21,5.8711,7.24,2.2964,0.4772,0.682,0.664,0.841,0.568,10.1394,41771.17890995261,31.891327655996864,14.81042654028436,1
5200506,1973.0,88.1399,18.145,1654.76,2.1064,9.88,2.2167,0.4111,0.697,0.694,0.834,0.585,2.9904,32307.65331981754,19.32532763923443,0.0,0
5200555,6072.0,88.5705,22.7437,1527.35,1.7863,6.7,24.7571,0.4077,0.719,0.709,0.841,0.624,3.3207,210854.41370223975,12.135699181759676,16.469038208168644,1
5200605,10306.0,74.9563,22.9478,1767.85,2.0058,5.52,1.1859,0.4704,0.713,0.723,0.819,0.611,6.0582,28821.948379584708,3.971486683226731,19.40617116242965,1
5200803,8446.0,86.5617,22.6735,1143.51,4.8493,10.87,41.8754,0.5055,0.66,0.64,0.819,0.548,15.8418,20501.183992422448,6.659060966754367,35.519772673454895,1
5200829,3268.0,46.634,17.5643,1184.95,3.783,11.15,0.7031,0.4331,0.609,0.569,0.813,0.489,10.5474,33382.19094247246,2.432014478969921,30.59975520195838,1
5200852,5259.0,91.6524,19.4524,914.55,5.1661,12.63,9.8244,0.5162,0.7,0.669,0.813,0.631,26.6158,17383.342840844267,39.29494747224173,38.0300437345503,1
5200902,3007.0,67.0436,16.0293,1484.2,0.6349,11.58,0.8765,0.4189,0.681,0.672,0.813,0.579,5.0134,39547.72198204191,7.389477305679109,0.0,0
5201108,398869.0,98.1906,23.5243,1723.02,3.9962,3.89,65.4294,0.4822,0.737,0.737,0.822,0.66,7.0717,44599.79090879462,426.291478210313,11.783317329749869,0
5201207,924.0,94.5887,16.2338,1518.8,6.7511,1.63,1.676,0.3504,0.725,0.724,0.802,0.657,4.8701,23487.012987012982,16.627976029800788,0.0,0
5201306,18503.0,85.6996,19.0834,1473.21,2.6881,7.68,39.8435,0.4507,0.714,0.695,0.834,0.627,6.0542,27704.26417337729,18.957253713482466,21.61811598119224,1
5201405,527796.0,99.8829,24.7679,1417.33,3.7456,4.07,60.7563,0.4384,0.718,0.716,0.834,0.62,8.2643,32173.77168451447,1885.2954413939435,20.46245140167792,1
5201454,2907.0,80.633,21.9126,1436.79,1.2978,7.82,76.7061,0.4086,0.693,0.7,0.814,0.583,5.1568,37872.03302373581,4.818865685101135,68.79944960440316,1
5201504,4325.0,76.0925,21.4566,1507.57,3.4925,6.94,6.0625,0.3402,0.693,0.692,0.823,0.584,0.9038,91503.81502890174,1.4917718006496192,23.121387283236995,1
5201603,3799.0,89.3919,18.5049,1368.99,0.5125,10.43,1.7016,0.4358,0.693,0.686,0.838,0.578,6.2234,19349.82890234272,25.36454438628352,0.0,0
5201702,18390.0,95.7586,22.0065,1333.37,2.5591,5.9,2.6522,0.4457,0.732,0.694,0.83,0.68,10.2157,15103.643284393693,27.7930168344978,48.93964110929853,1
5201801,11890.0,92.9689,20.8074,1165.08,2.3962,7.88,4.3675,0.5428,0.684,0.683,0.837,0.56,24.135,14663.078216989066,54.51002865329513,25.231286795626577,1
5202155,7153.0,70.4599,19.2507,1306.11,1.763,17.4,46.7579,0.3964,0.674,0.696,0.814,0.54,4.3039,25184.67775758423,3.269046204469632,0.0,0
5202353,2946.0,57.5017,15.4447,1335.2,1.2445,9.85,3.3113,0.3712,0.687,0.674,0.826,0.582,5.7065,75560.08146639512,2.7391019353159125,0.0,0
5202502,8300.0,85.012,20.9639,1469.3,0.9908,7.57,33.0916,0.4193,0.675,0.708,0.826,0.526,3.5514,35178.9156626506,2.717059500002128,0.0,0
5202601,3284.0,79.3849,15.0122,1491.47,0.3546,10.51,2.8613,0.4823,0.7,0.661,0.836,0.62,7.0552,24843.1790499391,5.807106455366268,0.0,0
5202809,2868.0,71.9665,17.1548,1395.39,6.2721,12.08,1.7905,0.4023,0.66,0.682,0.828,0.508,5.1255,23733.26359832636,16.847992104706627,34.867503486750344,1
5203104,3351.0,36.3772,15.8162,1183.7,2.1108,9.56,0.6221,0.4413,0.655,0.614,0.819,0.558,9.898,36782.15458072217,1.882401317175353,29.84183825723665,1
5203203,10371.0,90.4156,23.1029,1311.55,3.1311,9.02,2.8783,0.4133,0.742,0.701,0.854,0.682,7.3884,151734.74110500433,9.600395457423527,38.56908687686819,1
5203302,34445.0,78.1478,21.3935,1637.71,2.372,6.98,40.6587,0.4626,0.716,0.721,0.837,0.607,4.0313,42997.9387429235,27.036170149305278,17.419073885905068,1
5203401,7826.0,79.9387,17.9785,1367.26,4.4543,9.59,31.5536,0.4114,0.67,0.68,0.811,0.545,6.9764,32926.015844620495,4.116483977745949,12.77791975466394,1
5203500,23958.0,95.058,23.4911,1447.48,6.2603,6.02,88.2013,0.4243,0.701,0.699,0.86,0.573,7.9138,51327.19759579264,17.04461779803003,25.043826696719258,1
5203559,10296.0,92.7836,22.4359,1337.45,3.1828,6.79,1.498,0.406,0.683,0.671,0.817,0.58,4.6652,11767.579642579643,84.45228232785136,19.425019425019425,1
5203575,3299.0,62.2613,20.8245,1200.67,3.8248,12.94,9.3775,0.3879,0.63,0.63,0.813,0.488,8.4275,47483.47984237648,2.01734340517049,90.93664746892998,1
5203609,3992.0,75.0501,18.5371,1266.06,2.1119,8.56,0.969,0.4012,0.701,0.677,0.826,0.615,6.9657,23508.76753507014,31.852927564910715,25.0501002004008,1
5203807,5695.0,83.0729,19.842,1469.56,4.0718,9.98,64.0786,0.4367,0.672,0.692,0.802,0.546,5.6507,34789.2888498683,3.90480637439928,17.55926251097454,1
5203906,10495.0,94.1972,19.8952,1463.96,1.179,7.99,8.891,0.3852,0.71,0.7,0.831,0.614,3.1286,44568.6517389233,11.63613221395848,19.05669366364936,1
5203939,2732.0,84.8463,17.4963,1419.51,0.6098,9.69,21.3899,0.4247,0.687,0.707,0.806,0.57,5.6735,20838.213762811127,13.486296501066269,0.0,0
5203962,3145.0,59.7774,20.159,883.67,7.5586,17.06,0.9042,0.3779,0.704,0.727,0.813,0.591,13.7361,28272.178060413356,12.780656303972366,31.79650238473768,1
5204003,7560.0,77.4206,23.5053,1170.16,1.4605,10.86,3.3626,0.4371,0.668,0.637,0.819,0.571,10.9798,62959.12698412698,6.711445144589031,13.227513227513228,1
5204102,11513.0,84.5653,21.5582,1562.18,3.485,7.09,65.3399,0.4746,0.71,0.75,0.84,0.569,7.2303,24469.729870581083,6.947151444643035,17.371666811430558,1
5204201,1405.0,81.0676,17.0107,1196.62,0.1669,14.1,4.2301,0.3672,0.727,0.68,0.838,0.674,5.2744,27672.59786476868,3.309854177954722,0.0,0
5204250,7782.0,93.0095,17.6947,1531.74,3.1268,9.2,45.3793,0.4399,0.698,0.703,0.804,0.602,4.7484,8931.508609611925,14.73079667828296,0.0,0
5204300,13774.0,84.7539,20.4008,1796.75,1.8597,7.92,81.1169,0.494,0.73,0.774,0.84,0.599,4.4397,66277.11630608393,6.10999228155469,7.260055176419341,0
5204409,16513.0,75.0257,19.5603,1652.4,2.2407,9.65,71.1713,0.4976,0.693,0.701,0.808,0.588,7.9683,49761.70290074487,1.9138936766172217,24.22333918730697,1
5204508,98622.0,97.462,23.3143,1596.14,3.1163,4.15,46.5536,0.4609,0.733,0.739,0.832,0.64,6.6088,30432.03342053497,61.31214785240871,10.139725416235729,0
5204557,4507.0,64.9878,19.9467,1384.25,2.9369,5.51,1.2865,0.4086,0.685,0.669,0.814,0.591,5.4804,18783.44796982472,17.904814873669157,22.18770800976259,1
5204607,3755.0,74.9401,20.0799,1348.84,1.7704,9.87,0.5727,0.4235,0.653,0.628,0.799,0.556,5.0333,19375.233022636483,13.767993722821505,0.0,0
5204656,3708.0,63.7001,18.7972,1225.94,1.6699,12.88,0.141,0.3965,0.631,0.644,0.819,0.476,6.2567,29807.982740021576,1.8742550745911064,26.96871628910464,1
5204706,12510.0,86.7706,21.8865,1364.05,2.0357,5.89,1.0787,0.4482,0.688,0.685,0.841,0.565,8.2967,26622.142286171063,11.751543623026263,0.0,0
5204805,7422.0,77.3376,21.5306,1503.15,1.7237,4.88,4.8547,0.4146,0.694,0.702,0.811,0.586,3.0663,114088.65534896254,3.029250511507438,0.0,0
5204854,8081.0,87.1551,23.6481,1141.62,0.4576,4.57,1.1128,0.3976,0.661,0.654,0.829,0.533,9.0007,20433.485954708576,51.76378648799268,12.374706100730108,1
5204904,18108.0,88.9717,22.8518,1105.23,2.9685,11.66,70.345,0.4118,0.692,0.661,0.815,0.616,8.5096,17414.51292246521,24.632511977538545,11.04484205875856,0
5204953,4005.0,89.9126,18.5518,1092.31,4.7706,14.15,0.8,0.44,0.654,0.608,0.796,0.577,11.4607,14072.159800249688,9.038081805359662,99.87515605493134,1
5205000,9710.0,83.0999,20.8342,1138.24,6.5687,9.02,0.5685,0.3955,0.713,0.677,0.824,0.649,11.9996,50268.79505664264,23.12890493805693,30.89598352214212,1
5205059,2985.0,92.7638,20.134,1362.98,0.8285,18.51,1.1775,0.4541,0.701,0.724,0.823,0.578,7.1717,30696.81742043551,9.975670726001576,0.0,0
5205109,114427.0,96.1303,23.0016,1978.99,3.4541,3.09,62.5377,0.4746,0.766,0.769,0.819,0.715,3.6668,86665.64709378031,29.904844539341465,17.4783923374728,1
5205208,5184.0,83.5069,19.6181,1173.84,0.9579,8.35,3.5678,0.4176,0.664,0.665,0.815,0.54,9.6332,19441.936728395063,25.279789335088875,0.0,0
5205307,9583.0,55.0871,22.2895,992.49,5.7547,15.34,1.9512,0.5158,0.584,0.595,0.808,0.415,22.4423,39971.61640404884,1.3790910059031949,10.435145570280705,0
5205406,22046.0,95.3688,20.684,1905.87,2.8293,3.54,76.3791,0.4809,0.775,0.753,0.842,0.733,4.7817,33326.635217272975,103.46834373680012,4.535970244035199,0
5205455,8090.0,74.314,18.2447,1470.53,3.6651,15.3,27.6087,0.448,0.711,0.684,0.807,0.652,6.1681,47592.08899876391,19.396758415651675,12.360939431396789,1
5205471,12870.0,92.1911,25.1127,2014.5,4.1163,3.1,77.9748,0.3946,0.742,0.748,0.837,0.652,1.8207,170068.37606837606,5.89264938919278,38.85003885003885,1
5205497,91767.0,99.0171,25.6988,1257.39,7.6934,3.32,32.7975,0.4609,0.717,0.706,0.814,0.641,11.0749,10966.26238190199,235.3090503480903,19.614894243028537,1
5205513,25016.0,75.4837,22.3937,1124.98,5.1194,9.84,7.4148,0.4406,0.657,0.648,0.826,0.531,11.7076,17444.03581707707,14.011904741900558,0.0,0
5205521,4030.0,69.7767,20.3722,1094.18,1.4094,9.17,1.1417,0.4108,0.658,0.633,0.82,0.549,9.744,17484.615384615383,2.3601494331834667,49.62779156327544,1
5205703,2454.0,63.1214,16.1369,1696.12,0.1612,8.18,0.3918,0.4087,0.686,0.696,0.803,0.578,2.4052,30312.550937245316,5.357177941699758,0.0,0
5205802,10562.0,66.5972,21.5489,1266.95,4.5806,9.69,1.452,0.4404,0.68,0.665,0.829,0.571,8.1845,24642.207915167583,9.918926254163798,47.339519030486656,1
5205901,9164.0,83.2824,20.7442,1501.21,1.498,6.11,70.4221,0.3737,0.698,0.703,0.831,0.582,5.3544,77399.60715844609,4.9155785325893095,32.73679615888258,1
5206206,62337.0,86.9676,25.1456,1347.24,2.7721,6.37,36.4874,0.4789,0.699,0.716,0.814,0.587,9.3445,73833.213019555,10.129639298262036,43.31296020020213,1
5206305,3504.0,84.6176,18.3219,1545.25,2.4246,6.87,15.1862,0.4593,0.688,0.703,0.838,0.554,6.058,34280.82191780822,15.810562032992816,28.538812785388128,1
5206404,17065.0,78.8046,20.6563,1438.23,2.3655,9.47,1.5034,0.4257,0.708,0.706,0.805,0.625,4.9455,40983.65074714328,3.651799182502008,41.019630823322586,1
5206503,3883.0,75.7919,18.2591,1625.46,2.0011,6.92,2.9297,0.4838,0.706,0.692,0.803,0.634,7.6308,25644.08962142673,10.640746688297098,0.0,0
5206602,2927.0,80.2187,17.014,1392.56,3.3868,15.72,68.4302,0.4171,0.737,0.744,0.819,0.657,6.3618,33098.735907072085,5.149859685237479,0.0,0
5206701,3770.0,71.3793,20.9019,914.23,9.2543,10.52,1.9751,0.4053,0.654,0.614,0.815,0.558,12.5464,11933.42175066313,9.027237354085605,0.0,0
5206800,2724.0,83.37,18.025,1029.48,11.8143,10.59,0.8257,0.401,0.697,0.688,0.819,0.6,11.903,19276.431718061674,31.65343899973273,73.42143906020557,1
5206909,1902.0,80.0736,17.9285,1201.26,0.5848,7.95,5.8594,0.4089,0.716,0.702,0.862,0.606,10.3321,306575.70977917983,3.9390544198385857,52.576235541535226,1
5207105,2062.0,68.9137,16.4403,1362.3,1.1223,7.02,0.2404,0.353,0.729,0.663,0.841,0.696,3.554,46973.3268671193,3.0085412222672905,0.0,0
5207253,6956.0,70.644,19.4221,1501.93,1.2132,10.73,1.0119,0.4385,0.668,0.684,0.84,0.518,6.4646,57634.41633122484,2.1551897750559403,14.37607820586544,1
5207352,4001.0,77.8055,18.7203,1467.35,0.961,8.12,1.335,0.4223,0.702,0.722,0.808,0.594,6.531,101281.67958010496,6.688197279252714,24.993751562109477,1
5207402,11747.0,88.5503,21.7502,1592.09,3.9919,7.33,79.9542,0.444,0.739,0.755,0.826,0.648,5.337,78605.17578956329,7.99605744745589,25.53843534519452,1
5207501,3205.0,91.4509,20.936,1317.6,4.7777,11.42,0.394,0.413,0.707,0.703,0.848,0.593,6.7707,23341.965678627144,10.642925692122242,31.201248049922,1
5207535,7070.0,55.6577,17.1287,1212.29,5.2552,13.35,0.2488,0.4002,0.65,0.644,0.799,0.534,6.8839,23708.34512022631,3.626226800739607,0.0,0
5207600,5877.0,68.8276,17.0325,1503.77,2.8909,9.48,0.6175,0.3772,0.685,0.671,0.831,0.576,3.3971,25934.320231410584,4.594611709575509,0.0,0
5207808,10419.0,84.5283,18.4183,1777.07,1.5507,8.23,0.8387,0.4472,0.732,0.681,0.838,0.688,2.2299,26119.78116901814,24.66969740019889,9.597850081581726,0
5207907,13744.0,34.9753,23.3847,911.08,2.5741,9.88,0.3478,0.4581,0.597,0.583,0.799,0.457,18.1577,18260.4772991851,3.7195144063526175,14.551804423748544,1
5208004,115901.0,92.7628,24.9299,1553.54,4.5148,5.48,72.2297,0.4895,0.744,0.726,0.852,0.666,9.8271,28024.753884780977,19.968154600078694,15.530495854220412,1
5208103,4660.0,80.7511,18.3906,1442.82,1.8293,10.58,0.6057,0.4334,0.715,0.686,0.834,0.639,5.6953,23967.16738197425,5.52512390031064,21.45922746781116,1
5208152,3456.0,39.0625,19.1551,1420.81,1.0807,6.95,2.0249,0.4823,0.659,0.692,0.828,0.499,5.7681,90435.47453703704,5.874274214383814,0.0,0
5208301,4457.0,73.4799,21.1577,988.81,4.8977,13.95,1.3374,0.4133,0.653,0.624,0.813,0.55,12.4523,20578.864707202152,5.377174335303073,44.87323311644604,1
5208400,13967.0,94.7304,22.3956,1280.32,2.1768,6.89,3.7782,0.415,0.703,0.678,0.825,0.62,6.5836,21079.68783561252,83.81440453187072,21.479200973723778,1
5208509,4973.0,88.7191,18.6608,1519.4,1.2831,4.25,1.6333,0.3785,0.76,0.711,0.849,0.727,3.2876,40661.57249145385,8.725832007116825,20.108586366378443,1
5208608,73707.0,94.9096,23.7562,1539.47,1.9365,7.18,81.1441,0.4349,0.727,0.719,0.84,0.636,6.3255,25620.90439171313,47.63529692325888,9.497062694181016,0
5208707,1437366.0,99.8483,22.8197,2668.8,3.3167,2.59,79.1888,0.5552,0.799,0.824,0.838,0.739,6.8696,41652.925559669566,1970.8952194993528,9.670466673067263,0
5208806,71916.0,99.0948,22.9267,1135.58,3.0841,5.55,26.3684,0.3981,0.694,0.674,0.831,0.596,9.5734,15334.6265087046,336.41449768912673,8.34306691139663,0
5208905,24071.0,76.3159,18.1796,1718.77,2.6678,9.16,45.5332,0.4944,0.709,0.713,0.805,0.621,7.2094,31730.256325038423,7.743798060946017,4.1543766357858,0
5209101,35664.0,94.0416,21.624,1689.55,2.4223,5.19,44.8584,0.4591,0.725,0.737,0.825,0.627,4.8467,60835.856886496185,14.383081005654184,2.8039479587258858,0
5209150,4390.0,87.7449,18.7016,1288.3,1.2683,11.58,4.5292,0.3822,0.674,0.68,0.806,0.559,6.9139,38587.6993166287,5.305950278773902,0.0,0
5209200,19545.0,91.8956,22.4098,1227.07,3.3612,8.46,48.689,0.4265,0.697,0.708,0.826,0.58,8.2044,17790.995139421848,38.01212809571783,20.465592223074957,1
5209291,2188.0,66.9104,14.6252,1292.35,2.6316,9.36,1.0953,0.373,0.687,0.637,0.816,0.625,4.9817,23851.005484460693,10.64549245133385,0.0,0
5209408,4085.0,42.0808,19.4614,916.72,4.738,18.11,1.4624,0.4122,0.637,0.569,0.814,0.557,15.9364,21078.0905752754,3.345470388696978,0.0,0
5209457,2161.0,55.6687,16.335,1100.76,1.3441,14.38,5.0963,0.3935,0.652,0.604,0.815,0.563,10.6432,29780.657103192967,3.643027168452497,46.27487274409995,1
5209606,3354.0,75.0745,17.1735,1315.65,0.1321,11.2,0.6642,0.3937,0.694,0.661,0.814,0.62,3.8829,25011.92605843769,14.670953349517749,29.81514609421586,1
5209705,27742.0,82.5319,22.1109,1626.34,3.5719,4.96,10.1576,0.481,0.706,0.707,0.827,0.603,5.4814,47913.56066613799,29.1370223563787,25.232499459303583,1
5209804,3545.0,75.7969,17.4894,1353.29,5.0067,8.38,1.5306,0.4218,0.677,0.652,0.824,0.577,5.3345,24755.14809590973,6.072742721273957,28.20874471086037,1
5209903,10584.0,78.1179,23.8662,919.34,5.0126,11.4,3.1487,0.4289,0.644,0.615,0.826,0.527,14.9905,21405.139833711262,6.840819734963479,18.89644746787604,1
5209937,5954.0,89.8052,20.6416,1249.96,5.652,12.38,12.2338,0.3846,0.692,0.683,0.822,0.591,5.5678,39897.54786698018,8.638989206341837,50.386294927779645,1
5209952,17061.0,88.4532,21.81,1441.09,3.9287,9.14,2.1344,0.4204,0.701,0.694,0.837,0.593,5.3406,38470.48824805111,17.857086786006978,23.445284567141435,1
5210000,52204.0,94.1365,21.2091,1498.36,1.9371,7.72,61.9605,0.4686,0.72,0.718,0.842,0.618,7.0074,26939.79388552601,84.90015238572292,19.155620258983983,1
5210109,25548.0,87.3219,21.6808,1527.05,1.8032,7.45,50.963,0.4403,0.701,0.711,0.823,0.588,5.6037,95095.858775638,5.8290665256933645,19.57100360106466,1
5210158,2919.0,53.2032,17.1634,1315.82,2.1261,9.38,0.6774,0.3712,0.696,0.643,0.816,0.642,5.3786,23965.056526207605,11.952876429615616,34.258307639602606,1
5210208,35684.0,92.5205,19.8128,1748.63,3.0555,7.12,48.2142,0.4744,0.743,0.731,0.84,0.667,7.159,24559.998879049435,34.737439510771,5.604752830400179,0
5210307,2560.0,78.9453,16.7578,1254.54,0.7543,10.44,3.2039,0.422,0.711,0.664,0.831,0.652,8.2565,27921.484375,4.419965814326904,0.0,0
5210406,44734.0,86.831,23.4341,1421.51,1.7602,7.26,45.0819,0.4315,0.719,0.735,0.828,0.61,5.4551,40351.298788393615,30.5995693323009,13.41261680153798,1
5210562,4963.0,91.8598,21.8013,1331.54,0.9246,7.06,2.1004,0.392,0.693,0.683,0.817,0.596,5.1582,19776.54644368325,34.79095981829908,40.298206729800526,1
5210604,4904.0,86.1134,16.1909,1127.42,2.2485,12.22,4.8509,0.3935,0.718,0.689,0.828,0.648,8.9662,21227.56933115824,20.346099432018555,0.0,0
5210802,4380.0,76.895,19.5662,1582.01,3.8907,9.76,76.558,0.4834,0.691,0.692,0.835,0.57,5.0149,30027.625570776258,2.1030019632819696,0.0,0
5210901,21087.0,92.4646,22.042,1335.74,4.0008,8.54,3.2337,0.4486,0.725,0.72,0.844,0.626,8.7052,25968.748518044293,22.127013907689207,14.226774790155073,1
5211008,8007.0,74.0977,19.2207,1503.44,0.9855,13.6,0.7653,0.4339,0.677,0.67,0.816,0.568,3.6967,27762.332958661173,3.909908519762446,49.95628824778319,1
5211206,26113.0,82.7212,18.4544,1371.33,2.0342,8.49,66.8252,0.4265,0.726,0.7,0.837,0.653,7.9005,21201.12587600046,20.3784286610624,15.31804082257879,1
5211305,6101.0,65.94,19.0952,1776.07,1.5265,9.99,64.8116,0.4992,0.693,0.769,0.861,0.503,3.9345,53247.66431732503,1.774905036325769,32.78151122766759,1
5211404,7736.0,78.8392,18.485,1451.46,2.4223,7.37,75.2297,0.3969,0.718,0.697,0.833,0.638,3.9177,28342.29576008273,20.194953350075444,51.706308169596696,1
5211503,107970.0,96.7787,21.4134,1838.9,2.9404,5.49,94.3415,0.4911,0.752,0.744,0.838,0.682,6.6747,49316.587941094745,44.12316398680187,12.966564786514772,1
5211602,2693.0,57.7052,16.4129,1548.54,4.1338,8.28,2.381,0.4771,0.704,0.68,0.825,0.622,3.5035,51851.09543260305,2.1358759748453613,0.0,0
5211701,6272.0,67.1237,17.5542,1620.89,3.1481,7.41,35.4966,0.4482,0.707,0.69,0.821,0.625,6.1931,68055.32525510204,7.266938327190654,31.887755102040813,1
5211800,45223.0,86.8739,22.6257,1313.47,2.3021,6.6,25.3299,0.4337,0.699,0.692,0.841,0.588,7.0751,20340.158768768106,24.458786541745116,33.168962695973285,1
5211909,105729.0,94.2674,23.9877,1818.86,2.1298,4.62,83.1678,0.4828,0.757,0.774,0.856,0.656,6.5136,75637.30859083128,14.727965373561457,17.024657378770254,1
5212006,2924.0,75.7866,18.3653,994.09,1.3,13.83,16.9745,0.3855,0.689,0.658,0.824,0.602,11.2988,28442.544459644323,5.529678525973792,0.0,0
5212055,2123.0,86.5285,16.8629,1290.01,3.482,13.6,0.3601,0.5001,0.649,0.642,0.814,0.522,11.0221,18688.177107866228,18.42705991615384,0.0,0
5212105,7159.0,92.1637,21.7349,1785.45,2.2614,6.87,84.359,0.4741,0.706,0.714,0.827,0.595,2.5486,47793.68626903199,16.04228943794845,41.90529403547981,1
5212204,19620.0,82.0693,19.2762,1661.84,2.0383,8.9,62.699,0.4652,0.743,0.768,0.842,0.635,4.4408,35347.91029561672,4.794324223872949,20.387359836901123,1
5212253,1390.0,76.8345,20.5036,1385.97,2.2825,4.32,76.7225,0.4068,0.74,0.733,0.868,0.638,8.7833,37316.546762589925,3.00028707782831,71.94244604316548,1
5212303,8745.0,59.6455,19.4054,1248.93,3.4072,7.67,1.6308,0.4599,0.659,0.665,0.812,0.529,8.4838,39249.39965694683,18.366562564976046,11.435105774728417,0
5212501,209129.0,96.1732,25.1964,1154.28,7.5557,6.15,25.6181,0.4561,0.701,0.689,0.831,0.602,12.4732,25825.586121484823,52.7822696358276,23.90868793902328,1
5212600,2561.0,66.8489,16.556,1624.03,1.4493,9.64,0.7519,0.4696,0.745,0.748,0.854,0.648,4.4077,34481.45255759469,5.471883152539693,39.04724716907458,1
5212709,8124.0,75.517,24.2491,1009.52,6.6842,13.91,0.7689,0.3925,0.626,0.61,0.816,0.494,9.8245,13238.798621368784,9.465552798070538,0.0,0
5212808,10700.0,77.4766,20.1776,1531.62,0.8145,9.6,41.7319,0.4566,0.691,0.68,0.838,0.579,5.7068,27222.24299065421,6.310960486899448,9.345794392523365,0
5212907,2758.0,88.9413,24.6193,1499.44,5.1957,5.2,0.6,0.4666,0.699,0.692,0.822,0.601,4.8586,24854.96736765772,12.22962246915989,72.51631617113851,1
5212956,4042.0,73.8496,19.2726,1160.03,2.4887,9.63,14.359,0.3877,0.679,0.651,0.84,0.572,7.1641,42223.89905987135,3.5132459454690688,24.740227610094017,1
5213004,10304.0,96.6809,22.4767,1294.83,5.9388,10.38,4.6129,0.4202,0.677,0.682,0.823,0.554,9.0749,24060.850155279502,26.42329065363282,38.81987577639751,1
5213053,2614.0,47.6664,18.3244,1104.6,0.9276,16.08,45.5102,0.4071,0.665,0.656,0.825,0.543,4.2961,94710.02295332824,1.8932411869043333,0.0,0
5213087,27075.0,87.0397,19.7932,1290.17,5.3145,9.91,54.8283,0.4753,0.707,0.691,0.803,0.637,13.371,47894.84764542936,9.486229988259147,22.1606648199446,1
5213103,70081.0,93.6645,24.72,1576.3,3.0911,5.67,88.5123,0.5076,0.718,0.753,0.84,0.584,10.2043,46930.8229049243,7.749884881349275,14.2692027796407,1
5213400,1685.0,63.6202,15.4303,1576.61,1.4981,7.31,4.5198,0.4196,0.696,0.652,0.818,0.632,3.3254,31605.3412462908,3.725288184756607,59.34718100890208,1
5213509,6692.0,45.0239,20.4274,817.02,6.0,15.38,0.9442,0.4982,0.615,0.592,0.816,0.481,26.046,17973.998804542738,2.144968043437846,59.77286312014345,1
5213707,8756.0,76.4276,19.6779,1724.65,2.0555,9.9,23.5397,0.4542,0.707,0.704,0.806,0.622,4.2487,56968.47875742348,3.018897068228936,22.841480127912288,1
5213756,12521.0,84.4262,24.8303,1765.18,3.6047,7.98,40.6646,0.4238,0.733,0.738,0.827,0.644,2.5437,128141.0430476799,6.697222532749317,15.973165082661133,1
5213772,3779.0,49.5369,18.9733,1049.67,2.3715,16.07,1.2583,0.3816,0.613,0.578,0.816,0.488,7.1315,28802.593278645145,2.8259868145542435,26.46202699126753,1
5213806,51351.0,90.0294,22.1184,1637.6,2.8123,4.55,59.2944,0.4669,0.734,0.739,0.862,0.621,8.9591,36173.99855893751,18.04132313576332,5.84214523573056,0
5213855,2456.0,77.2394,17.2231,1081.81,1.2513,9.59,0.7172,0.4128,0.695,0.644,0.826,0.63,12.7273,22327.76872964169,8.698947696514399,0.0,0
5213905,4654.0,68.1135,18.4358,1488.19,1.704,7.28,18.8071,0.4778,0.706,0.696,0.811,0.623,7.2903,28329.39406961753,6.795331166536718,0.0,0
5214002,14750.0,92.4068,23.5322,1506.16,4.3361,8.86,0.8034,0.3643,0.683,0.684,0.825,0.565,2.6163,69497.55932203389,8.484247484636322,27.11864406779661,1
5214051,6189.0,59.2503,20.9889,1347.87,1.9115,12.3,5.0176,0.4199,0.634,0.642,0.812,0.488,4.897,29222.168363225075,2.8899844690768397,16.157699143641945,1
5214101,3564.0,70.7912,18.3782,1101.7,4.13,12.08,0.8708,0.5311,0.68,0.668,0.806,0.584,18.3749,24251.122334455667,3.7316675549096456,0.0,0
5214408,8189.0,80.6692,20.1246,1255.13,3.0211,8.33,2.1802,0.3881,0.71,0.702,0.808,0.631,6.9619,33817.43802662108,29.12711143992289,24.42300647209672,1
5214507,31932.0,96.9372,23.6002,1390.6,4.8385,5.88,2.6295,0.4613,0.721,0.681,0.82,0.671,8.506,31982.6193160466,155.98423158275244,28.18489289740699,1
5214606,34964.0,78.0746,19.4629,1385.45,3.5325,10.45,41.8312,0.4925,0.715,0.709,0.806,0.64,11.0842,36947.7462532891,3.5509810646504225,28.60084658505892,1
5214705,2337.0,71.7159,18.7848,1100.11,0.9542,10.55,2.2026,0.3373,0.678,0.647,0.796,0.604,5.6055,20921.266581086864,11.158753199129071,0.0,0
5214804,2101.0,89.386,18.1342,1465.6,1.1665,6.29,6.0096,0.4121,0.747,0.703,0.849,0.697,4.8395,33813.42217991433,6.836188523923407,0.0,0
5214838,12815.0,73.6715,21.7558,1606.5,2.0408,11.0,2.2199,0.4223,0.643,0.674,0.813,0.485,3.1501,49050.64377682404,1.7533943539196746,23.410066328521264,1
5214861,8310.0,69.4344,19.0132,1215.39,3.2615,9.13,0.5786,0.4479,0.681,0.657,0.816,0.589,11.864,16989.290012033693,20.18200231692301,12.033694344163658,0
5214879,3010.0,75.6811,18.505,1397.76,2.4752,7.65,0.991,0.4033,0.655,0.642,0.812,0.54,3.8909,20424.25249169435,4.811188811188811,66.44518272425249,1
5214903,3076.0,45.4486,18.0754,1060.47,2.7154,12.78,2.9386,0.4165,0.634,0.594,0.812,0.529,11.7437,21647.919375812744,1.439586282745791,0.0,0
5215009,9481.0,86.9634,21.4429,1427.24,2.4343,6.47,2.4538,0.4101,0.718,0.671,0.837,0.66,3.8046,20808.459023309777,77.48827173610998,21.09482122139015,1
5215207,3527.0,68.1032,16.5863,1369.21,0.8527,10.08,1.7728,0.3841,0.699,0.691,0.828,0.598,3.6859,24169.832719024667,5.431593796248242,0.0,0
5215231,103804.0,99.4904,26.2591,1000.39,10.7119,5.95,36.9128,0.4096,0.684,0.664,0.851,0.567,12.6405,11119.542599514469,539.8445016511948,20.23043427998921,1
5215256,3716.0,73.2239,17.6803,1129.16,2.3632,10.38,1.4706,0.3902,0.658,0.623,0.831,0.55,5.6365,43182.72335844995,2.962157560317292,107.64262648008612,1
5215306,16399.0,67.6078,19.9646,1855.19,0.7861,5.75,15.4939,0.4882,0.715,0.722,0.827,0.612,4.8349,57210.31770229892,8.31902357115862,6.097932800780535,0
5215405,4057.0,70.175,19.0288,1332.08,3.6138,7.99,1.1905,0.4129,0.719,0.672,0.821,0.674,5.4967,36978.55558294306,19.42970441179288,0.0,0
5215504,7200.0,91.7222,20.5556,1528.14,4.0905,3.59,1.8028,0.4501,0.747,0.721,0.83,0.697,6.5129,106311.11111111112,17.504704389304628,55.55555555555556,1
5215603,34967.0,86.1527,23.3735,984.91,9.0841,9.52,35.9229,0.4557,0.651,0.67,0.801,0.515,15.5709,30092.31561186261,11.12672089963295,22.878714216261045,1
5215652,3132.0,66.092,18.1354,1405.74,5.0038,11.48,0.8313,0.4361,0.713,0.656,0.837,0.66,7.7905,55303.959131545336,2.376243032304614,0.0,0
5215702,31858.0,88.6779,23.633,1337.68,3.079,5.8,82.0778,0.4212,0.698,0.698,0.815,0.598,6.5325,55585.975265239504,20.7247481778511,6.277857994852157,0
5215801,2259.0,92.873,19.699,1688.91,3.7893,6.36,1.5677,0.4401,0.73,0.734,0.804,0.659,2.6493,24685.258964143428,37.77023524887559,0.0,0
5215900,3851.0,74.8117,19.086,1410.92,1.1212,7.52,1.58,0.378,0.722,0.718,0.833,0.63,3.3524,57145.15710205142,9.790860507568784,25.967281225655675,1
5216007,2455.0,79.1039,16.6191,1380.71,3.9669,9.65,5.9296,0.4005,0.686,0.688,0.818,0.574,1.7515,44661.09979633401,5.680188059342347,40.73319755600815,1
5216304,7607.0,91.6656,17.4708,1222.1,2.307,11.27,91.1966,0.3946,0.711,0.702,0.836,0.613,8.4858,31117.65479163928,6.595197738888431,39.43736032601551,1
5216403,10659.0,79.9512,21.7,1539.7,1.9,7.35,79.339,0.4247,0.672,0.687,0.807,0.547,4.3454,146352.4720893142,2.814942673833736,18.76348625574632,1
5216452,2964.0,76.2483,21.9636,1469.08,1.6347,9.91,15.3264,0.4399,0.676,0.691,0.832,0.538,6.5313,239009.1093117409,2.867488925243093,0.0,0
5216809,9573.0,70.8869,19.158,1336.02,4.3172,6.63,13.4969,0.4347,0.712,0.674,0.834,0.643,7.2318,18677.112712838192,18.045580501046203,20.89209234304816,1
5216908,2328.0,45.7904,16.0223,1090.5,1.8756,8.43,47.0325,0.3925,0.684,0.654,0.816,0.6,8.8058,82801.11683848797,2.569400296673024,0.0,0
5217104,24883.0,79.7814,19.1818,1876.46,1.2005,7.1,68.9287,0.4974,0.721,0.72,0.87,0.599,5.0239,49796.48756178917,10.480441675455474,8.037616043081622,0
5217203,11712.0,83.5212,19.5697,1598.1,1.7981,9.5,5.6158,0.411,0.721,0.699,0.848,0.631,2.2144,52033.64071038251,5.7268929258789845,34.15300546448088,1
5217302,26690.0,67.8269,20.8543,1492.76,2.1565,7.1,11.3646,0.4621,0.693,0.678,0.813,0.604,6.1433,23993.55563881604,12.129783686281709,22.480329711502435,1
5217401,32373.0,93.7448,22.63,1745.69,2.8788,4.71,36.97,0.4441,0.744,0.719,0.88,0.65,4.2716,43405.77024063263,30.040616494732475,30.88993914681988,1
5217609,105031.0,94.4102,25.7048,996.1,7.3554,7.24,65.8386,0.4343,0.669,0.653,0.81,0.566,14.5269,13836.581580676182,41.04498609571836,22.850396549590123,1
5217708,18309.0,84.7889,20.3288,1692.99,0.7828,7.08,71.0129,0.4493,0.687,0.71,0.835,0.547,5.8957,39175.32361133869,12.7652098008142,21.847178983013816,1
5218003,44317.0,88.1896,21.9171,1524.5,4.5029,7.06,31.053,0.4877,0.727,0.709,0.845,0.642,8.0808,32273.25856894645,9.184324165588492,13.538822573730172,1
5218052,4070.0,93.2187,22.6044,1696.91,2.4714,10.35,0.6748,0.4103,0.684,0.716,0.827,0.541,2.8037,54665.35626535626,6.713147377501555,0.0,0
5218102,3280.0,86.8293,19.1463,1368.96,3.2776,9.84,2.2472,0.4429,0.654,0.68,0.803,0.513,10.3659,111982.62195121952,5.926878938076764,0.0,0
5218300,34914.0,82.4082,23.7355,1333.77,4.7818,9.84,58.1022,0.4797,0.659,0.659,0.819,0.53,9.551,20154.17883943404,16.80990279202115,25.777625021481352,1
5218391,3649.0,70.4029,19.7588,1453.05,1.7014,9.27,0.8403,0.4246,0.684,0.673,0.821,0.579,5.1549,19759.11208550288,10.241599586855726,0.0,0
5218508,48447.0,92.7219,21.217,1722.78,2.0611,5.78,87.6008,0.4353,0.74,0.732,0.863,0.642,4.6663,44330.42293640473,12.79626711491152,33.02578075009804,1
5218607,12165.0,94.5582,21.5947,1469.23,3.5645,6.21,2.6828,0.4374,0.727,0.698,0.827,0.667,5.0079,25854.254007398275,45.34255714876757,8.220304151253597,0
5218706,3980.0,89.4472,20.0251,1482.64,1.4231,11.76,0.8799,0.3987,0.693,0.674,0.84,0.587,4.4388,20913.065326633165,25.28926985175913,50.25125628140704,1
5218789,3864.0,87.1118,22.8778,1613.63,1.3724,5.05,16.8345,0.4252,0.731,0.707,0.878,0.629,5.387,84405.02070393374,15.793668635425394,25.87991718426501,1
5218805,225696.0,94.1886,25.2397,1822.67,2.2624,5.7,84.8417,0.5082,0.754,0.765,0.853,0.656,8.0084,72253.57117538636,26.95117678541873,15.064511555366511,1
5218904,19788.0,88.5992,21.3362,1478.55,2.4407,7.44,71.7232,0.4002,0.719,0.686,0.814,0.666,3.7167,28600.565999595718,26.36083761068608,15.16070345664039,1
5219001,7918.0,85.6656,20.0051,1561.85,0.6157,8.03,50.8789,0.4219,0.736,0.725,0.832,0.662,3.81,27479.413993432685,15.543715964994249,25.25890376357666,1
5219100,6149.0,91.5108,21.6133,1408.78,3.1987,9.54,1.2877,0.433,0.706,0.667,0.832,0.635,4.7975,25065.21385591153,43.62323261703924,16.26280696048138,1
5219209,3002.0,32.2452,13.9574,1776.3,0.9259,13.37,0.8864,0.4351,0.688,0.7,0.827,0.563,3.8705,98353.76415722852,2.706926105966869,0.0,0
5219258,4951.0,80.9937,22.6015,1530.95,1.3934,9.41,2.4744,0.4477,0.713,0.703,0.847,0.608,4.6983,52552.21167440921,4.252756861876024,0.0,0
5219308,38492.0,95.9082,20.5991,1538.33,2.8709,9.67,92.7925,0.4512,0.724,0.734,0.823,0.627,6.4494,42114.67317884236,33.69583581727634,10.39176971838304,0
5219357,3538.0,73.1204,16.1391,1333.06,3.2716,11.61,1.1453,0.4098,0.683,0.658,0.818,0.593,6.8819,34819.389485585074,4.35308998026468,28.264556246466928,1
5219407,5924.0,91.6104,20.5773,1156.18,6.046,8.74,2.1295,0.5305,0.714,0.703,0.842,0.616,21.9459,34600.270087778525,4.364878495900006,16.88048615800135,1
5219456,2689.0,57.4563,16.4373,961.7,0.3995,18.19,2.2461,0.4259,0.634,0.639,0.82,0.487,16.4868,40934.548159166974,2.770885199413055,0.0,0
5219506,2820.0,76.6312,16.7021,1247.28,6.9862,11.97,2.2367,0.4133,0.701,0.643,0.844,0.635,7.1149,24226.241134751774,16.94304253785148,0.0,0
5219605,3293.0,87.4886,18.2812,1239.43,1.4841,11.53,0.3797,0.3924,0.665,0.635,0.825,0.561,6.7112,26596.72031582144,4.170761857477228,0.0,0
5219704,10645.0,74.1757,19.0794,1239.58,1.8284,10.29,3.6145,0.4275,0.701,0.647,0.826,0.644,9.7368,17930.201972757164,8.822310624896403,28.182245185533112,1
5219712,4267.0,83.0091,21.1858,1279.99,3.5733,11.9,0.5096,0.4054,0.691,0.665,0.835,0.593,5.0458,75232.01312397468,9.475147445462945,0.0,0
5219738,7386.0,92.8107,21.8657,1735.6,3.7815,4.56,0.7213,0.4722,0.723,0.687,0.832,0.662,4.1046,20965.74600595721,54.70219667905971,0.0,0
5219753,72127.0,95.5107,25.9722,1046.54,8.7597,6.68,49.8159,0.4433,0.665,0.647,0.818,0.556,13.1175,11449.37402082438,76.40992936051562,16.637320282279866,1
5219803,9711.0,60.725,20.3584,952.58,12.0889,16.93,0.8648,0.4716,0.597,0.576,0.83,0.445,18.8851,21241.169807434868,2.910972095615137,30.892801977139328,1
5219902,6378.0,78.8805,19.7397,1112.78,6.2185,11.21,3.6849,0.4282,0.651,0.658,0.825,0.509,12.6258,20477.108811539667,15.312038604198928,0.0,0
5220009,14041.0,64.9099,27.3271,915.03,7.5934,7.46,6.6667,0.4865,0.685,0.65,0.812,0.609,22.8863,40597.32212805356,4.210883037857761,21.365999572680007,1
5220058,1774.0,78.0722,17.7565,1629.3,0.9447,8.24,69.5839,0.51,0.724,0.699,0.818,0.664,9.3574,78708.56820744081,6.181636983890808,0.0,0
5220108,33852.0,91.7789,21.1893,1873.64,1.7337,5.41,73.0205,0.4843,0.731,0.721,0.809,0.67,4.1929,43926.26728110599,40.80422362045274,14.770176060498642,1
5220157,4837.0,87.5543,20.0538,1233.48,6.4057,10.17,1.7251,0.4125,0.669,0.643,0.801,0.581,7.0542,28409.7581145338,8.284917579029583,20.67397146991937,1
5220207,21900.0,86.1735,20.5205,1608.32,2.855,8.87,44.0156,0.4368,0.664,0.667,0.818,0.536,3.7971,31582.602739726022,3.5608719681167003,18.264840182648403,1
5220264,4464.0,65.7034,18.0556,1824.82,1.8969,5.47,8.4746,0.5292,0.697,0.681,0.802,0.619,5.7477,70954.97311827957,8.307481013200038,67.20430107526882,1
5220280,2143.0,66.5422,18.2921,1242.99,2.407,9.01,1.4423,0.399,0.693,0.668,0.833,0.597,6.8352,24948.203453103128,12.404276378622738,0.0,0
5220405,17020.0,98.6369,20.0118,1403.26,7.0292,7.96,86.7015,0.4159,0.72,0.756,0.825,0.599,6.0652,84192.1856639248,41.01056588316085,0.0,0
5220454,155635.0,99.3067,24.9892,1346.08,3.712,4.26,11.3309,0.4389,0.701,0.676,0.827,0.617,8.2161,30620.554502521925,630.0884597477784,16.06322485302149,1
5220504,8027.0,81.3629,21.5273,1440.72,1.5005,7.37,3.2609,0.4144,0.681,0.713,0.804,0.551,4.7486,81302.2299738383,1.4536994813623303,24.915908807773764,1
5220603,22245.0,72.0027,21.6768,1585.22,2.5773,5.38,55.4054,0.4781,0.709,0.721,0.814,0.606,8.0414,59141.91953247921,9.4662635898012,40.45853000674309,1
5220686,5742.0,85.3884,23.093,955.32,6.7589,12.8,0.999,0.4163,0.645,0.595,0.826,0.546,11.664,30187.565308254965,16.556568274939377,34.83106931382794,1
5220702,2927.0,33.5497,21.6604,1224.18,1.8006,14.74,4.5455,0.4544,0.617,0.59,0.802,0.497,9.478,25940.553467714384,1.8159246729381315,0.0,0
5221007,4026.0,83.4327,18.157,1406.18,0.2399,6.66,2.7916,0.4269,0.716,0.7,0.846,0.619,3.2595,22185.047193243918,19.57552330245788,24.838549428713364,1
5221080,2701.0,69.4558,22.5842,1007.11,1.086,14.42,11.7519,0.4567,0.661,0.626,0.817,0.564,16.4318,14489.448352462052,3.441671880355712,0.0,0
5221197,7944.0,93.3157,22.7719,1205.2,7.4427,7.65,56.2411,0.4815,0.685,0.655,0.799,0.615,10.121,26572.50755287009,73.96165985457186,50.35246727089628,1
5221304,2921.0,88.7367,16.33,1577.47,3.251,7.11,31.5836,0.4057,0.745,0.724,0.849,0.672,4.3866,21869.565217391304,10.283980086891006,0.0,0
5221403,142431.0,97.9365,23.4514,1355.44,3.6927,4.84,49.538,0.449,0.699,0.682,0.822,0.608,8.6032,18723.97160730459,199.8498645975108,19.658641728275445,1
5221452,3120.0,67.8526,18.0128,1118.1,5.1878,15.9,1.4718,0.4046,0.653,0.628,0.812,0.547,6.0713,22481.73076923077,3.8858893642460814,0.0,0
5221502,4480.0,83.2589,18.2589,1413.92,3.4729,9.1,0.2212,0.4369,0.697,0.679,0.82,0.609,3.9588,45625.44642857143,9.288496984348468,22.32142857142857,1
5221551,4985.0,78.9368,21.6851,1307.37,5.9583,8.66,1.4773,0.4134,0.691,0.671,0.813,0.605,7.1414,113640.7221664995,5.327795703349191,0.0,0
5221577,2798.0,66.0114,18.6919,1187.62,1.8385,11.85,0.8419,0.4098,0.67,0.632,0.822,0.579,6.6476,27675.12508934953,2.423969401501336,0.0,0
5221601,42546.0,92.7373,22.0561,1578.46,3.1483,6.81,58.4152,0.462,0.737,0.74,0.86,0.628,5.0717,30554.99929488084,19.85825798465706,23.503972171296947,1
5221700,13729.0,85.3012,19.8048,1422.2,2.7761,8.84,6.186,0.4249,0.703,0.665,0.824,0.634,4.7036,21443.222375992424,26.2552973394734,36.41925850389686,1
5221809,3553.0,67.1264,20.152,1587.02,1.7807,6.78,0.3671,0.4388,0.732,0.7,0.841,0.666,4.5442,46388.40416549395,5.695544074341838,0.0,0
5221858,198861.0,100.0,25.0104,1444.85,6.6555,2.49,37.3295,0.4398,0.746,0.733,0.815,0.695,8.0164,14909.60017298515,3234.14324746292,18.605960947596564,1
5221908,3716.0,59.2842,17.2228,1544.18,2.9557,10.28,0.3863,0.4835,0.687,0.698,0.813,0.572,4.6555,28284.445640473627,7.182036404961712,0.0,0
5222005,14956.0,79.1054,21.7839,1763.05,2.3077,6.81,15.4028,0.4811,0.712,0.71,0.818,0.622,4.1835,57369.35009360792,15.675259271681089,6.686279753944905,0
5222054,8768.0,90.8759,24.4526,1340.26,1.5441,8.86,0.986,0.3776,0.684,0.707,0.804,0.562,4.5318,54768.47627737226,11.94885758128303,11.405109489051094,0
5222203,4215.0,78.8375,23.013,884.85,0.8333,13.6,5.1335,0.4599,0.647,0.619,0.818,0.534,19.6032,42686.595492289445,4.004396761141296,0.0,0
5222302,5815.0,60.7395,21.049,1212.43,4.5177,12.59,0.8257,0.4489,0.634,0.629,0.802,0.505,8.1682,52972.48495270851,2.6654834334360262,0.0,0
5300108,2817381.0,96.4755,23.4499,2999.18,6.8176,2.54,86.2175,0.5814,0.824,0.863,0.873,0.742,7.8521,101847.70252940584,489.062163945422,0.0,0
