cod_ibge,pop_total,pop_urbana_pct,perc_jovens_15_29,renda_per_capita,taxa_desemprego,taxa_analfabetismo_15,perc_esgoto_adequado
1100015,21494.0,60.3471,22.2108,1210.6,1.6919,9.33,0.4678
1100023,96833.0,86.6977,24.9894,1458.57,2.8638,6.25,1.9932
1100031,5351.0,53.1863,17.4173,1323.79,1.6309,10.62,1.576
1100049,86887.0,82.7592,24.2637,1625.88,2.1154,5.93,67.1899
1100056,15890.0,88.8357,21.9509,1554.33,1.4391,7.49,57.9942
1100064,15663.0,74.7558,20.5197,1666.54,1.7253,9.71,2.6206
1100072,7519.0,36.973,20.641,1234.62,4.0856,9.22,0.7042
1100080,12627.0,52.8233,24.6535,1088.06,4.3431,5.09,0.0481
1100098,29414.0,72.9313,22.7409,1371.66,1.9445,7.81,6.5998
1100106,39387.0,80.5773,24.2821,1035.94,5.6693,5.59,9.0147
1100114,50591.0,78.684,23.5971,1406.29,2.3258,7.81,1.7839
1100122,124333.0,90.8713,23.6655,1437.55,3.6996,5.33,7.5662
1100130,30707.0,54.1701,22.4346,1047.39,3.0669,9.12,3.127
1100148,15679.0,46.6165,22.055,981.78,5.6259,9.85,7.0024
1100155,35044.0,79.0463,21.4102,1389.04,1.8909,7.07,2.2292
1100189,35079.0,81.8438,23.7008,1389.7,2.1381,6.67,9.4405
1100205,460434.0,92.5863,24.6218,1459.81,5.7926,4.5,22.9887
1100254,19327.0,64.0606,19.941,1164.63,1.9139,8.01,5.2144
1100262,3471.0,41.429,21.3483,1244.38,2.4422,6.54,1.28
1100288,56406.0,83.7925,23.6251,1446.88,3.4807,5.66,3.6206
1100296,7419.0,43.8873,18.7492,1110.56,1.6325,10.4,2.8644
1100304,95832.0,94.2326,24.0431,1650.51,2.62,4.81,4.9121
1100320,21635.0,55.2854,23.4527,1303.07,1.7743,7.26,1.8138
1100338,25444.0,57.8486,24.3397,1152.19,2.4726,8.88,0.8169
1100346,13117.0,59.0836,20.6983,1223.18,5.6593,11.97,42.5218
1100379,11479.0,43.4358,21.7441,1173.26,4.7427,8.93,0.6194
1100403,16320.0,49.9877,23.0392,1185.26,2.5049,8.04,0.1388
1100452,27992.0,69.3555,23.9175,1219.49,2.997,7.14,0.4543
1100502,7667.0,43.159,19.8904,1102.33,4.4202,10.12,0.3217
1100601,4150.0,46.5542,20.506,1187.1,2.7121,11.34,32.9737
1100700,8844.0,30.8797,21.8453,1004.63,2.4963,7.94,0.2609
1100809,22310.0,76.4635,24.3882,927.05,9.3031,6.7,1.1977
1100908,3233.0,23.7241,18.837,1163.49,3.321,9.49,
1100924,9324.0,56.864,24.0776,1275.25,1.1306,7.31,0.8734
1100940,14863.0,65.4175,23.683,1152.39,3.1502,7.05,0.1153
1101005,8001.0,31.7835,21.0224,943.98,3.3798,9.27,0.0346
1101104,8548.0,69.2092,22.9644,1014.42,5.2071,8.43,0.5498
1101203,6466.0,45.8552,21.095,1209.48,2.2651,11.25,5.5812
1101302,9235.0,54.0011,21.7325,1199.72,2.8256,11.05,7.7822
1101401,11548.0,45.6096,22.151,1241.8,2.6508,10.33,0.1658
1101435,6200.0,27.2097,21.1613,920.17,2.6049,9.69,0.8969
1101450,4125.0,35.2485,21.6,1014.39,2.717,10.35,4.1161
1101468,2156.0,56.7254,20.7328,911.62,1.7981,8.96,5.2703
1101476,3076.0,45.1886,17.4902,919.32,2.2512,13.59,0.2648
1101484,5258.0,41.1563,17.7824,1362.82,2.2695,9.37,
1101492,16286.0,56.8587,23.6645,1172.03,2.3459,7.39,0.2587
1101500,11171.0,45.5286,23.6416,1027.63,1.9608,6.87,14.528
1101559,4256.0,38.5573,20.4182,1179.05,0.8309,10.2,0.3161
1101609,8113.0,30.7038,18.5628,1102.84,1.1866,10.03,0.2328
1101708,10725.0,51.2541,21.4079,1121.21,4.6977,9.32,3.5949
1101757,7788.0,45.1079,19.9795,1095.38,3.6316,11.34,0.0714
1101807,6479.0,39.3579,20.0957,1218.98,2.1014,9.12,0.0409
1200013,14021.0,55.3812,25.041,880.5,5.8069,10.63,0.8518
1200054,8100.0,59.4815,25.6667,775.86,7.0114,14.62,6.5952
1200104,26000.0,64.4,25.9962,914.18,3.333,11.44,33.4911
1200138,12917.0,46.0014,24.5645,709.71,4.4105,17.67,3.7443
1200179,10392.0,40.6563,24.6247,806.69,1.4622,17.52,1.1246
1200203,91888.0,74.2371,29.1518,905.21,9.1395,11.88,8.5911
1200252,18757.0,68.8863,26.0916,1026.76,3.4533,10.39,4.6627
1200302,35426.0,51.1291,28.7839,610.92,3.7329,20.26,3.3953
1200328,9222.0,39.8395,29.5272,542.04,1.3274,17.59,3.4448
1200336,19294.0,65.9635,27.7599,695.9,2.7108,14.19,1.2857
1200344,11996.0,56.0604,27.9593,622.38,17.7499,22.01,15.4534
1200351,17093.0,34.482,30.9717,516.91,2.8471,20.83,1.7126
1200385,16560.0,64.849,24.6981,992.54,6.7697,15.62,5.8537
1200393,10735.0,46.1202,30.8058,603.27,4.4202,17.63,5.1704
1200401,364756.0,93.494,26.1756,1436.01,5.8892,6.63,68.191
1200427,14938.0,38.0774,29.2676,633.26,9.2681,17.19,1.9299
1200435,6723.0,48.9514,26.625,449.8,0.916,24.29,4.2411
1200450,21454.0,62.2495,24.8625,974.21,5.6381,10.8,0.589
1200500,41343.0,65.1694,28.5828,794.44,4.1119,16.75,17.2408
1200609,43467.0,56.1667,29.634,604.36,6.4987,22.94,2.5282
1200708,18243.0,56.5039,26.6458,898.65,6.0731,13.5,21.3793
1200807,16693.0,56.7004,24.9745,733.17,5.3694,14.58,1.395
1300029,15866.0,55.0233,29.8437,494.91,4.2441,12.52,3.8846
1300060,10819.0,71.8273,27.4609,556.4,6.2476,13.83,1.8553
1300086,9962.0,48.2935,29.5623,559.76,7.1231,11.29,3.3247
1300102,17194.0,63.1034,27.3991,624.85,5.8471,16.25,3.9547
1300144,20647.0,52.9859,24.6331,1009.03,3.1297,9.98,1.0364
1300201,15314.0,51.8023,28.2878,556.2,7.7675,21.22,1.9469
1300300,41564.0,44.7142,26.7106,649.03,3.5655,8.91,7.259
1300409,18834.0,55.5379,26.484,595.57,11.1579,18.79,9.7578
1300508,31051.0,54.6778,28.6979,521.15,5.9169,5.34,3.1327
1300607,37648.0,76.4822,27.6907,576.24,4.2413,11.09,2.6996
1300631,20718.0,58.3068,29.4913,608.58,6.9465,17.45,2.8973
1300680,23785.0,49.918,28.4423,497.38,6.5472,3.49,4.0052
1300706,35447.0,62.4171,27.63,669.72,3.3824,19.71,7.4887
1300805,33080.0,61.717,28.3857,567.31,4.699,11.43,1.4776
1300839,13469.0,51.7113,30.1953,488.73,24.152,7.42,0.4719
1300904,16869.0,59.802,26.7769,601.49,2.2076,18.08,4.3278
1301001,28742.0,78.9124,29.5943,579.82,4.0434,17.81,15.3018
1301100,30792.0,42.0239,23.8536,698.24,9.8078,12.27,6.1321
1301159,19637.0,15.0736,24.2909,638.54,1.7155,11.78,0.7093
1301209,70616.0,74.9065,28.5983,580.54,12.2431,13.54,33.284
1301308,23549.0,75.7442,28.2263,586.95,8.3322,13.7,36.5105
1301407,33170.0,78.0585,28.577,588.49,5.8824,23.33,0.5412
1301506,17186.0,74.4618,29.5764,579.21,4.3565,24.57,0.908
1301605,25871.0,69.8234,29.4036,638.8,6.5142,14.01,1.478
1301654,13815.0,67.0069,29.743,596.23,2.4644,20.95,2.9909
1301704,57473.0,73.4467,28.3629,871.32,7.3136,10.81,11.5427
1301803,24311.0,67.9404,30.6034,508.99,4.2433,24.92,2.5801
1301852,61163.0,76.2585,25.5236,805.81,10.0942,8.26,4.2293
1301902,103598.0,70.4869,27.1453,734.27,9.962,6.14,8.1731
1301951,10937.0,67.6694,30.2825,525.38,5.4513,23.1,0.9859
1302009,10162.0,78.2622,26.422,687.95,6.5934,5.36,8.7341
1302108,8858.0,56.3897,30.21,823.6,4.1794,11.86,1.9597
1302207,10742.0,67.1663,31.3629,516.57,3.3835,20.13,22.6176
1302306,25172.0,64.2102,29.1355,566.68,1.7137,15.39,1.2797
1302405,45448.0,60.9202,29.2334,618.0,9.2593,19.42,28.7071
1302504,101883.0,65.1267,27.7779,680.39,8.219,10.0,13.1719
1302553,17107.0,38.5982,24.7267,568.36,1.8618,12.51,1.5335
1302603,2063689.0,99.0303,26.0658,1284.7,9.6849,2.96,50.6022
1302702,53914.0,56.9314,28.4286,701.45,5.0887,11.06,1.2161
1302801,15529.0,51.04,30.4656,518.13,3.885,15.76,7.4148
1302900,61204.0,47.7028,26.9214,488.47,9.7076,6.07,17.7304
1303007,20136.0,37.2269,26.3657,539.62,3.5784,9.25,4.5952
1303106,27062.0,60.8344,27.9654,537.7,8.8704,9.55,6.2654
1303205,15761.0,75.0968,25.4552,700.88,4.1265,9.4,10.1801
1303304,23818.0,75.1826,29.3266,630.53,3.1927,12.68,14.9007
1303403,96372.0,82.6744,28.5321,796.66,6.9495,3.69,9.9958
1303502,19373.0,61.4154,30.9864,454.55,12.8054,28.66,5.6818
1303536,30668.0,54.6889,25.2054,976.41,6.418,7.49,31.26
1303569,24936.0,56.7252,24.1779,801.1,4.8009,8.45,8.4807
1303601,14164.0,48.7292,26.4897,448.85,21.4407,15.49,3.9051
1303700,28211.0,77.6293,28.9107,489.41,3.8483,14.26,1.6752
1303809,51795.0,51.3563,27.9158,577.82,4.7632,8.9,3.3198
1303908,32967.0,73.158,27.7217,396.95,5.1478,17.72,5.4409
1303957,11670.0,81.6367,27.6949,657.76,2.9957,5.27,0.7505
1304005,11559.0,44.4848,25.9452,559.89,1.9428,5.0,4.1062
1304062,66764.0,83.3982,28.2982,669.6,3.7504,10.22,10.6655
1304104,19599.0,57.855,28.5321,541.23,9.2864,21.32,5.5927
1304203,73669.0,80.8807,29.6244,767.14,5.4207,8.82,13.9748
1304237,19247.0,58.9546,29.2773,432.01,6.4137,12.6,5.0296
1304260,14431.0,67.6599,30.6285,516.14,3.3563,15.1,1.7664
1304302,18631.0,66.2122,26.5418,690.49,3.2441,5.93,0.8179
1304401,23945.0,64.9948,29.7766,629.39,11.599,8.08,3.1334
1400027,13927.0,15.89,25.4757,493.7,3.2901,30.5,6.2417
1400050,21096.0,22.5777,25.4598,467.63,4.0222,33.77,9.7826
1400100,413486.0,97.263,27.7843,1399.0,4.6047,3.7,61.2868
1400159,13923.0,36.393,25.5117,583.73,1.8338,8.96,6.1464
1400175,18682.0,24.7725,22.7866,787.97,2.6637,9.01,1.4736
1400209,20957.0,53.0276,24.1351,714.44,5.137,12.93,34.6805
1400233,10656.0,46.4058,25.732,917.6,1.8764,7.71,11.3099
1400282,10023.0,42.5521,25.6211,781.65,5.5722,21.16,31.7607
1400308,18095.0,55.9326,24.4211,809.57,5.2286,10.9,29.0504
1400407,13986.0,23.1231,26.119,486.61,2.7489,7.33,0.4413
1400456,19305.0,47.9202,26.9308,578.04,5.958,5.58,6.3921
1400472,32647.0,74.4173,25.8523,831.4,3.2296,9.71,4.3919
1400506,8858.0,70.9754,26.0781,895.8,4.6276,9.12,4.9174
1400605,7315.0,59.6446,24.607,827.26,5.1152,8.3,4.4248
1400704,13751.0,7.6794,25.3436,288.65,2.3368,13.1,0.2138
1500107,158188.0,62.1981,27.3421,771.33,7.0306,8.71,4.4919
1500131,6136.0,87.4511,23.1421,923.2,3.4865,11.74,2.5
1500206,59023.0,22.1592,26.615,505.33,6.3114,17.79,2.2044
1500305,37765.0,31.4445,28.7197,476.09,5.3935,24.95,2.4342
1500347,18080.0,51.4491,24.6626,936.7,4.0624,12.54,0.1958
1500404,69377.0,50.6695,26.8028,562.3,5.1211,10.46,5.9421
1500503,34280.0,65.6359,26.689,773.03,9.6982,11.92,17.5625
1500602,126279.0,82.5173,25.9386,1245.26,4.4701,9.75,49.0865
1500701,28011.0,43.9327,30.1346,524.25,12.4784,23.21,0.2826
1500800,478778.0,99.6909,24.1392,1219.88,7.4404,2.87,31.4841
1500859,31850.0,49.7331,27.1994,765.01,5.4837,11.78,1.9711
1500909,44573.0,51.4751,26.949,479.94,5.295,15.28,3.9385
1500958,23774.0,42.6348,26.2093,574.32,5.7336,18.01,0.8719
1501006,18290.0,24.1498,25.8611,477.87,7.3159,8.74,5.6811
1501105,31892.0,40.772,30.5312,358.65,6.76,21.53,0.1914
1501204,51641.0,52.8863,28.4503,460.65,8.7238,9.45,2.7897
1501253,4031.0,39.9653,24.6837,995.23,5.8751,12.09,0.2268
1501303,126650.0,82.5006,26.6269,975.54,7.7646,5.69,15.1474
1501402,1303403.0,99.4806,22.8414,1668.52,7.7293,2.64,59.9118
1501451,18099.0,48.4999,25.6699,741.15,8.2848,6.99,1.1215
1501501,63567.0,94.8574,24.9186,818.99,7.8518,5.35,7.1718
1501576,18005.0,57.3896,25.0208,947.99,2.6487,14.66,1.9577
1501600,12622.0,54.8645,25.9864,739.25,5.0151,19.23,0.5458
1501709,123082.0,71.1786,26.0192,810.48,5.6737,9.86,4.6006
1501725,24718.0,54.2277,25.2084,763.34,4.1633,13.08,5.754
1501758,6783.0,55.9045,23.839,766.2,3.8407,13.8,1.5493
1501782,45712.0,62.3469,25.9647,725.32,6.1908,14.15,11.4839
1501808,106968.0,51.8931,29.3882,606.08,12.199,18.04,0.7514
1501907,24383.0,35.5165,26.9983,526.09,5.5587,9.6,3.4371
1501956,19630.0,36.434,27.8808,564.23,7.0141,20.39,0.2669
1502004,23981.0,47.3833,26.7128,488.54,5.4704,9.18,5.5267
1502103,134184.0,50.8354,28.6003,597.9,6.0233,7.06,3.9738
1502152,77079.0,89.9493,27.6093,1364.4,4.1045,4.84,59.7801
1502202,70394.0,84.814,24.8288,966.47,7.1041,9.39,5.1865
1502301,56506.0,55.2242,26.5618,704.58,3.9161,17.16,1.9821
1502400,192256.0,92.5157,25.5368,1055.05,5.0095,5.16,17.1864
1502509,20757.0,22.5755,27.846,584.29,16.2257,16.67,0.9899
1502608,12868.0,39.5788,23.7566,655.87,8.4628,6.5,3.0288
1502707,44617.0,74.3147,23.7398,1032.8,4.8111,9.9,2.2937
1502756,26881.0,61.3519,27.1009,699.98,5.3315,13.48,2.4096
1502764,14036.0,35.6298,26.8595,1007.72,1.3768,16.66,3.0336
1502772,19950.0,89.7494,25.5388,1036.35,8.2536,11.75,2.2288
1502806,33903.0,39.8637,30.4545,472.98,10.7335,15.42,0.441
1502855,14117.0,52.1216,27.4917,556.04,2.6936,6.69,4.8424
1502905,41262.0,59.9002,25.1394,614.45,11.8735,7.34,6.1743
1502939,58484.0,84.3325,26.8603,782.32,5.6649,12.88,3.3557
1502954,28192.0,61.1982,25.298,879.96,3.7191,12.47,2.4256
1503002,8728.0,82.4702,28.6893,594.92,9.6195,7.16,2.2901
1503044,17898.0,58.3808,25.3883,831.86,8.8804,13.01,0.3675
1503077,24703.0,57.4343,27.3691,620.45,2.502,18.13,0.9209
1503093,26362.0,63.6902,24.3608,829.0,4.2464,14.1,2.0992
1503101,31786.0,41.6158,30.4788,634.91,3.4556,16.47,0.3661
1503200,35797.0,69.4527,24.9518,718.26,4.597,10.06,0.9888
1503309,64831.0,44.5944,27.1629,617.29,5.9512,14.14,4.7976
1503408,10325.0,35.4383,25.3366,631.7,8.0266,11.06,0.6225
1503457,30329.0,51.2117,26.2851,594.25,9.122,18.88,12.9025
1503507,30955.0,28.9388,24.8167,616.62,5.3493,14.25,9.4227
1503606,123314.0,87.0007,27.6814,1074.37,2.2355,8.96,4.4385
1503705,49754.0,57.3984,26.1125,636.27,5.0421,16.11,5.4362
1503754,24042.0,42.2178,28.6956,787.87,1.019,11.01,1.0617
1503804,37707.0,89.376,23.916,905.18,4.919,13.03,10.4069
1503903,50881.0,58.5503,27.6528,713.05,11.1849,5.02,4.0499
1504000,29569.0,29.5411,29.9604,463.89,16.714,8.92,0.6409
1504059,34353.0,81.0235,27.0864,786.61,4.2389,13.8,5.3286
1504109,8115.0,47.5293,22.4892,619.04,8.7162,7.91,0.521
1504208,266533.0,89.9397,26.6965,1137.5,4.9816,7.53,22.2012
1504307,25971.0,41.6349,24.9163,634.79,7.0818,8.48,4.225
1504406,26573.0,57.3853,22.3723,576.69,16.5884,7.25,5.5164
1504422,111785.0,99.7263,26.0223,883.71,11.1305,4.36,22.1965
1504455,27094.0,39.6582,25.0314,763.1,2.4662,12.32,5.6505
1504505,27881.0,34.6365,30.7163,476.85,7.4385,20.17,4.0595
1504604,27198.0,71.417,29.5206,694.48,7.6101,6.85,6.7114
1504703,84094.0,39.4891,27.9806,626.33,7.0608,13.06,1.8148
1504752,23501.0,36.0112,24.7266,705.92,1.982,13.97,1.0163
1504802,60012.0,54.4125,25.9065,687.01,6.0939,9.25,0.748
1504901,45368.0,43.1163,28.1608,505.26,12.328,9.73,1.3915
1504950,20478.0,62.1643,27.5173,535.3,5.5229,19.13,0.4315
1504976,13955.0,50.5195,23.7836,824.87,5.4419,17.68,8.2258
1505007,12806.0,71.0995,21.7632,709.95,3.2122,11.89,7.0395
1505031,33638.0,80.0612,26.1104,1274.42,1.3634,8.67,18.2931
1505064,60732.0,53.825,26.7059,721.31,5.3483,15.13,8.2623
1505106,52229.0,60.6923,25.6199,652.59,4.9193,8.64,1.0181
1505205,33844.0,46.2977,29.0155,460.54,5.9361,12.81,0.2842
1505304,68294.0,69.3443,26.8179,727.72,8.2701,7.17,13.9619
1505403,17855.0,60.9577,24.9902,694.89,3.7656,12.72,1.1462
1505437,32467.0,84.686,25.2379,935.72,3.5872,11.69,5.8761
1505486,41097.0,46.1445,26.126,689.59,6.2712,14.66,0.4169
1505494,6885.0,68.6129,24.0378,856.12,13.2287,17.06,0.1818
1505502,105550.0,91.0943,27.2525,992.06,6.2732,7.99,21.3416
1505536,267836.0,96.4116,27.0203,1321.92,4.8598,5.37,28.3368
1505551,6931.0,61.16,22.5076,882.09,7.0228,15.76,1.2584
1505601,8285.0,60.1811,22.0036,756.62,2.8243,16.17,0.7126
1505635,12832.0,41.4433,24.4155,864.32,3.7267,13.24,0.4175
1505650,18668.0,43.1755,25.766,793.04,6.7166,8.89,0.1872
1505700,24984.0,52.0413,26.9372,574.17,10.9718,10.53,9.3309
1505809,62503.0,48.3545,31.0001,508.31,4.2285,24.27,0.414
1505908,40597.0,48.9273,29.9973,484.97,5.7684,15.17,4.8538
1506005,35577.0,52.0561,28.5381,451.71,4.9784,11.02,0.6627
1506104,10851.0,66.3718,23.4264,716.9,4.2553,11.39,1.4739
1506112,11524.0,83.747,23.2732,649.32,2.2607,16.65,3.3982
1506138,85597.0,95.3655,25.7708,1295.2,4.0085,7.84,10.1099
1506161,18384.0,75.99,24.4887,1039.0,2.8394,11.09,1.5224
1506187,53143.0,63.7356,26.3007,946.14,3.3421,14.91,3.4282
1506195,35769.0,60.4909,25.3683,731.95,4.7,14.35,0.4626
1506203,44772.0,91.8856,25.6321,875.11,4.67,7.66,10.3991
1506302,24129.0,73.8282,25.5543,723.4,6.9234,6.39,5.5202
1506351,21087.0,65.2724,23.5121,762.45,8.0362,7.07,2.926
1506401,7445.0,84.2176,30.8395,520.36,13.7667,7.44,15.6409
1506500,73019.0,80.349,27.4271,914.02,11.526,7.02,8.0918
1506559,20370.0,53.7653,26.3328,685.08,4.3622,15.85,0.808
1506583,16548.0,49.432,23.3563,1175.42,3.2193,12.39,1.8413
1506609,24624.0,69.3632,24.602,793.59,7.2044,15.16,7.8251
1506708,32413.0,79.6563,24.9252,1137.95,3.5266,10.31,7.5712
1506807,331942.0,79.6847,26.8523,1024.3,4.2465,4.24,11.1196
1506906,6116.0,31.2296,24.5749,743.73,15.8798,10.46,1.0199
1507003,27461.0,66.7019,23.9066,697.67,8.1535,8.73,1.953
1507102,16666.0,55.3822,23.5209,611.22,6.054,7.77,6.9732
1507151,21092.0,70.5955,25.422,922.63,3.4707,14.56,1.3676
1507201,30599.0,30.4258,27.4715,520.37,7.9676,15.06,1.028
1507300,65418.0,59.7909,25.519,980.71,3.1833,11.77,2.8124
1507409,14894.0,49.9664,23.1704,681.98,2.8482,10.06,13.1542
1507458,24255.0,69.8536,24.8897,852.58,4.4308,12.26,23.2914
1507466,4430.0,19.7743,22.1445,566.06,7.5829,8.64,11.4698
1507474,20689.0,63.4637,23.8484,624.11,9.7147,12.95,2.7926
1507508,13664.0,39.6809,23.1923,684.94,10.6767,18.26,14.123
1507607,52894.0,71.5506,26.5172,739.47,4.1525,10.38,5.0756
1507706,25643.0,43.9106,28.6667,541.45,5.9412,9.48,2.1341
1507755,5847.0,81.4777,27.1934,780.97,2.5615,12.59,1.5766
1507805,22576.0,39.7015,25.6423,627.7,8.7922,15.58,0.354
1507904,24204.0,93.1375,25.5288,728.05,3.5016,6.06,1.2565
1507953,72493.0,86.727,29.0869,829.7,6.3674,10.99,5.179
1507961,10400.0,56.8077,23.4038,729.04,12.4081,7.07,0.3577
1507979,18782.0,86.5669,25.7534,692.2,4.4243,5.15,12.9052
1508001,67585.0,63.338,27.0385,710.04,5.8898,11.05,3.734
1508035,28595.0,35.5761,24.5323,536.71,3.4644,15.24,0.6181
1508050,15242.0,61.6651,26.2039,964.72,3.345,11.74,0.064
1508084,39550.0,86.263,25.6814,1120.97,2.9476,11.14,2.2612
1508100,91306.0,93.7069,26.5065,1124.55,7.2723,7.81,14.6423
1508126,37972.0,69.7514,27.3991,718.62,7.1336,12.64,10.9897
1508159,43558.0,58.9513,25.9401,840.09,4.7271,11.22,7.6237
1508209,50832.0,77.8958,24.2229,699.55,4.2972,7.53,6.2821
1508308,58692.0,51.0052,27.0565,515.8,4.4072,16.96,4.2008
1508357,15607.0,55.7442,25.7192,838.42,6.852,12.7,7.5418
1508407,52893.0,87.7054,26.3135,1187.19,3.1479,8.79,4.9106
1600055,4673.0,58.2281,27.2844,1096.98,10.2032,5.02,38.1232
1600105,7943.0,83.4823,26.2621,841.51,8.4728,9.35,8.2725
1600154,12847.0,66.9962,26.5276,885.6,12.2227,8.07,2.8571
1600204,10612.0,83.1323,25.9518,827.69,10.6819,8.84,0.252
1600212,4461.0,63.5059,27.0567,642.81,19.1283,8.88,1.0381
1600238,6666.0,70.8971,25.0825,758.6,9.4918,6.82,1.0579
1600253,5599.0,48.4015,26.469,628.24,3.1196,9.55,0.8817
1600279,35114.0,91.9434,27.0889,867.35,6.3415,10.04,3.746
1600303,442933.0,94.5515,27.2441,1313.17,8.9731,4.7,16.9061
1600402,21924.0,50.8575,29.137,650.57,10.5929,11.76,4.5292
1600501,27482.0,67.8917,28.2185,846.41,2.0079,6.67,2.1446
1600535,17848.0,67.6883,25.846,889.05,8.344,9.43,1.5962
1600550,3803.0,45.1486,25.2958,639.24,1.2281,9.41,0.1095
1600600,107618.0,95.9245,28.0882,1029.14,9.4295,7.05,5.0427
1600709,12945.0,56.0216,25.168,669.0,6.3119,10.34,1.4453
1600808,11291.0,79.9663,28.0046,656.35,5.8962,12.73,5.6221
1700251,2576.0,58.1522,21.0404,1103.87,1.6546,14.35,1.0811
1700301,4497.0,83.3,24.7721,969.45,1.7376,8.66,31.8056
1700350,5147.0,84.5153,21.6825,962.77,5.8577,10.96,1.6739
1700400,6499.0,81.4587,23.2343,901.21,4.0034,16.47,0.4329
1700707,8802.0,94.4558,23.4492,1420.73,2.4927,8.68,1.7611
1701002,10325.0,75.2252,24.6489,905.85,6.9561,13.15,43.2118
1701051,2876.0,69.3672,21.4882,864.48,14.0572,9.08,1.2304
1701101,4856.0,73.6614,21.6227,1086.79,3.1847,10.9,1.2055
1701309,5290.0,48.034,19.6219,948.87,4.3998,17.44,0.7088
1701903,5927.0,47.6126,20.6344,1126.54,2.7273,10.68,32.7996
1702000,8133.0,67.9454,20.0295,1309.8,8.5661,11.18,0.4915
1702109,171301.0,97.2394,25.9187,1450.2,4.7732,6.29,28.364
1702158,4310.0,67.0998,23.3411,882.97,3.2699,12.5,13.7602
1702208,31918.0,71.0571,25.5874,968.04,4.3147,12.74,0.9011
1702307,5550.0,78.5045,22.8468,1063.76,3.4339,12.15,4.9439
1702406,10287.0,69.2038,22.3583,1165.13,6.51,16.2,1.0196
1702554,17484.0,86.4162,25.8865,995.19,6.7119,12.52,11.7699
1702703,3342.0,67.9533,19.8683,988.14,6.6038,14.81,1.8068
1702901,10262.0,82.5473,25.229,729.12,6.6342,15.57,43.8079
1703008,7880.0,52.0558,19.7843,877.11,10.4991,15.43,2.6473
1703057,3407.0,61.2269,24.5377,1113.71,1.6456,9.74,0.6891
1703073,4476.0,74.4191,25.6032,750.89,1.1732,13.76,1.5407
1703107,4846.0,84.0487,20.7594,1073.11,2.7218,12.85,0.6845
1703206,4229.0,51.6434,21.2107,1113.41,6.9855,12.94,0.1974
1703305,4038.0,80.0396,24.6409,1047.77,2.4072,9.88,1.1219
1703602,1974.0,64.8936,20.922,945.34,6.7909,11.56,6.6763
1703701,4725.0,79.4497,19.1746,889.67,1.7363,13.17,15.7987
1703800,10307.0,76.6469,24.8278,665.2,5.0288,18.19,2.9113
1703826,1961.0,77.2565,22.0806,763.82,3.3445,14.31,10.815
1703842,8653.0,71.8017,28.129,912.29,3.3972,10.5,0.4134
1703867,4007.0,62.1912,23.7085,1174.15,0.9259,10.0,3.5156
1703883,2201.0,83.5075,23.1259,982.1,5.6,13.96,0.6693
1703891,3318.0,45.5998,24.5027,590.1,6.1475,20.61,2.2727
1703909,4847.0,63.3175,23.1277,1047.86,3.8482,8.88,0.4911
1704105,2131.0,64.8053,21.3515,860.47,14.0244,12.13,0.6477
1704600,1501.0,63.6909,17.7881,927.68,2.993,14.9,0.7105
1705102,3117.0,57.7799,22.2329,809.82,2.2078,14.27,0.5837
1705508,34233.0,96.4508,25.2154,1378.65,4.1053,8.45,76.6015
1705557,4756.0,85.7233,22.1405,1156.96,5.494,9.66,0.2872
1705607,3887.0,72.7811,22.7682,966.54,4.3056,16.76,10.0386
1706001,5331.0,51.3412,21.2343,878.4,17.2303,12.06,1.084
1706100,6371.0,81.5728,18.2389,1299.17,2.5624,9.92,0.9378
1706258,1470.0,67.6871,20.068,1034.63,3.6923,8.41,0.5906
1706506,5827.0,73.1938,23.7858,865.8,5.1452,9.07,29.0955
1707009,17739.0,87.4063,24.4602,1143.3,6.908,9.89,4.0915
1707108,7024.0,74.6298,21.2415,1231.09,2.6688,9.76,1.4607
1707207,6327.0,48.0639,18.8557,1097.58,3.0616,12.36,0.917
1707306,4248.0,67.8672,20.3861,1188.81,2.7425,9.09,0.9225
1707405,7530.0,77.3041,24.8473,723.55,6.4848,18.41,34.7864
1707553,3467.0,84.5399,22.1229,1181.37,2.9345,9.32,23.0318
1707652,5211.0,79.5433,19.6315,1201.32,0.7058,10.1,2.2587
1707702,7712.0,65.223,20.9155,922.76,4.5825,12.67,2.1518
1708205,18881.0,71.2356,22.5041,1174.54,3.0346,9.53,2.8651
1708254,3455.0,78.3502,25.0072,1092.33,1.4124,9.5,0.1747
1708304,4738.0,60.7218,22.2035,1104.48,0.8772,13.21,0.5322
1709005,12433.0,55.1355,24.2661,803.98,3.9601,16.65,3.842
1709302,24775.0,91.6529,23.6327,1406.97,2.6409,6.39,51.3985
1709500,85125.0,97.6505,24.0787,1665.16,2.8673,4.16,41.4389
1709807,1590.0,53.0818,19.1195,1060.8,1.0753,15.4,0.1776
1710508,6819.0,59.9355,22.5986,951.97,2.9637,12.17,34.9375
1710706,5172.0,55.9745,20.9203,850.59,5.136,15.25,35.8209
1710904,3577.0,66.0889,22.0296,933.46,0.8914,11.38,0.314
1711100,2404.0,65.4742,21.8386,1076.92,5.6553,10.26,0.2433
1711506,3334.0,40.2819,18.5363,1033.94,2.1475,11.48,0.5659
1711803,2243.0,53.9902,21.8457,791.63,4.5005,13.71,
1711902,15288.0,75.2747,25.9942,1229.28,1.2563,7.21,1.625
1711951,3516.0,71.3879,24.6871,777.8,6.9786,15.03,7.1161
1712009,3357.0,72.4754,20.852,1306.33,1.4526,6.4,4.2955
1712157,1626.0,65.7442,20.5412,904.21,5.28,17.23,0.8532
1712405,2999.0,72.8243,21.3071,912.48,3.6817,18.56,0.8105
1712454,2717.0,73.6106,21.4207,658.43,0.3871,11.63,0.6897
1712504,4615.0,55.9263,22.9686,1221.45,0.935,8.75,0.941
1712702,2748.0,56.4774,27.2562,775.8,5.1232,15.69,2.0962
1712801,3095.0,59.2569,22.7787,810.37,3.413,15.77,0.7014
1713205,18566.0,82.7642,23.0691,1345.89,3.807,8.26,3.4093
1713304,12701.0,89.6622,22.4077,1172.19,1.5283,8.5,1.1369
1713601,5694.0,49.4029,19.4064,1018.53,1.6848,15.73,0.4666
1713700,2396.0,55.0918,18.5726,969.74,1.459,10.42,1.2472
1713809,4872.0,59.3801,22.7217,812.99,2.3346,14.8,0.6439
1713957,3367.0,54.2026,22.4532,925.82,4.0712,12.29,0.4244
1714203,8754.0,83.1391,21.7843,1184.27,0.6466,12.16,0.9474
1714302,4521.0,44.415,20.7697,810.68,3.5494,15.67,0.5225
1714880,10367.0,74.5635,23.0057,916.26,3.6956,10.94,0.8814
1715002,3362.0,82.6889,20.0476,1068.55,1.5115,8.86,0.7712
1715101,3969.0,82.2625,22.4238,1024.13,1.8315,8.64,0.6767
1715150,1846.0,74.7021,17.0639,1123.63,3.6936,13.14,22.0056
1715259,2230.0,75.0224,23.6771,876.15,4.2353,17.78,0.142
1715507,1164.0,84.4502,20.0172,925.74,2.6455,13.91,1.7588
1715705,4798.0,40.4752,21.6757,862.06,4.3584,14.15,0.1203
1715754,6975.0,84.0143,21.448,1242.87,2.9588,9.64,0.5538
1716109,52360.0,96.6749,24.2819,1526.29,3.3468,4.45,19.7386
1716208,10542.0,59.059,21.4286,977.59,2.82,16.94,0.7902
1716307,4043.0,69.3792,21.4939,933.91,1.4947,13.24,1.6035
1716505,14055.0,91.8392,24.7456,1441.4,2.4636,8.3,1.8569
1716604,9317.0,48.9428,19.4591,1080.34,7.2437,14.26,23.5518
1716653,4921.0,51.8797,21.6623,1002.46,4.8654,13.52,
1716703,8941.0,72.0277,21.9662,1172.54,4.592,11.18,1.5581
1717008,4478.0,64.7387,21.8624,787.79,11.4994,13.49,1.8121
1717206,2282.0,48.0719,19.0622,857.47,0.2886,16.46,0.3783
1717503,7128.0,53.367,20.9877,1037.53,3.0581,11.23,0.2527
1717800,4220.0,55.1185,20.4028,817.92,16.6346,17.04,2.0253
1717909,7586.0,68.0596,22.3306,906.89,3.7874,12.1,0.4804
1718006,2866.0,73.9358,23.0635,881.18,18.9939,13.99,
1718204,64418.0,89.7498,23.0727,1349.96,4.2226,5.76,48.7714
1718303,9044.0,60.2278,25.8182,721.44,15.0321,14.83,25.9169
1718402,3047.0,84.8704,21.5294,1017.64,1.7529,10.22,1.0319
1718451,2193.0,80.2098,23.2102,912.8,3.9146,10.46,1.0191
1718501,3421.0,52.9085,23.4142,723.11,1.9231,22.48,0.2876
1718550,3960.0,45.101,22.1717,708.06,1.3195,15.69,0.6354
1718659,1768.0,90.724,24.6606,913.38,7.4074,11.02,0.5282
1718709,2738.0,58.656,21.5486,916.21,2.0115,13.38,0.4162
1718758,4841.0,41.8302,19.7273,987.98,1.9387,13.16,1.0817
1718808,4215.0,83.5113,26.121,832.94,8.3586,16.22,20.9729
1718840,3723.0,56.0838,20.0645,1043.85,2.3907,10.64,8.4668
1718865,7216.0,66.4634,24.3902,1011.88,4.6216,12.29,0.381
1718881,2680.0,68.6567,20.3358,915.7,3.1893,9.71,0.6508
1718899,2219.0,45.1555,22.2623,1145.36,3.2096,10.13,0.7692
1718907,4653.0,71.5237,22.8025,848.41,1.4892,13.27,0.9579
1719004,2781.0,65.9115,22.5458,942.39,0.7018,12.7,1.4068
1720002,2406.0,62.0116,21.3633,793.1,1.5965,13.4,
1720101,5654.0,57.1277,24.0891,750.11,6.0009,13.05,2.0528
1720150,1783.0,71.3965,25.687,1195.77,2.9308,9.95,
1720200,13241.0,69.3754,24.6507,820.57,1.9488,13.54,0.69
1720259,2385.0,50.8176,18.7421,815.37,10.0522,15.92,3.1469
1720309,4100.0,76.3902,23.561,868.76,3.8585,14.66,0.5668
1720499,4422.0,67.4582,18.3627,1074.49,5.7485,13.8,0.472
1720655,5108.0,83.5944,21.2999,1231.48,3.6214,9.86,1.7361
1720804,10830.0,51.3666,24.3952,803.3,5.791,16.05,17.7914
1720853,1577.0,72.1623,20.6088,1087.47,9.9462,11.65,0.6768
1720903,14011.0,73.7992,22.8606,1004.29,8.5682,11.67,24.3864
1720937,2021.0,78.8718,20.6333,1041.52,1.3382,13.86,0.4412
1720978,2456.0,59.2834,18.8925,1136.59,4.8908,11.37,33.952
1721000,302692.0,97.8688,27.2382,2260.06,3.3869,2.98,73.2643
1721109,7459.0,35.1656,24.6548,755.36,1.262,9.16,4.8
1721208,22615.0,77.3071,23.9133,1055.63,3.9836,9.28,31.636
1721257,1909.0,67.6794,21.5296,1308.74,0.5587,13.09,2.5836
1721307,1874.0,58.4845,19.6905,1052.03,7.3236,15.53,0.1475
1722081,10522.0,83.9859,22.9424,870.86,4.9193,13.11,0.4241
1722107,10517.0,80.3556,22.9248,1051.05,8.5171,14.18,1.9088
2100055,106550.0,88.7658,25.4735,1007.41,6.35,11.66,10.3117
2100105,6144.0,49.3978,26.6113,605.56,1.7789,21.39,5.9447
2100154,12142.0,24.757,24.7323,597.92,3.9834,21.66,7.1126
2100204,18467.0,27.0049,22.6404,681.48,3.5456,17.73,5.4389
2100303,23286.0,67.4912,25.6248,533.46,5.9826,25.6,7.443
2100402,6447.0,46.0059,24.1508,798.15,11.116,25.11,17.6923
2100436,24048.0,80.4641,25.9606,671.08,7.4331,21.98,4.3103
2100477,25710.0,54.7608,25.0292,616.57,4.9793,20.58,1.1044
2100501,11109.0,75.2723,26.105,803.48,9.1725,10.68,27.6358
2100550,7170.0,75.7322,27.4756,546.81,6.3025,19.6,1.4815
2100600,37085.0,42.6102,25.7894,602.61,8.3178,19.95,1.4103
2100709,25322.0,32.7186,23.3394,647.55,6.1298,18.82,0.4903
2100808,13793.0,55.9414,26.8687,647.27,1.6272,20.0,0.1752
2100832,17519.0,66.1739,26.6682,594.97,2.2764,14.16,0.0991
2100873,11181.0,45.8099,25.2571,601.3,9.4074,18.54,0.5607
2100907,39052.0,28.6464,23.8631,495.55,10.4546,25.65,0.1754
2100956,25517.0,41.3724,26.982,570.78,2.9684,23.05,0.629
2101004,29472.0,59.358,24.4639,723.36,6.5852,14.91,4.4613
2101103,11790.0,41.3062,26.2002,692.03,5.817,9.9,0.628
2101202,103711.0,80.06,25.0986,894.93,5.2212,12.21,22.7343
2101251,16966.0,69.6393,25.3448,704.29,10.0165,11.95,2.5142
2101301,16290.0,51.2216,24.3217,639.65,5.1983,17.5,0.8194
2101350,5252.0,27.361,22.3534,624.92,3.5115,16.45,0.4018
2101400,101767.0,87.948,28.1928,1166.62,6.1474,8.06,11.9058
2101509,18984.0,65.8239,24.1098,815.92,6.4747,14.4,1.4295
2101608,84532.0,68.9301,25.0142,817.61,5.661,19.52,3.4112
2101707,65589.0,43.7741,27.7851,612.86,6.2996,14.79,8.0296
2101731,8460.0,52.5768,29.3735,388.46,12.2559,21.17,0.0966
2101772,11750.0,59.8128,25.9915,670.39,7.3402,18.22,0.8305
2101806,5469.0,61.748,23.2401,715.98,3.8436,18.63,2.0501
2101905,19584.0,30.6628,21.7167,679.09,6.619,15.29,0.1789
2101939,5840.0,44.2295,22.6712,728.32,1.9471,16.92,2.274
2101970,7574.0,81.1724,27.0663,570.27,11.8562,18.95,0.466
2102002,33100.0,49.0846,24.9728,545.68,5.214,24.57,6.398
2102036,28599.0,63.2644,25.7142,698.74,6.133,20.56,1.7304
2102077,12212.0,31.7393,25.3112,638.84,9.9239,24.62,8.118
2102101,34120.0,46.8699,25.7532,615.04,7.1773,19.83,1.2236
2102150,9218.0,32.4365,27.3161,516.09,7.0976,23.5,0.7859
2102200,29685.0,33.3165,27.1248,489.45,9.2549,21.6,0.0742
2102309,22455.0,75.8851,24.0036,593.63,7.7501,21.28,0.4804
2102325,55499.0,71.9346,26.6293,667.09,8.4413,19.04,8.9357
2102358,12918.0,30.8794,22.7976,696.88,5.5176,18.84,0.2187
2102374,9732.0,44.5849,26.9523,389.45,5.3938,19.07,0.1119
2102408,10121.0,35.787,25.2445,507.33,13.5306,17.58,0.318
2102507,16412.0,22.7334,24.3237,552.62,4.9628,13.59,0.3261
2102556,12301.0,79.3594,24.6647,833.52,4.6063,14.31,17.3902
2102606,19932.0,67.5647,24.6639,587.02,7.3756,16.34,0.1408
2102705,24303.0,67.9875,28.9964,737.41,13.1085,15.89,1.7121
2102754,11374.0,52.6376,23.5713,780.81,15.1316,21.2,0.6147
2102804,24062.0,69.4539,23.1693,936.53,4.7511,10.86,23.8126
2102903,24238.0,73.7478,25.7282,676.39,12.6672,12.14,3.7226
2103000,156973.0,77.2585,24.6125,853.08,7.9349,16.44,19.339
2103109,10208.0,23.7265,23.3738,616.29,4.5455,10.92,0.8422
2103125,7094.0,57.9645,24.6828,580.82,6.0552,17.09,0.181
2103158,12342.0,57.8674,27.9938,735.27,5.2432,18.42,0.6397
2103174,16267.0,45.2757,28.4687,705.59,4.2676,16.45,0.1109
2103208,81386.0,75.4098,26.1986,741.25,6.7455,16.14,0.8677
2103257,12878.0,54.8455,24.274,831.99,9.8884,16.35,4.3195
2103307,114275.0,72.8095,24.5075,725.27,8.5017,20.14,13.4831
2103406,41658.0,82.8028,24.5811,671.03,11.1007,18.76,3.7093
2103505,40316.0,68.665,26.1137,711.68,9.6442,18.26,1.4661
2103554,14915.0,47.4891,26.9058,542.17,2.7488,19.65,2.363
2103604,59566.0,70.834,24.326,625.41,9.4026,20.76,7.6394
2103703,31558.0,71.3702,22.926,699.05,7.5693,15.04,3.2699
2103752,14404.0,88.2949,25.6526,823.31,6.4447,11.69,9.3914
2103802,23053.0,71.2836,23.9014,863.58,6.6532,15.23,9.2266
2103901,10223.0,54.9252,27.3012,535.56,9.0833,24.3,0.6186
2104008,18311.0,54.6884,23.9474,641.75,4.5931,18.83,5.0622
2104057,33294.0,77.3593,24.7943,1045.87,3.7978,9.73,7.9253
2104073,8048.0,35.1889,25.8325,680.02,2.0,14.71,0.2818
2104081,10873.0,19.4243,27.4993,584.52,2.5215,24.45,6.6342
2104099,17719.0,36.8362,26.971,658.6,5.9555,14.12,0.585
2104107,12640.0,64.3038,26.1313,922.26,2.4202,10.23,0.2819
2104206,16976.0,59.3426,23.598,663.54,5.5251,20.94,3.1542
2104305,10186.0,86.5993,24.7006,799.67,14.6299,11.64,0.5732
2104404,17206.0,47.7624,23.7766,761.9,6.3533,21.73,1.9667
2104503,10231.0,72.339,25.325,708.84,3.2955,18.29,3.1682
2104552,18411.0,83.738,24.8601,790.85,3.0459,14.6,4.3675
2104602,13930.0,35.6856,24.1709,734.73,5.5218,21.65,0.2529
2104628,7063.0,69.4181,24.0974,710.62,4.1902,19.9,0.4119
2104651,10713.0,53.9158,29.5902,619.07,34.7021,21.28,2.1383
2104677,23128.0,67.9782,26.5566,678.51,5.7392,17.54,6.1582
2104701,6023.0,47.2024,21.8662,681.18,6.9393,20.56,1.1122
2104800,73872.0,64.7918,26.3713,821.45,3.4545,16.21,2.341
2104909,10290.0,54.1983,19.9708,740.79,4.0242,11.52,0.3982
2105005,25680.0,44.9922,27.8816,415.69,7.6894,17.85,2.5773
2105104,24794.0,38.6747,27.2485,439.27,17.3716,18.66,3.2832
2105153,13974.0,50.9446,25.8194,646.04,3.3851,20.27,6.1493
2105203,10231.0,65.1061,23.1258,800.72,5.2696,20.76,12.3526
2105302,273110.0,95.932,25.6948,1324.19,4.4391,6.73,46.6044
2105351,13828.0,43.1371,25.8316,553.45,2.4766,24.22,3.6998
2105401,60440.0,60.7644,24.9024,658.19,5.7976,15.37,12.014
2105427,22513.0,75.1699,24.2704,882.07,4.1338,15.28,1.1093
2105450,7471.0,47.1289,26.1545,559.77,9.6695,19.82,0.8772
2105476,17076.0,16.4734,26.4406,465.99,1.7651,28.17,10.3249
2105500,24709.0,68.6956,25.6425,850.02,4.4347,13.24,3.2258
2105609,14924.0,48.2645,23.2779,669.96,12.1894,21.35,1.3659
2105658,5146.0,58.6086,24.5433,569.66,12.8651,17.52,1.4009
2105708,44403.0,69.7768,25.6762,819.51,5.1409,21.85,3.2648
2105807,9506.0,44.1931,24.5424,780.64,2.573,22.51,5.9951
2105906,14769.0,35.6558,25.4316,665.18,7.4909,24.46,1.6256
2105922,10572.0,47.1623,24.4892,568.19,20.7929,20.91,0.4736
2105948,8758.0,56.8851,23.156,774.33,3.0096,20.85,1.1429
2105963,11411.0,66.4447,25.6156,589.81,1.8182,25.76,0.921
2105989,7057.0,51.0982,22.7717,765.61,4.4832,15.65,1.7933
2106003,11297.0,61.3614,22.7228,831.6,6.4031,21.07,19.2676
2106102,11597.0,59.8689,26.0412,747.53,4.5577,12.43,0.9991
2106201,7161.0,86.5801,24.7172,592.02,5.0136,13.18,0.8038
2106300,13807.0,55.1025,24.2413,660.15,9.9758,20.76,0.9492
2106326,21149.0,83.3089,25.6182,546.44,10.9614,17.77,0.2
2106359,7027.0,21.3178,27.3943,425.87,3.2416,24.86,0.2086
2106375,13761.0,56.9726,26.5242,468.04,3.1444,23.02,2.5256
2106409,17090.0,51.5448,26.2259,624.96,4.2571,19.0,5.0385
2106508,22034.0,38.5677,23.2958,630.66,4.1945,12.82,0.3666
2106607,32174.0,50.5097,25.0886,597.81,10.5193,24.5,1.9853
2106631,17432.0,47.8603,31.1152,446.05,12.4426,25.73,7.4046
2106672,8818.0,17.8612,26.2078,433.27,1.9833,28.07,
2106706,21030.0,52.0352,25.5159,584.89,4.5667,20.23,1.3798
2106755,23864.0,83.1545,27.6316,629.09,4.6339,11.74,11.4784
2106805,13978.0,64.1079,24.0163,750.33,5.5877,9.4,13.6835
2106904,27751.0,45.6596,25.6928,555.93,4.6908,18.14,1.2569
2107001,9106.0,53.3824,23.5559,775.51,5.4102,14.56,1.385
2107100,18554.0,40.6597,26.7382,509.29,13.5818,17.69,0.386
2107209,14176.0,40.371,28.252,535.22,8.2456,14.89,1.1061
2107258,5021.0,46.0864,25.8713,765.0,2.7877,15.37,0.1358
2107308,4320.0,67.3148,23.3102,727.08,1.8714,16.62,29.0855
2107357,14314.0,66.5223,25.5973,627.94,9.612,21.14,1.28
2107407,17919.0,56.7889,24.0527,786.89,5.8368,23.07,2.5582
2107456,13577.0,46.6966,25.3296,566.55,6.2746,17.15,3.3886
2107506,145643.0,99.4432,23.8748,1055.14,7.6556,3.89,42.3757
2107605,21059.0,19.2982,22.7836,522.16,18.3709,19.04,2.2934
2107704,18274.0,78.2204,22.9069,735.73,4.3691,19.74,4.3345
2107803,31250.0,42.4896,23.552,609.43,4.4141,23.18,23.2536
2107902,17220.0,66.1266,24.0825,634.75,11.6967,23.56,1.0574
2108009,18802.0,72.12,24.8059,759.03,6.7111,15.47,0.2451
2108058,17056.0,37.7521,27.2749,560.24,6.5983,19.77,0.0905
2108108,20341.0,56.5656,25.7706,668.82,3.286,25.82,1.5948
2108207,37050.0,83.1687,23.3009,1102.76,4.6698,12.95,28.3331
2108256,24320.0,32.3067,24.7492,507.8,7.929,18.78,0.2882
2108306,32511.0,46.901,24.4994,565.26,4.9238,16.12,0.6923
2108405,11108.0,29.4112,22.2722,665.56,10.3387,13.72,0.4759
2108454,20479.0,61.6388,25.0256,710.01,7.9719,21.98,1.0487
2108504,31429.0,70.5145,25.0947,786.22,7.1104,14.4,20.316
2108603,84621.0,66.9574,24.3651,833.75,10.3366,12.29,2.8112
2108702,21886.0,56.7989,25.1302,726.65,3.6494,20.5,8.5048
2108801,17714.0,67.4212,27.5545,629.73,20.25,21.22,0.6679
2108900,17161.0,47.4098,21.5838,810.21,7.2037,22.95,13.2866
2109007,23903.0,80.6677,24.2689,1084.18,8.848,10.16,7.3524
2109056,5954.0,41.5687,20.8767,671.08,2.2234,10.93,0.4805
2109106,45155.0,72.3419,24.5598,1062.56,3.7408,14.5,8.8424
2109205,11356.0,38.9486,27.2455,539.16,14.2689,18.46,0.2847
2109239,4696.0,77.96,25.724,663.31,4.3277,19.13,0.8658
2109270,17511.0,51.2478,24.5389,516.19,7.1499,19.44,4.2562
2109304,10549.0,45.957,25.5854,549.26,6.5155,17.57,2.7644
2109403,13614.0,29.4256,27.5892,413.0,28.3773,19.24,0.333
2109452,30839.0,99.2412,25.8893,872.96,6.7343,8.87,7.4779
2109502,22145.0,52.7072,24.168,751.06,6.632,13.1,0.2659
2109551,7420.0,51.1186,22.2102,725.47,8.0042,15.75,12.2373
2109601,38475.0,66.4769,24.7771,675.16,6.5983,10.97,5.0066
2109700,5568.0,52.5144,24.6049,703.14,8.0304,18.67,0.4765
2109759,6697.0,33.7912,26.4447,602.71,9.3301,20.68,0.4998
2109809,41561.0,50.3453,26.6452,599.67,20.9661,19.37,0.4083
2109908,85014.0,89.5676,25.5158,979.59,5.937,11.01,26.3037
2110005,57635.0,47.0599,25.1896,712.85,5.9127,21.34,6.045
2110039,24307.0,75.9575,25.9514,793.93,3.1691,13.47,0.3645
2110104,23957.0,56.0462,26.6144,509.6,15.052,20.72,2.4187
2110203,37035.0,47.3228,25.6325,667.41,7.0034,14.53,1.0167
2110237,10567.0,22.4094,24.0087,552.6,7.5909,24.7,5.5894
2110278,13949.0,39.7663,27.3926,520.09,4.6911,16.79,0.2535
2110302,14304.0,49.1471,24.6504,717.65,4.759,20.36,13.0046
2110401,18364.0,65.2581,27.7173,445.33,11.1457,18.19,0.4981
2110500,46395.0,59.5711,23.44,536.73,10.6899,15.86,0.8151
2110609,26943.0,49.4266,25.4203,648.46,5.6181,18.11,1.159
2110658,7992.0,70.1326,26.464,762.98,10.7284,17.41,0.3557
2110708,34034.0,54.2516,24.1876,758.81,6.4404,18.95,4.0858
2110807,4402.0,38.846,22.2853,673.96,8.642,19.78,0.1413
2110856,9051.0,52.1379,24.3951,766.28,8.4006,14.97,0.3172
2110906,12064.0,35.9582,23.8312,595.04,5.7981,22.77,0.1576
2111003,18544.0,32.6898,23.6303,591.36,10.0,16.17,0.1016
2111029,12251.0,54.6323,27.2794,554.76,5.9364,25.78,1.0253
2111052,9904.0,56.2803,23.3542,773.11,7.2692,13.79,0.7484
2111078,16889.0,43.6912,24.9748,537.27,5.5975,24.5,1.7527
2111102,25020.0,86.4468,23.3413,851.72,8.1943,15.05,1.8496
2111201,244579.0,98.4713,25.2667,1134.31,7.3816,4.35,32.2727
2111250,6957.0,40.1897,23.4728,543.75,4.1053,21.9,0.6167
2111300,1037775.0,99.2449,24.5186,1595.48,7.3144,3.4,53.6444
2111409,17818.0,42.053,24.8513,635.4,11.9002,23.53,18.9029
2111508,38829.0,74.1044,24.5255,753.38,7.1867,17.51,9.37
2111532,14338.0,83.0799,25.1918,728.31,6.5495,17.52,2.5407
2111573,5783.0,54.4181,27.529,726.47,14.7091,8.41,6.9631
2111607,18672.0,73.7307,25.7337,850.43,9.0507,12.25,3.5899
2111631,5650.0,33.9292,26.7434,589.9,8.2991,20.13,0.178
2111672,4544.0,54.3354,25.7923,545.37,0.9091,23.31,2.8571
2111706,19498.0,28.3978,23.4127,605.08,4.4998,20.77,0.2723
2111722,8784.0,43.6362,27.1744,634.69,3.561,23.31,1.3469
2111748,10207.0,61.0072,26.1291,661.54,6.3639,22.58,
2111763,14700.0,68.7279,24.8435,797.07,5.3222,18.28,16.1346
2111789,10202.0,43.4033,24.3384,642.91,5.5603,19.31,1.4295
2111805,17074.0,34.4208,23.7086,668.73,9.2027,13.98,2.309
2111904,10238.0,55.6652,24.3407,694.83,3.5536,17.4,2.4304
2111953,4985.0,53.9619,23.992,658.02,3.3083,22.8,0.5747
2112001,8862.0,69.6005,26.1228,889.15,8.0212,11.19,26.5353
2112100,26484.0,70.6464,25.2417,538.9,7.0737,25.16,3.2475
2112209,174465.0,89.2311,24.523,937.58,7.8695,10.52,21.7532
2112233,22484.0,84.8203,23.9281,801.9,4.8851,15.41,20.6821
2112274,5507.0,54.349,25.9125,622.31,3.4409,19.7,5.4882
2112308,36251.0,47.789,24.0573,648.84,4.6857,21.41,11.9814
2112407,37491.0,34.4269,27.1078,548.2,6.2971,12.63,0.3227
2112456,31638.0,42.9831,28.5606,469.19,18.349,20.55,0.513
2112506,53356.0,54.8242,26.267,594.37,8.5709,19.1,2.7265
2112605,32812.0,60.0512,29.0443,552.47,7.74,17.45,0.7559
2112704,43261.0,66.4825,25.924,616.42,9.5761,19.5,5.8531
2112803,51442.0,57.558,24.3867,717.55,4.5602,12.02,7.4252
2112852,10362.0,65.0936,24.5512,727.65,6.1547,20.65,1.5097
2112902,30805.0,58.7989,23.8078,641.96,4.1839,16.72,1.2611
2113009,30845.0,56.6802,24.3216,754.86,4.5716,20.32,1.3309
2114007,40801.0,67.2974,24.867,760.1,4.8189,17.88,5.0598
2200053,6420.0,23.9097,22.2741,611.2,4.1501,15.89,0.0903
2200103,4940.0,81.1943,20.749,728.51,10.9897,19.24,5.5749
2200202,17573.0,89.1538,23.2345,838.94,6.0751,11.56,26.0374
2200251,6819.0,56.0199,20.6189,640.87,15.9311,31.78,15.8835
2200277,4634.0,65.5589,21.817,652.29,50.4673,27.57,0.6897
2200301,13479.0,49.885,20.9363,754.37,5.2423,24.9,0.9432
2200400,47453.0,72.0734,23.4211,836.62,10.1059,16.18,15.2254
2200459,5322.0,39.5716,23.9384,644.28,10.4452,16.89,0.5389
2200509,17234.0,53.3074,20.8889,765.13,5.6835,18.63,4.7619
2200608,6827.0,78.1602,22.0302,869.02,9.1105,16.99,1.2225
2200707,9407.0,50.6538,22.6746,740.25,14.2633,21.94,1.1927
2200806,3152.0,79.9492,21.4467,906.69,5.9581,15.84,18.8462
2200905,5369.0,64.8165,18.9607,732.79,8.6927,24.2,4.1277
2200954,2690.0,13.4201,20.7063,705.46,,33.96,0.4255
2201002,4520.0,56.8584,23.8717,683.68,5.0405,23.11,2.0222
2201051,7452.0,42.0558,23.3092,499.26,6.8716,26.56,2.2959
2201101,10866.0,64.5592,21.259,678.26,8.4314,17.41,0.1911
2201150,13272.0,62.9822,28.0591,816.19,7.0809,14.63,15.4005
2201176,3995.0,55.194,21.0763,661.27,12.3675,21.16,0.1367
2201200,47938.0,50.7301,23.7223,741.61,4.873,22.9,0.8188
2201309,3264.0,59.4669,25.1532,660.51,0.2632,13.48,1.3848
2201408,6640.0,73.8102,22.3343,740.09,13.0457,20.42,2.2049
2201507,26300.0,44.1673,23.1559,649.57,6.0361,23.7,0.9205
2201556,4091.0,43.1435,24.2972,691.55,10.0432,14.47,0.8921
2201572,3423.0,59.48,22.6702,843.88,5.2968,27.85,0.7958
2201606,9929.0,62.2923,20.8782,652.94,8.468,24.9,23.3048
2201705,5562.0,79.288,23.6246,945.82,5.7057,14.54,0.1702
2201739,6220.0,35.1447,23.6817,574.1,6.9712,26.34,0.0488
2201770,6902.0,48.0875,24.109,616.36,8.3032,25.79,0.9126
2201804,4078.0,43.7715,18.1707,900.37,6.7337,15.45,13.0628
2201903,28796.0,82.0044,26.6877,1130.24,6.6689,10.24,23.4345
2201919,5636.0,33.978,24.1128,544.35,11.9266,19.01,0.11
2201929,5913.0,30.2723,23.423,637.35,22.1523,23.42,
2201945,6545.0,47.9603,22.0474,672.54,21.6807,19.25,0.5725
2201960,8436.0,46.8468,22.0365,799.36,11.3227,20.27,0.7447
2201988,3904.0,38.7039,22.1311,662.87,10.5922,22.22,0.0724
2202000,19654.0,64.4296,23.5677,655.04,6.0045,20.2,2.5546
2202026,7434.0,36.481,25.1143,666.86,2.7563,21.63,0.3386
2202059,10212.0,23.5703,22.4834,623.38,5.0142,22.97,12.2506
2202075,3108.0,37.7735,22.8121,630.48,4.6429,20.37,
2202083,7957.0,71.4842,23.9412,833.97,3.9258,18.67,0.16
2202091,5503.0,39.1241,24.6048,710.22,3.2299,23.48,0.0539
2202109,4938.0,34.0219,20.3119,685.57,1.0033,21.07,4.122
2202117,4616.0,29.2461,23.0069,636.4,24.4052,28.89,1.0019
2202133,6020.0,39.1528,22.7409,686.67,14.3611,24.5,6.7691
2202174,7419.0,22.8737,27.5913,525.88,10.2378,24.98,0.1368
2202208,45793.0,75.4089,21.6583,1038.91,5.5626,13.47,9.0028
2202251,3414.0,49.6485,21.6169,755.33,1.1732,16.18,17.4067
2202307,19365.0,60.8366,22.6801,913.41,9.1816,19.16,8.9225
2202406,11100.0,59.4955,22.7117,618.65,9.2117,20.26,0.7735
2202455,3974.0,37.4434,22.5969,677.47,8.8078,20.03,2.6243
2202505,10318.0,39.2033,24.937,643.52,21.5646,27.17,0.1806
2202539,5630.0,17.9929,24.2274,554.55,2.8427,28.89,0.1048
2202554,5033.0,46.1554,24.4586,633.05,12.2826,22.43,2.8002
2202604,19288.0,59.1611,21.5937,711.61,7.1376,21.36,2.1474
2202653,5496.0,18.4316,25.6732,577.3,1.9904,27.97,0.6222
2202703,28212.0,44.7682,25.7692,594.08,3.2218,25.79,0.6486
2202711,4911.0,54.8361,22.2969,716.92,1.7159,21.83,1.0916
2202729,6386.0,48.9665,24.3815,567.23,7.2086,30.32,0.2719
2202737,4117.0,40.4178,22.6864,658.23,1.3863,21.16,0.2331
2202752,6150.0,79.3496,22.5691,843.92,9.5652,15.14,1.0664
2202778,6994.0,40.692,22.4335,716.44,4.189,23.59,1.7343
2202802,4932.0,52.4534,20.6813,776.18,19.8987,23.36,2.0528
2202851,4250.0,34.7294,20.8,724.86,13.001,21.94,
2202901,27278.0,63.7143,25.1925,946.37,7.5648,10.44,12.6443
2203008,7356.0,45.5546,22.7433,684.39,2.1352,19.73,1.6515
2203107,10503.0,72.446,23.717,857.08,8.9115,14.41,4.3056
2203206,11270.0,70.63,23.6735,693.11,12.4598,13.6,0.9879
2203230,4854.0,30.3461,24.0832,664.97,24.5098,19.79,2.0
2203255,4413.0,41.4231,21.7312,744.99,4.4787,17.87,
2203271,5073.0,46.6194,26.2567,567.11,10.3846,24.46,0.0635
2203305,16352.0,84.1854,23.1103,862.34,4.1688,12.03,19.7253
2203354,7054.0,39.467,22.0442,799.6,9.2885,20.43,0.8392
2203404,6320.0,59.3987,21.6456,918.12,6.1895,16.66,0.7159
2203420,4075.0,22.8221,22.8466,591.0,23.796,23.56,0.6829
2203453,9159.0,32.5145,22.1749,748.74,4.4518,17.37,0.0315
2203503,13607.0,71.691,19.4238,794.04,8.4753,24.26,10.9655
2203602,4377.0,78.7526,20.4935,886.51,5.0667,16.39,2.9335
2203701,40970.0,61.2741,23.7442,826.99,6.2376,17.92,4.0051
2203750,5284.0,26.1166,22.5587,575.61,10.4545,25.23,0.2869
2203800,4414.0,44.0643,20.9334,629.95,21.3129,25.03,0.4467
2203859,2333.0,42.4775,19.8457,727.11,10.1871,36.85,3.1323
2203909,62036.0,90.2154,23.4396,1223.01,7.5176,8.73,23.4182
2204006,4505.0,62.7969,19.3341,679.25,17.907,25.3,0.3652
2204105,4412.0,48.3908,19.447,701.6,0.6203,24.07,0.2628
2204154,2929.0,45.7835,22.226,693.49,15.9453,25.22,0.098
2204204,8237.0,59.6576,21.2335,882.67,2.5112,21.09,4.903
2204303,10259.0,70.1238,22.0879,790.71,4.5315,20.97,39.3503
2204352,5445.0,27.1258,22.6079,667.92,9.0652,26.38,0.3106
2204402,10892.0,69.5832,24.2931,747.26,12.5,15.92,0.5633
2204501,10270.0,94.3233,21.5093,1002.95,5.1246,14.53,56.4748
2204550,4276.0,32.3901,25.8887,511.07,36.0275,24.06,0.3808
2204600,3518.0,81.9784,21.7453,795.13,3.8961,22.79,4.1281
2204659,9274.0,84.656,25.1564,675.74,8.4144,16.38,21.9222
2204709,14958.0,50.8089,21.7877,822.11,6.9729,21.31,1.1298
2204808,9420.0,66.6242,22.7495,708.73,9.706,14.95,16.7832
2204907,7774.0,28.9812,22.3437,606.85,4.2206,23.74,19.5669
2205003,10790.0,27.2845,20.2132,783.42,11.1555,27.51,7.922
2205102,10323.0,61.7069,20.7788,828.9,11.5175,17.53,2.4178
2205151,5613.0,39.3551,20.7732,800.2,0.6497,25.74,0.0511
2205201,17527.0,51.4977,22.4168,728.46,10.8813,28.93,6.6975
2205250,4180.0,31.1722,20.3589,698.08,19.6017,25.74,1.8169
2205276,4494.0,21.2506,20.2937,724.37,13.8286,20.35,0.6102
2205300,4497.0,54.881,22.8597,958.54,7.1786,18.85,2.2773
2205359,2970.0,28.4512,20.404,613.26,1.194,21.1,5.2314
2205409,13886.0,32.6948,25.198,613.19,6.3386,23.26,9.2272
2205458,5394.0,36.7445,23.7301,545.86,50.9717,30.9,0.1228
2205508,42559.0,64.2614,23.1044,709.87,8.3814,16.61,12.5886
2205516,5214.0,34.2539,24.9329,798.22,7.722,19.1,0.0565
2205524,5388.0,35.5234,23.1626,611.82,13.8308,12.08,
2205532,4425.0,16.3842,21.6949,570.59,6.4,27.06,0.2625
2205540,2939.0,61.4495,23.2392,646.62,16.2816,19.2,1.5826
2205557,8256.0,41.1701,25.0363,735.09,9.3697,21.05,7.0667
2205565,4995.0,30.3103,24.2242,791.53,15.3129,20.74,3.021
2205573,6331.0,32.1118,24.3563,610.03,4.5179,21.61,0.4008
2205581,4810.0,57.1726,22.4116,781.88,8.3478,16.16,1.8228
2205599,4520.0,39.9336,19.7124,692.81,8.2454,27.57,0.759
2205607,5213.0,73.873,21.3505,766.24,4.7364,15.42,4.5708
2205706,30641.0,46.4606,24.2453,694.72,5.1208,19.55,0.8203
2205805,25375.0,55.9921,22.999,648.33,4.4567,24.2,1.8251
2205854,8032.0,43.7749,25.4731,617.37,11.3511,21.56,0.4421
2205904,5209.0,70.0518,21.9428,790.65,11.1823,18.1,0.694
2205953,8533.0,86.8159,26.0635,723.89,6.416,22.69,0.1417
2206001,4724.0,85.6054,21.486,822.41,1.1288,17.07,12.4272
2206050,5218.0,18.0337,22.4032,569.05,8.399,32.81,8.0367
2206100,10641.0,49.422,23.6726,625.81,2.9916,23.37,1.218
2206209,32150.0,33.1975,24.8398,561.01,7.0275,25.68,2.9012
2206308,1318.0,68.5129,25.1138,694.67,1.084,16.79,1.2315
2206357,6542.0,29.7615,22.6689,548.51,7.6976,27.0,0.0468
2206407,10255.0,55.3096,21.0336,799.67,7.0829,15.91,3.5562
2206506,7577.0,49.2675,22.2647,748.47,6.6723,25.84,9.2613
2206605,10660.0,29.531,24.531,587.18,9.9323,16.09,0.4888
2206654,4377.0,38.1997,21.613,579.63,6.5332,17.97,
2206670,6425.0,37.821,24.4514,591.58,7.8886,26.12,0.7218
2206696,9797.0,21.3739,26.11,586.54,10.5304,29.65,9.9932
2206704,6665.0,56.5491,19.865,722.03,17.111,22.14,0.3433
2206720,10262.0,32.3719,21.2434,634.76,12.4141,20.9,1.0436
2206753,5228.0,34.1431,20.4858,759.01,9.7724,19.74,0.5257
2206803,8525.0,46.1935,26.1232,607.6,9.1127,24.17,0.5492
2206902,6097.0,55.1091,21.0595,724.29,9.2708,23.51,0.0443
2206951,2827.0,42.0941,19.6675,664.96,10.3506,27.75,2.6866
2207009,38161.0,69.6261,23.4611,986.29,5.9063,14.13,35.9825
2207108,2637.0,53.4699,22.6773,688.37,7.4026,19.41,0.6711
2207207,6382.0,56.2833,20.8712,711.16,13.8351,33.21,0.6806
2207306,4088.0,59.271,23.9481,709.55,2.6201,19.71,4.065
2207355,3000.0,52.2,19.8,907.28,10.7365,21.09,1.732
2207405,4952.0,38.8126,22.8393,749.81,6.6248,18.37,0.1247
2207504,13264.0,41.9632,22.1879,746.07,12.3252,20.79,1.2104
2207553,3813.0,15.4996,20.3777,640.94,12.2004,34.25,0.387
2207603,10103.0,52.3904,24.6066,668.53,8.1967,16.56,2.7686
2207702,162159.0,95.3768,23.6613,1121.72,7.0267,10.79,31.2136
2207751,4135.0,64.0871,24.9819,776.48,8.4584,21.83,36.3711
2207777,5425.0,46.1014,20.0737,610.9,12.4378,29.51,8.9157
2207793,3880.0,22.4742,22.8093,539.48,7.4722,25.52,4.9732
2207801,21055.0,59.6438,23.7093,853.62,13.0458,20.76,3.2165
2207850,3628.0,51.8467,20.5072,612.34,28.2427,29.88,1.7747
2207900,37894.0,62.5587,23.6053,726.92,4.8627,21.85,2.242
2207934,2458.0,44.1823,21.3995,630.74,2.217,19.44,0.2463
2207959,4076.0,21.5653,23.5525,581.67,22.8242,21.52,0.1458
2208007,83090.0,79.5054,23.4011,1207.78,6.3012,12.01,51.2551
2208106,11341.0,41.4161,22.5465,696.28,11.01,24.44,0.2326
2208205,17613.0,33.0495,23.4713,696.71,6.3701,23.34,13.0927
2208304,28846.0,74.6377,23.5111,817.75,7.323,21.42,4.8912
2208403,65538.0,76.1512,22.8799,943.13,7.3068,17.11,14.2785
2208502,12052.0,65.3087,26.4852,562.71,2.8902,22.27,28.6095
2208551,2364.0,70.5584,23.308,768.43,0.7153,21.16,37.8906
2208601,3042.0,82.3471,21.7949,756.31,22.7513,22.69,0.0917
2208650,8738.0,24.7997,24.3992,691.98,5.0284,21.29,0.2429
2208700,8394.0,64.3317,24.2435,697.28,11.5156,15.7,0.7773
2208809,17133.0,79.9685,21.0471,691.08,13.2902,21.48,3.4562
2208858,4165.0,61.9688,22.6411,613.04,5.2427,14.2,1.161
2208874,4055.0,26.4858,21.7509,710.23,1.9301,25.31,0.5018
2208908,6164.0,71.8527,25.0649,822.23,3.6354,15.86,35.1018
2209005,5801.0,72.0738,20.393,770.9,12.4097,21.64,0.1891
2209104,5831.0,70.3824,21.3685,778.5,9.3458,21.07,3.4483
2209153,3435.0,77.3799,19.4178,635.96,3.3647,21.85,1.1008
2209203,6087.0,67.1102,27.3369,791.19,12.6576,17.04,6.0076
2209302,5336.0,61.6567,22.4888,703.92,11.6107,16.15,0.4084
2209351,4125.0,46.4727,20.5576,756.73,2.882,25.7,4.2143
2209377,4650.0,72.5591,21.2473,716.12,6.2888,20.48,
2209401,5839.0,65.6619,22.2641,764.21,2.4055,19.65,1.7686
2209450,2138.0,53.8821,24.1347,593.44,22.007,18.5,1.8152
2209500,3646.0,65.853,20.6253,761.49,4.3841,25.4,3.7509
2209559,4358.0,21.5466,21.5007,707.43,8.751,20.04,0.1975
2209609,2842.0,58.4448,17.7692,899.57,1.758,17.76,0.1944
2209658,5572.0,33.3812,23.9232,564.56,6.2624,23.21,0.1061
2209708,5392.0,31.6951,19.6402,677.67,8.3855,26.12,2.6417
2209757,2947.0,51.1028,24.4316,669.94,29.4243,16.5,1.1841
2209807,4837.0,75.0258,22.2452,761.61,10.8258,17.23,0.7653
2209856,4242.0,29.3965,20.5328,801.84,6.9804,21.8,0.8307
2209872,5522.0,47.9536,23.9044,592.16,16.9747,26.17,17.2872
2209906,6114.0,63.8371,19.9378,704.34,8.1677,25.31,3.0947
2209955,4383.0,32.5576,21.0815,606.44,17.5541,25.79,0.3401
2209971,8186.0,58.991,25.1405,562.84,7.1403,21.92,0.513
2210003,21421.0,71.8687,24.2846,938.51,11.1535,16.75,6.0572
2210052,4841.0,55.3398,23.3629,675.53,4.6811,28.81,2.4566
2210102,3297.0,65.4231,21.3831,840.15,6.6219,20.24,
2210201,6597.0,52.8119,21.2369,717.8,4.331,26.53,0.3498
2210300,6025.0,68.2324,21.9087,844.95,14.301,24.76,1.7768
2210359,4410.0,31.1338,20.6576,792.54,9.1993,14.08,0.4035
2210375,2309.0,35.4266,20.1819,627.35,8.3558,24.94,0.601
2210383,2269.0,59.3213,19.4359,668.78,13.9021,28.52,8.6741
2210391,2829.0,41.0746,22.6935,686.11,14.7355,21.18,6.7669
2210409,17554.0,43.5513,21.6304,649.54,10.4562,26.37,5.123
2210508,13755.0,65.4235,22.8208,706.19,8.4107,19.81,0.5682
2210607,38934.0,68.5057,24.6186,1068.24,7.4738,13.26,10.8409
2210623,3202.0,44.0037,23.173,634.49,11.0629,17.28,0.2037
2210631,4446.0,53.3963,22.0648,814.19,3.8321,19.13,1.7325
2210656,9460.0,36.0359,21.797,659.91,11.8878,25.49,0.184
2210706,14350.0,48.9756,24.5923,698.6,4.491,21.24,32.8953
2210805,13870.0,62.5739,21.7664,856.73,4.6628,16.23,14.8314
2210904,4141.0,38.6863,21.2509,569.04,7.767,21.45,2.2743
2210938,6220.0,51.7524,22.1704,798.91,5.117,20.29,1.4123
2210953,2949.0,53.1027,23.1265,671.89,10.2886,23.78,0.0995
2210979,2316.0,44.3437,22.0207,955.24,3.882,17.95,0.1149
2211001,866300.0,94.8129,23.3748,1559.89,7.3285,6.08,40.1744
2211100,46119.0,51.9027,24.259,727.69,6.8221,19.01,31.2883
2211209,25203.0,85.3351,25.3978,1041.2,2.2392,11.27,9.5562
2211308,22279.0,81.0943,20.9839,1059.55,8.2483,16.69,1.9721
2211357,5055.0,28.8427,23.7587,610.54,16.9742,21.97,0.6639
2211407,4417.0,64.0706,20.4664,839.8,13.9569,19.82,0.4281
2211506,3185.0,40.5024,20.471,599.07,6.0721,29.86,1.4742
2211605,2935.0,42.7257,19.2164,738.02,3.5044,22.48,0.366
2211704,4059.0,31.5102,21.9019,601.14,18.9155,27.23,7.3434
2300101,10038.0,55.5091,23.3911,677.33,10.3933,19.49,3.0043
2300150,14027.0,62.4296,26.8411,674.46,5.4789,13.6,32.282
2300200,65264.0,44.2725,24.5434,694.7,6.3076,19.26,8.3083
2300309,44962.0,54.5616,20.653,758.47,5.0757,25.3,28.7108
2300408,14076.0,40.324,22.0943,659.88,8.3209,26.55,17.0221
2300507,11369.0,35.6144,24.3381,753.79,11.0072,16.57,22.0899
2300606,6782.0,73.1937,23.6508,699.36,5.7237,21.22,16.7002
2300705,14155.0,50.0177,22.3243,803.58,7.2829,19.51,23.6525
2300754,42156.0,40.0417,25.1044,582.24,9.4386,17.94,7.9138
2300804,7245.0,75.804,22.6915,793.02,7.3946,24.81,47.4942
2300903,12928.0,51.81,23.2828,627.92,7.8616,16.63,10.9059
2301000,80645.0,79.3763,21.9679,930.64,4.1852,11.35,14.8762
2301109,75113.0,63.286,22.9228,904.09,7.3338,12.89,26.4912
2301208,25553.0,65.9844,22.7175,718.73,4.6525,20.28,7.5307
2301257,11096.0,47.3143,22.5397,623.37,14.5578,21.79,0.5051
2301307,19783.0,61.2698,23.8033,545.54,11.1667,22.34,23.2731
2301406,11224.0,33.5086,24.9555,732.99,4.0152,14.88,19.4188
2301505,7429.0,57.6659,21.2545,732.65,17.3931,22.5,18.0839
2301604,21697.0,59.0957,23.418,720.44,7.9161,22.78,11.969
2301703,23714.0,53.3862,22.046,714.57,11.3689,24.17,12.4555
2301802,5704.0,51.8583,21.0203,660.22,3.286,19.38,13.2273
2301851,17195.0,55.4464,24.8968,740.46,7.439,20.79,32.6052
2301901,75033.0,71.7871,23.9908,1005.61,10.3477,11.57,20.3836
2301950,22392.0,47.2624,24.1649,713.88,4.3105,18.81,15.2139
2302008,19381.0,62.8141,21.4643,729.66,8.0988,19.33,16.0236
2302057,14567.0,65.3944,24.3084,509.21,5.484,24.84,14.9106
2302107,35218.0,74.5216,24.6238,773.07,7.2397,14.37,43.3249
2302206,53114.0,41.812,22.0676,759.16,6.8395,17.01,9.3474
2302305,32775.0,37.8337,22.2914,621.73,14.3343,16.59,22.9903
2302404,50411.0,56.7971,23.2806,714.71,7.0273,22.55,42.8619
2302503,51090.0,63.6994,23.6994,873.09,6.8592,16.22,59.6231
2302602,62326.0,74.3317,24.7906,731.25,5.6787,16.82,43.2808
2302701,25135.0,72.4687,23.1311,748.63,5.4247,21.25,28.8564
2302800,74174.0,68.6319,23.9518,816.43,5.5224,18.32,26.4686
2302909,17254.0,46.8819,23.5076,612.32,8.9855,17.82,8.2178
2303006,16377.0,63.9739,23.6124,655.3,6.1535,20.7,3.8849
2303105,17632.0,49.2173,23.1965,608.07,12.0356,22.24,26.2017
2303204,26320.0,56.2576,24.0995,627.49,8.2346,20.84,5.4572
2303303,17015.0,50.9962,20.5466,681.18,7.7417,23.58,4.0382
2303402,17210.0,57.5305,23.3585,654.73,4.865,19.0,1.1884
2303501,72720.0,70.6779,23.1312,873.81,5.5876,14.97,4.3468
2303600,10243.0,56.6436,20.9509,715.33,4.6349,24.6,29.9644
2303659,10444.0,60.7717,23.8797,659.33,4.9004,22.63,18.3858
2303709,355679.0,89.5785,24.3236,947.97,6.0232,7.57,47.363
2303808,22344.0,62.6074,21.2898,857.12,6.5082,19.49,14.2415
2303907,12462.0,70.1011,22.9016,672.47,11.8834,21.84,0.3315
2303931,12113.0,35.9614,23.4954,549.53,10.8565,22.14,5.5291
2303956,20163.0,60.9036,23.7812,723.23,3.1228,18.98,0.714
2304004,20953.0,66.0908,24.9511,656.99,5.2511,24.06,17.9775
2304103,76390.0,73.2151,22.5867,920.1,7.0229,15.27,50.4886
2304202,131050.0,83.7421,23.8779,1060.11,7.624,10.23,43.3244
2304236,17481.0,57.7084,23.0193,576.04,7.4844,24.46,15.8119
2304251,29761.0,39.7634,23.6854,834.25,4.3026,13.41,2.3667
2304269,8932.0,46.1599,20.3762,606.51,7.4436,25.6,1.4952
2304277,6474.0,55.1437,20.5283,705.28,4.5198,21.42,2.0907
2304285,74170.0,99.0198,20.1429,2512.7,3.2682,5.47,34.8337
2304301,18217.0,46.7805,22.2704,691.36,7.8087,21.36,14.9829
2304350,24173.0,75.3113,24.8873,727.41,6.9767,16.35,64.3792
2304400,2428708.0,100.0,22.9292,1668.98,5.8003,5.08,71.715
2304459,17294.0,71.5797,23.4937,900.17,9.9306,15.98,2.7282
2304509,15657.0,69.7899,26.6143,822.31,5.3402,21.48,17.9889
2304608,6734.0,56.8607,24.1313,634.44,3.4787,22.68,13.3607
2304657,13801.0,45.3445,22.2737,574.75,6.0196,24.08,8.2575
2304707,53344.0,49.6701,26.5653,564.83,7.8656,25.53,9.092
2304806,4841.0,53.9145,23.838,693.39,7.6236,23.32,23.4416
2304905,10910.0,70.3116,23.1989,753.78,9.1957,18.09,40.3342
2304954,24325.0,79.1942,24.7112,601.44,12.677,16.61,18.1256
2305001,42053.0,49.0643,24.2955,716.54,5.1901,19.02,12.45
2305100,5654.0,27.7503,24.3368,748.44,4.5089,21.07,16.858
2305209,17855.0,65.3038,21.8986,659.36,5.5166,17.61,3.7539
2305233,74755.0,95.2003,24.6779,762.19,5.533,11.36,24.7159
2305266,11956.0,38.1148,23.3188,624.16,11.6116,25.47,3.7304
2305308,23965.0,45.458,22.4953,692.97,4.9989,17.77,5.723
2305332,11611.0,53.7938,21.7725,627.47,10.7208,20.91,24.4232
2305357,21433.0,56.1144,21.9055,824.14,7.374,17.27,1.672
2305407,62642.0,51.2867,22.4705,706.4,12.7458,23.33,33.8546
2305506,98064.0,76.2686,21.9163,1009.72,5.8602,14.89,34.2822
2305605,24024.0,48.8636,21.1247,705.5,7.9961,23.82,31.4552
2305654,11575.0,52.1555,21.486,648.09,6.8951,24.67,2.2346
2305704,12083.0,55.1105,22.5937,744.84,5.1689,19.2,29.4941
2305803,41081.0,61.072,23.2248,735.8,3.4238,19.17,16.0746
2305902,36798.0,50.6114,22.1751,625.83,11.512,23.84,16.9289
2306009,14001.0,79.7586,21.8413,850.77,7.2857,21.35,30.5109
2306108,23915.0,64.4324,26.013,584.86,19.986,18.11,33.2879
2306207,7536.0,63.2696,20.5281,772.01,3.8489,15.9,0.6392
2306256,64650.0,81.4602,27.2622,1008.7,3.904,9.42,8.8362
2306306,46426.0,75.3673,24.7641,687.35,10.696,15.96,30.4882
2306405,131123.0,58.4833,25.3464,720.4,8.4354,12.91,31.9127
2306504,17841.0,51.7011,23.4852,597.58,8.9981,23.65,5.7727
2306553,42957.0,35.745,26.1704,642.63,3.6508,16.0,7.681
2306603,20424.0,49.3537,25.6267,602.54,7.5391,21.77,16.5371
2306702,17232.0,51.8164,22.2899,744.65,3.318,21.29,6.5289
2306801,10356.0,57.3001,21.6589,892.83,4.5696,18.37,62.5707
2306900,33726.0,69.0209,21.135,882.89,3.4967,16.97,62.3841
2307007,31701.0,60.9034,22.381,789.66,7.1571,19.26,13.4317
2307106,27411.0,37.1457,23.7788,726.42,8.1087,18.19,31.2521
2307205,7861.0,62.3076,22.0328,727.11,4.931,19.27,28.6641
2307254,25555.0,51.9977,27.8458,968.32,3.3057,12.3,19.6362
2307304,286120.0,96.7,25.5564,1021.94,7.6956,9.8,41.3226
2307403,23922.0,61.989,21.7958,694.23,6.9774,24.07,22.9207
2307502,30802.0,61.1714,22.4076,677.99,5.1549,20.43,30.4572
2307601,59560.0,73.0591,22.1206,1128.21,4.9918,12.62,36.1664
2307635,16896.0,59.7064,25.0829,656.35,13.1366,19.09,13.118
2307650,234509.0,98.4845,23.956,910.74,7.0135,6.36,53.5275
2307700,105093.0,84.037,23.4497,833.02,6.0605,9.57,31.8884
2307809,25799.0,65.0103,27.222,584.74,1.2754,15.42,11.8646
2307908,10846.0,73.9535,27.577,622.75,7.4962,21.88,4.6512
2308005,37697.0,68.3078,26.1294,652.16,8.6908,18.93,29.5906
2308104,45561.0,54.2635,23.8362,667.97,9.1038,23.77,12.163
2308203,15157.0,52.352,24.1671,752.71,3.1666,14.41,7.898
2308302,25900.0,52.8803,22.5598,740.97,8.3469,22.03,27.687
2308351,14123.0,49.2672,23.09,827.51,6.2469,16.93,23.3906
2308377,14196.0,57.9036,25.4649,453.17,8.0798,20.1,3.6628
2308401,36822.0,44.6635,24.5587,629.9,8.8104,18.08,7.6936
2308500,37735.0,54.6045,21.863,765.22,3.2786,24.21,37.7353
2308609,17149.0,53.8107,22.3103,705.32,10.8055,18.84,13.4546
2308708,61443.0,63.3254,22.1587,842.15,4.6556,18.93,17.5926
2308807,8254.0,55.1975,25.7693,763.44,3.5088,19.89,20.1845
2308906,22753.0,51.1976,25.6625,667.16,7.9501,20.75,24.3651
2309003,13666.0,65.6739,21.323,730.44,6.5359,22.16,22.7673
2309102,10569.0,63.4876,24.5719,768.51,3.9474,13.86,29.6218
2309201,15399.0,68.8227,24.2873,674.97,9.8875,14.77,44.5925
2309300,30699.0,76.6735,22.4274,744.82,7.1188,18.47,32.8876
2309409,27545.0,54.4745,23.0931,771.68,10.8531,24.96,28.5452
2309458,24493.0,42.2039,22.288,714.07,6.3277,19.8,5.62
2309508,19675.0,75.4307,19.7865,673.92,9.9299,21.12,42.8113
2309607,70983.0,89.6863,24.465,835.89,7.3281,12.47,5.4463
2309706,81524.0,96.574,24.3891,862.29,6.5219,7.67,62.3842
2309805,11186.0,41.4894,22.7517,720.8,7.1803,18.49,27.3546
2309904,6175.0,65.004,21.3117,723.25,8.5609,18.71,35.2888
2310001,9346.0,63.2142,20.3296,838.31,6.3655,20.96,8.5074
2310100,10242.0,46.7877,22.7397,689.96,6.6119,17.35,14.8609
2310209,38980.0,70.6208,22.8733,871.22,4.8551,12.85,12.5481
2310258,32216.0,59.7684,23.8484,813.25,5.6082,12.93,24.6245
2310308,31445.0,52.9782,23.2565,643.03,6.2225,23.56,30.5101
2310407,10384.0,58.619,24.1718,569.94,4.4187,19.89,12.6472
2310506,40187.0,63.6524,23.3359,667.71,6.7105,22.39,36.6632
2310605,8972.0,70.7869,24.7548,712.89,18.7568,14.29,63.3436
2310704,37813.0,64.893,23.6294,733.42,5.517,17.28,25.8196
2310803,15274.0,43.4988,22.8689,719.3,7.3733,21.68,8.5211
2310852,23391.0,78.077,22.3548,794.0,5.7711,15.51,5.3757
2310902,16616.0,59.1839,21.8946,704.36,4.6608,16.97,7.8264
2310951,10606.0,39.1948,25.5893,651.65,2.9092,20.48,1.2879
2311009,12065.0,65.3543,22.3208,654.04,6.8892,22.58,23.3507
2311108,17050.0,43.9824,23.2493,829.82,3.9669,18.1,23.8634
2311207,8833.0,57.5682,22.6084,604.42,9.0674,25.97,6.2241
2311231,5974.0,43.9069,23.8366,756.94,6.8966,21.58,13.1394
2311264,20213.0,35.591,21.9364,677.69,4.1445,22.93,16.8923
2311306,84168.0,74.7303,24.8396,888.08,8.4178,15.07,48.4968
2311355,15910.0,33.4381,19.5726,693.31,4.2004,27.76,28.7892
2311405,82177.0,66.891,25.0873,853.65,6.6698,18.48,48.8238
2311504,20874.0,70.2836,23.2299,900.07,5.3956,18.88,7.4648
2311603,27214.0,62.4385,23.6459,670.02,7.3438,16.01,5.3403
2311702,18606.0,58.981,22.6809,724.54,3.5264,19.92,2.4305
2311801,72928.0,68.8062,22.7348,867.47,5.7641,13.56,26.9832
2311900,13854.0,54.7928,21.4667,665.49,13.726,26.19,15.9156
2311959,16633.0,46.0891,25.762,544.51,2.9598,25.0,5.8133
2312007,30628.0,48.1292,25.7803,587.81,6.9961,21.73,36.9615
2312106,16954.0,43.5472,23.8115,597.15,5.2994,20.79,18.7922
2312205,40183.0,64.7065,23.281,770.52,6.7434,18.71,29.5629
2312304,47640.0,52.458,23.4215,718.45,2.6427,19.13,26.8058
2312403,54143.0,74.2552,24.3079,834.41,7.6909,10.99,28.7075
2312502,5855.0,43.006,17.7626,939.84,3.1968,18.14,27.1615
2312601,10822.0,70.9296,21.6134,622.89,8.046,15.95,19.7413
2312700,24266.0,61.4811,21.9525,781.3,3.1772,19.15,43.3021
2312809,7262.0,74.6764,24.9105,623.36,12.3653,24.0,3.9571
2312908,203023.0,87.6438,25.6439,1013.74,7.7663,11.67,74.7008
2313005,18179.0,49.3977,21.5908,788.81,2.6905,23.75,18.4522
2313104,30652.0,65.3204,21.5908,895.75,8.5861,15.65,18.6078
2313203,24815.0,56.9011,22.2648,688.17,3.1838,21.33,16.628
2313252,7529.0,41.5726,22.0215,767.47,11.2401,24.68,10.5975
2313302,61227.0,64.2772,23.1173,831.53,7.4831,18.8,26.5387
2313351,17154.0,37.8046,24.6007,554.86,6.1073,23.0,9.0844
2313401,81506.0,67.2098,26.0815,844.1,5.4957,15.22,35.0745
2313500,58415.0,44.6837,24.0726,662.17,3.8028,16.35,4.8234
2313559,15412.0,62.7239,24.2928,565.11,4.252,17.33,1.3
2313609,32767.0,47.1969,23.603,785.04,3.0588,15.69,20.965
2313708,6871.0,56.4838,21.9619,629.05,25.0464,20.48,25.7689
2313757,17470.0,59.3818,24.5163,558.68,8.6103,19.45,10.0248
2313807,20189.0,75.1796,25.3059,661.25,4.5281,14.72,23.0348
2313906,13746.0,58.1842,25.1928,611.47,7.5726,22.64,21.8696
2313955,18105.0,75.0677,23.4079,702.29,5.9967,17.81,14.3021
2314003,38984.0,61.4072,22.4271,768.75,8.6439,19.76,37.6548
2314102,59712.0,31.4476,25.8558,548.18,7.1013,19.98,5.6805
2400109,10597.0,87.1001,20.2982,1023.87,2.6161,10.95,84.1732
2400208,56496.0,75.8124,23.1645,1026.89,10.3787,15.56,2.6312
2400307,10839.0,53.2983,24.0889,792.26,6.8758,19.65,36.342
2400406,2946.0,65.3428,23.5913,773.54,8.7512,16.91,0.8073
2400505,13640.0,72.9399,21.4223,767.82,9.8599,20.99,63.0242
2400604,4687.0,71.6876,21.3783,918.71,8.8753,18.51,7.5812
2400703,12484.0,72.693,22.8132,885.33,8.798,13.32,6.4371
2400802,11632.0,88.3167,22.2576,913.59,6.5793,17.94,13.8263
2400901,6577.0,55.3292,21.5144,702.33,6.352,20.98,23.3558
2401008,36093.0,59.5905,21.7106,923.68,5.6711,16.34,4.8147
2401107,24093.0,82.0031,21.7532,1004.75,8.9753,8.37,33.3986
2401206,13251.0,64.8706,23.6661,714.09,12.7815,19.23,17.4178
2401305,9730.0,54.0391,24.296,716.29,5.3339,22.62,3.5571
2401404,8825.0,79.6034,22.9235,917.51,9.5183,13.78,4.6043
2401453,26913.0,69.2453,25.8388,816.94,5.3477,17.39,1.2063
2401503,3986.0,50.1004,22.6794,727.09,5.2533,19.63,4.1787
2401602,4807.0,41.398,24.6515,702.64,7.4645,17.11,1.2878
2401651,2306.0,59.3235,22.68,748.45,6.7164,17.55,8.4967
2401701,9952.0,79.3408,24.2062,760.67,9.5433,17.21,7.7858
2401800,12202.0,78.7658,23.1437,714.73,6.2244,17.86,28.711
2401859,6293.0,89.8459,23.693,765.49,4.733,17.91,27.3279
2401909,3268.0,80.7528,22.7356,744.88,8.2341,18.76,25.1429
2402006,61146.0,93.6087,21.3473,1387.38,3.8306,10.21,74.2874
2402105,10215.0,57.1806,22.9369,737.65,19.9918,15.84,41.0153
2402204,29668.0,88.3106,24.582,678.69,12.9088,17.8,2.7702
2402303,19727.0,70.259,21.8229,863.21,6.0278,17.75,11.4363
2402402,7992.0,82.5075,22.1471,1016.38,2.7446,8.43,42.9643
2402501,9714.0,51.9868,22.761,770.65,8.4223,14.85,26.8707
2402600,79115.0,67.4992,24.5415,749.64,10.3208,14.15,25.3695
2402709,11000.0,47.7182,22.2364,795.91,5.8187,17.56,23.5613
2402808,5117.0,57.0061,22.2787,623.76,5.1235,20.1,16.6224
2402907,4237.0,42.1289,23.6252,777.32,3.0581,24.91,3.5441
2403004,8005.0,84.6596,20.0999,984.82,6.1305,13.87,72.8202
2403103,41313.0,87.159,21.0757,1156.23,5.9539,12.32,73.9603
2403202,7044.0,38.5718,21.3089,730.16,13.4627,19.76,29.4558
2403251,252716.0,100.0,22.9056,1846.59,7.4684,4.7,16.1816
2403301,6016.0,56.9315,21.5426,783.97,11.0169,16.05,13.0521
2403400,5360.0,84.5149,22.9291,866.99,9.9261,15.49,45.5102
2403509,10620.0,50.725,24.209,705.54,14.8089,24.33,16.4464
2403608,61635.0,87.4828,23.5467,910.25,9.1849,6.96,5.5591
2403707,5944.0,73.0316,20.5081,860.07,4.4118,16.08,0.7752
2403756,2938.0,86.6576,20.5922,820.99,3.1904,20.7,3.2289
2403806,10196.0,71.1063,21.4594,884.77,8.3814,16.38,63.4197
2403905,2700.0,63.1481,20.7037,823.81,6.9412,17.64,13.8804
2404002,4122.0,69.6507,20.524,794.96,1.455,19.42,0.9156
2404101,2104.0,60.5989,23.7643,993.68,0.4314,16.78,1.4423
2404200,26741.0,81.1226,25.2234,825.49,6.7764,14.71,38.4162
2404309,11938.0,56.0395,22.4242,792.12,9.4946,14.61,0.4185
2404408,9924.0,72.8839,21.584,875.5,2.4272,15.07,1.5362
2404507,15295.0,81.4122,24.2236,840.99,9.7016,14.69,27.754
2404606,11615.0,13.1985,24.9247,602.87,10.1494,23.02,13.2972
2404705,14131.0,49.5153,24.3507,767.65,8.953,18.95,1.1854
2404804,2035.0,92.629,20.0,929.94,2.9052,13.58,77.0914
2404853,7292.0,85.4772,23.7658,820.66,6.1902,15.25,4.4621
2404903,5320.0,82.5376,20.7331,705.31,4.2816,17.97,23.5263
2405009,7834.0,82.3589,22.9768,714.44,4.4789,19.75,25.9084
2405108,6562.0,60.0274,25.0686,762.69,10.0921,20.21,1.3384
2405207,4746.0,77.0544,21.6814,822.98,2.1825,21.18,30.8241
2405306,9051.0,45.4314,24.1631,683.18,13.7395,23.83,16.0796
2405405,5117.0,80.2423,23.6271,600.23,18.1913,23.72,41.5541
2405504,2437.0,37.0127,22.2815,735.11,2.9151,19.91,0.6289
2405603,13977.0,83.1008,22.9663,822.69,5.0057,17.42,26.1588
2405702,11655.0,84.1699,19.245,1184.5,2.3007,14.23,72.7558
2405801,33290.0,67.7711,25.6353,758.0,9.5547,20.02,31.4903
2405900,2076.0,63.2948,22.158,669.87,3.2103,19.97,19.3634
2406007,5803.0,53.1794,21.5923,869.82,9.2849,19.47,7.5163
2406106,17793.0,66.1608,20.9914,812.37,14.7261,19.76,37.9767
2406155,3739.0,22.4926,24.4183,716.6,8.0769,18.93,0.3213
2406205,6654.0,70.3036,25.2179,691.84,2.583,20.56,1.0023
2406304,7338.0,29.3268,25.2794,552.73,3.578,28.36,0.1165
2406403,2567.0,69.887,23.0619,815.39,9.7416,15.52,0.5754
2406502,15573.0,48.3979,23.3674,787.33,8.0628,17.07,23.0513
2406601,8319.0,68.001,24.8347,692.89,6.206,20.76,0.531
2406700,9866.0,80.4581,23.505,860.33,8.0399,17.59,57.2719
2406809,4787.0,51.2847,21.8926,785.09,15.7935,19.83,29.8595
2406908,3490.0,66.0172,22.1203,780.38,12.4685,18.87,56.9167
2407005,9070.0,71.6869,22.4917,751.13,8.277,19.18,9.7602
2407104,82249.0,77.4842,23.1383,850.48,7.3373,13.75,10.3335
2407203,27369.0,80.1893,21.1663,974.59,9.2594,13.14,58.6993
2407252,3924.0,84.4292,21.2538,774.51,11.2172,20.25,25.0558
2407302,7896.0,62.9053,22.3278,714.94,6.3056,22.17,29.5713
2407401,8179.0,74.0188,20.088,888.12,9.0068,13.14,2.3978
2407500,10255.0,70.6387,25.2072,770.28,9.2897,16.83,0.9975
2407609,4274.0,90.1731,24.3332,907.34,8.0749,19.19,27.4441
2407708,11444.0,81.4051,23.4359,708.38,22.5323,19.37,0.8751
2407807,23031.0,55.7944,25.0923,743.36,10.0488,18.34,10.5352
2407906,2276.0,65.9051,23.2865,652.71,12.5418,19.15,39.5729
2408003,264577.0,92.7254,22.4921,1397.73,6.4187,8.36,53.6689
2408102,751300.0,100.0,22.1008,2049.37,8.3929,5.68,45.2854
2408201,31942.0,84.4875,25.5275,849.24,8.0991,12.3,4.5824
2408300,34269.0,67.3553,23.7795,796.06,6.939,19.54,39.6908
2408409,3905.0,80.3073,21.1012,779.49,15.8659,23.13,13.7241
2408508,4913.0,74.0688,19.0108,1010.77,2.3062,16.02,57.7966
2408607,3934.0,60.9812,20.9456,792.64,8.5521,19.62,3.6293
2408706,3579.0,88.4884,21.7379,867.89,3.255,22.06,30.3178
2408805,4801.0,66.632,26.0362,692.93,4.6385,22.11,44.7051
2408904,21499.0,84.6923,21.2242,1039.24,5.0784,12.0,74.4261
2408953,10351.0,60.3517,25.0797,688.26,3.5563,16.54,2.3977
2409100,10896.0,68.1535,22.4394,741.29,4.3918,18.8,53.7853
2409209,3115.0,58.4591,23.0498,744.56,8.7362,17.62,2.0427
2409308,11007.0,87.1536,22.7673,832.72,9.6316,17.8,16.1042
2409332,4847.0,67.9596,25.1083,756.95,3.7313,19.9,6.7485
2409407,30479.0,91.8993,23.7803,1254.99,5.5788,10.66,48.7658
2409506,3618.0,36.7606,25.539,865.04,9.5442,18.41,0.8234
2409605,2441.0,43.179,23.8017,756.32,5.9744,20.87,1.6667
2409704,6242.0,58.5389,23.1496,764.88,6.639,21.52,40.4554
2409803,13824.0,55.013,22.7358,697.64,8.6856,18.81,35.5205
2409902,12278.0,81.5931,23.0086,903.44,4.7958,15.15,63.3856
2410009,2965.0,72.0742,21.113,753.42,9.7946,21.23,52.9187
2410108,12390.0,57.3931,25.23,657.73,10.855,21.12,14.8139
2410207,7601.0,59.3211,20.1816,910.62,6.4671,16.55,0.595
2410256,5228.0,54.8967,24.9809,666.78,2.2966,23.73,2.1301
2410306,10125.0,56.1383,26.1037,632.55,12.4509,23.19,31.0377
2410405,9362.0,39.6176,24.9092,619.44,9.8567,18.71,2.8411
2410504,5432.0,61.1009,22.662,890.46,9.636,16.14,1.5434
2410603,2934.0,68.4731,21.1656,762.21,10.122,17.51,0.3738
2410702,2701.0,88.5228,22.5472,662.16,3.1034,24.33,43.9914
2410801,4127.0,43.8818,21.0807,708.26,6.3508,18.15,7.7832
2410900,7389.0,63.8246,26.553,761.66,10.8062,18.21,52.0682
2411007,4242.0,85.6436,22.9609,589.27,1.6369,21.24,59.8814
2411056,5382.0,87.4582,23.1884,965.37,2.5306,13.97,3.5269
2411106,3206.0,55.864,24.7349,690.88,6.7442,21.23,1.1927
2411205,37313.0,85.7476,23.6138,962.17,7.6238,16.19,79.6496
2411403,12456.0,50.4255,19.1073,707.32,9.5568,22.17,47.6095
2411429,2696.0,72.1439,20.3635,1041.01,5.2814,10.0,69.5983
2411502,22177.0,64.1205,24.2819,756.25,6.1084,20.67,28.7107
2411601,3304.0,36.5617,23.8801,775.91,3.7307,16.38,2.4857
2411700,3792.0,62.8165,22.7848,715.33,13.8728,21.23,59.0734
2411809,3492.0,75.8018,20.2749,1045.69,3.7234,21.96,71.6586
2411908,4161.0,83.826,21.1247,913.11,4.6074,18.45,3.1081
2412005,115838.0,91.3491,23.387,946.92,8.4317,8.11,33.4497
2412104,5956.0,85.3089,19.5937,1017.09,10.747,13.4,46.4982
2412203,47286.0,65.2138,23.6455,824.72,7.3047,13.87,5.3502
2412302,11121.0,89.2366,24.1345,797.93,9.2879,19.06,28.9134
2412401,4558.0,81.7025,21.7859,1033.87,3.8126,9.67,64.3596
2412500,23537.0,68.1778,24.3744,778.63,4.7168,22.19,7.2949
2412559,10221.0,54.1434,25.2813,892.15,5.4522,16.76,35.0467
2412609,16786.0,71.506,22.9715,907.11,8.0471,15.83,55.8979
2412708,5776.0,61.6863,22.4723,766.63,2.2451,17.02,6.5974
2412807,7711.0,77.5386,20.2568,766.6,5.0947,18.18,57.8274
2412906,9972.0,55.8564,22.132,779.34,9.9099,19.64,26.6534
2413003,6310.0,68.5261,21.2044,795.8,7.2315,16.21,61.8919
2413102,5965.0,46.4878,23.8223,685.44,6.9606,25.0,4.5611
2413201,4065.0,98.9668,25.0677,676.62,8.935,16.52,1.9984
2413300,5703.0,66.316,22.76,664.27,4.9928,23.88,5.7543
2413359,13091.0,41.6851,25.0401,697.83,6.1996,16.17,0.4954
2413409,7597.0,69.9487,23.3513,966.15,3.9578,16.58,70.6019
2413508,6436.0,42.2778,24.4096,684.65,9.6791,23.11,3.1626
2413557,4659.0,56.6645,20.498,795.22,21.2466,17.07,0.2974
2413607,5487.0,39.2746,21.3414,852.77,4.8438,19.75,9.6823
2413706,4654.0,58.1006,21.2291,664.2,6.1344,20.84,29.468
2413805,2338.0,85.8854,21.728,845.26,14.1339,13.9,24.1505
2413904,11422.0,28.9266,24.2865,669.73,3.4617,20.7,16.8268
2414001,13281.0,75.0546,23.8913,716.71,12.3469,17.91,54.6711
2414100,10262.0,72.2569,22.0425,689.68,11.2992,19.51,29.8587
2414159,5891.0,68.7999,23.3577,789.17,3.3712,16.26,5.3617
2414209,16929.0,67.5055,24.2956,1286.38,3.7139,10.92,23.325
2414308,2348.0,86.0307,20.954,1082.62,2.0372,14.31,26.8957
2414407,33035.0,45.1824,25.7273,701.16,6.3544,19.76,11.6683
2414456,3376.0,68.2761,24.1706,736.83,6.0725,22.93,14.273
2414506,10078.0,86.7831,22.1274,836.22,19.6682,16.05,5.1677
2414605,13577.0,56.4042,22.354,825.81,5.1981,17.86,17.2082
2414704,5233.0,77.5846,21.1924,723.48,16.6779,20.01,11.105
2414753,3014.0,39.4824,22.6941,592.1,31.0096,30.02,6.4897
2414803,10735.0,75.8826,24.3596,662.24,7.8177,22.7,2.2235
2414902,1822.0,98.0241,21.9539,860.02,4.893,16.28,95.1258
2415008,3174.0,92.6906,25.0473,758.88,17.223,17.4,4.6606
2500106,9335.0,48.1414,23.5779,771.95,5.8848,16.23,36.6697
2500205,5003.0,56.9458,20.3878,737.35,1.8237,29.68,45.3704
2500304,26062.0,64.1931,22.2661,725.37,7.3844,25.57,49.4079
2500403,21013.0,55.1325,23.0572,726.13,5.1902,18.4,41.7131
2500502,13725.0,69.6976,23.694,687.49,9.7902,23.61,15.0056
2500536,5578.0,47.0061,22.9473,723.59,4.1538,16.85,4.5523
2500577,2953.0,59.0247,23.2306,556.64,3.0794,26.04,15.3926
2500601,21730.0,82.6645,24.1417,764.63,7.4557,16.77,12.0168
2500700,17964.0,43.6261,20.9976,847.03,6.9961,19.73,35.3016
2500734,2234.0,57.6097,21.1728,642.4,6.0561,19.02,26.0101
2500775,7960.0,54.9372,19.799,735.42,6.9776,23.56,16.71
2500809,16646.0,44.2749,21.3805,644.87,8.4112,27.11,8.0787
2500908,12212.0,78.8405,20.4389,763.66,7.7303,28.44,65.105
2501005,17189.0,55.6984,22.7122,657.11,5.5605,29.6,37.6387
2501104,22633.0,64.9008,22.3258,782.89,7.277,19.41,37.1281
2501153,2005.0,52.7182,22.3441,611.76,11.3772,19.9,39.5245
2501203,7128.0,78.0443,21.0438,763.73,16.7731,16.62,56.4196
2501302,18705.0,51.9701,22.6196,639.85,12.6537,24.56,26.4268
2501351,4152.0,79.6243,22.9528,687.73,4.2571,17.25,41.7921
2501401,9224.0,29.575,24.4905,660.37,8.0013,16.97,1.2885
2501500,23134.0,58.775,22.7933,803.76,11.8918,24.13,5.4359
2501534,4762.0,82.1714,23.0785,689.63,8.5885,23.13,51.6484
2501575,8059.0,13.0413,21.0572,596.44,4.8969,22.9,7.9646
2501609,12904.0,61.6011,21.412,686.75,7.216,23.78,58.7859
2501708,5906.0,45.022,21.0972,692.09,5.2273,20.53,12.4941
2501807,82742.0,99.5262,22.6656,854.8,8.4378,10.58,19.5515
2501906,16401.0,85.5497,22.0901,772.54,6.3568,20.96,75.9335
2502003,6268.0,81.254,22.0964,798.02,8.2602,28.07,58.3768
2502052,3504.0,40.3253,23.8014,774.5,6.7597,23.08,0.3559
2502102,5207.0,73.9581,20.7413,693.65,8.7237,21.9,31.3907
2502151,6377.0,59.2285,21.405,958.96,5.5704,10.81,30.5116
2502201,2286.0,50.5249,22.0472,755.41,9.8495,20.4,8.5714
2502300,4661.0,49.7533,19.4379,782.42,2.5229,23.68,35.5942
2502409,10252.0,73.176,24.2002,665.95,14.2535,18.66,64.3177
2502508,17598.0,73.605,23.0651,769.1,4.6235,16.38,62.0851
2502607,5648.0,79.6565,21.6714,702.71,5.4125,22.63,44.906
2502706,4214.0,82.2734,23.2558,691.08,9.204,21.15,62.4551
2502805,13613.0,82.1861,22.8238,732.48,4.0046,22.66,77.034
2502904,5742.0,84.7266,21.8391,910.04,4.1644,18.71,24.773
2503001,21193.0,85.1602,23.4936,673.18,14.7637,14.44,16.6228
2503100,5335.0,51.6589,20.075,833.95,2.1053,7.7,33.0847
2503209,66519.0,99.997,22.3154,1834.97,6.5565,7.58,24.8276
2503308,9151.0,45.2956,21.6807,695.21,8.3823,19.35,20.5939
2503407,3291.0,53.2665,20.6624,672.45,4.5096,19.6,32.6241
2503506,16064.0,70.493,22.4166,686.16,7.7878,28.63,20.5492
2503555,7223.0,46.8365,25.9034,559.0,11.9942,22.6,35.0065
2503605,6602.0,74.4168,21.3572,617.26,10.2517,24.32,59.2117
2503704,63239.0,83.2018,22.8482,1119.77,7.9987,12.58,53.673
2503753,2740.0,48.4307,20.8759,624.16,7.2443,27.46,27.1801
2503803,5753.0,59.0301,23.0836,668.83,8.6028,24.66,3.5236
2503902,6085.0,59.5234,21.9721,687.73,6.7293,20.27,25.7119
2504009,419379.0,96.857,23.097,1373.42,7.6394,6.9,87.5093
2504033,6970.0,96.2267,25.4806,624.27,8.8528,25.78,5.0137
2504074,3944.0,45.7657,22.5406,790.87,2.6397,18.45,50.1721
2504108,2312.0,71.237,24.2215,697.38,9.8472,20.84,9.8143
2504157,6889.0,58.2233,22.3545,581.94,11.5242,28.59,46.6833
2504207,4491.0,66.8448,22.1109,663.05,11.7241,23.68,38.7052
2504306,30661.0,78.1938,21.4344,1018.31,5.9624,15.47,53.899
2504355,5254.0,24.5337,23.2965,674.16,12.0245,13.84,12.3751
2504405,18260.0,68.0559,21.5882,749.69,6.8945,25.39,41.7376
2504504,6451.0,74.2831,20.648,770.62,3.454,19.8,48.967
2504603,27605.0,74.2981,23.177,880.41,5.317,15.34,1.8961
2504702,4933.0,70.0385,22.6232,763.73,1.7013,22.57,66.5597
2504801,14683.0,83.7635,22.1413,772.26,5.0686,24.42,72.4735
2504850,1824.0,48.2456,19.2434,882.3,6.3963,14.37,39.1008
2504900,17095.0,51.4653,24.8669,671.67,3.9149,23.33,27.7322
2505006,7580.0,69.1029,24.1953,693.24,8.033,18.46,37.5714
2505105,19719.0,72.5747,21.6796,864.92,8.6399,22.15,10.7937
2505204,6730.0,83.7147,23.2987,625.73,11.2183,21.8,27.9345
2505238,6251.0,33.7546,22.6204,661.45,4.2621,26.69,0.5709
2505279,5254.0,11.7815,22.8397,653.58,10.3418,27.77,0.1706
2505303,2292.0,60.6021,23.6038,745.84,5.8559,18.47,24.4926
2505352,4982.0,61.3208,21.658,566.06,9.8703,30.68,9.7875
2505402,8067.0,65.3403,23.404,696.72,6.8619,17.96,42.6108
2505501,3641.0,49.4644,22.6037,649.3,19.7347,21.21,33.4169
2505600,6299.0,65.2326,21.5907,720.93,2.8271,23.6,34.6209
2505709,10380.0,51.3487,23.5067,657.97,5.0365,24.72,12.0916
2505808,3327.0,81.1241,23.2041,696.67,14.7874,19.57,35.506
2505907,3011.0,74.0286,23.0488,759.34,8.7133,21.24,69.4045
2506004,31231.0,71.7332,22.737,809.81,11.4506,16.38,58.9317
2506103,11049.0,55.5525,22.0653,651.81,10.3976,22.31,13.5571
2506202,2846.0,69.0091,19.3605,854.92,1.0695,17.75,66.9124
2506251,8179.0,17.4349,22.5455,554.19,9.2459,20.87,2.1462
2506301,57484.0,88.8282,22.4619,1027.67,6.1936,12.6,64.9952
2506400,13766.0,45.4961,22.9043,684.73,7.5437,25.97,2.2933
2506509,3242.0,70.4812,20.8513,777.68,20.6709,14.47,61.5721
2506608,5631.0,67.75,19.9432,719.73,7.6923,27.74,25.6817
2506707,10392.0,52.9446,25.3657,599.58,5.2032,18.19,37.4413
2506806,17692.0,69.0142,22.3039,841.64,9.0964,21.34,8.491
2506905,23182.0,84.475,20.6324,811.3,5.3409,19.76,28.3526
2507002,23940.0,78.7051,23.3375,875.23,7.8922,16.82,64.7325
2507101,18382.0,68.1808,23.3598,653.03,9.196,23.48,12.6775
2507200,10499.0,60.0629,22.6403,675.15,19.5973,25.03,25.3444
2507309,14477.0,62.6511,22.3734,721.89,7.1286,22.08,9.1147
2507408,7516.0,71.5806,21.7536,811.24,4.9961,19.66,41.8983
2507507,833932.0,99.9346,22.3337,1879.0,6.9677,5.62,70.3307
2507606,7796.0,77.3089,23.7045,753.84,8.2946,25.12,11.3969
2507705,17007.0,54.9068,23.5668,673.57,10.4383,16.49,46.9501
2507804,6793.0,67.1721,22.2876,836.75,6.0643,14.58,62.5645
2507903,10012.0,92.9884,23.1622,659.58,7.15,24.12,22.497
2508000,9234.0,50.3032,21.7674,626.11,12.8722,21.86,48.5349
2508109,4415.0,63.6693,20.7022,737.35,2.692,22.67,32.3253
2508208,7819.0,64.177,22.0489,738.79,8.0913,24.08,12.1673
2508307,27730.0,54.0966,22.4991,927.2,9.2553,13.53,34.9978
2508406,3162.0,45.2245,20.1771,607.64,19.2504,26.88,8.222
2508505,6877.0,55.0531,22.0736,619.98,2.4756,16.22,38.1818
2508554,4797.0,73.5668,21.5134,713.72,14.1718,20.68,35.7189
2508604,12560.0,87.1975,23.4554,759.66,4.7378,16.19,1.3747
2508703,3583.0,45.4647,19.9833,740.54,16.0991,19.58,54.2706
2508802,6046.0,89.7784,21.9649,879.93,9.4891,20.1,83.585
2508901,44599.0,82.6678,23.6463,772.08,4.8787,18.89,19.7984
2509008,10434.0,65.2482,22.4938,617.91,11.6064,23.39,30.5843
2509057,8999.0,35.315,25.025,547.14,6.2274,21.28,2.3896
2509107,21512.0,83.2233,21.3974,675.91,12.1749,24.1,1.5366
2509156,6705.0,85.1156,22.1626,737.18,3.8706,17.31,39.4022
2509206,14139.0,60.4498,23.6085,759.5,8.3384,19.67,21.3213
2509305,8244.0,86.8753,24.0539,761.17,9.8562,17.36,2.3881
2509339,4571.0,23.5397,22.9053,557.71,9.5176,22.41,10.6855
2509370,2543.0,50.2163,21.3134,812.1,6.6872,32.47,51.937
2509396,6433.0,73.7914,24.3588,653.01,4.8343,19.78,42.4729
2509404,13899.0,44.4636,22.3182,685.55,7.5717,23.0,4.2118
2509503,5812.0,70.2856,22.488,711.2,8.1352,15.2,50.2307
2509602,4338.0,62.6325,23.2365,588.45,3.8339,20.02,66.815
2509701,32277.0,67.5682,21.8236,855.1,8.2458,16.46,61.0273
2509800,8791.0,49.8237,21.1921,701.66,7.2072,23.95,11.1989
2509909,8945.0,42.616,22.929,597.24,7.732,24.01,18.1376
2510006,7203.0,50.4096,20.6858,710.83,4.9777,22.99,24.9604
2510105,9724.0,92.1946,22.8198,745.22,12.4291,18.07,0.9226
2510204,5787.0,56.6615,22.2222,669.66,30.1991,21.85,8.731
2510303,4259.0,68.4198,20.9439,859.4,7.2591,17.92,61.9171
2510402,6060.0,61.7657,21.1221,506.11,5.8442,28.44,52.6729
2510501,3580.0,57.8771,21.3128,705.86,4.7798,20.26,41.3686
2510600,2918.0,69.2598,17.7176,789.71,4.1578,23.38,29.1964
2510659,1720.0,52.1512,18.4884,810.88,9.0909,15.61,21.8944
2510709,2463.0,49.5331,21.7621,746.66,1.6518,21.11,57.6744
2510808,103165.0,97.0513,22.813,1142.69,8.4327,11.0,82.6077
2510907,11834.0,55.5603,21.1425,838.4,4.052,21.5,35.3212
2511004,3739.0,70.2059,22.0112,803.95,5.3131,20.66,47.5177
2511103,6859.0,45.4585,20.6736,756.49,6.5944,17.64,41.8314
2511202,29662.0,59.4869,22.8238,753.14,8.0484,19.18,18.0681
2511301,16441.0,72.8788,22.1337,818.71,4.7589,22.18,42.3732
2511400,18333.0,69.6667,22.8986,811.97,6.0054,16.85,63.2012
2511509,12311.0,70.7335,22.6545,684.5,2.4227,22.85,4.2389
2511608,6815.0,57.6963,22.8173,631.44,9.8549,27.32,9.453
2511707,5329.0,65.2843,22.4432,698.44,1.0435,26.02,25.9067
2511806,9340.0,80.2784,22.7623,705.61,7.6098,18.5,55.4728
2511905,16751.0,63.2261,23.718,792.24,3.5993,16.83,6.8666
2512002,17469.0,64.6288,23.3213,675.29,12.2597,16.94,43.7055
2512036,3830.0,36.3708,23.7859,624.78,5.8743,27.47,16.2882
2512077,4006.0,35.8962,19.5207,838.02,17.8396,18.2,35.3103
2512101,32473.0,84.2977,21.1191,933.34,7.3973,16.92,69.7761
2512200,3915.0,66.8455,19.9234,839.7,3.8885,19.42,40.2661
2512309,21114.0,74.6329,22.5206,878.34,6.7977,14.97,60.7726
2512408,14277.0,56.9167,23.7235,699.33,8.142,13.68,10.9121
2512507,47658.0,59.7864,23.079,731.28,11.3368,13.45,47.1476
2512606,1743.0,53.2989,22.3178,661.14,,17.13,47.7352
2512705,17885.0,80.0168,22.7621,855.49,6.763,18.48,66.5383
2512721,5766.0,43.2189,21.8869,566.4,5.0567,24.45,0.8727
2512747,2927.0,61.0523,21.4554,576.42,,25.37,24.0157
2512754,4690.0,64.6055,23.6247,669.38,9.9145,28.74,12.9618
2512762,4738.0,36.1545,22.6889,516.3,9.3713,25.37,
2512788,1955.0,76.9309,25.422,750.97,12.3269,19.66,47.9452
2512804,8493.0,55.5516,22.7952,677.3,1.8111,20.63,42.3729
2512903,24581.0,63.3294,22.0821,898.43,5.8099,16.92,17.1014
2513000,3355.0,39.076,23.4277,704.73,17.2708,24.27,24.0541
2513109,11505.0,44.6241,20.8083,636.36,11.8947,26.46,2.1392
2513158,7670.0,36.3755,25.176,619.23,5.7805,22.45,3.7376
2513208,5947.0,50.7483,17.2188,784.35,15.9159,23.52,40.5748
2513307,5865.0,48.3887,20.3751,806.74,10.6181,20.34,45.8133
2513356,3227.0,44.8714,21.661,715.43,4.7953,24.18,13.4342
2513406,14959.0,91.8711,22.1205,1091.08,5.4942,13.07,87.393
2513505,5010.0,48.4232,25.3293,646.52,5.6497,27.07,28.651
2513604,6569.0,58.8826,19.8356,712.84,4.794,27.49,16.1234
2513653,2539.0,37.7314,20.0473,642.82,4.4574,16.95,39.5429
2513703,149910.0,88.8707,22.6423,798.63,7.1133,13.27,7.2319
2513802,4402.0,58.2008,22.0809,755.28,5.343,21.37,55.3163
2513851,2622.0,46.1098,20.061,760.73,8.3437,17.13,0.5015
2513901,32235.0,84.3741,23.8902,768.83,2.417,24.4,74.2505
2513927,4327.0,74.6707,20.7303,710.23,4.3036,19.61,57.6123
2513943,2585.0,56.0542,21.3153,736.91,3.9779,13.14,42.8261
2513968,2595.0,45.5877,18.6513,612.72,2.6915,36.03,23.0185
2513984,3137.0,40.3252,16.9908,799.27,2.3499,24.71,23.3036
2514008,4226.0,59.9858,19.6403,945.1,5.1345,15.07,49.1481
2514107,4263.0,34.3889,22.6366,646.3,27.2096,24.03,29.6884
2514206,7126.0,44.5552,21.2602,704.78,6.3457,28.79,17.9122
2514305,5034.0,58.82,23.0433,647.02,8.4255,24.9,10.0299
2514404,4083.0,41.5626,20.6711,728.77,4.2891,16.77,39.5089
2514453,5891.0,44.0842,23.9009,555.75,4.3074,26.46,0.1022
2514503,19067.0,65.8363,22.6412,820.53,5.8255,19.24,60.0991
2514552,3416.0,19.233,21.5164,600.8,5.4852,19.69,2.3018
2514602,3242.0,53.979,22.5787,706.28,12.8012,15.79,52.8182
2514651,1699.0,80.6357,22.1307,631.9,,22.98,56.0886
2514701,4138.0,71.6771,22.088,857.72,6.1468,14.58,66.289
2514800,3411.0,52.3014,19.4664,702.98,6.904,16.45,47.0497
2514909,7470.0,80.3481,17.6171,964.15,5.5537,15.07,78.7505
2515005,7066.0,43.9004,23.2097,666.13,9.7712,24.77,28.0579
2515104,11040.0,48.1703,21.875,790.63,12.2938,16.48,41.6578
2515203,3279.0,70.4483,21.7139,649.4,6.3512,20.44,53.3333
2515302,51306.0,76.0671,22.6582,745.51,7.4178,21.59,21.9743
2515401,10291.0,51.822,24.9733,565.48,11.6629,17.12,0.2349
2515500,13614.0,72.3153,20.0896,799.81,8.4385,13.95,27.9976
2515609,3094.0,81.4156,20.7822,775.82,4.1761,25.96,8.9
2515708,2942.0,77.2604,21.8559,808.7,4.2045,18.34,41.4914
2515807,6828.0,54.1154,22.232,753.33,9.4134,20.09,28.2716
2515906,4885.0,72.4872,22.6407,675.36,5.7933,25.7,3.6064
2515930,5054.0,79.2837,21.3692,740.43,11.1628,16.19,46.4452
2515971,8236.0,12.2268,22.1952,652.46,7.4969,23.14,7.0239
2516003,26774.0,79.4913,22.9588,839.65,6.512,21.59,6.6293
2516102,13968.0,76.5536,22.48,706.29,8.3002,13.66,64.8536
2516151,3345.0,63.1091,23.4978,616.53,3.0544,22.33,42.8448
2516201,67259.0,79.4496,21.8053,981.33,5.8242,16.07,76.4223
2516300,17166.0,79.6749,20.5523,880.46,6.3407,14.8,57.425
2516409,8010.0,46.3046,22.2722,650.92,4.5528,25.62,17.412
2516508,14068.0,67.6642,21.261,700.22,6.7976,17.57,63.885
2516607,14101.0,59.1518,22.9275,663.48,6.8086,22.92,32.5688
2516706,14631.0,72.0798,24.0517,702.92,4.1033,15.16,40.0239
2516755,2966.0,65.3405,21.6453,702.81,21.4765,21.34,
2516805,9892.0,51.6781,23.4129,789.08,10.8671,17.61,30.2018
2516904,14930.0,73.0944,21.0918,952.63,7.0733,19.71,64.5408
2517001,9124.0,45.3968,22.8518,654.31,7.2374,26.25,28.2522
2517100,2668.0,77.6612,19.2654,1170.44,6.7103,7.91,73.3602
2517209,4864.0,24.7738,19.634,639.99,14.6232,32.18,2.0345
2517407,2228.0,66.9659,21.6338,663.21,11.6317,20.58,53.6527
2600054,98462.0,97.8002,21.8206,846.62,13.3081,7.37,37.1106
2600104,40241.0,79.8887,22.9716,919.32,8.4473,12.88,69.8078
2600203,18674.0,32.232,24.6225,691.79,5.9078,16.51,21.1251
2600302,23779.0,79.1455,24.1516,705.78,10.0394,21.95,71.4185
2600401,26461.0,65.2319,23.956,648.88,10.5363,20.36,48.3316
2600500,41548.0,64.9273,24.8243,664.95,6.824,25.99,45.5148
2600609,13542.0,60.545,22.2715,874.61,6.2546,18.19,50.4097
2600708,35741.0,80.465,22.9904,690.2,8.7872,20.69,54.0953
2600807,20674.0,66.7118,22.1099,750.58,6.0432,23.34,58.9286
2600906,18205.0,81.3238,22.774,660.2,5.1803,19.62,63.2491
2601003,10241.0,64.1734,24.1969,715.39,10.9451,20.0,57.8826
2601052,19243.0,91.9035,24.7051,654.41,14.9446,16.27,5.5944
2601102,85088.0,59.791,25.1457,739.65,7.8903,17.46,42.5704
2601201,77742.0,93.4038,24.2636,1070.66,8.5669,10.94,86.0578
2601300,12263.0,88.184,25.1814,636.98,6.6065,23.75,62.6357
2601409,40121.0,87.5427,23.4565,716.35,9.0104,15.76,67.7149
2601508,10378.0,71.5841,23.4246,699.08,8.3012,24.1,62.0528
2601607,18301.0,66.1221,24.9822,787.99,11.7209,14.77,49.066
2601706,79507.0,85.0906,24.1601,891.95,8.0607,15.29,74.4871
2601805,11232.0,36.4583,22.5962,640.05,3.247,24.27,30.5776
2601904,61694.0,85.8868,21.7914,924.11,9.9736,18.84,71.4178
2602001,34478.0,42.8969,24.5838,682.16,5.8475,21.69,28.8589
2602100,44294.0,68.7678,23.3598,770.5,6.6921,23.11,57.2491
2602209,37629.0,47.1525,22.7644,690.72,11.5565,21.14,17.2151
2602308,37474.0,76.0634,23.9606,709.58,8.0811,20.35,67.6171
2602407,9079.0,40.9847,24.6283,636.03,2.3009,20.07,27.55
2602506,7720.0,50.8679,22.1373,773.01,9.3996,16.07,46.669
2602605,48648.0,79.7854,24.6238,675.81,4.1029,21.04,63.0117
2602704,12808.0,72.0175,22.8373,708.2,8.4726,20.58,16.4331
2602803,52097.0,42.895,25.0417,568.15,9.0314,26.27,29.5111
2602902,203440.0,93.8232,22.7433,945.95,11.2332,9.67,49.4431
2603009,30294.0,66.1055,24.7178,696.24,10.3024,14.64,69.871
2603108,19899.0,83.5921,23.172,751.83,4.1695,18.1,78.2561
2603207,28827.0,30.4194,23.9081,638.0,5.9919,22.99,29.4111
2603306,11093.0,33.8862,23.898,649.94,2.8209,20.89,38.1408
2603405,5228.0,40.3596,21.9587,734.95,11.3879,19.13,36.546
2603454,147771.0,100.0,21.4088,1097.38,7.9936,6.83,35.6073
2603504,17419.0,84.9188,23.4457,756.16,8.3687,19.76,78.9056
2603603,7750.0,85.5871,22.2452,704.26,11.7626,18.78,9.5108
2603702,24329.0,67.6189,24.0824,705.83,9.5612,23.31,54.4654
2603801,18338.0,36.7216,23.0069,632.03,6.8289,20.63,36.0471
2603900,18644.0,47.7044,21.6102,701.37,9.1465,17.94,47.8817
2603926,12239.0,16.9703,26.9221,646.68,3.2249,17.93,16.0997
2604007,79293.0,94.9466,21.7737,1015.04,10.9704,9.83,4.2239
2604106,378048.0,92.1806,24.0991,1147.39,6.0059,9.52,81.5888
2604155,12967.0,17.5522,24.4235,604.46,23.3718,20.58,11.1639
2604205,32156.0,78.5141,23.0937,751.85,6.1547,18.7,62.0556
2604304,10518.0,64.3944,24.2346,684.12,9.6583,16.57,58.9774
2604403,12984.0,81.947,23.4673,658.43,18.8198,17.62,30.771
2604502,20546.0,61.4962,23.9268,751.12,5.9204,23.43,51.2968
2604601,24587.0,92.069,23.789,767.77,11.4726,17.24,3.0599
2604700,17131.0,60.5043,24.5695,619.92,9.922,21.34,60.3024
2604809,10198.0,78.2408,23.2987,678.09,10.1771,22.68,74.6331
2604908,15920.0,48.8882,21.495,750.88,9.0256,22.5,21.8502
2605004,23518.0,94.332,23.3183,712.78,4.7291,18.72,87.8026
2605103,37699.0,67.3042,22.6292,857.53,3.9929,18.52,57.7303
2605152,17188.0,45.4329,22.4168,775.81,8.67,17.19,20.905
2605202,59891.0,88.1385,23.2906,822.04,9.5018,13.43,31.9567
2605301,31843.0,49.1725,23.776,647.76,18.8177,20.36,14.9847
2605400,21427.0,81.22,22.999,738.81,3.8434,18.83,31.5352
2605459,3167.0,97.4424,23.2397,2566.14,1.6543,1.97,79.219
2605509,15026.0,88.3003,21.9886,803.44,5.395,19.03,53.4333
2605608,20347.0,45.3335,21.1137,666.01,8.7705,23.8,34.3351
2605707,30137.0,73.2853,26.6749,843.67,6.5121,10.55,61.9983
2605806,13636.0,31.1308,20.9372,794.41,10.6193,20.67,15.4385
2605905,18214.0,81.3825,23.2568,707.33,12.9821,21.25,56.2611
2606002,142506.0,90.933,23.6685,1128.17,8.6719,10.96,59.5729
2606101,29347.0,70.8352,23.1063,691.86,9.6252,16.97,52.0919
2606200,81055.0,94.1065,22.4872,839.04,7.9532,11.1,28.4207
2606309,6967.0,55.1457,24.0706,697.41,10.4862,18.79,39.8759
2606408,86516.0,85.6813,22.471,1029.73,7.5911,14.96,60.2139
2606507,17165.0,46.9735,24.2004,670.09,7.7321,27.22,35.7772
2606606,26593.0,55.932,24.7998,646.06,11.3398,24.25,51.0552
2606705,7140.0,45.9104,21.5826,704.48,4.925,22.73,44.3014
2606804,115196.0,95.6908,22.4704,880.67,11.285,8.48,15.632
2606903,11081.0,53.2353,20.2238,691.37,17.9414,18.14,45.2393
2607000,25603.0,45.4634,26.9812,506.86,21.6057,22.47,27.4419
2607109,4765.0,52.6128,22.5603,728.49,6.6164,16.72,42.3168
2607208,98932.0,85.677,25.3487,829.65,8.9246,11.36,48.1546
2607307,29009.0,65.0695,25.6817,677.16,9.1394,18.42,31.7899
2607406,4284.0,73.436,24.4631,662.99,6.2453,11.0,74.5536
2607505,32650.0,34.1194,24.1868,603.53,19.0754,27.38,32.0686
2607604,24540.0,85.9332,23.423,871.13,13.8003,9.02,2.3014
2607653,34935.0,91.9565,23.6096,728.38,7.3654,23.08,12.7188
2607703,13791.0,62.7656,19.4982,874.77,5.271,15.58,61.6141
2607752,27749.0,98.5765,28.6929,745.48,11.5933,9.6,9.9866
2607802,16554.0,80.8687,24.8158,625.18,5.996,18.79,22.8077
2607901,644037.0,99.2775,22.0167,1141.05,9.0184,6.74,42.0479
2607950,10247.0,66.0193,25.5977,544.67,12.8603,20.21,52.9736
2608008,15843.0,64.0851,25.355,627.22,6.9056,23.64,45.4214
2608057,14020.0,59.6933,21.9116,826.57,11.3488,15.34,53.7871
2608107,27725.0,58.817,21.8792,727.48,16.0351,22.93,40.7361
2608206,13269.0,80.413,23.9506,689.95,9.2308,19.64,56.4185
2608255,11517.0,45.5848,23.6086,651.62,4.5707,19.67,42.1563
2608305,15329.0,65.3793,23.4979,802.92,4.7267,19.59,56.4088
2608404,13648.0,79.6014,23.9083,613.2,12.529,24.98,66.3118
2608453,17981.0,76.1192,22.8964,736.67,6.4185,16.62,19.5992
2608503,19003.0,83.2868,22.728,702.56,8.1475,17.93,24.8994
2608602,11933.0,57.1189,23.5565,631.35,15.0656,24.6,50.289
2608701,14076.0,66.624,23.3092,619.0,2.354,28.07,48.6008
2608750,24088.0,70.5621,25.4691,740.89,8.2276,15.64,58.982
2608800,39582.0,80.577,23.4399,731.14,5.5673,15.6,59.3095
2608909,56510.0,80.9804,22.3058,937.06,8.9182,12.57,40.4448
2609006,23879.0,75.9328,23.8075,730.04,4.8617,19.96,71.5094
2609105,11333.0,75.4257,23.7183,730.09,10.8208,16.76,8.5134
2609154,23763.0,23.0484,28.3592,359.1,18.5021,27.67,2.9131
2609204,9359.0,73.9182,24.0197,663.74,7.6759,22.67,25.4686
2609303,14166.0,51.3836,25.54,719.61,3.8084,14.75,46.8995
2609402,55292.0,90.4597,22.5385,783.46,17.6739,11.19,50.0077
2609501,30648.0,92.3225,21.003,908.93,8.6916,14.17,72.3837
2609600,349976.0,100.0,20.9626,1277.73,9.0217,5.2,53.8397
2609709,21808.0,45.3733,23.175,685.96,8.1386,20.66,27.3711
2609808,13613.0,37.8168,25.3581,578.24,2.9907,14.68,36.5842
2609907,65245.0,51.8461,24.8448,725.6,8.7224,19.7,50.249
2610004,54584.0,78.4497,23.5344,872.56,9.0431,15.93,63.2613
2610103,7031.0,64.8414,22.6568,744.56,8.6826,21.51,40.1454
2610202,22991.0,62.2504,22.8742,609.74,5.9829,26.29,56.9582
2610301,12199.0,20.7968,22.5592,567.51,5.0705,21.36,2.995
2610400,18612.0,42.8326,23.6568,704.76,9.7397,18.92,40.4535
2610509,28340.0,51.7925,22.0007,698.48,8.7084,21.07,17.0297
2610608,56665.0,82.9348,23.1113,1129.46,11.8617,14.48,27.4323
2610707,342167.0,99.9471,20.7115,1197.17,8.4274,4.19,51.6286
2610806,22795.0,55.2972,23.9614,566.96,8.4958,25.4,40.1424
2610905,62722.0,72.6444,23.6504,863.67,6.9731,16.3,60.8905
2611002,34161.0,72.5037,24.4724,745.92,11.7489,12.12,59.5328
2611101,386791.0,90.3529,26.2992,1290.18,6.2221,7.4,70.5079
2611200,10500.0,64.3619,23.6857,654.04,15.0938,19.83,54.8387
2611309,27552.0,65.0044,22.1944,774.09,6.3004,19.96,51.8
2611408,13838.0,62.5018,24.9313,660.57,6.1742,17.43,27.951
2611507,17928.0,70.3871,24.71,633.82,8.0711,25.07,63.2696
2611533,6554.0,51.5105,22.6579,551.89,20.2692,18.3,41.0628
2611606,1488920.0,100.0,21.1324,2284.77,7.8098,4.65,67.4355
2611705,20639.0,51.1023,22.5302,744.57,3.4697,21.71,48.4825
2611804,33507.0,83.5079,22.5266,833.71,7.5531,16.14,58.1187
2611903,20009.0,72.4724,24.3141,729.18,7.9842,14.59,34.2808
2612000,10887.0,60.3013,21.8609,838.63,8.7412,22.53,27.0763
2612109,5727.0,35.8477,20.22,771.72,8.2583,27.54,11.214
2612208,62372.0,80.464,23.7927,952.41,8.774,10.31,64.7889
2612307,13836.0,58.6008,21.8922,658.78,10.0929,23.95,49.76
2612406,18624.0,76.3048,23.5664,656.04,17.8191,16.96,50.4165
2612455,13841.0,38.1114,25.2222,661.87,12.4358,19.17,34.1503
2612471,11567.0,54.9321,22.106,629.41,5.7867,15.32,49.2717
2612505,98254.0,97.4505,26.7419,965.72,4.5461,11.3,88.9577
2612554,12106.0,36.6678,23.2695,600.05,10.5449,23.1,9.3376
2612604,40578.0,36.8303,24.8213,698.96,3.943,14.52,39.8595
2612703,14013.0,28.1881,24.0491,698.75,15.257,23.39,19.413
2612802,10244.0,65.8629,22.6279,710.2,11.6011,16.32,77.022
2612901,13113.0,61.8928,22.1307,606.58,3.5382,34.05,40.0675
2613008,49449.0,60.4522,24.9004,678.99,9.7744,19.37,50.3636
2613107,37126.0,79.2167,23.6357,698.82,11.185,20.77,59.7252
2613206,23837.0,54.2098,24.0676,739.27,6.1268,19.02,24.309
2613305,20037.0,73.6937,22.9326,646.01,8.9808,25.05,71.1787
2613404,18825.0,76.9084,23.9894,953.27,4.804,13.61,1.0814
2613503,34843.0,56.7919,23.4739,780.35,12.8184,16.0,40.4026
2613602,31004.0,66.6527,21.1392,818.37,8.3992,15.15,60.8861
2613701,111249.0,95.0462,21.7144,850.82,9.4305,11.03,40.3546
2613800,16677.0,73.3465,24.7886,623.2,6.6654,20.85,52.3196
2613909,92228.0,80.1178,23.7509,992.09,7.5438,13.26,76.841
2614006,18207.0,35.8873,23.9523,632.57,14.8946,19.4,27.967
2614105,32811.0,57.2582,21.9652,787.05,12.7472,18.26,50.1062
2614204,37596.0,80.7772,24.5611,728.49,8.9399,14.88,33.6614
2614303,10540.0,63.7381,24.0038,640.24,26.7788,17.12,16.0023
2614402,5210.0,37.025,21.8618,650.08,5.013,17.08,32.6837
2614501,64120.0,78.9941,23.3219,868.11,7.8999,16.15,48.8953
2614600,27681.0,75.6801,23.1964,836.97,6.3729,14.4,71.1107
2614709,13738.0,56.6676,23.1548,667.75,5.5913,25.42,44.4375
2614808,23902.0,47.8705,24.3954,581.9,10.5033,17.68,27.7271
2614857,23561.0,79.8481,25.139,807.27,7.4282,12.1,53.2102
2615003,24736.0,70.7147,23.6457,869.56,3.2002,13.79,53.936
2615102,6513.0,50.2533,22.5242,627.03,9.7424,23.8,43.1955
2615201,8920.0,68.0717,23.2623,676.58,11.4148,14.87,64.0719
2615300,46147.0,85.9146,22.0664,824.27,10.8563,15.03,64.984
2615409,41137.0,98.1112,27.1678,775.68,4.251,13.32,77.6824
2615508,13867.0,83.0966,22.485,697.46,14.8781,16.71,27.0096
2615607,30321.0,79.6082,25.9985,700.43,7.3651,15.97,40.2869
2615706,14705.0,58.5719,21.3533,988.78,4.5305,10.3,20.9249
2615805,26937.0,39.262,26.7699,507.68,10.3807,28.27,34.647
2615904,8005.0,81.0868,19.7502,802.72,6.9734,13.87,61.6322
2616001,17251.0,65.3469,23.9233,812.65,6.4307,17.3,56.7362
2616100,9169.0,30.1669,23.5795,697.9,7.5658,16.79,37.0859
2616183,7558.0,25.774,21.9767,693.87,11.277,26.11,11.2241
2616209,21959.0,74.6937,23.8809,820.75,3.7169,18.42,52.1374
2616308,26359.0,58.811,23.8438,752.56,9.0909,17.79,47.1962
2616407,134084.0,90.5134,22.779,945.42,7.9411,13.53,69.7404
2616506,11611.0,90.5865,23.4002,639.13,8.9957,24.3,75.4239
2700102,19008.0,32.1654,24.8843,625.07,11.7922,20.07,29.4396
2700201,13966.0,66.0819,22.3973,686.24,16.2046,26.79,31.2147
2700300,234696.0,92.2099,24.4026,1080.25,7.0145,13.69,20.7158
2700409,37512.0,71.4171,25.0533,711.54,10.7893,23.58,22.1414
2700508,16365.0,95.5026,25.1329,823.52,9.2747,18.62,8.3955
2700607,7944.0,94.6375,24.7608,1090.24,2.6527,12.62,39.8734
2700706,16448.0,74.2096,24.9453,781.96,6.0251,21.5,40.0742
2700805,4722.0,51.4824,22.554,785.36,6.0161,21.92,7.3389
2700904,5936.0,19.6429,24.2082,552.98,19.1214,27.3,1.4642
2701001,21187.0,90.6924,22.8159,747.1,8.1813,21.89,65.1716
2701100,9603.0,64.7194,23.5343,590.5,10.0895,31.79,58.6815
2701209,10482.0,54.2931,23.8409,674.58,2.968,30.22,0.6423
2701308,16024.0,90.4269,24.0389,735.55,10.8478,24.44,28.5628
2701357,6665.0,90.3826,25.4164,700.77,4.159,21.61,69.9043
2701407,32106.0,95.4401,25.9204,751.21,8.9312,20.06,29.667
2701506,8143.0,50.4974,23.7259,550.5,4.8974,29.73,16.5725
2701605,15559.0,35.0922,24.3525,628.19,8.8933,25.97,4.1411
2701704,15032.0,79.6434,24.9268,743.82,6.4571,21.24,72.172
2701803,8999.0,65.1961,26.6807,607.69,9.833,20.34,4.9234
2701902,5910.0,72.132,23.8917,674.99,2.4215,25.63,21.4397
2702009,10810.0,47.5116,23.3858,649.14,37.0954,26.51,0.2771
2702108,15816.0,83.2575,25.0569,704.1,6.5698,23.92,78.4583
2702207,5581.0,89.6255,23.9742,846.43,1.3361,15.28,59.2792
2702306,50414.0,89.132,24.0925,849.84,7.1549,17.57,26.3174
2702355,25397.0,50.5768,24.8573,558.43,3.1983,26.64,7.1092
2702405,51318.0,79.892,23.937,919.98,10.5888,14.8,66.733
2702504,9805.0,56.9913,26.3539,614.92,7.7286,24.85,0.1225
2702553,15429.0,27.3316,21.3818,603.82,14.4464,31.61,1.5523
2702603,22712.0,35.8973,24.7578,543.54,8.446,27.25,1.6759
2702702,3963.0,80.3936,23.8456,731.46,5.9972,21.49,4.2954
2702801,9618.0,70.0354,24.0902,656.18,6.4783,24.49,59.9742
2702900,36102.0,33.9926,25.6052,607.35,8.602,24.65,6.3435
2703007,13731.0,83.002,24.5867,666.04,5.2096,26.17,64.7764
2703106,23995.0,25.2344,22.0254,646.11,9.3606,25.05,7.8832
2703205,21372.0,21.0369,22.5856,525.81,7.4646,27.01,16.7254
2703304,15167.0,43.3705,24.0852,599.89,4.7896,27.87,2.3576
2703403,5083.0,62.2074,24.159,724.87,6.8986,19.37,2.9412
2703502,5352.0,74.346,24.1592,677.81,5.8061,24.42,47.173
2703601,9219.0,62.3712,26.0657,827.16,7.1556,18.15,7.1006
2703700,4985.0,50.8927,23.2497,637.77,4.0311,29.44,32.163
2703759,9470.0,44.8152,24.2239,778.85,3.6203,18.88,9.8827
2703809,17150.0,66.6706,24.9563,618.24,6.5047,28.35,8.3224
2703908,4092.0,77.3949,23.0205,714.04,4.9893,23.76,21.6533
2704005,23907.0,48.994,23.9428,749.29,1.6978,23.19,5.622
2704104,18457.0,53.1126,25.5404,633.44,13.2859,24.59,5.3075
2704203,24740.0,35.3557,24.907,652.14,8.7341,24.06,0.4469
2704302,957916.0,99.9663,23.8942,1605.6,7.2696,7.74,48.2924
2704401,17700.0,55.8362,24.4859,744.14,4.5462,24.76,1.9558
2704500,32174.0,78.9675,25.7693,833.62,4.094,19.06,33.3034
2704609,9534.0,53.6186,23.0858,713.11,7.6384,24.68,0.1248
2704708,60370.0,97.9626,24.1743,1208.19,6.6413,11.68,28.752
2704807,13679.0,74.0332,23.6567,783.47,8.349,21.43,68.6584
2704906,3155.0,48.2726,23.3597,904.73,6.5379,19.16,23.4463
2705002,21844.0,26.4695,24.1668,528.9,11.1237,28.82,9.3241
2705101,23857.0,91.5999,25.4642,681.56,8.0949,22.22,4.6173
2705200,15405.0,87.0951,24.4336,643.98,15.8584,19.73,42.4583
2705309,4845.0,46.2126,22.3736,646.55,6.4176,29.31,0.3085
2705408,7184.0,40.0195,25.0974,635.08,6.8163,24.2,0.6332
2705507,25187.0,91.1264,25.0447,749.66,11.1825,22.37,86.6096
2705606,10020.0,72.4651,24.1317,705.65,5.8124,24.23,54.5202
2705705,20695.0,68.7074,24.0686,697.42,6.5776,18.73,3.0057
2705804,8349.0,53.192,25.4641,576.56,5.9587,24.47,25.6154
2705903,4330.0,30.3233,25.0115,436.54,15.3846,27.0,0.2179
2706000,10812.0,42.1939,25.0277,521.06,4.9113,26.97,4.6993
2706109,11446.0,65.9969,24.6811,758.14,7.1856,19.99,0.403
2706208,4325.0,72.4393,25.7341,726.16,5.9116,18.52,2.1953
2706307,71574.0,74.0576,22.6367,878.62,8.1593,16.04,18.5867
2706406,23823.0,47.0722,24.3378,738.27,7.7108,21.31,8.6164
2706422,10573.0,31.5048,26.5298,606.59,7.9459,20.46,5.9166
2706448,13835.0,94.9042,24.8717,1071.88,4.3848,13.36,7.5063
2706505,13804.0,70.1391,26.5213,721.98,5.5983,18.72,3.9489
2706604,6576.0,79.5316,23.9811,731.19,19.617,22.48,34.9629
2706703,58650.0,80.3649,23.1407,911.94,8.2701,15.94,17.9287
2706802,15908.0,83.216,24.2205,689.66,9.347,21.49,24.2424
2706901,35370.0,97.9389,23.7829,819.78,9.7104,16.3,33.4397
2707008,2731.0,58.074,24.3867,674.19,21.0898,23.6,0.7238
2707107,22609.0,75.2709,25.5695,826.25,8.5945,18.17,48.0495
2707206,12518.0,18.07,23.9575,509.59,8.4022,25.72,2.7414
2707305,24071.0,83.5321,25.8028,796.62,7.9422,17.59,10.4767
2707404,9295.0,76.4605,25.8096,731.48,1.4697,19.4,17.1631
2707503,20082.0,46.5093,24.156,571.27,7.676,23.85,33.5125
2707602,11080.0,64.7563,22.87,699.05,5.9094,22.48,39.4515
2707701,93927.0,97.9388,24.1475,778.71,11.9529,11.33,47.5024
2707800,6474.0,91.1029,27.2011,665.34,8.45,23.95,46.9552
2707909,6919.0,98.5547,26.0298,692.89,2.9204,12.86,23.3516
2708006,46220.0,66.8001,25.5733,721.11,9.0656,18.8,23.5793
2708105,11323.0,61.5473,25.0729,642.22,8.3738,24.75,44.7969
2708204,6555.0,60.2288,23.3867,557.56,13.2475,24.79,11.4608
2708303,20813.0,78.3789,24.8306,702.25,8.7129,26.07,71.6359
2708402,30604.0,44.0498,27.0455,603.09,8.8105,23.8,7.3212
2708501,30873.0,75.5255,26.162,750.66,4.0551,21.91,4.3441
2708600,51990.0,95.9415,24.7432,912.83,10.4992,14.16,63.6014
2708709,8482.0,93.7868,25.7251,959.27,3.7151,15.37,9.0875
2708808,31786.0,43.8778,24.7027,672.44,12.4011,24.82,1.3938
2708907,24278.0,96.1694,23.4945,970.21,5.0957,8.9,77.9188
2708956,12303.0,31.789,27.473,560.65,6.9634,23.08,16.0011
2709004,5796.0,36.9738,21.7046,687.88,5.2704,28.43,0.4847
2709103,19032.0,49.6059,22.1259,618.0,9.8594,22.58,4.236
2709152,38053.0,84.448,25.8613,740.39,8.8301,19.73,41.236
2709202,23565.0,30.906,25.1984,599.73,6.9543,29.78,4.7729
2709301,59280.0,83.2675,24.0047,768.95,5.702,21.51,79.999
2709400,24092.0,77.092,24.2944,742.73,8.7514,22.0,21.4096
2800100,2170.0,78.3871,22.3502,773.49,4.4881,16.54,33.5128
2800209,20131.0,58.8495,23.4464,782.01,19.5367,18.61,41.4858
2800308,602757.0,99.9977,22.6065,2087.74,7.8675,4.61,87.4465
2800407,10318.0,42.4016,23.2506,749.83,7.8899,21.1,0.3581
2800506,18081.0,77.3962,26.5417,794.41,11.4621,16.1,1.8214
2800605,41511.0,99.1207,22.8132,1589.75,10.0491,5.35,73.0671
2800670,24636.0,72.1465,22.0287,880.42,12.0651,16.6,3.857
2800704,7841.0,50.1594,26.3614,554.26,6.1545,23.6,33.8325
2801009,18149.0,63.7997,24.1281,921.66,5.2324,17.43,18.1684
2801108,3791.0,40.9654,23.6349,689.22,7.1085,21.52,8.9905
2801207,26834.0,66.7139,26.936,707.36,10.3609,22.06,48.1864
2801306,31645.0,69.379,24.2534,698.56,8.1576,16.67,11.5069
2801405,19939.0,63.0774,23.1255,712.75,7.8324,22.64,10.6771
2801504,13853.0,96.6578,25.0776,766.36,18.4724,9.49,80.1877
2801603,5391.0,86.7557,22.148,764.19,12.79,13.68,48.836
2801702,17100.0,77.6784,25.5439,661.19,11.7201,20.28,1.2854
2801900,3824.0,58.0282,22.9079,711.39,19.7258,20.51,20.2485
2802007,4340.0,50.0,23.4332,789.16,7.3698,13.73,17.137
2802106,65078.0,87.9314,23.2137,896.64,12.278,11.7,34.5937
2802205,5975.0,66.5941,25.2218,640.0,14.0063,20.59,40.3774
2802304,14530.0,81.4659,24.267,851.07,6.5396,17.97,46.0916
2802403,11096.0,28.1453,22.9001,700.41,9.6958,23.88,15.8015
2802502,3037.0,68.0277,22.9503,765.34,11.2174,12.59,36.8137
2802601,5834.0,49.7943,21.3747,665.05,2.3863,21.54,28.5106
2802700,8321.0,90.5781,24.3721,522.34,6.0296,17.75,16.7691
2802809,16549.0,33.1984,24.8233,611.83,6.0868,17.77,5.4552
2802908,103440.0,83.6572,25.1257,1080.72,5.0654,14.0,77.1582
2803005,40678.0,59.3195,25.6011,682.43,5.6955,20.83,53.6829
2803104,4745.0,56.7123,21.4542,772.31,2.3502,23.48,29.5243
2803203,34411.0,47.8306,23.6901,663.07,11.0923,15.67,20.6831
2803302,16209.0,64.6616,23.0489,816.67,10.6731,13.86,12.1852
2803401,13407.0,34.1314,24.3604,715.33,10.0569,21.01,13.9016
2803500,101579.0,74.2713,24.065,928.75,8.5534,16.45,26.8348
2803609,23975.0,92.9468,24.6882,752.52,12.2613,13.09,49.6234
2803708,6838.0,54.8552,23.6326,859.09,3.1696,18.02,35.3982
2803807,3579.0,40.0671,23.5261,747.74,4.0606,14.66,16.0401
2803906,11533.0,52.1807,22.3966,779.87,5.6306,17.21,32.4473
2804003,15719.0,88.6252,24.0601,770.84,12.9011,11.33,60.1028
2804102,11050.0,47.6923,22.5611,796.8,4.5218,17.42,51.3321
2804201,14336.0,63.9648,26.4509,727.55,14.3429,22.76,49.5638
2804300,7822.0,46.5098,23.1015,740.68,7.8603,18.37,4.8649
2804409,16426.0,52.6969,22.5496,761.43,6.6002,17.86,18.3453
2804458,9232.0,50.13,23.0069,812.94,17.3369,21.63,55.0355
2804508,41212.0,69.8146,25.4101,879.22,8.1466,16.79,58.4564
2804607,24996.0,76.1042,24.2359,760.07,9.3668,17.6,17.4827
2804706,6268.0,55.8232,22.8941,814.61,5.9208,19.88,19.8307
2804805,192330.0,98.5733,25.0757,822.63,11.7806,7.09,60.5836
2804904,12502.0,39.9696,23.6682,588.41,8.7272,21.76,5.0597
2805000,2778.0,45.4644,22.5702,631.36,9.7938,16.02,26.2278
2805109,7396.0,76.6901,24.5403,745.96,13.5012,21.77,4.0641
2805208,5677.0,64.8406,23.146,677.94,15.0943,18.92,26.7258
2805307,7913.0,58.7009,23.4551,750.38,11.5789,13.63,26.7402
2805406,33439.0,44.2836,26.1132,632.67,8.7409,23.21,29.8931
2805505,21794.0,59.8743,22.9696,757.03,18.1454,19.51,55.0116
2805604,26576.0,48.1525,23.969,616.69,5.6099,21.84,43.1003
2805703,26618.0,85.0552,22.6125,941.63,10.5489,11.9,73.2876
2805802,18313.0,40.119,24.7256,671.74,6.3871,23.36,16.021
2805901,8748.0,84.1107,24.6228,688.58,8.145,10.74,73.4636
2806008,17033.0,74.0269,22.7089,883.07,4.9194,18.98,67.3407
2806107,9295.0,87.4018,24.0129,753.63,13.8846,10.12,55.432
2806206,20279.0,49.6671,22.6096,798.99,9.2566,17.44,7.9378
2806305,13616.0,23.7147,25.6096,571.88,6.4224,21.82,16.2198
2806404,7346.0,61.7343,23.7544,717.52,7.9769,14.5,3.6771
2806503,3937.0,56.1087,24.4348,578.91,8.8258,18.13,35.8242
2806602,11092.0,71.4569,22.3945,767.22,17.1558,13.75,15.3258
2806701,95612.0,88.2515,24.8891,1124.93,8.2543,7.59,47.6182
2806800,10327.0,55.3501,23.4725,729.31,3.2661,19.63,13.0615
2806909,3243.0,72.8955,22.7875,776.93,4.2088,19.46,18.4764
2807006,3434.0,54.1351,22.9179,734.03,11.2436,22.81,49.1803
2807105,42578.0,53.9927,24.3553,850.37,9.9918,17.58,45.485
2807204,7834.0,48.8639,23.5895,759.73,13.718,14.24,19.2762
2807303,3274.0,58.8882,23.427,692.33,7.758,18.19,30.1701
2807402,50905.0,74.5605,24.6204,881.15,8.8916,19.11,76.4459
2807501,12012.0,53.2884,22.9187,552.13,8.9129,24.53,23.121
2807600,23917.0,81.8163,24.9906,743.59,7.0453,15.14,3.4158
2900108,7301.0,48.692,16.9703,901.48,7.5464,17.81,24.6877
2900207,17639.0,55.8875,25.2849,600.78,6.229,18.94,53.3814
2900306,13795.0,75.0054,23.1606,706.63,4.5922,15.24,0.1888
2900355,14201.0,50.4612,23.8152,739.27,15.4665,25.74,40.9065
2900405,14497.0,40.9533,21.6114,700.83,8.0494,20.43,4.754
2900504,10604.0,21.539,22.7744,765.89,2.5212,23.24,0.354
2900603,4447.0,58.3989,21.4752,756.71,3.5762,20.59,68.5923
2900702,151055.0,87.7224,21.5862,1072.99,10.0415,6.24,63.7726
2900801,24530.0,52.4134,21.5573,747.65,3.3128,17.48,27.4351
2900900,5218.0,84.8984,18.4745,912.36,5.9442,19.42,80.439
2901007,36521.0,76.8407,23.8301,839.32,10.4813,13.11,29.9435
2901106,24138.0,82.5503,21.5221,840.69,11.8375,9.05,7.5465
2901155,15137.0,77.4592,23.4525,674.14,4.578,16.51,1.2821
2901205,25438.0,25.6506,20.8468,718.55,6.5119,22.54,11.0423
2901304,13080.0,61.8884,23.815,758.2,13.2884,19.23,16.4983
2901353,15012.0,44.3778,22.3088,796.26,9.291,19.07,37.8124
2901403,13732.0,46.7885,21.8104,823.95,5.2908,16.21,0.4839
2901502,11031.0,43.0514,22.4096,720.44,11.5278,15.88,26.9206
2901601,14206.0,60.3196,22.7228,832.0,15.8484,16.72,60.5486
2901700,11146.0,34.4698,23.7843,702.92,12.3657,20.25,11.3147
2901809,10862.0,51.4086,22.2979,750.04,5.7519,14.64,7.1026
2901908,15922.0,56.2178,22.9305,710.49,4.6866,20.04,0.726
2901957,6913.0,74.5552,22.2624,836.77,3.8828,20.37,42.7481
2902005,13936.0,32.8932,21.0677,757.68,4.582,20.76,1.3675
2902054,11557.0,52.903,25.4218,725.59,12.8056,15.28,6.8011
2902104,48294.0,48.5216,24.7753,691.84,11.0658,23.99,33.8745
2902203,9833.0,56.6765,22.7601,803.04,12.4633,15.33,10.1088
2902252,10191.0,53.2431,23.5698,691.76,5.0913,23.27,30.049
2902302,8677.0,63.0172,23.2338,639.58,4.6422,18.38,28.8375
2902401,11179.0,86.1526,22.4528,745.63,4.5224,19.96,55.2658
2902500,13614.0,28.4193,23.1012,700.24,2.4429,20.96,0.2491
2902609,18220.0,44.4402,22.7827,708.86,14.2905,18.79,34.9307
2902658,11958.0,36.9293,22.7212,707.64,6.6315,19.57,3.3291
2902708,51092.0,48.1739,25.1664,621.14,9.3483,18.13,31.7007
2902807,26026.0,54.1612,24.4871,796.07,10.0822,14.38,48.3609
2902906,36539.0,68.4118,23.4024,784.48,9.4679,19.64,20.7259
2903003,13836.0,56.606,21.6175,879.61,8.3692,10.22,0.3172
2903102,5775.0,67.6017,20.9177,810.44,5.8031,23.69,53.0593
2903201,159734.0,90.1142,25.215,1339.99,5.2108,7.12,75.6678
2903235,13453.0,55.8834,23.1473,708.95,5.1975,11.26,1.0952
2903276,15203.0,46.8855,22.8113,762.9,10.1189,14.81,30.3129
2903300,5833.0,82.1704,20.5897,860.67,6.9083,17.41,80.9991
2903409,20121.0,81.989,22.3548,837.51,6.5021,16.93,52.3764
2903508,18412.0,55.9744,22.0454,746.56,6.9977,18.94,1.2891
2903607,15146.0,27.3736,22.1841,680.46,9.3938,19.47,20.698
2903706,13690.0,53.6231,22.0672,705.02,8.1695,24.82,31.6836
2903805,16873.0,45.961,22.1893,618.24,15.6321,21.31,4.8608
2903904,65550.0,73.0908,24.6011,916.66,7.0738,11.61,48.6501
2903953,9730.0,35.3032,23.7924,655.08,12.6305,21.33,0.1577
2904001,13622.0,47.1443,21.847,761.38,7.7621,13.78,0.968
2904050,15844.0,50.8962,26.8493,704.84,7.4779,12.31,1.0161
2904100,19322.0,36.5956,21.8559,675.66,8.6822,19.91,4.3114
2904209,11024.0,43.6865,23.3763,709.0,8.9986,20.2,31.8394
2904308,12943.0,68.1527,22.3519,708.98,8.3468,20.05,29.2513
2904407,9108.0,21.3109,19.0272,739.06,15.6525,19.56,0.2508
2904506,11765.0,32.1972,20.493,729.3,5.7727,10.42,19.92
2904605,70510.0,74.1115,21.543,1024.01,7.4386,10.61,61.4225
2904704,14804.0,88.5301,19.873,880.8,6.88,16.0,71.3237
2904753,19589.0,41.7683,24.9119,511.72,16.3743,19.42,6.6271
2904803,6205.0,70.4432,20.6769,779.57,4.2728,20.79,69.3333
2904852,16559.0,31.9886,25.5631,631.12,13.8357,18.37,6.6384
2904902,29250.0,68.3556,22.9128,913.46,7.6423,11.6,52.6311
2905008,22462.0,67.4161,21.7122,1019.26,5.996,11.55,17.0563
2905107,10384.0,48.6036,23.8155,806.57,10.7788,18.64,14.0853
2905156,11266.0,32.7002,22.0664,696.7,20.4405,22.49,14.3519
2905206,52012.0,63.395,22.7563,989.14,8.2853,14.74,36.0199
2905305,17466.0,68.9797,24.1727,661.74,7.181,14.62,4.902
2905404,17761.0,84.2633,25.2182,995.96,4.9005,9.89,35.9351
2905503,13080.0,58.0428,23.7385,620.16,6.224,19.35,15.6177
2905602,22579.0,88.476,22.4235,956.88,7.827,15.66,70.2944
2905701,300372.0,97.8547,22.0407,1177.89,10.4269,4.98,68.0203
2905800,30469.0,53.1688,23.5584,760.25,5.5857,18.61,35.9724
2905909,30671.0,31.101,22.386,658.13,7.9868,18.91,0.4359
2906006,71377.0,57.0856,24.2333,749.39,6.3442,16.69,14.3657
2906105,10225.0,38.4743,23.423,628.47,6.8493,19.91,28.3641
2906204,24206.0,59.824,23.9651,634.87,8.2817,13.07,2.3242
2906303,32683.0,76.8136,21.3811,832.49,3.1503,14.9,52.6338
2906402,7772.0,44.0813,21.5131,735.08,13.5428,16.52,0.3965
2906501,72382.0,91.5255,21.381,845.21,16.0339,6.95,73.4919
2906600,13016.0,59.5882,19.5836,751.74,4.6142,17.26,0.7814
2906709,25247.0,75.1456,21.4917,733.66,5.9047,18.8,7.4128
2906808,37439.0,39.133,25.177,669.08,9.9644,19.35,31.9862
2906824,16105.0,63.6635,22.6451,711.38,9.2597,16.69,25.101
2906857,10744.0,52.1873,19.583,809.2,10.6294,20.18,39.5683
2906873,33235.0,85.0549,23.3639,850.17,8.1417,13.83,11.7843
2906899,9940.0,29.5372,20.0101,737.4,7.2524,24.44,6.7826
2906907,20580.0,74.1642,22.7405,896.46,5.9686,17.35,29.7312
2907004,8365.0,74.8715,25.4991,629.76,14.7274,14.87,4.3186
2907103,28869.0,61.1902,24.0188,671.34,7.8036,17.55,32.6741
2907202,72086.0,63.6781,24.4652,685.09,4.8773,15.67,36.8192
2907301,24712.0,63.8678,22.483,819.29,7.9906,15.9,60.4296
2907400,3434.0,32.7897,19.0157,750.89,5.8632,22.78,2.0481
2907509,48148.0,85.6193,20.5138,952.59,12.9717,7.43,73.0878
2907558,8841.0,31.8968,21.0497,653.61,4.7289,23.36,21.592
2907608,16348.0,50.0673,21.758,735.38,9.0329,13.52,0.9431
2907707,10579.0,54.5609,24.2745,660.51,7.7849,16.68,31.9228
2907806,30907.0,67.2437,21.8527,845.53,6.4471,22.57,52.0648
2907905,17230.0,70.8183,23.3894,831.75,9.3439,16.07,1.5234
2908002,17333.0,92.246,19.9158,846.49,8.2664,17.79,85.3325
2908101,19151.0,53.5794,23.816,722.49,5.1545,20.99,1.2708
2908200,20800.0,66.5481,23.7644,770.78,12.199,11.54,8.7823
2908309,15794.0,47.3471,20.9067,864.35,8.8824,13.31,11.2639
2908408,67825.0,65.9418,22.5684,854.96,7.5479,13.16,33.1279
2908507,35308.0,93.5624,22.4708,1009.81,8.1219,8.66,6.0802
2908606,23654.0,60.8438,26.3507,674.79,12.6198,12.65,16.224
2908705,17053.0,47.4638,20.0317,801.3,13.0542,17.88,5.1404
2908804,4333.0,60.5354,21.394,781.32,11.9897,16.44,0.7905
2908903,26692.0,44.459,23.419,850.84,10.2432,13.75,2.631
2909000,7546.0,34.6541,19.2022,816.33,7.9282,20.76,4.9261
2909109,13990.0,62.609,20.2859,757.51,10.8928,18.98,0.5816
2909208,17056.0,51.8351,24.9883,704.02,5.7286,30.34,35.0979
2909307,32457.0,52.7344,22.6115,930.61,6.2964,18.14,8.7161
2909406,13063.0,51.9253,22.5446,621.91,8.8872,22.47,0.3174
2909505,4415.0,67.7237,20.7475,723.17,15.5371,17.71,61.3342
2909604,19729.0,56.678,22.3073,673.53,7.6735,22.53,1.6233
2909703,13993.0,40.5703,23.0615,778.03,7.1191,20.73,0.3422
2909802,60348.0,78.3241,21.5334,1167.93,9.5554,6.74,55.0953
2909901,34180.0,52.1123,24.1194,646.06,6.4062,15.73,36.2189
2910008,10820.0,61.0074,21.8207,730.32,10.1442,24.85,52.3332
2910057,71485.0,97.5953,22.4816,901.27,15.0052,5.6,57.1368
2910107,11884.0,22.0212,21.55,760.0,12.4706,17.06,3.3316
2910206,4407.0,50.5106,21.3751,764.82,9.0017,14.9,7.0165
2910305,7808.0,44.4672,18.7756,744.89,7.4941,14.55,0.6036
2910404,19107.0,59.8681,22.5362,611.21,6.765,23.75,44.1372
2910503,38098.0,74.353,24.1482,828.08,9.3736,10.74,9.6965
2910602,32554.0,69.7702,25.7818,760.79,11.4239,13.37,1.5798
2910701,61456.0,52.4701,22.6683,819.62,6.8031,21.11,20.5985
2910727,113710.0,93.9768,23.0059,1253.64,6.6061,10.3,30.023
2910750,17895.0,44.6773,22.7214,718.87,6.4585,23.49,42.6702
2910776,5631.0,64.873,19.8011,731.17,10.7307,20.5,0.2024
2910800,616272.0,93.8037,23.1068,1209.69,8.6524,6.01,64.626
2910859,17897.0,56.4787,23.4285,690.18,9.8819,14.04,23.1934
2910909,4873.0,86.0045,21.773,829.88,4.3911,15.33,83.4444
2911006,11059.0,75.4589,20.4539,817.95,13.4871,21.13,69.2128
2911105,25899.0,66.1763,25.5261,860.52,5.4859,18.32,7.5092
2911204,32178.0,83.6192,22.7391,910.6,4.4887,14.96,67.877
2911253,4360.0,68.7615,20.4128,878.17,5.7352,18.29,4.5181
2911303,10884.0,53.3535,22.8501,715.0,9.7928,16.53,16.0504
2911402,15524.0,31.0165,20.8902,722.37,2.6204,19.34,23.2618
2911501,5555.0,71.3951,21.6562,733.31,7.1723,17.98,70.1913
2911600,20605.0,45.62,22.3198,814.42,11.7432,12.6,1.1857
2911659,8050.0,30.1739,20.8075,803.95,11.93,19.65,0.4332
2911709,87817.0,83.6364,22.318,1201.16,6.5319,10.83,60.4233
2911808,19049.0,62.1135,20.2163,822.2,7.4587,25.91,52.7333
2911857,12309.0,49.8091,23.9906,748.53,7.2782,24.27,10.3371
2911907,24607.0,79.3189,22.3595,765.53,11.5659,19.27,35.4097
2912004,10429.0,49.4774,19.7238,917.13,8.709,14.13,0.5098
2912103,21665.0,92.7671,21.5232,1006.71,9.1786,14.27,69.1956
2912202,20785.0,65.706,26.0909,808.75,1.2287,10.76,18.4636
2912301,13934.0,82.0439,20.554,914.5,9.1993,17.26,68.9123
2912400,16603.0,67.1565,20.9119,713.13,3.0107,14.34,1.0311
2912509,13863.0,44.4997,23.5447,783.29,5.2621,20.69,1.1777
2912608,3725.0,68.6443,22.5235,655.52,9.9345,18.27,4.8989
2912707,25344.0,55.1886,25.4143,671.17,7.3546,21.03,50.1854
2912806,8896.0,64.8494,21.549,1036.38,2.0444,14.62,50.4505
2912905,18792.0,83.4451,19.5615,784.17,7.9972,21.8,68.4652
2913002,14637.0,27.5466,21.8624,771.57,21.397,17.08,8.2973
2913101,16969.0,50.1444,21.0148,699.28,3.0371,14.54,2.099
2913200,26309.0,81.4816,23.1062,804.43,9.3351,12.35,64.9393
2913309,6190.0,59.9192,22.0355,889.43,14.8066,9.86,4.1878
2913408,15527.0,56.0894,22.0133,811.64,9.938,16.41,44.4535
2913457,13151.0,34.1115,24.2339,726.44,3.1222,19.18,23.6842
2913507,21491.0,64.5433,20.9343,794.87,7.0591,22.63,60.1182
2913606,178649.0,90.5972,21.5658,1298.64,7.2809,8.57,65.3756
2913705,33790.0,48.683,24.0574,739.71,9.0757,19.1,35.1218
2913804,13709.0,26.2236,24.6043,518.63,19.2389,21.56,2.8523
2913903,40706.0,92.2419,20.7414,970.31,5.2473,14.43,78.6836
2914000,56876.0,58.9809,22.6721,765.59,8.9083,20.88,53.6315
2914109,9935.0,64.8314,21.1877,779.19,20.1209,12.28,43.4244
2914208,6101.0,55.4991,21.7669,772.34,9.0478,20.91,0.9128
2914307,10752.0,46.8843,24.1908,668.6,9.229,15.8,4.3702
2914406,23879.0,33.0123,25.0597,681.79,9.1,11.98,2.5657
2914505,28043.0,45.3161,21.9021,858.51,6.7801,13.7,1.3478
2914604,74507.0,95.1468,24.6044,1188.07,7.6165,7.62,28.9035
2914653,28165.0,85.2796,23.8452,910.41,5.1733,18.25,4.7713
2914703,65073.0,82.223,22.8267,1013.18,7.5271,11.01,70.5484
2914802,186708.0,98.3611,21.2246,1292.99,9.2832,7.69,84.0136
2914901,27704.0,63.637,24.5921,1013.93,3.3994,12.61,48.6134
2915007,13472.0,63.4798,23.3076,688.07,18.5129,20.26,21.9356
2915106,13803.0,76.5848,22.1256,682.87,5.1789,20.0,61.4359
2915205,15310.0,72.469,21.0059,934.69,8.4954,17.16,66.5319
2915304,6347.0,78.8562,20.1197,888.0,10.673,20.47,77.0576
2915353,12311.0,31.2079,22.7033,658.64,14.0021,16.54,6.409
2915403,6037.0,82.5576,22.7596,793.34,6.0482,16.69,79.0598
2915502,18781.0,82.9296,20.6539,829.36,11.8147,18.86,66.2666
2915601,59605.0,81.0502,22.4411,997.27,5.0266,14.33,75.1966
2915700,7051.0,76.5423,21.2878,782.5,8.9312,22.32,37.0254
2915809,24394.0,84.1969,22.4399,812.81,8.6279,18.63,80.2472
2915908,5914.0,60.7372,24.7886,658.79,4.9111,15.42,7.8782
2916005,17813.0,70.5159,19.2781,951.09,9.9268,17.52,68.5865
2916104,19789.0,100.0,21.2896,857.63,12.1597,7.0,52.2398
2916203,10341.0,80.1567,21.2842,833.82,11.7098,17.37,73.5128
2916302,9174.0,79.2675,21.3538,811.95,5.034,25.31,1.571
2916401,65897.0,97.0059,22.2104,982.63,5.2237,10.78,94.0269
2916500,31679.0,39.9634,23.817,662.46,8.2588,27.11,23.4635
2916609,10279.0,62.0586,22.1714,655.6,8.9407,21.0,82.926
2916708,8153.0,62.0508,21.2314,636.45,19.6011,20.45,52.7568
2916807,17052.0,86.0544,20.7542,823.97,5.6264,16.22,79.6178
2916856,15737.0,76.0628,23.8737,715.27,10.4331,15.01,1.9307
2916906,10999.0,79.2618,21.311,833.85,8.0378,18.06,39.7936
2917003,33872.0,38.4624,23.9313,702.63,11.8871,18.23,25.0269
2917102,16617.0,92.5859,20.804,900.14,6.3364,17.68,86.0709
2917201,17914.0,42.2463,22.0219,774.57,2.7846,20.12,6.9133
2917300,21902.0,73.943,22.1898,826.22,6.5079,14.61,47.5059
2917334,11118.0,70.948,25.0765,634.79,17.9405,18.9,44.1302
2917359,9275.0,38.5876,20.0863,648.51,3.647,17.8,32.5453
2917409,14436.0,37.8429,20.532,842.61,7.4547,18.86,16.517
2917508,82590.0,85.2077,22.4579,1083.02,7.036,11.01,58.9931
2917607,45964.0,82.247,23.1551,791.77,5.3405,18.83,45.6048
2917706,32703.0,72.027,21.7839,882.99,4.5729,15.42,59.6155
2917805,17659.0,40.7554,22.7646,627.54,6.5801,18.25,6.4263
2917904,9285.0,63.6187,25.0835,657.5,9.3261,14.69,2.4847
2918001,158813.0,92.5844,21.7715,1013.69,7.1242,10.94,83.3878
2918100,37626.0,52.4265,23.3615,764.11,8.5743,24.93,34.3068
2918209,13629.0,46.8853,22.0486,750.18,4.0701,17.85,31.5669
2918308,14355.0,71.2713,21.9366,770.22,4.7752,21.82,48.5647
2918357,24854.0,76.708,24.318,751.74,5.0138,13.46,1.903
2918407,237821.0,85.2124,25.2434,1047.97,6.5976,8.64,78.0941
2918456,9655.0,46.8255,20.9632,827.44,2.0828,25.74,35.1243
2918506,16354.0,61.7341,22.386,656.54,5.7581,18.76,0.8273
2918555,5888.0,73.6413,21.0088,788.28,6.8542,17.31,66.7788
2918605,7379.0,43.0546,17.997,757.64,11.4862,15.73,17.726
2918704,4075.0,59.1411,18.5767,794.63,1.7291,24.6,51.2789
2918753,14105.0,26.558,24.0766,635.69,15.4568,21.05,0.2515
2918803,21052.0,35.0086,22.3827,672.28,4.225,20.2,21.627
2918902,3845.0,63.0169,18.6736,939.41,2.0181,16.59,25.4374
2919009,3527.0,37.2271,20.8109,672.38,11.4061,19.56,29.3103
2919058,7494.0,64.3181,21.7107,772.77,3.447,18.2,0.5495
2919108,9015.0,24.9251,22.9839,697.73,18.0795,22.29,16.6401
2919157,25736.0,63.926,23.6128,703.21,5.5901,15.05,16.7908
2919207,203331.0,99.9744,21.3037,1879.69,8.9522,3.63,72.8268
2919306,10774.0,79.7104,24.2064,1042.72,3.6918,9.12,47.5121
2919405,11834.0,53.8956,19.6468,846.36,5.6965,15.32,1.0962
2919504,43903.0,54.2173,21.2491,884.92,2.8904,16.45,33.739
2919553,107909.0,97.1819,28.0255,1644.88,5.2534,4.24,65.2028
2919603,10454.0,63.4303,21.4846,673.31,8.2995,19.29,39.1909
2919702,21599.0,75.6748,21.8853,667.69,20.1107,22.69,83.3679
2919801,41859.0,46.702,23.0966,799.52,11.3047,18.99,27.0255
2919900,7256.0,36.9901,23.043,659.19,2.4575,20.57,35.5501
2919926,18504.0,100.0,21.6926,1046.58,18.7439,4.63,91.5547
2919959,6973.0,48.0568,20.6941,748.52,11.2607,23.12,38.3764
2920007,8731.0,80.4032,23.0443,859.88,5.685,15.9,73.18
2920106,17674.0,64.7278,21.7268,708.57,15.9688,18.99,48.0947
2920205,15398.0,55.1175,24.3733,586.1,11.1512,18.37,0.6028
2920304,8670.0,40.8189,21.7993,743.95,7.4504,19.21,12.2449
2920403,13860.0,55.1154,22.0491,672.33,13.9486,20.49,0.4767
2920452,13919.0,41.9283,24.9946,611.87,22.8777,10.93,0.308
2920502,27620.0,78.8559,22.5742,858.28,7.8344,16.86,2.4449
2920601,35859.0,59.5109,22.2678,649.73,6.4204,14.83,42.8704
2920700,24527.0,49.3456,24.8135,1029.95,2.7855,13.18,9.2424
2920809,9267.0,55.9189,22.8769,762.8,11.3197,18.85,0.4009
2920908,13544.0,82.2504,22.9031,677.4,8.003,22.65,57.3483
2921005,42566.0,81.9057,22.6401,894.54,8.297,8.72,47.7325
2921054,10330.0,38.4608,24.5789,731.93,9.6257,22.73,0.1858
2921104,22194.0,78.8186,20.7804,928.63,5.2188,18.25,48.7957
2921203,24661.0,60.399,20.4412,738.57,8.7372,15.0,44.0714
2921302,11071.0,81.6367,23.0151,752.9,7.4791,16.45,3.0858
2921401,15734.0,47.9281,22.6007,610.87,8.2526,20.5,18.49
2921450,10187.0,21.3409,22.1164,627.62,14.489,22.53,14.4722
2921500,47780.0,26.2537,22.4885,644.1,14.0466,26.85,4.1272
2921609,7996.0,66.6833,21.1356,615.4,7.8832,19.55,30.3326
2921708,33594.0,65.2706,22.1111,858.19,8.6043,15.7,40.0858
2921807,11143.0,53.3788,17.4818,704.83,9.6002,14.03,4.8425
2921906,12137.0,42.5723,22.7321,1009.75,3.0095,12.97,34.477
2922003,37977.0,81.2176,22.748,1134.46,4.1431,12.19,36.3337
2922052,13152.0,47.0651,26.247,619.03,4.9053,13.11,0.6219
2922102,17305.0,71.2453,21.9301,747.97,5.8093,15.56,23.9397
2922201,7190.0,53.5466,19.5271,816.8,5.2322,14.59,27.4269
2922250,10443.0,40.0172,25.6535,658.83,14.5833,17.19,9.5309
2922300,28707.0,66.7154,21.6289,936.11,12.6358,10.27,43.4491
2922409,20037.0,50.5814,21.8895,713.0,5.6361,15.89,46.9437
2922508,27060.0,80.595,21.541,829.76,5.4998,13.79,53.4497
2922607,12063.0,45.1049,22.0841,700.48,8.7081,20.69,21.4818
2922656,18523.0,35.3183,24.5155,571.72,14.3984,22.67,1.766
2922706,13715.0,49.3256,20.8822,828.75,8.0761,21.71,48.6486
2922730,7967.0,72.8882,20.1456,865.88,6.6146,15.55,69.5609
2922755,6501.0,48.8079,20.4892,776.2,1.8444,19.6,46.8971
2922805,7780.0,79.3316,24.6144,639.57,10.9284,19.18,2.3684
2922854,7538.0,65.455,24.1576,678.6,29.9399,17.77,2.4187
2922904,24236.0,45.8079,23.0979,676.56,7.4231,21.27,1.5763
2923001,39509.0,89.4353,23.2048,905.71,4.8186,12.74,19.1343
2923035,11162.0,39.8047,22.8275,637.13,7.6789,12.07,0.1317
2923050,10660.0,62.6642,23.5929,657.33,17.7533,18.69,65.1134
2923100,22633.0,50.7312,22.8251,659.41,11.2777,20.66,46.9076
2923209,20715.0,40.0676,21.9937,719.07,12.8047,11.86,5.9495
2923308,7716.0,45.2307,20.8528,721.96,9.711,16.85,12.0014
2923357,19243.0,60.448,23.4475,583.09,17.6429,22.91,15.6721
2923407,20078.0,49.8904,21.4613,776.26,7.3609,20.68,0.7825
2923506,10339.0,65.693,23.3195,932.17,6.3706,8.09,31.2361
2923605,20351.0,62.1198,21.0604,985.08,5.9104,16.61,27.832
2923704,29252.0,41.8809,22.7574,652.63,8.2753,18.02,1.0879
2923803,26604.0,40.8698,23.3536,777.04,9.7008,20.59,21.7094
2923902,9370.0,67.5774,22.7215,791.71,8.6621,18.85,64.1469
2924009,112870.0,87.3474,22.7979,1059.84,8.0561,10.74,82.4452
2924058,13243.0,52.8128,20.7279,757.86,8.8798,18.0,13.8171
2924108,6235.0,32.1251,22.7426,706.81,5.4236,14.15,5.0308
2924207,13954.0,35.6242,25.5267,609.45,9.2962,31.9,7.4836
2924306,20086.0,53.8086,21.4079,790.79,7.7445,16.48,3.4994
2924405,35357.0,36.9008,23.7124,514.71,8.4087,24.45,19.0716
2924504,14731.0,30.2084,20.3041,780.64,9.0207,18.75,0.3786
2924603,19083.0,72.8135,23.1096,693.36,11.1821,17.08,35.597
2924652,10325.0,63.1864,23.7094,819.37,10.7851,20.26,47.9529
2924678,10974.0,39.8578,25.6789,576.78,2.7342,20.88,30.0186
2924702,9152.0,55.7146,18.8702,716.89,15.8915,21.63,4.6097
2924801,17566.0,68.8204,21.3139,741.19,8.917,15.36,36.2061
2924900,8022.0,47.2451,20.6058,696.59,5.3214,23.55,0.8898
2925006,23334.0,67.1767,21.9851,768.89,8.9401,19.91,0.421
2925105,48293.0,77.3487,23.0924,793.11,11.7314,18.39,67.5541
2925204,32136.0,88.9252,21.4837,981.96,13.396,6.56,80.022
2925253,17938.0,70.1695,23.5032,629.55,18.4178,17.36,3.1419
2925303,168326.0,90.0152,25.4566,1293.05,4.1265,7.69,59.3635
2925402,10274.0,91.7754,22.8343,857.35,6.8758,14.81,76.1976
2925501,35003.0,66.3772,23.6465,985.7,3.7599,14.27,5.6146
2925600,15130.0,61.7118,21.2624,752.48,5.5675,14.43,1.7774
2925709,12621.0,40.5673,20.7353,670.52,22.333,23.64,18.6272
2925758,27734.0,56.0864,25.0054,813.19,5.9623,18.0,27.3772
2925808,25988.0,52.7667,22.8028,662.08,28.8345,15.92,33.5474
2925907,25272.0,35.1575,22.519,698.98,6.4443,27.54,8.2023
2925931,9461.0,51.7916,21.3931,666.94,7.0539,17.91,0.4709
2925956,19662.0,34.8439,23.1716,562.9,30.6032,23.43,20.0181
2926004,40586.0,66.1287,22.5373,802.97,8.3679,17.81,54.2476
2926103,13651.0,52.758,21.1853,765.41,4.8681,12.42,28.8187
2926202,21642.0,50.9056,22.0128,697.01,2.0729,20.41,0.7812
2926301,33386.0,74.7469,21.1346,934.18,7.9699,13.72,59.5505
2926400,30711.0,44.1894,22.5294,720.89,7.4608,19.87,0.7524
2926509,13841.0,40.8858,23.9578,643.57,14.0219,28.2,3.8246
2926608,54010.0,63.6197,23.5049,869.51,9.0437,16.6,23.5248
2926657,9740.0,44.0144,22.5462,677.52,3.8042,26.31,23.9722
2926707,13184.0,50.2503,18.9093,888.97,5.0123,15.97,29.1703
2926806,13146.0,45.8999,21.284,723.78,5.2402,20.69,24.2181
2926905,10497.0,51.6624,20.6916,739.04,3.8992,16.29,5.2241
2927002,35362.0,69.7868,23.2877,749.58,7.0493,15.62,3.0936
2927101,10308.0,79.2394,25.8052,697.59,4.1188,12.8,71.0535
2927200,28282.0,78.2936,23.2409,819.06,9.8419,15.87,63.508
2927309,14987.0,96.8172,21.4386,675.29,11.4999,6.77,23.0957
2927408,2417678.0,100.0,20.735,1770.35,9.6994,3.31,94.9722
2927507,20952.0,45.967,24.0598,722.28,13.8696,15.93,9.3806
2927606,14965.0,34.6074,22.8333,578.63,10.6351,25.7,31.91
2927705,29185.0,79.51,22.772,1012.34,6.1057,10.91,36.7548
2927804,4681.0,88.2504,20.5725,739.82,5.0124,21.21,75.1182
2927903,10300.0,88.068,21.233,883.2,11.5282,18.65,77.4785
2928000,37834.0,64.0482,23.4339,750.53,9.6635,15.43,53.7765
2928059,13896.0,60.154,21.7329,769.97,7.2622,20.28,51.6129
2928109,38604.0,63.983,22.148,954.86,7.6968,16.33,19.8536
2928208,24755.0,56.2755,21.8946,777.82,7.7999,15.26,5.2638
2928307,8716.0,23.497,22.212,741.39,5.4742,16.35,1.6815
2928406,27390.0,64.3191,22.3476,771.05,11.1669,14.35,12.1537
2928505,10441.0,28.5892,21.7508,708.89,8.6246,19.97,9.245
2928604,56012.0,76.9942,20.5759,787.73,11.9964,10.15,58.3958
2928703,103055.0,89.4765,23.0459,1214.78,8.3124,7.15,73.581
2928802,52276.0,65.9614,23.5634,816.54,8.888,14.42,19.2544
2928901,32828.0,52.1232,25.8164,921.65,9.8539,16.18,1.1015
2928950,8426.0,71.5642,20.2706,842.87,3.4209,15.74,73.6826
2929008,11026.0,64.5293,21.6307,759.68,12.8278,11.58,60.5852
2929057,15194.0,75.4903,23.1868,965.83,6.5569,12.83,4.041
2929107,20283.0,55.0609,20.9387,792.48,3.186,15.8,16.5668
2929206,38733.0,93.4423,23.3315,794.44,15.0342,8.1,55.5825
2929255,18600.0,63.0161,22.8065,689.5,13.583,12.8,1.7787
2929305,39513.0,72.9228,22.5318,898.41,12.4073,9.73,13.1976
2929354,5315.0,85.4186,21.0348,764.56,1.5258,20.62,75.4488
2929370,10187.0,71.4342,21.9986,711.0,13.8004,19.0,35.1939
2929404,10334.0,39.2975,22.576,871.05,6.0024,15.11,19.0252
2929503,40958.0,82.3722,20.8531,884.62,13.9956,9.97,56.6433
2929602,17963.0,55.7312,22.2012,796.57,6.5311,12.52,10.2249
2929701,16008.0,34.2266,24.1067,665.74,6.0775,19.29,24.6957
2929750,11438.0,97.6482,19.2691,728.12,6.0721,10.34,33.0399
2929800,10478.0,57.3774,21.3113,828.22,10.117,15.66,29.4668
2929909,46160.0,54.114,24.4996,892.99,7.126,8.71,3.0835
2930006,9360.0,43.312,20.1603,723.55,6.4325,21.49,2.3563
2930105,74523.0,83.491,22.326,1035.85,8.3201,11.08,63.2534
2930154,34222.0,53.4452,23.5083,748.4,8.9535,15.28,3.2364
2930204,38154.0,65.9066,23.966,604.61,11.0658,17.83,37.1817
2930303,17066.0,37.8648,19.7762,736.13,12.5573,17.1,0.9664
2930402,17996.0,46.9104,22.605,726.76,9.8166,18.68,20.7683
2930501,80435.0,66.4263,22.9813,924.48,9.6993,11.24,57.4257
2930600,13335.0,70.0862,20.2325,814.99,6.3333,17.92,4.7885
2930709,114559.0,98.0106,23.2387,884.11,13.059,4.9,71.9573
2930758,13408.0,55.4893,25.0373,626.52,9.9805,13.92,31.8772
2930766,14773.0,53.5639,23.9626,654.99,10.9796,28.02,32.1226
2930774,25475.0,90.2336,24.263,846.24,6.0549,12.91,83.6967
2930808,17054.0,39.0172,26.2871,634.01,7.2402,12.73,0.7354
2930907,11979.0,36.0631,23.1739,655.88,16.4183,20.62,0.2297
2931004,21006.0,44.2159,20.9178,716.18,5.7053,19.49,19.0834
2931053,17158.0,53.2754,23.8431,672.28,4.8097,18.33,4.2545
2931103,7717.0,75.4957,23.3381,789.95,10.9056,12.31,49.9422
2931202,18044.0,46.8411,23.3429,725.65,3.4863,18.35,31.8802
2931301,15818.0,74.4342,25.3951,638.16,11.8466,15.53,1.3709
2931350,145216.0,97.085,23.308,1204.69,6.3216,10.31,76.1111
2931400,7110.0,82.1519,22.6582,773.05,12.521,13.88,25.3834
2931509,21176.0,41.9154,23.8147,794.16,12.1316,16.03,26.0073
2931608,15332.0,33.9356,25.3326,818.79,3.079,23.2,25.3643
2931707,10798.0,89.5907,22.6431,797.69,17.9334,10.22,68.4433
2931806,16296.0,26.3623,19.4833,667.27,11.6769,25.51,10.0306
2931905,48736.0,53.6359,21.8627,798.18,7.339,20.36,49.5658
2932002,24665.0,47.7275,20.3162,701.98,9.3437,18.01,13.679
2932101,18626.0,49.3826,20.2996,759.87,7.5855,20.27,41.8771
2932200,17596.0,89.6454,21.897,979.4,5.399,15.52,76.0819
2932309,16094.0,89.1637,20.983,768.37,7.6567,15.68,68.7649
2932408,13432.0,65.8577,20.749,871.38,5.6964,11.69,1.231
2932457,13642.0,61.5159,23.5449,641.0,16.8778,18.81,22.1405
2932507,18131.0,67.437,20.407,926.31,3.1947,18.2,35.8317
2932606,15355.0,41.9017,21.7975,970.15,6.5849,15.8,10.3992
2932705,21420.0,77.0168,21.7274,975.66,9.0937,16.86,58.6176
2932804,16277.0,72.9373,23.9909,743.48,7.193,16.32,1.8056
2932903,85655.0,72.952,22.9315,935.55,8.5381,13.91,60.8579
2933000,24362.0,66.0988,21.041,868.25,3.1556,17.29,56.279
2933059,13800.0,54.2029,21.8551,635.29,7.8303,22.17,16.8952
2933109,8101.0,67.8064,20.2074,759.52,5.7183,16.38,32.1118
2933158,13377.0,70.3521,21.6117,676.06,8.3317,18.99,59.4444
2933174,9913.0,43.2362,21.3356,679.67,6.8233,18.39,29.4313
2933208,42529.0,97.4182,20.6871,953.76,8.6491,7.36,30.171
2933257,6003.0,49.925,20.6064,798.6,8.8937,21.01,40.6125
2933307,370879.0,90.1674,24.0297,1310.93,7.1132,8.41,80.8709
2933406,9503.0,71.5564,24.0345,680.62,7.867,13.73,0.7927
2933455,12968.0,51.7042,23.7816,803.96,16.3172,15.14,3.2463
2933505,24474.0,47.7854,23.0408,602.2,9.2016,25.97,28.6642
2933604,44757.0,77.5879,24.3493,761.53,6.8697,14.41,20.6198
3100104,6272.0,70.0255,18.2717,1435.0,0.6276,6.26,70.4537
3100203,22675.0,89.3495,19.8942,1439.09,3.6998,5.92,85.1872
3100302,13927.0,60.9966,21.0311,1100.72,2.684,6.45,53.4722
3100401,3909.0,72.4994,19.3911,1142.1,8.0271,10.21,42.3358
3100500,8943.0,50.5535,19.7585,890.65,5.6932,14.03,46.1492
3100609,12589.0,53.5547,23.1234,872.39,5.1471,20.97,36.1764
3100708,2108.0,78.3207,17.4573,1631.86,2.2495,6.58,74.5742
3100807,4357.0,78.196,19.0957,1383.44,0.8563,5.49,73.4895
3100906,18448.0,78.5776,21.5796,991.23,4.288,14.75,76.8788
3101003,14037.0,73.6625,24.8415,783.82,5.0308,17.94,39.8327
3101102,25269.0,81.5743,19.8465,1341.42,4.5625,10.37,78.9407
3101201,6233.0,50.1524,18.3058,1650.78,2.1233,9.18,40.9512
3101300,2749.0,52.4554,18.5886,1327.04,1.4808,9.93,53.2227
3101409,2952.0,71.3753,20.2236,1222.92,0.7059,9.12,70.9179
3101508,30717.0,94.7846,19.4583,1372.25,4.7339,4.65,69.0387
3101607,78970.0,94.8753,21.4081,1745.37,4.3216,3.75,94.136
3101631,6931.0,70.1775,22.4499,1133.93,0.7919,5.1,69.4399
3101706,40364.0,84.8751,20.5183,1088.43,8.4012,16.98,81.7667
3101805,6903.0,81.9644,19.5857,1077.73,3.3662,12.97,76.2613
3101904,18300.0,82.7541,21.9126,1427.77,1.7164,3.71,82.6812
3102001,13915.0,75.4653,20.1365,1244.79,2.8273,6.44,75.8144
3102050,5795.0,80.4142,22.088,1118.1,3.0518,8.48,67.1875
3102100,10891.0,52.6214,19.3646,945.93,7.6826,8.76,46.8922
3102209,3975.0,53.2327,16.4277,961.67,3.2509,16.25,44.8768
3102308,15059.0,76.6452,19.6295,1234.09,4.0006,7.3,71.4413
3102407,4159.0,44.7463,25.6071,798.24,3.5955,11.39,37.9209
3102506,4541.0,56.111,20.0176,1119.78,7.2216,12.38,56.798
3102605,40553.0,78.0805,20.8641,1827.75,2.792,5.66,79.3693
3102704,9110.0,64.6652,23.5016,704.82,2.9425,19.82,48.5656
3102803,11927.0,83.5415,19.2421,1272.14,7.6787,6.82,81.3619
3102852,7718.0,58.5774,25.3434,978.9,3.1012,18.49,58.458
3102902,11095.0,75.2141,20.4867,1252.15,2.6435,7.0,64.7189
3103009,9219.0,51.4047,21.792,1006.48,2.192,11.08,42.1807
3103108,1538.0,69.5709,18.2705,1266.27,4.7976,6.11,73.4558
3103207,2181.0,78.3586,18.5695,1095.05,6.0302,6.79,69.8547
3103306,2049.0,83.3089,17.8136,1076.41,1.6393,9.57,83.1382
3103405,34297.0,74.2835,21.8795,1140.9,6.3172,11.66,54.7424
3103504,117808.0,94.4112,20.5071,1693.43,3.3702,3.93,91.8196
3103603,2915.0,91.9039,18.2847,1178.03,3.8797,6.15,88.759
3103702,8048.0,42.4453,22.4776,835.2,1.2211,12.63,37.5961
3103751,8479.0,96.0373,22.5262,1606.42,3.0392,4.92,94.3016
3103801,2631.0,78.9054,17.9019,1770.7,2.3387,5.45,78.0861
3103900,9199.0,85.7702,22.0894,1655.99,2.2142,6.74,83.2439
3104007,111691.0,98.3177,21.3956,1896.33,3.5586,3.02,97.2749
3104106,9177.0,89.2993,20.377,1387.12,3.2155,7.28,88.272
3104205,41416.0,95.3907,19.9078,1485.29,2.6788,2.41,93.4449
3104304,13881.0,87.8827,20.0202,1355.26,3.0598,5.2,87.4167
3104403,2688.0,79.9851,18.1548,1184.26,10.137,7.27,78.7549
3104452,4719.0,50.2013,21.8478,936.92,3.2837,13.55,52.0883
3104502,17272.0,66.4312,22.7652,1080.02,3.8179,9.05,46.7402
3104601,14138.0,89.7369,19.3309,1207.03,0.8706,3.56,86.1889
3104700,13736.0,58.8526,20.9959,850.69,6.1185,18.95,50.7074
3104809,4538.0,63.7285,18.5104,992.15,5.4545,9.66,8.2601
3104908,18366.0,79.3205,20.0915,1268.97,4.2309,7.79,79.4902
3105004,7492.0,75.8809,18.6999,1121.88,2.4361,7.54,55.7411
3105103,23546.0,87.7941,19.3026,1499.46,1.6645,6.21,87.8662
3105202,4741.0,54.3978,19.3208,903.55,6.8627,20.22,63.0559
3105301,5943.0,91.1156,21.2014,1440.33,1.7477,6.23,86.1559
3105400,30778.0,95.2758,21.7103,1539.77,4.4378,3.94,85.7869
3105509,4964.0,80.56,18.9766,1031.59,0.7555,10.39,79.9578
3105608,125317.0,92.1296,20.6915,1598.76,4.7846,3.92,88.6594
3105707,5666.0,64.1193,17.2962,1180.3,3.3104,10.65,37.5806
3105905,20080.0,97.2211,20.8217,1232.08,6.5922,3.98,93.155
3106002,10167.0,97.0099,21.255,1242.62,3.0973,5.06,77.4409
3106101,3244.0,58.1998,18.2491,1338.48,5.69,8.72,42.0154
3106200,2315560.0,100.0,20.6955,2748.85,5.0532,2.18,97.225
3106309,23928.0,85.402,21.8154,958.65,6.6978,9.04,82.5469
3106408,8627.0,49.971,18.9637,1300.7,6.9492,4.95,40.1665
3106507,9826.0,46.3566,22.0028,907.52,4.906,15.11,39.5069
3106606,4451.0,59.1103,19.8832,697.84,1.9372,22.84,62.9086
3106655,4201.0,79.9572,21.7567,764.89,2.7536,17.07,17.9598
3106705,411846.0,99.5394,22.9775,1399.69,5.9578,3.35,91.1214
3106804,3361.0,46.2957,18.0006,1000.58,1.3732,10.61,25.4118
3106903,13978.0,95.2568,19.1014,1467.66,5.5161,3.66,87.5709
3107000,2383.0,72.2199,14.7293,1325.89,1.0471,8.97,3.408
3107109,39848.0,87.0232,21.8254,1439.58,3.2359,4.92,89.5103
3107208,5348.0,49.196,18.3994,1391.48,1.6319,9.41,30.303
3107307,48032.0,86.5215,22.6536,1035.32,6.7701,8.13,79.8325
3107406,51737.0,94.3773,21.0352,1785.98,3.243,4.4,92.422
3107505,6783.0,89.6506,19.5489,1164.24,1.3803,7.12,81.5299
3107604,4474.0,77.4251,21.5691,1448.73,3.9341,6.68,72.2628
3107703,5631.0,59.9183,20.8311,1079.93,5.8037,5.41,52.0263
3107802,14536.0,70.8792,18.2168,1035.37,5.3868,12.78,62.0324
3107901,12649.0,55.3957,23.7015,1274.15,1.1185,6.15,59.7496
3108008,17151.0,87.5284,19.8531,1366.27,3.4961,8.06,85.3176
3108107,7434.0,52.7441,17.1644,1304.77,0.7847,7.03,45.5141
3108206,5528.0,69.6274,19.9349,1492.57,3.9427,9.0,68.4814
3108255,10204.0,37.7009,26.4994,706.44,12.0145,16.32,0.4933
3108305,17404.0,81.8375,19.2255,1531.54,2.0982,4.35,81.9301
3108404,14828.0,77.2862,19.126,1402.29,2.0093,6.35,74.2194
3108503,5790.0,60.7599,22.0553,760.09,13.0524,12.32,26.2704
3108552,15020.0,90.7057,24.5007,1225.72,4.6059,7.57,41.7888
3108602,32025.0,71.6971,21.9859,922.51,9.0658,10.7,54.5404
3108701,4260.0,62.3944,17.9343,926.17,6.9737,8.0,50.4284
3108800,4441.0,37.0187,18.2391,847.02,13.2401,10.86,38.404
3108909,14246.0,62.4947,18.7772,1252.06,4.6705,5.82,59.3641
3109006,38915.0,85.3989,20.9636,2128.23,3.5948,3.65,52.3435
3109105,10911.0,49.4547,18.8617,1501.73,2.813,6.28,51.6206
3109204,9150.0,81.0492,20.5027,1087.41,7.2686,11.7,71.9124
3109253,4041.0,46.3994,20.7374,847.7,3.1465,14.75,57.5104
3109303,24030.0,77.0537,23.4041,1128.1,5.4627,9.6,39.3613
3109402,23910.0,91.146,22.7938,923.83,3.3112,11.76,5.4183
3109451,6627.0,80.3833,20.4919,1418.63,5.577,7.8,0.9608
3109501,11410.0,62.8133,19.5267,1263.99,3.9259,8.85,64.0
3109600,3693.0,93.5012,16.7344,1394.94,4.1732,2.11,85.9114
3109709,11883.0,67.4577,19.1113,1210.17,6.3224,6.01,68.5249
3109808,2315.0,87.5162,20.0432,1536.12,5.3892,7.22,91.8108
3109907,11435.0,76.6594,19.038,1269.47,5.0844,4.06,70.2471
3110004,38776.0,89.7694,20.0665,1288.62,5.8598,3.06,81.9769
3110103,5304.0,53.9593,22.8884,932.52,5.2652,8.39,47.2755
3110202,4088.0,55.8953,20.6703,1007.83,1.2042,8.3,50.5587
3110301,14217.0,63.2412,17.7042,1496.53,2.7848,4.98,48.2421
3110400,2838.0,56.2016,17.7237,989.79,1.6275,10.66,58.6667
3110509,26097.0,71.8818,22.0562,1544.47,1.3107,7.14,67.17
3110608,29536.0,85.1368,20.3616,1743.77,2.3721,4.97,83.008
3110707,12313.0,82.823,20.3281,1375.16,4.4957,7.27,70.198
3110806,2923.0,85.0154,20.6979,957.55,5.1573,17.77,87.2007
3110905,15935.0,87.4114,21.8826,1448.88,2.4272,5.14,86.4083
3111002,20696.0,61.0408,20.69,1278.69,1.3928,5.24,60.9411
3111101,18011.0,77.2583,17.3339,1558.18,1.363,6.96,79.1393
3111150,3714.0,58.1583,20.9747,831.73,11.8373,14.78,0.3135
3111200,52277.0,96.1054,19.8519,1379.8,4.0246,5.57,95.4231
3111309,11377.0,84.0731,20.2338,1167.47,8.098,7.3,85.3988
3111408,8466.0,83.1443,23.6357,1420.61,3.0988,6.25,83.3113
3111507,12979.0,90.8082,21.4654,1463.9,3.9301,8.11,90.3826
3111606,26105.0,73.8058,21.4059,1282.57,4.1488,7.25,75.5964
3111705,4715.0,46.8505,18.579,999.28,2.6114,11.07,36.5238
3111804,10608.0,91.2896,18.5897,1330.4,4.5958,7.87,91.7204
3111903,5272.0,85.5653,19.0061,1162.96,2.4642,8.69,76.6735
3112000,14001.0,77.823,18.2344,1219.12,3.3721,10.63,76.2318
3112059,3974.0,65.073,20.8103,940.19,3.5692,11.44,49.0988
3112109,5048.0,49.1284,24.5246,986.29,2.1856,9.79,39.9028
3112208,4362.0,54.9748,17.5149,1032.86,2.1726,7.42,36.7127
3112307,39626.0,82.2137,24.923,1211.15,2.5532,11.64,76.4436
3112406,6562.0,87.2295,20.0549,1133.49,1.9237,8.17,86.1997
3112505,10663.0,95.4985,20.6227,1306.8,3.107,4.6,34.2135
3112604,14655.0,95.0461,21.1191,1337.48,2.7301,8.6,96.986
3112653,4585.0,76.1178,18.3424,1030.24,3.1109,11.81,76.9403
3112703,14108.0,86.2915,25.1347,885.31,7.3733,12.36,53.5972
3112802,10380.0,77.6012,21.7341,1679.34,1.4304,2.84,78.018
3112901,8936.0,56.1885,22.2919,1119.77,1.7062,8.74,48.786
3113008,19548.0,50.5985,21.8027,710.86,7.8391,20.11,41.0857
3113107,2933.0,43.2322,18.3771,1026.51,2.8388,6.78,43.362
3113206,23812.0,80.0059,21.149,1152.8,4.658,3.44,71.5766
3113305,31240.0,83.7324,20.3585,1342.69,4.9677,6.31,75.7683
3113404,87360.0,83.9045,21.6861,1369.59,2.8091,6.39,77.6632
3113503,8512.0,88.0874,20.7472,1075.86,3.6911,13.02,81.5443
3113602,6816.0,75.4548,20.1585,1366.57,2.6633,6.79,76.0575
3113701,18615.0,68.8208,19.4897,1052.33,7.1639,15.42,70.2373
3113800,2605.0,48.4837,20.2303,1123.38,2.6316,10.64,47.3626
3113909,11547.0,77.44,22.482,1219.36,2.6723,6.32,77.964
3114006,11019.0,84.6992,20.7914,1422.49,3.6721,5.42,85.842
3114105,13797.0,78.5533,23.121,1189.7,4.1331,7.8,77.1816
3114204,23479.0,90.8301,21.96,1484.94,1.548,4.12,85.3115
3114303,29011.0,88.7663,19.8235,1498.4,3.9945,4.99,88.0427
3114402,20954.0,75.9616,19.6144,1360.13,1.2334,5.91,77.9358
3114501,18003.0,84.9636,22.2685,1381.32,2.2986,4.43,76.8079
3114550,9422.0,79.8132,18.9875,1588.77,2.0183,8.03,76.96
3114600,4049.0,71.7214,18.202,1610.15,3.0948,4.18,67.4403
3114709,3341.0,74.2592,20.7423,1425.34,3.7427,6.26,75.4501
3114808,4422.0,64.2243,18.2497,1190.33,2.161,11.26,47.9525
3114907,2214.0,54.065,20.3704,1418.0,2.1762,4.87,53.0719
3115003,2712.0,68.6578,18.7316,1254.67,0.4209,3.13,45.0851
3115102,17155.0,86.7502,20.1516,1332.07,2.7344,6.64,90.0749
3115201,3560.0,72.4157,19.4101,1325.47,2.5388,5.69,54.9094
3115300,66261.0,96.138,18.7501,1422.54,4.45,3.84,81.7953
3115359,5473.0,88.6168,21.2498,1448.8,2.952,7.85,86.5191
3115409,3110.0,48.6817,21.4791,911.77,3.8026,9.51,46.337
3115458,7030.0,45.6046,21.1664,827.43,4.6117,18.38,39.5741
3115474,4739.0,60.0549,18.4216,743.35,13.046,21.43,28.7383
3115508,21056.0,98.2,17.9901,1615.69,3.9047,4.37,96.9218
3115607,1081.0,88.5291,16.8363,1156.11,1.1236,11.35,21.3808
3115706,6171.0,85.0916,17.955,1098.14,6.2284,14.75,77.5429
3115805,10207.0,95.65,18.5069,1367.47,3.5359,7.96,59.8029
3115904,3075.0,74.2764,18.5691,1295.5,1.8947,8.12,67.6642
3116001,6075.0,61.0864,20.0329,950.59,1.0763,10.92,40.907
3116100,10337.0,43.5813,23.6239,981.72,4.697,21.44,24.0874
3116159,12355.0,69.1299,27.1307,1117.56,6.0645,11.49,0.9531
3116209,2800.0,74.9643,19.1786,1156.13,2.8777,6.46,83.815
3116308,5581.0,60.7776,19.0647,824.01,4.2515,10.93,39.1283
3116407,4658.0,53.714,20.6956,1209.49,1.6592,6.63,52.1975
3116506,7166.0,73.2905,17.5691,861.27,6.4873,12.66,33.5717
3116605,30159.0,88.3252,22.9451,1520.13,1.8694,3.03,84.4821
3116704,7117.0,76.9706,20.177,1226.61,2.5986,7.4,59.2658
3116803,8163.0,49.3324,21.6342,955.24,3.0079,15.08,47.1952
3116902,2773.0,63.3249,20.2308,1482.71,1.4215,8.47,63.7454
3117009,6660.0,47.1321,18.4985,761.43,22.1805,18.34,39.7007
3117108,10371.0,68.0552,20.7791,1278.54,0.9503,5.54,69.8738
3117207,2772.0,57.9726,18.8672,1103.41,1.0769,6.94,75.4661
3117306,28381.0,95.1024,23.706,1299.73,5.9778,6.31,92.5716
3117405,4409.0,34.9286,17.8272,1040.28,2.8024,11.43,43.631
3117504,23163.0,77.5461,23.4728,1246.56,4.4467,8.86,63.7528
3117603,5415.0,39.7599,17.7839,1380.89,1.2214,6.03,43.9768
3117702,12541.0,89.937,21.657,1256.41,7.0936,8.82,86.6652
3117801,10880.0,82.9044,21.8015,1293.5,3.3005,5.88,78.2148
3117836,7237.0,50.0484,21.3763,703.42,10.1747,14.63,0.1686
3117876,7350.0,96.7483,22.517,1569.68,7.6923,3.24,3.1225
3117900,11083.0,75.3316,19.3991,1442.78,3.244,7.05,76.742
3118007,52890.0,96.6742,21.7451,1419.41,3.9,2.62,80.8563
3118106,4831.0,74.7464,24.0323,958.62,4.5982,14.16,50.2326
3118205,6694.0,89.7819,20.9889,1504.91,1.0018,7.51,85.4644
3118304,131621.0,96.6274,20.8584,1650.12,3.6421,2.77,93.0296
3118403,20824.0,81.795,19.6408,1260.69,2.046,10.68,79.97
3118502,1563.0,62.9559,18.4261,1271.89,1.148,10.22,69.9357
3118601,621863.0,99.8638,21.7759,1662.86,5.3908,2.69,94.4624
3118700,9023.0,75.1302,20.9686,1177.95,1.3293,6.44,81.2308
3118809,25377.0,60.941,20.3531,893.74,6.9536,12.12,29.6396
3118908,7547.0,61.1501,17.6759,1109.52,4.0059,7.2,46.5093
3119005,3200.0,85.0,19.7188,1028.84,3.7868,9.26,83.435
3119104,23532.0,90.923,21.0267,1046.63,3.219,7.64,74.8731
3119203,10884.0,57.1297,23.1073,1144.81,3.6303,8.03,51.6374
3119302,28894.0,83.0034,19.8138,1675.41,1.8714,6.3,78.6014
3119401,104736.0,98.1468,20.8715,1409.34,5.4216,4.23,90.8987
3119500,8200.0,78.9146,21.4268,801.24,3.6663,15.38,48.8897
3119609,2762.0,66.365,17.0167,1116.26,0.9311,7.75,65.5556
3119708,3486.0,56.1962,17.7567,1530.2,2.9944,2.94,56.8146
3119807,2960.0,64.4595,17.973,1524.19,1.9122,5.88,64.8287
3119906,4272.0,54.471,14.7238,1580.09,3.4878,5.28,51.9242
3119955,6133.0,88.6353,19.7782,1374.15,1.6383,5.87,71.0383
3120003,2875.0,67.3391,18.1217,864.05,3.3074,16.89,58.5047
3120102,4245.0,91.7314,21.7432,989.82,5.9384,8.94,86.9595
3120151,5265.0,61.4435,21.8044,796.13,7.632,22.75,48.9947
3120201,12197.0,83.3648,21.8168,1226.45,1.591,6.59,85.2247
3120300,5121.0,59.8516,25.8348,740.25,18.2544,11.88,37.065
3120409,4667.0,81.7013,21.3413,1022.92,1.3363,4.7,70.9439
3120508,10374.0,67.9584,21.0141,1226.32,0.1784,6.62,56.9872
3120607,5434.0,67.5745,18.4947,1229.03,3.3971,9.12,77.9613
3120706,3521.0,82.8742,22.5504,1557.31,6.5829,4.84,85.7831
3120805,15362.0,92.7418,21.2082,1260.02,4.498,6.68,88.5129
3120839,3983.0,86.5177,18.7296,1172.95,1.3921,15.35,86.2562
3120870,7406.0,88.4013,24.2776,810.26,4.5649,16.02,52.6424
3120904,80665.0,92.1441,21.9364,1429.39,5.0253,5.26,81.8414
3121001,5465.0,77.5297,22.1775,862.29,7.7025,7.46,72.1122
3121100,7952.0,38.5815,18.9386,1261.35,5.6262,5.51,22.2819
3121209,8393.0,72.5366,21.923,1458.39,1.3264,8.03,70.7399
3121258,10494.0,96.3217,25.405,1021.95,5.0591,8.8,90.4129
3121308,4928.0,84.3141,18.1209,1143.37,2.1237,8.63,75.2334
3121407,7653.0,57.3631,18.3719,1120.94,2.999,7.2,54.8183
3121506,2994.0,50.3674,17.5351,928.67,1.5274,9.48,51.349
3121605,47702.0,90.7614,23.3261,1544.4,3.986,5.8,78.0525
3121704,3549.0,35.4466,17.6669,920.07,0.6048,15.37,29.0831
3121803,6847.0,85.6433,18.3876,1053.51,6.7315,8.58,72.4324
3121902,4226.0,72.5509,20.7998,1282.56,3.2021,6.8,68.9677
3122009,20706.0,62.8127,22.607,1200.86,1.3036,10.32,59.5427
3122108,4178.0,85.6869,17.1613,1015.31,2.3617,12.44,78.5541
3122207,6516.0,85.9116,20.8717,913.25,3.2767,10.42,69.718
3122306,231091.0,97.572,20.8087,1835.09,2.7949,2.6,88.298
3122355,6321.0,97.9908,25.9927,846.99,5.3734,14.86,21.353
3122405,5851.0,83.8318,21.8595,1160.89,1.8025,8.06,82.2148
3122454,10213.0,80.9752,24.0184,721.76,9.076,18.99,46.2928
3122470,3697.0,67.7306,19.2048,1136.6,4.9268,8.06,33.0014
3122504,4904.0,89.1109,19.0049,1192.51,2.1739,9.75,82.8899
3122603,4899.0,75.1582,23.2701,1029.37,12.2731,9.91,52.3148
3122702,5228.0,82.1538,19.4338,1266.36,3.8923,6.42,45.5882
3122801,3095.0,40.7431,18.4168,1209.15,3.2211,5.99,64.3952
3122900,6093.0,86.3778,22.2058,1113.39,1.7313,6.81,78.7431
3123007,10007.0,93.1348,21.1652,1188.87,2.0537,4.04,88.0544
3123106,5029.0,39.2523,20.5806,860.08,1.0573,14.48,29.1284
3123205,12630.0,94.3864,18.9945,1495.21,2.5814,8.43,93.1199
3123304,4987.0,56.4869,20.754,1239.11,9.0074,9.64,43.7037
3123403,1461.0,80.4244,20.5339,1181.2,2.1546,4.61,83.1889
3123502,1829.0,77.9661,16.9492,1368.13,0.6017,6.28,72.6008
3123528,7817.0,48.1003,23.9478,1202.37,1.6364,11.2,35.4685
3123601,26336.0,85.1458,21.4497,1354.11,3.7207,7.25,87.7527
3123700,13622.0,75.2533,22.2361,968.64,1.0299,14.66,73.1454
3123809,6354.0,77.8565,20.7271,907.19,8.9375,11.81,60.1743
3123858,5179.0,78.0266,18.9612,953.02,2.5474,10.23,56.2176
3123908,14746.0,81.0186,20.8056,1410.08,4.421,5.56,72.2731
3124005,20255.0,57.0476,21.0763,1238.49,1.5541,9.85,43.5968
3124104,85598.0,94.9403,21.7493,1207.13,6.3573,4.78,21.6339
3124203,24102.0,65.4261,22.2181,1138.4,1.6417,8.56,64.2381
3124302,30443.0,60.9237,21.6897,886.68,6.8899,15.49,14.0614
3124401,6611.0,48.8428,23.718,1278.49,1.4634,7.23,48.3419
3124500,11502.0,53.4255,19.5531,1161.12,1.252,7.5,49.5236
3124609,2186.0,89.1125,17.7036,988.21,2.5921,11.66,87.108
3124708,2772.0,87.2655,16.4141,1427.99,1.2918,9.85,71.3679
3124807,6840.0,83.0117,19.1082,1511.39,3.6023,5.58,67.08
3124906,10801.0,75.9652,18.7946,1160.5,4.5631,6.86,74.2871
3125002,3875.0,95.1742,22.2452,991.7,4.0951,5.1,39.7652
3125101,53482.0,87.0349,25.6479,1657.54,3.0767,3.16,74.539
3125200,2578.0,70.9077,16.2141,1435.88,0.5495,5.72,67.996
3125309,3188.0,74.7804,20.1694,1089.64,6.0288,7.74,56.9983
3125408,5133.0,53.1073,21.2936,879.1,3.4845,11.23,0.3676
3125507,3032.0,66.8206,21.5699,1029.69,7.8035,9.78,38.2942
3125606,6489.0,79.6425,20.5116,906.32,11.5176,18.06,81.2366
3125705,13978.0,81.9287,18.9083,1319.2,2.4378,6.51,34.6806
3125804,2789.0,71.8896,18.1427,1036.92,4.6105,16.61,69.1269
3125903,9590.0,49.4995,18.3525,1059.57,3.4423,14.88,20.1536
3125952,10445.0,49.9473,22.8435,944.84,1.5446,10.1,46.1316
3126000,8045.0,86.6004,20.5594,1858.14,3.7494,3.5,80.4571
3126109,68248.0,92.9829,20.0211,1636.39,2.9976,3.78,89.6923
3126208,7949.0,67.2537,22.745,959.33,6.3949,15.11,2.2653
3126307,3477.0,72.6201,18.5792,1390.27,0.8425,7.18,82.518
3126406,3093.0,71.193,19.3663,1481.31,2.1842,3.97,62.6335
3126505,7366.0,45.9137,19.7258,945.37,8.0804,16.85,13.6299
3126604,4503.0,77.7926,21.6966,895.8,2.0,13.13,37.3152
3126703,23476.0,66.3316,21.5752,904.49,5.0822,15.41,52.8756
3126752,5034.0,49.6027,22.0898,746.03,1.5595,20.46,48.6472
3126802,5640.0,56.2766,21.4007,814.37,9.8039,18.45,56.9368
3126901,8226.0,78.7503,21.5658,913.56,9.102,11.86,72.625
3126950,3391.0,27.3666,20.171,894.84,1.3814,16.8,27.9832
3127008,14540.0,94.0646,20.8803,1354.64,3.3848,8.3,86.9327
3127057,4345.0,61.8182,20.1841,831.76,7.5672,20.19,48.7163
3127073,4647.0,52.6576,23.2838,672.44,10.0969,24.85,0.31
3127107,58588.0,94.4477,21.1596,1600.24,2.482,3.76,92.444
3127206,4686.0,71.6389,20.828,1229.5,3.1347,6.45,42.5308
3127305,6222.0,82.0154,19.8489,1147.43,4.7763,12.23,78.6117
3127339,4793.0,34.4043,19.2364,723.32,4.7005,18.63,0.4007
3127354,2928.0,45.765,18.5451,894.79,3.2706,9.59,43.2007
3127370,2830.0,84.735,17.7385,1272.17,3.6066,12.45,79.0535
3127388,4053.0,77.7696,18.5295,1384.47,3.9739,5.64,75.5285
3127404,4727.0,31.2672,18.0241,1786.45,1.8385,5.88,30.1205
3127503,5230.0,59.4837,21.5296,866.16,3.2113,14.92,56.5387
3127602,11331.0,83.1524,20.2189,1051.14,2.4176,5.82,72.5706
3127701,257171.0,96.7932,21.8746,1605.1,3.3206,4.93,94.5358
3127800,13901.0,52.7732,22.5379,904.97,8.1407,14.61,26.2435
3127909,1392.0,86.5661,17.6724,1419.3,6.0766,5.66,0.3552
3128006,32244.0,84.2606,22.5189,1379.63,3.8659,7.44,76.5101
3128105,13772.0,68.465,20.5126,1354.23,1.5632,5.99,65.2636
3128204,9753.0,39.5366,17.8714,939.25,1.5504,12.08,34.1851
3128253,5051.0,65.4326,19.5803,925.01,7.6259,10.56,0.2154
3128303,19150.0,91.0601,21.0287,1386.82,3.2054,5.99,91.3499
3128402,7714.0,74.9676,19.2377,1345.45,2.1505,7.32,74.7471
3128501,3149.0,92.9819,20.4827,1219.41,3.1208,5.28,52.2609
3128600,6539.0,59.4586,19.4066,1829.31,1.4239,5.61,59.2439
3128709,50911.0,95.0738,20.2,1699.14,4.5522,4.95,93.9364
3128808,7131.0,75.2489,19.8289,1330.9,0.9096,8.22,66.7149
3128907,8478.0,82.4605,23.8264,1410.72,4.4301,5.18,83.0595
3129004,7778.0,59.4754,18.6938,1232.23,3.6101,8.23,47.2195
3129103,5192.0,49.4029,14.9268,1863.32,2.1739,10.12,52.8284
3129202,6134.0,74.6658,19.5468,1086.85,3.4649,9.7,78.9836
3129301,12030.0,61.6043,20.9892,1057.55,1.9221,14.94,63.1968
3129400,5198.0,73.3359,19.8538,1060.87,4.4191,11.23,69.171
3129509,22229.0,83.5215,20.7297,1577.5,2.0788,5.55,82.2729
3129608,6286.0,82.3894,20.6968,774.15,2.5372,12.49,52.5745
3129657,5081.0,58.0201,20.2322,702.48,17.9645,19.48,0.6764
3129707,10948.0,73.3559,21.7117,1255.07,0.9625,6.74,78.8976
3129806,170537.0,99.7432,24.2264,1185.48,5.1585,4.06,89.7316
3129905,3365.0,69.0639,18.6033,1530.84,2.5684,7.66,69.9169
3130002,2698.0,90.1038,21.7939,1286.16,3.8073,6.09,88.9349
3130051,10677.0,31.0761,24.239,664.71,24.7745,11.98,21.2454
3130101,45847.0,97.1514,22.1672,1434.96,4.9769,4.31,58.3894
3130200,10830.0,87.8855,24.0259,1150.85,1.4578,5.78,79.7083
3130309,6826.0,86.5075,16.569,1573.9,3.6409,4.13,85.7354
3130408,7003.0,88.1337,20.891,1167.67,3.9351,5.52,79.7549
3130507,12741.0,77.49,23.546,1201.48,1.4823,6.99,74.0901
3130556,6986.0,38.2336,20.7701,854.21,2.7568,13.18,33.0842
3130606,7301.0,55.9649,19.107,1353.68,3.4241,4.93,59.5729
3130655,6346.0,43.5235,21.2417,751.52,5.8513,25.7,19.8332
3130705,6171.0,68.4006,20.8394,1534.43,0.6669,8.49,67.2559
3130804,2580.0,65.8915,20.2713,1349.36,0.5051,6.54,65.4915
3130903,22692.0,60.0564,19.1169,1150.02,3.7053,9.6,37.761
3131000,6239.0,67.9917,21.3015,1288.32,9.1954,4.64,25.5824
3131109,7371.0,76.706,21.3268,989.42,5.8842,9.51,45.0307
3131158,17136.0,91.5616,23.9671,994.21,4.9785,8.26,82.2864
3131208,19522.0,84.3459,19.3167,1163.65,3.2041,9.52,82.6156
3131307,227731.0,99.7352,21.0933,1763.63,4.804,3.3,98.5416
3131406,3775.0,91.9205,18.3841,1429.29,2.6882,9.78,93.2811
3131505,9135.0,74.855,20.0547,1406.05,1.6156,7.85,64.3561
3131604,7180.0,87.2006,22.6602,1468.5,1.6012,5.15,89.2499
3131703,113343.0,93.517,20.505,1619.03,4.2907,4.44,92.9414
3131802,10362.0,80.7952,21.2218,1040.93,3.462,12.76,75.7088
3131901,53365.0,96.9681,21.2068,1629.67,3.3832,2.69,85.4978
3132008,4252.0,36.8062,21.6369,831.2,14.6102,10.37,7.8243
3132107,17208.0,77.801,24.9419,765.85,8.4459,14.85,47.6762
3132206,13846.0,80.052,20.7786,1429.51,3.5062,5.26,77.9892
3132305,10463.0,47.3096,23.5688,757.17,10.5826,19.57,43.523
3132404,93073.0,89.6318,21.4724,1765.13,4.4805,2.66,90.4303
3132503,32948.0,78.2415,24.3596,1041.12,2.5937,13.84,72.4592
3132602,3690.0,84.065,18.2114,1027.88,12.2497,7.55,81.083
3132701,21042.0,71.9608,21.9561,1048.66,3.8953,16.91,60.9295
3132800,2142.0,56.4426,16.4332,1014.0,0.2445,13.71,61.8357
3132909,10770.0,79.3315,19.0251,1412.13,4.2304,4.82,79.8419
3133006,14786.0,75.7811,20.7696,1160.67,2.3056,3.39,58.4042
3133105,15236.0,83.959,19.7362,1483.59,3.7287,2.88,94.2269
3133204,11128.0,77.8756,18.7545,1161.06,2.4048,11.29,77.3915
3133303,19151.0,78.3144,22.1033,1044.53,9.2695,14.7,46.7005
3133402,13690.0,80.5113,19.2038,1635.17,3.3847,4.57,79.4101
3133501,21046.0,83.4838,18.6924,1320.83,4.2075,6.9,76.6771
3133600,12692.0,70.3829,22.2345,1207.05,0.9164,8.15,58.1385
3133709,12966.0,78.675,20.9702,1307.86,2.5796,5.19,65.2941
3133758,14406.0,97.4733,19.2212,1532.93,2.0814,3.22,97.2722
3133808,97669.0,95.3711,21.3271,1859.49,2.6294,2.54,93.714
3133907,5642.0,50.6026,20.95,1084.27,5.1282,12.81,31.4787
3134004,13745.0,62.2117,22.7283,685.0,14.7475,16.84,51.4761
3134103,6055.0,61.5855,17.4732,1287.31,2.3538,11.04,58.2998
3134202,102217.0,96.3235,20.3107,1700.41,3.4416,5.59,96.2503
3134301,6638.0,86.4869,19.6445,1162.49,2.3745,3.9,46.7468
3134400,38295.0,95.9473,23.0422,1765.14,3.5233,5.65,91.1676
3134509,4217.0,76.4525,18.6863,1471.5,3.7237,4.88,62.7836
3134608,20406.0,67.8575,18.7739,1322.35,3.5954,6.82,34.4761
3134707,11042.0,77.4045,19.6794,903.94,11.1592,17.39,58.7715
3134806,7495.0,61.6811,19.493,1127.99,3.2994,8.59,62.1094
3134905,25525.0,87.428,20.6033,1537.09,1.2601,3.72,85.2015
3135001,3092.0,76.5201,18.8228,1331.52,7.0302,9.27,68.5152
3135050,37660.0,57.0871,24.4291,865.12,3.0888,11.94,27.6281
3135076,4296.0,60.4516,19.9953,912.29,2.7045,15.47,47.4253
3135100,70699.0,91.4398,23.7783,1239.96,5.5575,8.67,32.4371
3135209,65150.0,67.3983,22.8503,973.95,6.7225,9.48,24.4779
3135308,4506.0,80.8921,20.9277,1480.3,2.1325,4.57,74.5136
3135357,8127.0,45.2689,22.2837,741.5,12.5874,15.9,1.1888
3135407,6197.0,64.3699,20.0742,1320.57,2.3596,6.04,34.8364
3135456,6100.0,54.0656,23.2131,747.96,3.8875,16.98,45.4589
3135506,12419.0,64.7073,20.3479,904.68,8.797,11.69,62.9316
3135605,6484.0,77.4213,18.2758,954.71,6.0985,14.43,2.7181
3135704,5883.0,45.147,18.7659,1110.23,3.1707,7.17,30.0267
3135803,24007.0,74.5324,22.2643,877.23,6.6346,17.05,59.7353
3135902,5138.0,65.2394,20.1051,1172.13,1.8421,8.37,66.3009
3136009,13888.0,71.7166,22.1486,767.77,4.7757,20.28,58.4704
3136108,4329.0,41.3952,16.5627,1037.96,2.9957,12.49,40.6306
3136207,80187.0,99.9202,20.9859,1607.09,4.3775,3.03,93.9429
3136306,46801.0,83.6542,22.8179,1319.21,3.8164,7.17,80.6346
3136405,3854.0,65.2309,19.3565,982.06,0.9967,12.78,38.9877
3136504,10304.0,75.854,23.7384,916.01,8.591,13.08,70.9677
3136520,3969.0,34.845,22.6505,935.5,3.3753,10.27,45.0867
3136553,4268.0,48.4067,19.283,839.6,7.2954,13.21,60.9137
3136579,3630.0,67.4931,26.0331,729.18,16.9259,16.43,51.9481
3136603,5909.0,57.7932,19.428,1219.03,2.6626,7.43,71.1786
3136652,30716.0,98.1117,22.8187,1183.0,7.9388,4.23,44.4789
3136702,540756.0,98.8893,21.2225,1983.62,5.2974,2.29,94.3291
3136801,3768.0,60.3769,19.9575,885.82,11.9688,10.45,54.9133
3136900,11084.0,56.8928,22.8708,1433.99,5.8132,4.42,53.7291
3136959,5789.0,75.9026,23.821,678.48,2.0716,15.33,15.3595
3137007,14383.0,32.4411,24.0492,759.02,8.5802,21.71,30.6417
3137106,6631.0,70.4871,16.4229,1507.22,0.489,6.44,69.9748
3137205,51412.0,98.4828,22.9421,1462.44,2.4894,3.97,97.395
3137304,3313.0,78.9315,20.2234,841.04,0.8252,11.82,66.8325
3137403,12769.0,57.6709,22.5938,1077.38,1.6583,4.12,69.0679
3137502,18904.0,80.0413,21.4981,1516.86,2.4939,5.72,79.6906
3137536,8969.0,80.6667,22.5109,1274.2,4.9391,8.16,58.5128
3137601,75145.0,98.6253,20.0586,2311.42,3.2354,2.54,69.2355
3137700,20835.0,63.5469,21.7279,1298.14,2.754,10.35,52.6949
3137809,20414.0,77.8289,20.5251,1264.21,5.3977,5.02,75.0693
3137908,3184.0,48.2412,20.6972,991.2,2.7641,7.85,39.4295
3138005,5963.0,77.3604,17.6086,1210.39,1.2053,4.26,82.8248
3138104,7124.0,59.9382,22.5154,973.84,5.8246,11.31,4.3818
3138203,104761.0,95.6243,23.21,1886.69,4.0311,2.37,95.0785
3138302,3199.0,71.0222,20.1626,1435.77,0.8818,9.21,69.1736
3138351,4341.0,58.3506,22.6215,956.16,3.268,12.74,68.9384
3138401,51145.0,91.3814,19.8768,1401.68,8.4008,4.83,89.0655
3138500,4737.0,73.4009,17.9016,1231.78,4.086,10.13,72.2958
3138609,17221.0,84.3563,19.7956,1266.34,8.7157,6.55,59.075
3138625,8687.0,83.7804,21.9639,1567.05,1.9947,6.18,82.1386
3138658,8790.0,70.7736,22.5484,846.8,9.172,15.22,38.3091
3138674,6956.0,33.9707,22.5129,974.3,1.2791,9.36,30.3777
3138682,6210.0,50.789,24.1868,592.92,3.4715,11.65,0.4038
3138708,5586.0,76.817,20.6767,1304.11,2.2344,6.28,76.0132
3138807,17875.0,92.0336,20.4308,1754.4,2.9168,5.3,90.9145
3138906,6487.0,79.6362,20.2559,941.72,3.1746,14.84,94.0427
3139003,37684.0,83.5315,22.0173,1431.7,4.2717,4.46,82.9607
3139102,5191.0,80.1387,21.441,1570.26,5.1106,5.56,66.5622
3139201,17516.0,70.9694,21.7515,972.9,4.4758,16.71,67.7615
3139250,5997.0,58.3292,16.6917,795.96,12.6036,20.86,8.9286
3139300,18886.0,69.9354,24.0813,833.49,9.686,14.71,27.0231
3139409,91886.0,81.6109,23.6674,1343.65,2.9564,4.61,79.4861
3139508,20613.0,80.1679,22.2432,1249.19,3.8993,8.46,67.7251
3139607,26535.0,83.4784,19.1332,1387.38,3.4275,10.73,81.1165
3139706,7333.0,69.7941,22.3919,1202.04,1.5421,6.16,66.9173
3139805,12721.0,95.0004,21.4134,1304.13,1.07,5.64,88.0243
3139904,14247.0,66.7509,20.5657,1275.1,7.3266,6.05,69.3643
3140001,61387.0,92.4593,23.505,1553.36,4.7292,4.36,78.3688
3140100,4224.0,83.1676,22.6562,976.08,2.2596,11.4,81.853
3140159,15900.0,97.0503,23.2893,1367.25,2.3546,4.65,52.2083
3140209,3387.0,83.9386,19.6339,1385.29,1.0379,7.31,72.1006
3140308,4592.0,68.9678,19.0331,1319.11,5.4775,9.23,60.2804
3140407,3200.0,52.8438,18.75,1119.38,1.6179,7.44,36.4172
3140506,14003.0,86.4743,20.6813,1396.61,2.5281,6.51,65.6444
3140530,8396.0,55.2525,22.606,910.71,2.5882,11.14,41.0744
3140555,9112.0,82.1773,24.0672,860.93,10.1149,18.66,77.385
3140605,3963.0,44.5874,19.8082,949.39,3.46,16.58,51.3761
3140704,37841.0,93.692,21.8625,1176.11,7.6889,5.26,59.5338
3140803,14121.0,94.3205,20.6713,1435.48,3.2729,3.85,76.6144
3140852,8895.0,58.3249,24.0697,742.96,6.0903,17.49,8.1109
3140902,18552.0,82.417,24.1645,906.79,5.0676,13.4,74.4242
3141009,12038.0,74.8214,19.6544,970.08,3.3029,14.88,24.2981
3141108,37618.0,98.5672,21.5881,1233.49,6.5974,3.27,79.6093
3141207,3814.0,73.8332,18.5107,1804.53,0.8806,9.27,72.1905
3141306,3900.0,58.3846,21.8974,1685.36,0.6596,4.31,58.7535
3141405,20156.0,72.9708,21.5172,825.27,5.8471,15.02,71.9216
3141504,5606.0,59.9893,16.9818,1068.8,2.5884,14.54,55.1786
3141603,10373.0,75.5616,19.84,1172.23,4.3372,9.02,69.0775
3141702,5040.0,67.3016,18.1151,1148.49,9.0517,12.24,61.4589
3141801,24405.0,50.7355,23.7615,976.97,5.4316,17.12,30.5188
3141900,3741.0,92.2748,20.7431,1349.72,1.6525,5.37,85.8093
3142007,13651.0,81.9354,22.5698,881.64,10.7999,11.1,49.2179
3142106,8968.0,69.4246,20.0825,1079.43,5.777,10.09,66.1852
3142205,13633.0,86.7601,21.1766,1161.72,4.6611,5.64,80.5812
3142254,3985.0,47.5784,21.3049,775.27,11.1888,17.54,0.1477
3142304,5125.0,43.1024,19.0049,1551.75,2.6581,4.92,30.9101
3142403,7548.0,92.0641,21.0917,1289.48,2.7706,5.19,84.8442
3142502,2169.0,68.3264,19.9631,1008.05,1.2168,12.47,1.57
3142601,8340.0,78.8609,20.5156,1350.5,5.1732,7.88,77.2636
3142700,14060.0,65.3698,21.2304,803.08,6.3082,15.21,17.2435
3142809,20170.0,81.3783,19.6678,1418.59,2.8015,7.1,81.8298
3142908,20328.0,62.4656,17.7637,951.14,3.6824,15.15,17.3288
3143005,13046.0,73.2332,20.9106,1358.18,1.2399,6.85,72.0949
3143104,47692.0,92.548,21.7793,1490.73,3.8618,5.57,86.9661
3143153,4381.0,38.9409,25.6791,590.22,11.7361,19.7,40.8528
3143203,20890.0,82.7142,19.7032,1325.93,2.2832,7.51,85.1875
3143302,414240.0,95.941,24.0498,1517.61,5.7946,4.13,93.6891
3143401,24089.0,84.3248,20.3495,1480.8,0.7066,4.65,84.2322
3143450,6888.0,48.2724,22.2271,840.43,6.8449,15.59,33.8333
3143500,9067.0,78.7692,20.5801,1429.84,2.4327,5.77,67.6865
3143609,2411.0,65.9063,20.6139,1035.11,2.6244,10.69,64.4493
3143708,3133.0,83.5302,20.1404,866.26,1.153,24.44,67.8603
3143807,7451.0,52.1809,20.9771,1280.96,2.7034,5.97,35.4923
3143906,104108.0,93.9966,20.7698,1569.08,4.7436,4.52,92.0489
3144003,27635.0,53.9714,20.5464,1238.2,1.5507,11.51,49.824
3144102,21891.0,77.3514,19.6245,1798.02,2.2207,3.25,76.4778
3144201,2459.0,67.8731,18.5441,889.64,2.4854,19.49,70.0541
3144300,35038.0,95.2623,19.5845,1211.08,7.0783,9.94,82.2634
3144359,6303.0,95.0182,21.2597,923.24,13.0513,8.52,82.8899
3144375,3520.0,74.6591,23.0966,1143.35,1.0902,9.17,69.361
3144409,4691.0,68.6208,16.7129,1484.28,0.778,6.31,51.8192
3144508,8179.0,80.291,21.812,1296.31,3.2914,5.35,78.1922
3144607,25018.0,83.4119,20.849,1284.35,3.3289,8.92,83.8101
3144656,10588.0,34.2935,24.1783,854.27,16.4347,22.95,7.1235
3144672,3151.0,47.1279,17.4865,924.7,3.8462,15.06,46.0627
3144706,17438.0,91.3293,20.0539,1342.77,4.3034,5.51,85.4113
3144805,111697.0,99.5282,19.3729,4299.91,3.3094,1.75,81.9822
3144904,3663.0,66.5029,19.4103,1067.6,0.7208,16.88,69.0948
3145000,14598.0,92.6634,23.3594,1505.83,2.8273,5.0,94.0
3145059,6706.0,55.5324,22.5022,867.32,10.3869,13.74,32.2981
3145109,16387.0,58.1498,21.4743,1312.37,1.061,6.0,55.5967
3145208,105552.0,97.9792,27.9218,1430.91,1.4484,3.59,93.5256
3145307,26975.0,44.8082,22.8285,783.61,8.6746,19.46,41.3075
3145356,10275.0,59.6496,21.9075,834.08,12.6749,23.12,55.7031
3145372,4571.0,67.622,20.4113,807.48,4.5051,12.45,10.1978
3145406,1945.0,58.6118,18.6632,960.76,0.2817,10.52,44.2077
3145455,5385.0,65.8496,22.9898,939.63,4.5556,10.81,2.7277
3145505,2555.0,90.137,18.7867,1089.87,2.5218,8.48,94.586
3145604,39262.0,92.3565,20.3708,1428.74,5.0266,4.02,91.8804
3145703,2027.0,60.1875,19.2896,1134.36,3.6585,10.96,63.0607
3145802,2969.0,57.0562,19.2321,1216.35,5.39,8.04,36.4043
3145851,4917.0,73.134,20.9884,1169.9,2.9218,9.85,76.4174
3145877,8437.0,36.494,22.8754,923.59,1.8159,11.0,41.7247
3145901,38724.0,91.2896,20.8398,1833.06,5.3509,2.92,89.4486
3146008,32094.0,79.0833,19.203,1461.23,2.0914,6.0,75.7962
3146107,74821.0,90.6163,22.1114,1611.45,3.7939,2.93,77.4889
3146206,5757.0,65.3639,21.7995,835.85,7.933,16.63,58.1653
3146255,5058.0,62.0996,25.2669,707.54,9.5967,18.33,48.5644
3146305,17334.0,70.0358,23.6472,829.05,6.8862,17.54,64.4668
3146404,4224.0,81.9129,16.4299,1322.83,1.9923,6.59,2.809
3146503,8142.0,87.9882,19.5038,1405.87,1.0378,4.82,88.2024
3146552,5551.0,37.3266,22.0501,752.74,10.1725,21.92,0.2528
3146602,1474.0,79.5794,16.825,1334.26,0.3044,6.86,61.0345
3146701,5707.0,83.4589,18.854,1296.82,9.4652,7.69,81.4798
3146750,6301.0,74.6231,20.3301,795.77,6.1389,20.52,56.2922
3146909,13920.0,86.0704,24.3103,1141.6,1.4802,6.32,74.4337
3147006,94023.0,89.3569,24.2866,1559.79,3.541,4.79,83.147
3147105,97139.0,94.9474,22.6171,1716.59,3.0478,2.93,93.533
3147204,21723.0,84.2379,20.1538,1407.18,3.9067,5.77,85.464
3147303,20445.0,84.7102,20.4353,1498.2,3.742,3.75,82.4321
3147402,24107.0,86.5392,22.5868,1220.57,3.7651,4.61,76.3707
3147501,1600.0,58.625,16.375,1171.67,3.2573,17.56,12.1311
3147600,15515.0,89.5005,19.3619,1257.17,3.3733,4.29,78.1769
3147709,8473.0,82.0017,18.8835,1242.12,1.5629,4.49,81.6088
3147808,2233.0,66.9951,17.2414,1285.86,3.4735,7.2,63.5955
3147907,111939.0,95.9567,21.4965,1683.36,3.4817,3.54,95.9236
3147956,4837.0,51.3748,21.3355,744.88,7.1871,13.24,2.6316
3148004,159235.0,93.7909,22.3462,2004.61,2.6397,2.91,93.1224
3148103,89826.0,90.4237,22.4768,1660.45,2.4889,5.06,89.989
3148202,5576.0,83.0882,19.0459,1451.69,4.5788,4.6,78.7603
3148301,8659.0,58.1822,20.6606,1095.6,3.6088,6.8,61.0608
3148400,4389.0,57.2796,21.0298,1000.87,7.5117,12.31,42.9041
3148509,8047.0,62.2592,20.6412,804.53,4.2678,19.86,62.7106
3148608,17446.0,57.8987,22.6986,982.01,3.1298,14.55,47.4862
3148707,24410.0,90.3277,23.1544,900.24,12.0244,14.35,83.5839
3148756,7320.0,31.5847,24.5219,802.06,1.1303,10.64,30.5285
3148806,3311.0,67.9251,19.4201,1138.31,4.3103,14.63,69.4862
3148905,4112.0,53.1372,19.4066,1187.01,7.5596,5.86,65.2316
3149002,2757.0,74.0297,23.2862,1009.99,3.5383,7.48,75.1992
3149101,10760.0,49.0428,20.3717,1200.49,4.6941,7.06,54.0283
3149150,10433.0,59.7335,22.0263,777.73,6.691,16.39,20.1029
3149200,3344.0,87.201,19.6172,1741.6,4.6163,5.55,90.5151
3149309,62580.0,97.3362,20.2381,1581.33,5.6807,2.97,76.0703
3149408,1810.0,69.6685,19.5028,1111.61,3.2216,6.8,66.6205
3149507,3351.0,95.1656,21.128,1306.63,0.7338,3.44,94.8837
3149606,4155.0,74.1035,19.278,1495.68,2.3092,4.96,36.8319
3149705,12268.0,88.1969,23.4757,1374.87,1.9297,6.02,83.546
3149804,17151.0,78.4969,23.8645,1572.06,2.9586,5.81,80.9973
3149903,21384.0,90.0907,20.5153,1430.63,2.303,4.7,84.0345
3149952,6553.0,73.5388,21.4558,873.94,10.4912,11.84,72.1326
3150000,3570.0,82.605,19.944,965.48,4.6185,18.0,72.126
3150109,2796.0,59.299,15.6652,1225.92,1.209,5.34,46.5993
3150158,8529.0,65.6935,23.0742,1075.94,4.4907,10.94,66.1123
3150208,3976.0,84.3058,22.6107,1126.56,4.6549,12.05,70.348
3150307,4604.0,80.5169,17.8323,1286.04,3.4091,8.8,67.0467
3150406,5019.0,53.8753,18.8683,1087.06,5.8657,10.55,3.055
3150505,8563.0,85.7994,19.8178,1514.49,1.9428,6.39,81.895
3150539,4706.0,88.2278,19.9958,929.14,10.7644,11.0,87.5841
3150570,7084.0,45.9063,22.7414,795.88,11.1196,14.4,2.2847
3150604,6700.0,53.9254,19.2985,1357.43,2.3503,8.1,52.9457
3150703,5537.0,97.0742,21.853,1418.83,3.9927,8.64,96.6226
3150802,17018.0,42.4492,22.1001,970.68,3.2472,10.3,31.5682
3150901,6041.0,34.299,18.6227,1241.17,5.1109,7.99,49.0917
3151008,9120.0,65.3399,19.5504,1409.41,4.6429,4.6,61.0507
3151107,11077.0,89.8709,20.1589,1352.97,1.5342,5.91,85.6268
3151206,55606.0,98.0901,21.5516,1339.03,6.5359,4.81,49.7117
3151305,11610.0,83.5831,19.2162,1245.52,2.9434,5.36,86.9847
3151404,26685.0,89.3086,22.9005,1309.25,2.9246,4.75,87.1956
3151503,36062.0,93.5999,21.61,1708.76,2.3021,3.33,94.0077
3151602,11145.0,97.1557,21.4446,1330.63,5.0568,6.06,94.9052
3151701,16390.0,59.6827,19.2984,1458.51,1.1455,5.77,60.6244
3151800,163742.0,97.7721,20.8523,1994.5,3.5639,2.05,97.9658
3151909,8350.0,66.1317,17.018,1000.98,2.1181,12.59,50.0153
3152006,31047.0,89.5739,22.6721,1419.04,3.5182,8.05,84.5168
3152105,57776.0,91.4705,20.8339,1524.53,3.5171,5.17,83.6376
3152131,3747.0,73.2319,20.6832,788.63,5.3479,13.94,39.7013
3152170,10883.0,45.787,23.1921,685.33,7.3459,18.72,33.8933
3152204,37438.0,56.2664,20.7864,948.26,5.0926,16.17,28.5631
3152303,10569.0,57.1199,20.8534,950.39,3.2516,8.4,61.9304
3152402,13666.0,63.5372,20.5839,840.81,2.8228,16.6,57.7197
3152501,152217.0,91.7164,21.924,1875.32,4.6699,2.86,90.6116
3152600,6566.0,54.8127,17.9409,1248.01,1.9439,4.11,52.3463
3152709,9048.0,72.1485,21.2423,1246.38,1.5282,4.47,76.6636
3152808,28342.0,81.5186,21.6604,1557.71,3.6469,7.36,81.071
3152907,8406.0,86.5929,19.153,1441.15,2.8281,5.02,87.3792
3153004,3559.0,58.4996,19.7246,1414.64,0.5857,10.49,63.2472
3153103,4850.0,38.5979,19.7113,1065.38,2.0778,10.55,16.0855
3153202,3465.0,50.7937,18.7013,1096.77,3.0201,13.3,45.019
3153301,3071.0,73.9824,23.5103,842.67,8.6773,7.02,78.7037
3153400,18765.0,77.2502,20.6501,1444.15,2.7561,7.22,71.4403
3153509,8397.0,59.3545,20.3763,1163.6,1.0901,5.53,32.9024
3153608,11466.0,95.3515,22.2135,1218.79,4.9772,3.55,72.0273
3153707,3179.0,84.9324,20.0692,1266.0,7.1476,9.07,38.7865
3153806,1770.0,53.9548,17.6836,1420.97,5.3333,5.69,53.2448
3153905,16279.0,98.3967,21.6352,1370.14,4.7746,3.67,89.882
3154002,23423.0,68.612,19.1649,1124.02,3.201,9.72,58.6238
3154101,11007.0,92.214,18.3156,1221.25,2.6797,6.74,85.8316
3154150,7848.0,59.633,22.4261,1143.36,3.1755,6.79,58.3871
3154200,11230.0,82.3419,20.374,1360.95,0.5288,5.17,47.3968
3154309,17226.0,75.804,19.6505,1045.69,3.659,10.4,76.5294
3154408,4548.0,70.3606,19.7889,1235.77,3.3254,5.77,42.561
3154457,6863.0,61.3289,21.2298,1056.93,6.2953,10.15,0.5047
3154507,8756.0,55.7561,24.4746,858.76,5.064,12.87,41.398
3154606,329794.0,99.0897,24.1196,1126.97,8.3947,4.42,87.2909
3154705,4080.0,92.4755,18.652,1337.9,2.5474,2.81,90.4082
3154804,10261.0,93.0221,21.8205,1428.13,4.9684,4.79,80.0878
3154903,12789.0,87.3563,20.0954,1235.03,4.24,6.68,66.4746
3155009,2484.0,66.3043,20.3301,1332.87,3.4234,9.68,82.4104
3155108,4639.0,71.5671,19.0989,839.03,7.061,19.16,63.6626
3155207,5429.0,46.1227,19.5616,959.91,4.1575,13.06,22.3837
3155306,5568.0,70.5101,18.1932,1284.38,1.9291,6.72,3.3532
3155405,8518.0,86.1,19.7229,1292.52,4.7723,6.15,84.366
3155504,14532.0,77.0369,23.6031,1446.33,2.7993,7.01,80.6015
3155603,28271.0,42.4888,23.9999,805.02,4.6719,15.89,20.4644
3155702,14631.0,84.485,19.6637,1311.82,4.8871,6.23,74.0958
3155801,17443.0,87.5537,19.8991,1509.58,2.9718,5.45,87.4502
3155900,5141.0,81.2293,19.3348,1203.03,6.9645,7.68,74.4838
3156007,12641.0,49.6005,23.0678,904.3,6.2578,15.93,35.4512
3156106,4994.0,72.0465,17.521,1335.21,4.9567,6.83,16.0786
3156205,2291.0,93.5399,20.9079,1125.9,1.1444,7.12,47.6077
3156304,8664.0,93.4326,23.361,1186.6,2.1452,3.77,90.4901
3156403,3386.0,76.1075,19.1672,1291.69,1.9828,5.88,76.3049
3156452,4734.0,56.1259,20.8069,1075.93,0.7937,10.48,55.7203
3156502,5679.0,58.2321,19.7394,828.98,6.8231,19.51,20.7547
3156601,10298.0,80.7924,22.5481,812.9,10.9055,16.02,76.9661
3156700,129380.0,98.7857,21.7437,1462.1,6.1478,3.47,85.5007
3156809,14240.0,68.5604,21.0183,984.74,7.1393,11.06,58.2227
3156908,26670.0,87.0416,21.601,1829.52,2.9481,4.08,86.3622
3157005,40178.0,84.0933,21.4047,1106.52,7.227,12.01,73.563
3157104,6110.0,84.1408,21.8167,810.38,6.889,17.91,76.0684
3157203,30466.0,93.6618,20.9742,1324.19,6.5168,6.01,87.5613
3157252,8458.0,53.4642,21.3762,1083.66,2.2806,8.18,36.1383
3157278,3095.0,64.6204,19.0953,953.43,1.1785,8.43,65.6741
3157302,4208.0,53.4933,20.0333,1035.66,1.2834,7.72,41.853
3157336,8109.0,100.0,22.2469,1112.25,3.7821,4.43,99.5245
3157377,3910.0,50.0512,21.5857,783.39,7.0507,19.73,34.1581
3157401,4673.0,37.8558,18.5534,912.04,3.9387,8.57,40.1972
3157500,4039.0,73.2855,19.485,915.08,2.2901,16.79,67.8912
3157609,3522.0,61.13,22.3737,924.03,3.6284,15.07,0.4045
3157658,5938.0,60.357,21.5561,673.3,3.6806,20.91,49.974
3157708,15734.0,92.9134,25.912,1600.94,2.3699,6.49,93.3817
3157807,219132.0,98.8267,22.8693,1305.74,6.9056,3.82,86.073
3157906,16395.0,54.968,23.4706,933.07,1.0132,8.34,50.3684
3158003,10485.0,64.3109,22.9757,1194.25,3.6649,8.55,56.4192
3158102,4755.0,70.5994,18.7171,791.94,14.7766,20.6,66.6853
3158201,12788.0,79.0741,22.2161,1032.69,6.8247,16.58,65.5551
3158300,6691.0,84.3372,21.5214,1385.2,3.1537,6.93,86.4082
3158409,3489.0,86.1565,18.286,1005.32,2.2118,6.37,79.7134
3158508,7030.0,44.0114,17.724,910.44,5.0564,12.49,36.2455
3158607,3747.0,70.0294,20.1761,1164.44,3.4382,4.71,56.0332
3158706,2137.0,78.0533,20.6832,1087.43,8.6339,9.52,70.9884
3158805,4214.0,98.149,19.7674,1217.31,3.0359,8.32,96.1846
3158904,8987.0,47.246,22.4324,829.24,0.9036,11.21,40.8861
3158953,44800.0,97.3728,21.183,1389.43,3.7424,3.41,90.8074
3159001,5313.0,65.4997,19.9322,1345.61,0.3791,7.11,4.8569
3159100,3469.0,63.7071,20.1499,938.09,2.9689,7.41,58.819
3159209,8460.0,63.7707,17.2222,1494.51,2.9262,5.39,61.0846
3159308,4755.0,78.9064,18.1703,1178.73,0.7937,8.39,62.2047
3159357,6773.0,71.4602,21.0542,1018.16,3.0677,9.48,57.2058
3159407,3301.0,68.252,19.3275,965.3,6.25,9.55,50.5
3159506,5826.0,46.6014,19.8421,1088.91,1.0601,13.15,24.1943
3159605,40635.0,89.5632,21.8752,1701.65,4.4755,4.66,87.2848
3159704,3382.0,86.5464,21.437,1205.38,1.2363,10.81,57.131
3159803,20973.0,85.9057,18.8719,1529.62,5.0393,8.97,85.5244
3159902,17285.0,90.9228,21.8224,1176.11,2.7687,8.79,85.5832
3160009,3769.0,81.2682,19.6604,1154.37,0.4891,9.0,43.4364
3160108,4229.0,87.0655,19.8629,1170.3,1.8549,8.67,81.8425
3160207,3915.0,33.7931,24.0613,719.21,11.4357,22.5,18.7313
3160306,10327.0,64.0167,19.8412,721.83,6.1638,22.34,51.5865
3160405,27295.0,89.0713,21.9381,1404.17,2.4833,4.04,87.9089
3160454,6629.0,30.0347,21.6171,763.14,6.4547,21.05,27.7929
3160504,1808.0,58.6836,19.635,1420.41,3.7547,11.65,23.3487
3160603,2717.0,76.187,17.8138,1070.64,8.4577,12.07,1.8067
3160702,42406.0,93.35,20.0467,1222.91,5.8223,4.81,72.0402
3160801,4713.0,92.1282,24.1884,1108.08,2.7661,9.53,91.651
3160900,3989.0,92.3038,19.4284,1526.19,2.3026,3.52,6.9752
3160959,5626.0,49.289,21.5606,1159.89,1.2739,9.48,50.463
3161007,17392.0,69.417,18.0083,1153.05,3.5642,9.86,63.4132
3161056,3200.0,73.4375,19.875,1061.23,0.6154,14.5,57.36
3161106,52762.0,69.9992,24.8417,813.04,8.7425,11.7,41.1062
3161205,6187.0,79.6509,19.1207,1205.09,2.5495,10.59,78.1469
3161304,5732.0,79.5359,18.9463,1313.75,2.0702,7.48,83.8458
3161403,4800.0,65.6667,20.3333,1258.54,3.6781,10.11,37.9867
3161502,10282.0,81.8421,21.2896,1086.63,5.2161,7.58,78.7471
3161601,3305.0,45.7489,17.9123,918.91,3.8745,16.94,53.5346
3161650,3143.0,74.5784,17.4038,951.67,2.6812,15.27,71.875
3161700,7375.0,84.4746,22.7525,1212.62,3.4891,9.05,69.5281
3161809,11770.0,87.3662,20.2974,1395.03,5.4996,4.07,77.5643
3161908,11850.0,70.4979,21.7806,1260.15,3.2475,6.83,56.3609
3162005,23959.0,87.5746,21.3198,1245.0,4.7485,4.61,88.5379
3162104,40910.0,93.6568,26.353,1594.93,1.5904,5.53,90.5186
3162203,7652.0,84.736,20.3738,1378.85,2.3256,5.45,85.5769
3162252,4822.0,58.5234,19.4318,949.31,3.9404,10.11,0.5952
3162302,2914.0,60.8785,18.6342,1052.04,4.0467,7.25,75.6119
3162401,23930.0,38.6084,21.9599,816.07,6.8555,20.59,15.5882
3162450,13024.0,39.3581,28.7085,657.0,4.6563,17.94,0.4722
3162500,90225.0,95.0834,20.5331,1691.04,3.6267,2.41,87.0863
3162559,11246.0,53.1389,23.7596,930.4,2.4771,8.02,51.6573
3162575,5331.0,88.3136,20.2964,1096.76,2.3045,13.38,84.0963
3162609,7070.0,83.9038,18.2603,1045.13,1.1769,11.79,84.0303
3162658,3972.0,51.9889,19.2598,772.21,7.7848,14.41,1.1127
3162708,23910.0,62.706,23.6596,807.01,12.1992,19.45,41.5909
3162807,15315.0,75.7101,21.541,1109.19,3.2201,10.39,62.9293
3162906,25565.0,96.4444,19.5854,1374.08,3.1046,3.22,91.6565
3162922,34348.0,91.525,25.2999,1067.53,6.6135,6.1,49.4207
3162948,7793.0,77.1718,19.5303,1391.61,4.9431,4.59,74.6647
3162955,26090.0,98.2062,22.1809,1319.2,4.9139,4.46,87.8747
3163003,3806.0,73.5943,23.5155,854.9,4.4503,14.24,73.8998
3163102,4536.0,73.0159,21.4506,1189.68,1.3271,6.18,56.0667
3163201,4133.0,73.6269,19.7193,910.86,4.691,4.16,74.106
3163300,3464.0,75.9815,20.1212,1016.23,0.9881,14.4,74.3056
3163409,5396.0,77.3536,18.2543,1115.9,2.885,8.87,71.3925
3163508,6197.0,35.3235,21.7847,819.84,7.7842,14.45,38.6703
3163607,2753.0,59.862,20.3414,1087.61,1.4095,8.76,62.8372
3163706,44798.0,98.7633,19.6013,1781.22,5.702,2.47,96.6721
3163805,6334.0,56.3625,19.8137,1126.44,2.0102,10.12,50.2197
3163904,4885.0,64.6059,18.219,1414.88,0.7746,6.74,66.7715
3164001,7166.0,86.101,19.8158,1096.96,2.3089,9.37,81.7837
3164100,5103.0,53.9879,20.7917,993.57,2.2704,13.84,37.8583
3164209,10315.0,72.0795,26.1561,726.62,10.0108,12.54,48.6806
3164308,7129.0,66.5872,20.6481,2002.71,0.7809,5.08,65.6044
3164407,6387.0,74.9178,20.3695,1300.15,5.0941,8.51,62.6738
3164431,3113.0,62.6727,20.2377,1261.02,1.9014,6.16,61.9371
3164472,6194.0,75.3633,21.4724,921.38,1.6464,13.88,67.0624
3164506,10079.0,37.4144,23.0975,756.62,3.427,16.76,33.8811
3164605,8815.0,74.0442,26.0125,1321.95,1.5309,6.75,66.0097
3164704,71796.0,92.8965,21.3758,1629.1,3.4171,4.41,93.5267
3164803,1259.0,64.4162,18.9039,1044.03,2.6316,5.74,4.8523
3164902,2300.0,69.913,17.1739,1208.85,0.9934,4.47,94.8922
3165008,11192.0,82.4428,20.5951,1406.52,2.1994,5.65,73.2074
3165107,6740.0,80.1929,21.4837,1243.41,2.5829,6.68,76.0229
3165206,6904.0,57.9954,21.0168,1341.66,1.6861,6.71,57.0251
3165305,6804.0,88.6096,21.4874,1395.09,3.0367,4.45,87.2902
3165404,6311.0,67.8498,21.0109,1269.56,3.0657,6.84,62.3762
3165503,5104.0,44.0243,21.9044,845.55,4.5242,13.62,45.8893
3165537,36844.0,99.0039,22.7608,1461.78,5.4837,3.16,93.7885
3165552,9917.0,34.8896,26.2378,825.56,6.9901,23.14,27.0953
3165560,2433.0,59.8027,16.0296,1066.41,2.8487,11.85,48.4407
3165578,6206.0,63.3742,24.7019,1195.38,0.2619,7.82,62.506
3165602,2240.0,82.4554,22.3214,1126.28,0.4873,8.14,78.0275
3165701,7716.0,79.9896,20.1529,1233.96,2.1072,5.88,55.4564
3165800,2068.0,35.058,16.4894,1282.2,1.7647,5.39,39.899
3165909,4008.0,47.9291,19.7355,935.44,3.9662,14.87,41.5723
3166006,5483.0,66.9342,19.8614,885.56,7.9768,9.51,68.781
3166105,3067.0,52.2335,19.987,961.01,4.6815,14.11,46.14
3166204,10384.0,51.7816,20.9072,990.54,1.9134,7.96,52.8495
3166303,7345.0,55.0306,22.8591,996.25,1.8986,12.04,50.8731
3166402,1819.0,85.9813,19.956,1450.73,1.0626,4.3,84.127
3166501,3792.0,52.057,25.5802,738.71,2.8816,24.38,66.7466
3166600,833.0,65.066,16.4466,1411.95,,9.32,66.1721
3166709,6944.0,84.9654,20.8237,1016.56,5.7714,12.75,62.8785
3166808,11801.0,77.7646,24.0912,1573.89,1.3586,4.54,78.3474
3166907,7621.0,90.5787,22.2937,1155.32,4.7462,8.7,90.5942
3166956,4399.0,45.5331,21.2094,811.29,4.7316,16.07,0.1311
3167004,1990.0,80.1508,18.8945,1182.63,4.6563,11.78,73.838
3167103,21952.0,65.0784,24.918,923.2,6.0606,11.97,48.6265
3167202,227397.0,96.7176,21.7905,1668.6,4.785,2.91,94.6512
3167301,2323.0,71.5024,18.2523,1213.4,5.0189,8.95,67.5947
3167400,6179.0,61.9032,18.3525,1597.35,2.904,9.69,59.1468
3167509,2947.0,61.9952,19.1042,1350.4,3.8627,3.1,67.4744
3167608,19750.0,48.2785,22.4557,1037.28,2.6398,10.0,46.1231
3167707,5137.0,72.5715,19.1551,1139.19,0.478,13.67,66.7164
3167806,5613.0,66.827,18.4215,1255.32,3.6357,5.33,63.3663
3167905,4014.0,73.0942,18.4106,1166.15,5.8161,11.17,73.6808
3168002,33050.0,86.9289,22.6657,1079.79,3.9065,13.57,60.4415
3168051,3387.0,72.7487,16.711,949.47,7.4236,13.02,70.7002
3168101,4118.0,63.1617,19.5483,1554.17,4.2564,5.15,61.4634
3168200,1690.0,58.4615,19.2899,1331.31,0.2703,7.23,57.382
3168309,4224.0,51.6572,16.9034,1209.1,8.2002,7.73,30.3202
3168408,14709.0,67.7816,20.1033,993.4,1.765,11.47,63.9388
3168507,12255.0,71.7258,19.4043,1233.73,6.1686,7.56,56.5034
3168606,137418.0,85.1148,22.0823,1338.49,6.5844,8.24,78.8379
3168705,81579.0,99.8394,20.2944,1630.44,5.0574,3.3,94.5314
3168804,7744.0,80.5269,20.0026,1872.35,2.1345,4.34,72.889
3168903,7883.0,76.2273,19.5991,1633.94,0.9483,6.35,75.7322
3169000,16185.0,84.8811,20.2471,1244.19,3.1547,6.09,83.2142
3169059,3826.0,54.0512,15.7083,1301.34,2.4145,8.3,23.8776
3169109,7214.0,57.3191,21.0008,1257.12,2.3922,8.59,54.5594
3169208,8609.0,85.5732,18.4923,1491.51,3.194,6.53,75.9478
3169307,75485.0,91.8381,22.1236,1370.02,4.6954,4.49,90.9667
3169356,28895.0,93.1441,20.706,1333.18,3.6065,4.58,83.2499
3169406,55255.0,91.7781,21.8804,1459.07,3.1195,5.67,92.5653
3169505,5886.0,71.8824,22.0523,895.69,1.4789,10.19,54.139
3169604,25470.0,92.0377,19.7801,1424.49,4.1158,5.88,93.6055
3169703,20000.0,81.85,23.805,1093.34,7.7491,10.17,70.347
3169802,4935.0,66.079,21.1955,1172.12,3.4779,6.57,67.1858
3169901,103365.0,95.9348,21.7559,1507.27,2.7875,3.71,86.1303
3170008,11708.0,52.2378,25.4271,803.38,9.7486,12.57,3.5853
3170057,13017.0,48.8361,20.212,1088.96,3.8101,9.79,51.3502
3170107,337836.0,97.7877,21.8076,1939.6,3.109,3.31,97.1786
3170206,713224.0,98.5943,23.1149,2079.68,3.7417,2.71,96.0897
3170305,2684.0,81.8927,20.4173,927.61,4.2662,16.97,66.1538
3170404,86619.0,84.0659,22.9684,1760.5,3.3594,5.13,79.4384
3170438,3828.0,61.8077,18.5214,1279.07,1.9048,13.47,64.0822
3170479,3282.0,71.5722,19.7745,1091.98,4.7262,13.16,58.6098
3170503,10600.0,82.3585,22.5566,1080.19,3.7008,10.87,81.0432
3170529,17479.0,52.2284,26.2944,727.87,8.4184,9.84,16.0556
3170578,5780.0,86.6263,19.3599,1037.57,3.281,13.52,84.6851
3170602,2158.0,72.6135,17.2382,1496.78,1.4231,3.6,74.6575
3170651,4633.0,58.515,24.5629,881.5,9.7522,17.87,0.2819
3170701,136467.0,97.2982,21.1472,1874.49,3.9087,3.04,96.7467
3170750,6969.0,84.4741,23.5041,1349.13,1.8021,5.96,86.0371
3170800,33744.0,89.3611,22.1136,1062.12,5.4681,10.33,51.7093
3170909,18840.0,53.3227,22.2611,738.74,8.2346,16.56,15.0119
3171006,19975.0,85.1765,20.9111,1572.32,2.6411,4.03,84.8569
3171030,7672.0,59.6715,26.7987,764.71,5.4696,16.27,23.0127
3171071,5181.0,74.3486,22.2737,898.68,3.2547,17.1,62.4935
3171105,3411.0,63.7057,17.854,1352.42,6.1566,9.73,56.0551
3171154,4899.0,40.3756,18.9426,859.63,1.5033,7.89,37.8198
3171204,129246.0,99.3284,23.846,1291.72,5.9463,3.37,94.5829
3171303,76430.0,93.1284,22.6822,1864.42,3.2288,3.81,89.2032
3171402,3700.0,57.8919,18.2703,1216.73,4.3407,8.41,49.4358
3171501,3038.0,88.0184,23.3048,907.26,0.7972,13.19,85.8706
3171600,11804.0,63.9953,22.0349,959.9,3.8398,14.21,57.5688
3171709,8908.0,55.1639,20.2627,987.85,1.4081,7.87,57.6585
3171808,10314.0,62.5461,20.7097,1116.83,3.6381,7.62,62.1593
3171907,4552.0,63.203,17.9042,927.5,2.9412,15.84,67.3389
3172004,39160.0,88.8943,20.6001,1493.02,2.7417,6.41,85.9377
3172103,4443.0,82.2642,20.4591,1153.24,5.2659,7.35,89.1746
3172202,2356.0,56.7912,18.2937,1240.48,3.7365,5.17,3.3449
3200102,30684.0,54.0184,19.3912,1191.25,2.4507,9.42,46.1726
3200136,9711.0,34.6308,19.9465,1242.59,1.8873,8.28,33.0776
3200169,12042.0,61.8004,19.6064,965.09,3.1357,14.47,35.8868
3200201,29177.0,76.8311,20.8315,1336.26,4.45,8.49,60.8237
3200300,13836.0,50.5493,18.0399,1469.82,2.1065,5.2,48.3256
3200359,7434.0,57.533,18.5499,1247.98,1.8643,11.0,51.0646
3200409,29984.0,80.2728,19.7972,1257.88,5.2413,4.19,42.8015
3200508,7223.0,74.2212,19.8394,1138.77,2.5571,8.87,63.4741
3200607,94765.0,86.8992,21.9744,1507.13,4.9849,5.21,81.8118
3200706,10540.0,69.981,20.2087,1103.7,4.3142,6.61,59.5473
3200805,30674.0,84.0842,20.268,1257.09,2.9308,8.3,80.3402
3200904,42498.0,69.2456,20.5657,1262.47,4.4681,10.24,60.1719
3201001,13608.0,76.771,21.3477,1151.53,3.1471,9.68,66.8783
3201100,10254.0,94.4022,20.2458,1133.04,6.9615,6.18,92.5741
3201159,12985.0,32.3604,23.1498,1016.25,1.4193,13.79,30.1213
3201209,185786.0,93.5054,20.2636,1516.3,3.2547,4.29,91.7262
3201308,353491.0,98.8483,21.4894,1244.17,5.6767,4.48,81.3745
3201407,36930.0,72.3666,19.5938,1634.05,2.0331,4.92,66.3504
3201506,120033.0,89.3129,20.3786,1603.31,2.7579,5.07,86.0338
3201605,27458.0,83.6732,20.7918,1122.43,4.5074,10.3,26.7029
3201704,11937.0,56.4882,20.5914,1352.34,2.3699,7.42,58.9118
3201803,5083.0,42.4356,21.503,1119.67,2.8722,9.61,41.5878
3201902,35416.0,38.0817,19.6352,1477.15,1.8152,6.39,30.6967
3202009,6596.0,58.1413,21.1037,1182.1,2.8177,10.25,50.9457
3202108,21992.0,67.1153,19.2024,1062.01,4.8514,14.38,51.4747
3202207,18014.0,86.3217,19.4682,1406.78,3.9268,7.41,56.1132
3202256,11009.0,46.4257,20.3379,1407.77,0.2807,8.15,47.4015
3202306,29358.0,82.6385,21.1288,1302.02,2.8816,7.38,73.3199
3202405,124656.0,94.7512,20.4138,1656.5,5.6231,3.94,65.1345
3202454,25380.0,64.0504,22.5926,1074.38,2.0417,10.87,55.938
3202504,11723.0,79.8686,19.8755,1466.2,3.1981,5.97,77.2888
3202553,9520.0,46.4076,22.3424,941.8,2.8634,11.38,36.7955
3202603,12326.0,64.2057,18.1486,1398.56,1.297,4.54,49.6336
3202652,13710.0,42.4508,22.3341,1269.82,1.4966,9.84,41.2935
3202702,13589.0,58.7681,17.573,1255.55,1.5121,7.54,55.5197
3202801,39832.0,66.3537,21.1739,1072.13,8.8393,6.97,21.9674
3202900,10597.0,52.713,18.9299,1524.8,0.4739,7.48,42.9594
3203007,28590.0,61.3501,21.8223,1187.08,2.0269,9.46,56.9709
3203056,28931.0,71.4666,22.6677,1288.05,3.4465,8.55,60.3746
3203106,11575.0,78.4881,20.1814,1357.18,4.7757,8.97,74.147
3203130,14079.0,82.4774,18.453,1585.86,2.5856,6.99,85.1105
3203163,11094.0,34.4781,17.505,1256.48,0.9894,9.26,36.3183
3203205,166786.0,88.6249,23.4444,1472.5,2.9821,5.3,80.7627
3203304,12770.0,70.2036,18.3399,1099.96,4.7424,13.05,57.3577
3203320,41929.0,82.2915,20.8805,1247.27,6.5191,7.29,55.7397
3203346,17641.0,50.4677,20.9569,1433.67,3.668,5.39,43.1058
3203353,12387.0,66.7635,19.4801,1480.41,1.0822,6.88,62.9645
3203403,24475.0,62.3616,19.1502,1139.0,1.6908,8.39,43.805
3203502,18900.0,81.4497,20.8148,1129.12,2.4301,11.88,78.9654
3203601,5466.0,76.7838,18.8621,1025.33,4.2688,15.47,76.404
3203700,18153.0,48.6641,20.5641,1075.2,2.9758,10.7,36.4273
3203809,13745.0,69.5671,19.1124,1359.97,4.8187,6.99,55.4653
3203908,49065.0,73.6982,21.3288,1462.06,2.6875,7.23,59.39
3204005,18893.0,49.9021,19.5046,1188.19,1.8768,11.42,45.8123
3204054,21522.0,91.9152,21.7777,1091.36,2.5268,12.88,75.298
3204104,23915.0,78.9964,21.7186,1123.49,3.2615,11.43,78.3556
3204203,22300.0,97.5785,20.3543,1247.95,10.4919,3.6,63.9412
3204252,6497.0,83.5616,18.8549,900.2,5.8454,12.0,74.6983
3204302,13696.0,34.6305,21.5464,1101.94,6.5242,11.75,30.9873
3204351,19274.0,44.2825,21.0543,1231.12,2.3812,8.69,45.0238
3204401,11069.0,62.8422,18.7099,1277.89,4.1601,6.74,46.8039
3204500,13106.0,21.6008,18.7853,1155.17,3.676,8.05,10.981
3204559,41636.0,43.0781,23.2011,1374.43,1.4061,6.45,33.6279
3204609,22808.0,62.1756,18.6163,1744.55,2.0545,5.14,59.6285
3204658,8589.0,45.4768,21.3296,1228.15,1.8462,7.49,35.5297
3204708,32252.0,78.0262,20.3429,1370.65,1.998,6.72,72.4335
3204807,10878.0,84.0412,19.3602,1293.72,5.639,8.77,73.9977
3204906,123752.0,80.8949,23.114,1400.64,4.1552,6.37,53.9999
3204955,10886.0,56.5221,19.3092,1243.74,1.2547,8.23,45.5433
3205002,520653.0,99.5406,22.3794,1541.03,5.9789,3.6,91.232
3205010,26502.0,83.7371,24.4283,1154.25,3.2241,9.93,59.7169
3205036,19563.0,54.6951,21.2186,1316.67,2.7751,6.28,24.1926
3205069,23831.0,80.0848,21.5895,1683.88,1.939,5.38,65.7268
3205101,73423.0,95.0411,22.7177,1186.66,4.8692,4.5,79.0271
3205150,8911.0,45.5841,19.6835,1069.92,2.0336,7.78,23.7953
3205176,13728.0,36.1087,21.4598,1199.07,0.7882,8.76,37.5862
3205200,467722.0,97.9565,21.0732,2232.27,4.4704,2.36,90.5937
3205309,322869.0,100.0,19.975,3351.64,5.6674,2.12,99.6711
3300100,167434.0,97.7442,21.6957,1463.14,7.0604,4.12,70.4874
3300159,11034.0,91.7709,19.2043,1360.14,7.604,5.14,85.0023
3300209,129671.0,95.9775,19.4022,1311.77,8.2308,5.0,32.8431
3300225,11828.0,91.9513,21.1617,1352.93,3.4131,5.49,41.9523
3300233,40006.0,100.0,20.9294,1619.56,4.1274,3.09,31.87
3300258,30986.0,100.0,20.1769,1466.08,4.6688,2.35,69.4074
3300308,92883.0,97.3149,20.0543,1422.6,6.1049,3.24,78.2865
3300407,169894.0,98.927,20.039,1407.8,6.3881,3.01,82.0592
3300456,483087.0,100.0,22.2306,915.03,10.0586,4.05,88.1118
3300506,28102.0,77.45,20.4007,1392.13,4.0867,7.56,44.3924
3300605,35173.0,89.182,19.9585,1537.4,7.346,6.64,81.2762
3300704,222161.0,99.5233,20.586,1549.33,7.626,2.95,61.5375
3300803,56943.0,84.3159,20.4959,1212.66,6.9621,5.59,66.3957
3300902,14616.0,82.1155,18.5071,1315.25,4.1212,9.02,55.1992
3300936,13847.0,81.7722,20.2282,1132.9,8.0388,5.52,59.3564
3300951,8741.0,96.8882,20.7985,1127.61,6.9273,5.07,74.9917
3301009,483540.0,93.5488,21.9258,1385.75,8.9789,4.53,64.8119
3301108,19390.0,85.5389,19.2677,1207.29,5.5712,6.39,76.0598
3301157,12958.0,71.2841,18.969,1077.5,5.5008,10.77,50.1505
3301207,17198.0,90.2489,19.5546,1309.8,3.7605,5.39,85.8148
3301306,46110.0,94.8232,20.2646,1378.38,5.3277,3.81,66.783
3301405,21104.0,90.0919,20.5032,1267.02,7.7629,6.11,61.815
3301504,20783.0,97.3777,19.6747,1414.42,4.6961,4.2,86.0787
3301603,10980.0,71.9399,20.2459,1155.27,3.4524,9.93,34.4495
3301702,808161.0,99.7585,22.1396,1100.31,10.0467,3.9,89.262
3301801,12242.0,82.5764,19.0818,1284.42,4.3091,4.47,45.2515
3301850,51696.0,96.847,21.9495,1197.43,10.5918,4.75,56.6494
3301876,27920.0,99.735,18.6461,1526.99,8.091,3.24,52.4438
3301900,224267.0,98.99,20.703,1101.64,12.6004,4.66,65.9914
3302007,116841.0,97.9374,22.1027,1199.57,10.7034,3.67,82.9584
3302056,14073.0,77.7446,16.9971,1227.13,4.7895,9.58,82.0293
3302106,22919.0,81.4739,18.068,1421.51,4.6853,7.53,73.6679
3302205,101041.0,94.2538,19.8444,1520.46,5.2812,5.42,90.821
3302254,30908.0,98.3855,21.0204,1527.73,7.9104,4.71,69.6413
3302270,96289.0,98.8721,24.6435,786.34,12.2995,7.07,71.6755
3302304,7336.0,76.8811,21.524,1145.6,5.7722,9.25,65.176
3302403,246391.0,97.3027,21.476,1876.38,6.9994,3.48,84.2088
3302452,5415.0,91.0249,21.145,1289.93,7.5857,5.21,86.1856
3302502,228127.0,98.8182,22.1276,1036.31,11.1801,4.02,68.568
3302601,41220.0,94.5754,19.3984,1501.02,4.9224,3.09,36.4098
3302700,197277.0,99.0592,19.1812,1707.99,6.5766,2.59,34.6584
3302809,17502.0,97.9545,18.1522,1399.3,4.9981,3.17,64.9125
3302858,167127.0,100.0,21.741,1115.94,11.3038,2.87,97.0628
3302908,26582.0,90.3882,18.3658,1784.0,4.065,3.86,69.8829
3303005,26881.0,93.9846,20.7396,1414.6,6.7866,6.44,91.4071
3303104,15074.0,88.3773,19.9483,1393.71,6.388,6.41,69.7944
3303203,146774.0,100.0,19.7283,1298.9,9.2449,2.11,98.8001
3303302,481749.0,100.0,18.5283,3577.32,6.0221,1.68,92.4876
3303401,189939.0,89.912,19.2799,1757.65,3.2988,3.43,74.5447
3303500,785867.0,99.5857,22.3302,1102.46,10.2539,4.28,88.6783
3303609,41375.0,94.9076,20.1909,1349.13,8.5736,3.79,73.6574
3303708,42063.0,91.7457,20.436,1216.57,7.1163,5.5,81.1682
3303807,45243.0,80.0787,21.3779,1639.12,3.2496,4.26,17.7159
3303856,29619.0,76.8932,20.7772,1210.31,5.3374,8.55,49.1867
3303906,278881.0,96.9449,19.5341,1822.76,5.1222,3.16,75.9336
3303955,24298.0,94.123,20.5326,1366.9,5.9972,3.21,91.5816
3304003,27474.0,84.8075,20.23,1462.21,7.1131,4.98,73.486
3304102,17288.0,80.1828,20.5865,1404.53,4.5131,7.62,75.1285
3304110,20373.0,99.2883,21.8328,1237.94,9.1724,3.68,94.504
3304128,13682.0,93.8313,20.7864,1274.65,6.1856,3.67,86.0973
3304144,140523.0,99.9936,22.6732,958.95,10.1288,4.02,88.8748
3304151,22393.0,81.0789,21.0468,1108.09,8.4421,7.99,76.9354
3304201,129612.0,97.2171,20.8762,1881.11,6.103,3.4,93.8515
3304300,56276.0,87.4956,20.5007,1407.84,6.5822,5.16,76.816
3304409,17401.0,82.1849,20.4241,1232.33,2.6753,9.1,55.682
3304508,8954.0,82.0751,21.9008,1181.25,7.07,7.51,73.8309
3304524,156491.0,99.715,20.506,1840.11,7.1315,2.5,62.4575
3304557,6211223.0,99.9991,20.3828,2515.32,6.9549,2.42,94.8987
3304607,10232.0,71.4328,18.5008,1337.53,3.7045,10.16,49.812
3304706,41325.0,91.4652,19.4265,1308.22,4.5529,6.04,84.6494
3304755,45059.0,61.9255,20.7461,939.48,4.8892,13.14,3.2064
3304805,38961.0,82.8777,18.9549,1296.11,4.3417,8.77,70.66
3304904,896744.0,99.9715,19.9329,1209.5,9.5568,3.4,83.7156
3305000,36573.0,79.7747,18.9566,985.72,12.092,5.83,26.5625
3305109,440962.0,100.0,21.6604,1042.94,8.9519,2.64,97.6027
3305133,7070.0,48.5856,18.7553,1150.71,2.0006,9.77,59.6943
3305158,22080.0,57.4366,22.4049,1203.03,4.204,6.15,54.3507
3305208,104029.0,97.2315,20.4933,1462.39,7.0804,4.15,67.8622
3305307,7750.0,57.4194,17.6903,1123.79,2.4153,8.42,46.8558
3305406,17729.0,79.3953,19.894,1246.5,4.6295,7.38,70.1778
3305505,89559.0,97.1572,18.964,1491.0,7.9209,3.91,27.3588
3305554,80596.0,97.5334,22.758,1181.47,11.4447,4.36,73.7901
3305604,21352.0,81.3835,21.5905,1042.66,10.3988,9.76,57.1954
3305703,15206.0,40.4446,20.9588,1223.03,1.8092,9.61,25.5391
3305752,31086.0,91.2855,21.151,959.96,13.0815,6.28,70.7568
3305802,165123.0,88.425,20.8996,1860.47,4.21,4.67,54.908
3305901,10302.0,60.5319,19.1516,1120.83,2.266,11.72,33.8383
3306008,78346.0,97.6412,20.7171,1438.62,7.0025,2.98,78.042
3306107,68088.0,94.3441,20.7819,1443.99,5.0673,3.91,76.2182
3306156,10207.0,64.4754,23.0724,1108.62,1.841,10.11,58.2575
3306206,33976.0,86.8819,20.8353,1519.05,7.3927,4.5,70.1064
3306305,261563.0,99.7584,19.9447,1787.91,5.6277,2.43,95.9915
3500105,34687.0,96.6818,18.2893,1868.26,3.8111,3.08,97.0404
3500204,4351.0,92.0478,18.6854,1514.8,0.6182,7.59,92.9697
3500303,32072.0,93.2121,21.6731,1321.67,6.0274,4.51,93.223
3500402,7369.0,87.651,15.9045,1684.99,2.7986,3.51,88.3746
3500501,17930.0,87.1556,18.1595,1742.52,1.99,4.22,92.7636
3500550,7177.0,87.9894,18.6568,1946.69,2.6536,4.18,60.2583
3500600,2780.0,100.0,15.3957,2932.68,3.9604,1.2,99.6531
3500709,37680.0,95.6847,20.5653,1590.76,4.9205,3.37,94.2795
3500758,6141.0,74.2224,20.697,1317.23,2.121,4.95,52.7349
3500808,4445.0,84.162,17.9978,1485.42,5.385,5.45,84.9363
3500907,3451.0,85.8592,20.284,1313.69,4.3531,7.34,87.011
3501004,16818.0,90.5458,20.4721,1391.26,2.0738,4.04,91.0497
3501103,3841.0,80.7342,15.7251,1349.61,5.9611,6.07,82.9381
3501152,17301.0,96.2777,22.2762,1523.42,3.8366,3.79,74.041
3501202,3915.0,66.9732,16.3474,1429.27,2.8729,6.47,68.8845
3501301,27255.0,92.5445,21.0677,1462.07,5.6463,4.22,89.4721
3501400,4808.0,60.3993,23.5025,1137.02,2.9703,6.09,93.3219
3501509,2885.0,91.5771,21.1438,1203.52,4.5637,8.08,93.9424
3501608,237240.0,99.8268,19.4246,2358.27,4.0577,1.65,98.2916
3501707,33019.0,99.2005,22.7839,1233.06,10.7822,5.66,99.2463
3501806,5870.0,88.0068,18.7223,1580.65,2.7988,4.33,89.1571
3501905,68008.0,92.2333,19.1669,1986.75,4.1279,2.56,85.9581
3502002,4589.0,84.8987,19.5903,1677.47,5.4308,4.34,83.6808
3502101,59783.0,91.5511,19.4922,1774.02,3.6609,3.77,93.647
3502200,24022.0,70.8351,20.885,1526.22,3.7164,2.98,70.0577
3502309,5674.0,81.5298,21.2548,1188.66,3.9929,5.96,81.2561
3502408,4023.0,84.3649,19.8857,1409.42,5.1662,4.17,86.023
3502507,32569.0,97.995,20.2462,1468.76,4.2754,2.46,96.3657
3502606,4086.0,79.1238,17.5477,1418.94,3.0523,6.54,83.7871
3502705,24585.0,78.495,21.9809,1148.15,4.3615,5.14,58.7168
3502754,21522.0,87.7939,23.6502,1464.76,4.3643,4.3,60.7785
3502804,200124.0,98.3145,19.4265,2088.68,4.5961,2.7,97.404
3502903,32443.0,88.8666,18.3152,1993.37,5.6902,2.94,37.5616
3503000,5420.0,95.0185,18.8561,1628.68,4.4231,5.46,94.3556
3503109,6885.0,81.0312,21.1184,1251.83,2.2587,5.85,78.1788
3503158,2330.0,67.6824,19.2704,1149.76,5.4722,5.54,72.5424
3503208,242228.0,98.5097,20.0051,2128.11,4.5792,2.29,98.731
3503307,130866.0,97.0321,20.1168,1910.5,6.5034,2.68,97.1318
3503356,2044.0,63.8943,18.5421,1178.32,3.3298,7.31,99.1814
3503406,8130.0,78.5855,17.8844,1731.53,1.8369,3.9,72.4911
3503505,3577.0,77.4951,20.52,1093.27,1.2701,5.51,70.9992
3503604,10130.0,97.7493,22.695,1345.98,5.3078,7.48,94.6765
3503703,7602.0,96.7903,19.3896,1546.55,4.0537,5.23,96.8685
3503802,51456.0,93.6198,22.3783,1649.8,3.6903,4.16,88.9752
3503901,86678.0,97.02,22.5917,1982.83,7.2341,2.93,81.2491
3503950,1842.0,78.4473,17.0467,1361.65,2.9593,9.23,82.9161
3504008,101409.0,96.2735,20.0515,1997.74,3.9954,2.12,96.2344
3504107,158647.0,89.6701,19.4715,2283.78,3.7883,3.32,60.9303
3504206,13692.0,90.3228,18.3611,1494.63,3.5252,4.64,91.1923
3504305,4483.0,66.1611,20.4997,1349.49,4.4152,4.11,69.0722
3504404,11263.0,85.6077,25.6948,1246.92,4.4236,4.95,97.1178
3504503,92805.0,94.9604,20.9881,1769.85,4.0468,3.36,93.9214
3504602,27260.0,95.6713,20.9318,1808.97,4.1363,2.15,95.5212
3504701,3887.0,97.4273,23.9002,1703.84,2.0213,3.11,92.2509
3504800,9596.0,92.7261,19.1955,1568.8,1.5947,3.26,94.7411
3504909,9969.0,80.7202,20.3732,1340.96,7.4004,5.04,81.5094
3505005,3531.0,66.7799,20.1359,1066.93,2.6062,5.16,74.8503
3505104,5640.0,91.6844,21.1525,1080.41,9.5941,7.06,91.9905
3505203,31595.0,96.6197,20.2785,1755.66,4.668,3.76,96.4508
3505302,34346.0,98.6723,17.7459,1853.96,6.0341,3.64,98.4411
3505351,5179.0,36.7639,22.9002,888.5,6.9457,8.82,37.1002
3505401,6876.0,44.968,19.299,1094.16,2.8719,10.94,40.3883
3505500,122485.0,97.0437,20.1657,1844.44,3.6811,2.46,97.8863
3505609,32092.0,99.4048,23.4607,1385.51,5.2098,5.34,98.169
3505708,316473.0,99.9637,21.9289,2412.35,6.7751,2.44,97.643
3505807,21503.0,87.0344,20.7134,1449.37,4.2446,3.17,86.2014
3505906,58402.0,97.1302,20.3966,1826.35,4.4439,3.85,97.1759
3506003,379146.0,97.5664,21.5263,2210.1,3.8726,1.78,97.0714
3506102,76373.0,96.5354,19.4624,1734.11,2.2857,2.35,97.0569
3506201,2606.0,92.3638,19.647,1550.41,8.2129,6.13,93.1109
3506300,11607.0,82.9327,21.0476,1515.11,3.0348,3.27,91.8126
3506359,64188.0,98.9453,22.8843,1511.97,5.4545,3.74,72.2149
3506409,7319.0,93.9609,18.1309,1639.46,3.2571,5.31,94.4246
3506508,118979.0,97.8433,19.6262,1732.98,4.3935,2.96,97.82
3506607,29683.0,81.5315,22.3192,1243.58,6.7049,5.51,63.1372
3506706,12978.0,94.0284,21.7984,1261.94,8.9141,6.94,94.5865
3506805,11259.0,94.9551,20.6057,1595.83,3.2324,4.39,94.0181
3506904,10460.0,71.4054,19.4264,1480.67,6.1299,4.9,64.797
3507001,61081.0,96.2247,20.8985,1819.01,5.7399,2.78,84.3962
3507100,22006.0,92.4112,21.8668,1604.07,3.9789,4.78,81.3592
3507159,3555.0,69.6765,25.1195,1141.43,2.5565,4.59,68.3404
3507209,907.0,81.3671,17.3098,1323.39,2.1277,5.81,84.7826
3507308,4715.0,94.2736,21.6755,1269.35,1.3925,4.6,94.3731
3507407,14226.0,92.2325,18.7122,1614.88,3.1481,5.23,92.5406
3507456,2713.0,86.6937,22.3738,1282.36,3.7464,4.21,88.0952
3507506,145155.0,96.8627,21.3634,1991.29,4.862,2.27,95.7041
3507605,176811.0,92.9569,20.9127,1941.5,3.066,2.84,84.7425
3507704,5356.0,90.646,20.3323,1369.89,3.7553,7.61,91.0433
3507753,2565.0,84.5224,18.9474,1329.38,2.2388,6.04,80.4574
3507803,25201.0,97.5199,21.1857,1711.42,3.9049,2.76,97.4885
3507902,23898.0,92.1207,20.508,1482.87,1.4136,3.97,92.7992
3508009,20250.0,82.8198,23.1753,996.87,3.5969,4.96,79.3029
3508108,17210.0,94.5032,18.007,1627.85,3.6685,4.93,85.5692
3508207,4356.0,86.5932,19.2608,1763.97,5.8875,4.01,87.357
3508306,4299.0,82.8332,21.4468,1242.79,2.7315,6.26,82.655
3508405,47011.0,92.3188,23.5775,1480.46,6.4295,3.43,84.2379
3508504,96202.0,96.5947,19.9933,1632.59,5.3854,2.64,87.0721
3508603,31564.0,92.7449,20.0672,1383.47,8.4443,2.85,88.9225
3508702,17101.0,69.1889,20.6304,1386.07,4.6235,4.77,69.4784
3508801,16654.0,91.9779,19.2266,1524.12,4.1855,5.45,92.5564
3508900,3712.0,80.4688,17.3761,1359.73,2.8275,6.37,80.4363
3509007,95032.0,99.0056,22.1831,1668.47,6.8171,2.69,87.5352
3509106,5466.0,42.6637,25.8873,1214.27,4.4455,7.15,55.0767
3509205,92689.0,99.0894,22.8787,1728.39,5.5833,3.18,79.8989
3509254,28515.0,76.9244,22.3672,1206.25,2.7794,6.51,71.5986
3509304,9133.0,94.9305,19.2051,1564.43,3.2231,4.18,96.5272
3509403,23830.0,89.1565,21.4142,1447.0,6.1138,4.09,89.3367
3509452,5954.0,82.8519,20.9271,1336.83,3.7849,4.36,80.1732
3509502,1139047.0,99.4633,20.9471,2678.6,5.1517,2.31,94.1969
3509601,77632.0,98.1335,21.5749,1564.93,4.994,3.26,79.844
3509700,46974.0,91.7401,22.2613,1626.97,2.6093,3.26,84.5887
3509809,4888.0,79.91,21.7267,1334.45,6.5484,5.7,82.1903
3509908,12289.0,88.1927,20.5875,1281.29,2.822,3.73,80.8375
3509957,4931.0,90.7118,22.8351,1174.28,7.646,4.04,86.3492
3510005,29449.0,94.6076,19.2774,1531.52,2.5459,3.81,93.8045
3510104,2889.0,84.9429,18.0685,1528.06,0.2651,6.25,89.6552
3510153,6283.0,97.4853,26.134,1266.24,5.0602,5.41,96.726
3510203,46337.0,85.0897,22.3903,1240.46,8.4644,5.0,79.5824
3510302,22866.0,78.9469,24.2675,1062.65,3.7245,5.53,69.5041
3510401,50068.0,96.2491,21.4408,1570.15,4.6317,3.06,92.2934
3510500,134873.0,98.589,20.7692,1578.4,6.594,3.06,84.3663
3510609,386984.0,100.0,22.9152,1432.95,5.782,3.67,88.3503
3510708,11345.0,92.067,17.1441,1515.63,2.5476,6.28,90.2455
3510807,28083.0,85.1298,20.4786,1545.95,4.6,3.72,90.4596
3510906,2799.0,67.7028,17.935,1539.7,3.2959,7.05,64.777
3511003,19977.0,76.533,19.2672,1419.26,4.2737,5.79,77.0543
3511102,115791.0,99.0889,18.9626,1898.84,4.4054,2.84,98.2365
3511201,7003.0,95.7161,19.1204,1398.86,3.5463,4.69,95.6574
3511300,12618.0,91.1872,19.488,1810.97,2.8946,2.95,88.1658
3511409,21469.0,85.3044,21.6219,1459.9,5.116,3.85,90.0527
3511508,44695.0,94.731,20.1141,1839.05,4.0564,2.12,93.706
3511607,19048.0,77.121,22.0128,1256.04,3.5644,4.5,72.9967
3511706,15535.0,93.048,20.9656,1454.08,5.3265,3.87,83.4457
3511904,6982.0,96.4767,20.5958,1390.17,2.123,6.58,96.4536
3512001,18486.0,95.2126,20.2045,1572.33,2.9479,4.2,97.0732
3512100,6629.0,70.6592,19.641,1282.7,0.7823,7.66,86.1386
3512209,28101.0,95.292,23.4369,1349.53,2.9851,5.95,93.75
3512308,15232.0,78.2826,19.2161,1601.09,3.2157,3.75,76.1309
3512407,24514.0,95.5658,22.1506,1684.38,4.911,3.91,93.0363
3512506,5400.0,85.3333,18.5926,1464.68,1.5536,4.99,92.0336
3512605,4280.0,82.7336,19.8131,1281.73,4.0963,8.67,80.7134
3512704,4195.0,64.6722,20.882,1543.11,2.507,4.42,63.4431
3512803,59773.0,97.4738,21.3575,1614.71,7.557,2.91,93.7186
3512902,8719.0,77.9906,20.2776,1404.7,5.7719,5.93,82.6446
3513009,274413.0,97.1721,21.4272,2275.73,6.3179,2.67,64.5833
3513108,33281.0,98.4165,21.5889,1576.75,4.3888,3.91,98.1496
3513207,9272.0,82.28,20.1575,1581.65,5.0493,5.25,76.4868
3513306,2108.0,67.2676,16.8406,1505.41,0.7339,4.42,85.2798
3513405,74961.0,97.5681,19.957,1498.46,7.0195,2.06,94.6781
3513504,112476.0,99.8755,22.7871,1246.76,9.0812,4.69,77.9701
3513603,22110.0,59.0231,19.6156,1243.82,4.5387,6.4,57.8376
3513702,31756.0,90.7104,19.3696,1726.15,3.9154,2.23,92.9386
3513801,393237.0,100.0,22.4493,1522.03,6.9744,3.12,98.8158
3513850,1620.0,81.4815,16.7284,1358.16,1.9778,9.08,86.1371
3513900,11158.0,68.7399,18.1574,1682.61,1.7986,5.27,61.8525
3514007,8759.0,97.6824,22.6282,1361.96,5.1185,7.36,97.8544
3514106,24510.0,95.9976,19.6899,1357.54,6.1844,5.24,97.6513
3514205,2207.0,89.4427,19.4382,1359.18,1.4881,8.11,91.0936
3514304,8096.0,93.8982,19.2688,1694.59,9.0343,4.15,95.8427
3514403,45474.0,92.5012,18.769,1886.73,3.1804,3.22,93.0121
3514502,12328.0,90.1038,18.4053,1624.7,1.3747,3.82,88.7891
3514601,9471.0,97.6877,23.6195,1673.48,2.9802,3.42,97.7852
3514700,6205.0,84.2546,19.9355,1387.75,5.0334,4.69,84.4065
3514809,13069.0,52.5824,21.31,1096.71,3.4313,7.22,56.1331
3514908,17699.0,86.9202,22.2385,1295.02,1.8038,4.95,84.5819
3514924,3138.0,93.3397,18.6106,1535.69,4.0075,4.37,93.8345
3514957,2323.0,88.291,16.5303,1354.87,1.9962,5.69,89.0625
3515004,250691.0,99.4144,23.5645,1249.69,8.0239,4.33,79.4852
3515103,66970.0,89.6282,22.2249,1386.48,7.3665,5.03,45.6787
3515129,3014.0,88.5866,18.0159,1334.16,2.0597,6.81,87.9354
3515152,19566.0,94.0662,26.7045,1609.27,6.059,5.84,73.0389
3515186,39816.0,90.8906,19.8513,1838.17,3.1843,3.42,91.5351
3515194,4157.0,85.759,23.262,1193.58,1.3279,8.76,86.4372
3515202,9417.0,83.8696,20.6329,1667.09,2.891,4.69,84.2956
3515301,2703.0,82.3159,19.0899,1405.87,2.3482,7.25,81.5654
3515350,7924.0,62.2539,19.1444,1077.55,3.9104,11.67,62.5414
3515400,16641.0,80.8545,19.1755,1482.13,1.887,4.2,80.9034
3515509,71186.0,96.7957,19.6232,1853.8,2.7151,3.91,96.7851
3515608,5942.0,90.0034,18.3103,1600.05,2.1075,5.15,91.0634
3515657,1656.0,60.5072,19.8068,1270.67,4.4903,2.87,60.6852
3515707,179198.0,99.1529,23.5382,1201.71,7.6782,3.66,89.1878
3515806,1487.0,81.7754,16.0054,1376.01,0.9419,6.01,85.9016
3515905,2733.0,83.7175,15.7702,1699.56,2.0032,6.27,86.6548
3516002,12958.0,80.7223,22.1022,1313.48,2.4929,5.52,92.6767
3516101,3851.0,65.8011,20.2545,1361.28,4.1065,6.63,87.7609
3516200,352536.0,98.5182,21.6846,1734.79,3.5054,2.01,97.9206
3516309,165139.0,99.5368,24.6968,1035.25,5.1353,5.53,68.5857
3516408,144849.0,96.0131,23.6522,1397.55,6.1776,4.48,78.8945
3516507,2763.0,88.9975,15.9971,1710.43,0.6207,6.24,88.7955
3516606,6380.0,80.7994,17.1787,1433.66,1.4701,5.5,83.982
3516705,42110.0,94.8183,19.9691,1612.63,4.3788,4.48,96.4375
3516804,3252.0,90.5289,18.6039,1377.87,5.0768,8.28,90.61
3516853,4702.0,89.9192,21.1399,1489.75,1.2607,5.34,94.8171
3516903,10312.0,89.4007,17.6106,1735.05,1.9329,6.41,89.7487
3517000,10232.0,76.5539,21.0321,1290.17,5.1575,5.05,88.1162
3517109,4138.0,82.9386,17.5689,1412.75,7.444,4.93,78.2216
3517208,11239.0,92.9442,20.8737,1305.59,7.9333,4.19,91.4186
3517307,5512.0,88.4797,20.3556,1235.95,3.4031,7.27,89.8058
3517406,39279.0,96.8355,20.7337,1685.85,2.9476,3.9,97.7222
3517505,21711.0,93.4273,22.0303,1671.55,3.1882,4.45,87.8604
3517604,17071.0,40.4604,20.6198,1032.99,4.223,8.52,37.9955
3517703,18606.0,97.5438,22.9012,1332.26,4.4308,7.06,96.9017
3517802,7441.0,79.1023,17.1079,1542.83,4.4768,6.55,83.067
3517901,10350.0,93.0821,20.0676,1492.66,3.3806,6.51,88.378
3518008,1968.0,86.9919,16.7683,1226.38,4.284,8.02,87.1287
3518107,6427.0,81.8578,21.0674,1310.94,5.1005,5.76,81.5251
3518206,31043.0,95.0424,18.3326,1575.63,5.085,3.92,95.5189
3518305,31236.0,82.3537,20.598,1601.96,6.1102,4.29,61.1943
3518404,118044.0,95.8956,19.5275,1872.42,4.8325,2.12,89.3402
3518503,15013.0,54.2397,23.6928,1385.89,2.257,5.36,59.1895
3518602,37498.0,96.9385,22.2492,1320.05,4.9065,6.08,98.4033
3518701,287634.0,99.7236,22.392,1416.67,8.0182,3.79,85.5365
3518800,1291771.0,99.9521,22.5367,1643.73,6.7869,3.73,92.0179
3518859,7320.0,83.4563,20.6148,1428.08,3.2096,6.54,93.6439
3518909,4246.0,87.8945,19.6656,1208.8,4.3434,11.0,90.0613
3519006,9125.0,89.4904,21.4685,1172.66,1.3224,5.35,92.6822
3519055,15094.0,79.197,21.3197,2545.63,0.6514,2.85,77.7068
3519071,236641.0,99.6674,23.2394,1619.28,6.5349,3.0,96.3565
3519105,10437.0,93.4943,19.0572,1415.72,7.3447,3.41,89.5628
3519204,6131.0,83.9504,19.54,1368.52,3.6395,6.56,84.646
3519253,8010.0,39.8876,18.2896,1284.97,4.7942,5.72,64.4891
3519303,32178.0,98.5953,22.5962,1285.02,6.0723,4.94,98.2239
3519402,11690.0,95.0214,18.7596,1717.95,2.305,5.07,95.05
3519501,6385.0,94.3461,20.0783,1429.78,2.2861,4.61,94.5901
3519600,60033.0,97.0366,20.6087,1437.98,5.8462,3.86,97.0828
3519709,75605.0,69.7097,20.9655,1324.95,3.6247,5.49,29.1135
3519808,7819.0,83.8598,23.2127,1574.21,4.5343,4.29,94.0632
3519907,7619.0,88.3056,19.3726,1401.72,2.449,3.95,88.0731
3520004,23106.0,98.7406,20.09,1348.69,4.6668,6.09,97.8762
3520103,26212.0,97.2303,19.5101,1501.48,4.6516,4.67,97.6768
3520202,10605.0,74.116,20.943,1478.86,4.7067,6.83,39.8625
3520301,29115.0,77.1595,19.2444,1336.34,4.736,5.76,64.4953
3520400,34934.0,96.9342,21.7496,1970.57,4.405,3.17,62.439
3520426,13419.0,97.906,16.0072,1392.2,4.7978,5.67,47.3374
3520442,25549.0,88.6571,19.2806,2147.45,5.2632,2.96,87.6443
3520509,255748.0,98.2592,19.893,2601.91,3.8993,2.19,96.0374
3520608,5090.0,87.7603,19.1749,1627.06,4.3231,4.0,87.3372
3520707,4035.0,82.6518,15.8364,1550.8,1.7299,7.4,80.0241
3520806,3615.0,92.0885,19.2531,1419.58,1.9186,4.22,93.617
3520905,13712.0,97.1193,21.3317,1441.01,6.0151,3.97,95.9263
3521002,36459.0,82.9589,22.8915,1304.0,4.7888,3.83,67.2418
3521101,6831.0,92.1095,22.8078,1722.53,5.4113,3.37,84.3645
3521150,6761.0,85.7565,18.6363,1353.73,4.8438,4.6,68.0573
3521200,4046.0,46.787,20.4152,1124.95,6.6232,7.26,56.34
3521309,14454.0,97.5024,23.0455,1452.66,5.5124,5.09,98.0521
3521408,21967.0,99.4446,21.4458,1866.43,5.8542,1.93,99.589
3521507,6867.0,90.6801,20.6349,1334.09,0.1178,7.61,91.792
3521606,7085.0,73.832,21.9901,1356.24,4.4628,6.83,89.2797
3521705,17983.0,68.5091,21.2478,1205.06,0.8318,5.39,66.4263
3521804,25180.0,82.8713,20.7506,1400.91,5.1851,5.34,80.427
3521903,16989.0,88.2336,21.1843,1572.71,1.9862,5.01,88.7227
3522000,3618.0,80.9011,20.4809,1371.85,6.0692,5.46,78.3474
3522109,112476.0,98.9304,19.0085,1374.2,8.6555,4.09,63.1446
3522158,3422.0,46.9024,19.6084,1008.01,2.8951,8.73,31.775
3522208,158522.0,94.5175,22.9773,1248.65,8.9789,4.63,63.5009
3522307,157790.0,90.3378,22.7163,1671.4,4.3415,2.81,90.0489
3522406,89728.0,85.173,22.5225,1443.07,4.1113,4.3,80.6376
3522505,232297.0,98.4477,23.8479,1138.47,9.5566,4.45,82.0005
3522604,72022.0,94.5586,19.9272,1823.28,3.7465,3.38,93.4389
3522653,4306.0,45.1695,26.1031,1084.01,4.6558,9.06,60.2309
3522703,39493.0,92.9,19.5199,1675.41,2.1719,5.08,93.3338
3522802,14085.0,74.6752,19.2616,1283.91,3.9782,6.6,75.7326
3522901,13659.0,97.4815,22.2344,1421.09,4.6904,4.32,96.6098
3523008,3979.0,84.2171,18.9997,1299.95,2.4166,5.68,78.4211
3523107,369275.0,99.9968,24.1281,1101.16,6.6937,4.45,76.6167
3523206,44438.0,94.5047,21.7156,1297.43,7.1467,3.69,88.9803
3523305,15528.0,77.0093,21.1489,1027.49,9.2503,5.98,67.2444
3523404,121590.0,96.3064,20.3035,2282.1,3.7141,2.61,86.336
3523503,19070.0,86.0409,24.9187,1388.79,5.4736,4.91,87.7178
3523602,16148.0,91.9495,24.2259,1659.02,4.1003,2.65,77.9031
3523701,5779.0,86.8662,22.0626,1202.12,1.6979,5.31,90.6733
3523800,8046.0,87.1365,21.3398,1439.31,1.0173,5.17,88.8851
3523909,168240.0,95.6164,21.2987,1874.09,4.7307,3.59,90.5601
3524006,70616.0,94.7023,22.4411,2035.47,4.7503,2.97,78.9025
3524105,37571.0,97.2213,19.9755,1788.4,3.6337,3.41,97.2204
3524204,6221.0,94.8722,19.836,1584.97,2.2462,4.27,95.0395
3524303,71821.0,97.8655,20.1167,1948.36,4.7675,3.22,97.7914
3524402,240275.0,97.7651,20.3538,1799.5,7.2627,2.45,93.2225
3524501,7613.0,90.9891,22.0544,1443.85,3.4042,6.52,90.4816
3524600,16097.0,65.6955,20.6995,1256.95,4.234,5.37,65.9231
3524709,59347.0,96.8962,21.8124,2045.01,4.254,2.34,94.2639
3524808,48776.0,94.4481,18.0048,2077.24,2.671,3.93,94.4497
3524907,6397.0,70.877,19.3059,1751.77,8.9206,6.33,48.9334
3525003,118045.0,100.0,23.0887,1628.78,4.3491,2.78,87.1004
3525102,45282.0,93.2114,22.351,1536.17,6.2828,3.08,96.2345
3525201,37535.0,87.4597,21.0896,1368.78,4.3506,4.94,38.9047
3525300,133497.0,98.2449,19.7682,1751.62,4.7188,3.13,97.5763
3525409,3863.0,88.3251,23.8416,1491.08,2.7832,5.22,88.0121
3525508,12815.0,72.5634,18.9465,1780.73,1.9835,6.26,72.2496
3525607,4371.0,88.4008,20.0412,1261.53,3.3546,8.51,88.2048
3525706,36633.0,92.7852,21.1885,1697.31,2.6671,3.45,93.5798
3525805,4254.0,93.512,21.1331,1240.61,1.5533,4.63,99.872
3525854,3056.0,65.7068,22.0223,1366.75,3.3223,3.11,56.986
3525904,443221.0,96.8625,19.2635,2774.36,4.5795,1.99,95.0245
3526001,20448.0,92.7132,18.8282,1638.65,3.8153,4.52,92.6304
3526100,17154.0,66.9756,19.9079,1160.51,5.6651,6.65,61.5482
3526209,27404.0,57.2654,21.1465,1076.35,5.9948,7.83,33.1834
3526308,5083.0,62.4041,17.8241,1368.11,1.5855,4.77,57.9125
3526407,26261.0,88.5572,21.1797,1556.49,3.0972,3.86,87.5417
3526506,9689.0,43.1211,27.1648,1527.78,3.0848,3.45,85.7921
3526605,7171.0,92.6649,22.0611,1164.45,6.5762,3.8,80.1421
3526704,98161.0,98.2447,21.7744,1577.91,5.3875,4.35,98.2801
3526803,66505.0,97.513,21.2811,1795.57,3.5614,3.26,96.534
3526902,291869.0,96.9788,20.6689,1932.42,3.836,2.74,96.5302
3527009,7014.0,85.9709,18.6056,1690.27,1.7301,2.62,82.8638
3527108,74779.0,98.8272,19.9414,1864.07,5.916,2.96,98.2449
3527207,84855.0,97.26,20.8921,1673.5,7.2731,2.29,96.1399
3527256,1950.0,86.2564,17.4872,1400.55,2.8361,8.75,86.399
3527306,51847.0,95.8127,23.6851,2025.97,3.2993,3.66,87.912
3527405,20061.0,83.0168,18.5833,1571.18,2.5975,4.05,95.29
3527504,2372.0,81.0708,20.7841,1464.02,3.7123,6.47,78.427
3527603,12265.0,98.0024,22.9189,1381.42,8.554,3.51,97.4095
3527702,4701.0,91.1295,20.0383,1314.88,1.0394,7.36,92.539
3527801,3981.0,90.4798,18.6385,1073.89,2.2683,8.2,91.0326
3527900,2661.0,79.3311,17.9632,1451.06,4.6019,6.03,80.695
3528007,16829.0,97.0705,20.9638,1555.42,5.0083,4.89,98.0545
3528106,7481.0,89.48,17.4576,1516.91,5.2425,4.73,89.7274
3528205,3963.0,73.7825,17.8905,1428.56,2.6016,4.98,74.9504
3528304,3165.0,83.6651,16.1769,1547.56,0.8639,4.87,84.9642
3528403,50027.0,92.9398,21.3385,1607.36,5.4619,3.46,69.1512
3528502,93853.0,90.1868,20.53,1825.67,5.8653,4.29,35.2592
3528601,9871.0,87.4582,19.8663,1661.83,3.7278,3.96,88.6961
3528700,4573.0,37.7214,27.3125,1197.87,5.5754,5.71,51.9884
3528809,12673.0,91.1623,19.656,1465.29,3.6924,4.7,88.6081
3528858,3292.0,89.0948,19.7145,1526.46,1.7061,4.18,89.9031
3528908,3513.0,86.1087,17.8195,1361.35,6.4199,4.88,86.7583
3529005,237627.0,98.8516,20.2523,2024.26,3.7183,2.53,97.5497
3529104,1860.0,80.6452,18.0108,1441.96,1.2012,9.45,81.4505
3529203,24881.0,85.6557,20.6503,1439.59,5.3785,5.07,88.0045
3529302,79033.0,98.1767,19.9284,1700.46,4.5518,3.67,99.0875
3529401,418261.0,99.6916,22.4659,1478.74,7.7773,3.16,93.2446
3529500,6159.0,88.8618,19.159,1756.32,1.426,4.08,93.8229
3529609,4572.0,81.1242,19.4663,1579.55,8.5326,4.34,81.1703
3529658,1952.0,82.9918,19.8258,1278.93,2.0455,11.6,83.7147
3529708,19441.0,95.2883,21.8507,1416.73,4.0116,6.7,94.0039
3529807,11230.0,96.1264,19.5637,1304.7,2.198,5.45,95.1426
3529906,18553.0,64.6364,20.2609,1125.4,8.8296,7.71,58.0777
3530003,3126.0,80.3263,15.2591,1291.65,0.3674,4.91,76.6693
3530102,27983.0,88.9361,17.6786,1683.93,4.9418,4.06,82.7404
3530201,15917.0,60.0553,17.7734,1182.36,6.0533,7.89,58.1346
3530300,63337.0,97.4328,19.3315,2049.55,4.1805,2.63,96.2133
3530409,4669.0,86.4211,20.2827,1322.05,2.4691,4.65,68.681
3530508,67681.0,94.873,19.5875,1693.15,4.6597,3.9,93.2459
3530607,451505.0,93.9263,21.788,1851.39,7.9066,2.8,81.4201
3530706,153658.0,97.1391,20.5228,1747.34,4.7257,2.77,96.3103
3530805,92558.0,94.3246,19.4159,2026.17,4.3124,3.07,92.6557
3530904,3722.0,85.1424,21.3595,1274.03,8.4253,6.33,85.2273
3531001,1937.0,90.5008,14.3521,1338.77,1.7582,4.35,91.4894
3531100,61951.0,98.8588,19.6397,1287.82,15.6556,3.67,86.1209
3531209,8627.0,70.3141,17.3525,1992.61,2.1249,3.43,56.5968
3531308,47574.0,96.4792,18.9095,1861.15,3.9246,3.13,96.6537
3531407,22280.0,93.1598,18.8645,1691.5,4.8177,4.19,93.0216
3531506,18151.0,94.1436,19.2827,1799.99,1.944,4.51,94.9032
3531605,4222.0,84.486,18.4036,1402.16,3.3436,6.94,84.2558
3531704,4138.0,37.4094,16.7472,1471.13,3.0377,7.44,40.4337
3531803,64662.0,97.0446,22.0238,1367.63,8.9611,4.71,86.3033
3531902,27933.0,96.2267,21.7914,1397.0,3.7415,4.6,95.9573
3532009,13720.0,84.9854,21.6618,1680.58,2.1788,3.8,84.7458
3532058,4034.0,73.054,19.8314,1479.74,3.5543,6.68,74.6459
3532108,3737.0,73.3744,16.5373,1502.97,4.0404,4.58,77.0946
3532157,2660.0,91.7293,20.4887,1361.26,4.5342,7.21,95.2288
3532207,5713.0,89.6727,22.2475,1397.19,5.7946,5.82,88.8512
3532306,6999.0,41.6917,16.4595,1183.61,4.5249,10.22,42.6709
3532405,18217.0,50.1016,19.4818,1356.62,4.5898,6.32,21.401
3532504,9699.0,89.8443,16.5996,1828.88,3.494,4.71,85.9064
3532603,9852.0,83.2318,16.149,1668.97,3.3414,5.34,85.6076
3532702,4750.0,91.0947,20.5684,1346.36,2.28,6.69,91.255
3532801,6693.0,89.631,20.9622,1565.88,6.094,4.31,90.1639
3532827,8497.0,71.0251,24.7734,926.06,4.9718,6.76,58.8699
3532843,2032.0,66.5354,16.2402,1499.45,,6.04,66.1783
3532868,1062.0,72.9755,18.4557,1681.27,2.2375,3.73,74.8744
3532900,9311.0,96.198,20.2234,1301.87,2.52,4.12,96.1755
3533007,19419.0,92.0439,19.7281,1455.77,5.1212,4.44,92.3542
3533106,2156.0,90.6308,17.9963,1356.94,2.9883,7.34,91.3495
3533205,4609.0,76.0252,26.3615,1422.32,9.1302,3.14,90.3467
3533254,4412.0,93.8123,22.4388,1145.17,2.1465,5.93,93.7225
3533304,2837.0,87.8745,18.8227,1254.56,5.2181,5.87,94.9198
3533403,62019.0,99.2373,20.1342,1934.32,5.3174,1.92,97.9592
3533502,38324.0,95.5015,19.4369,1693.96,3.6058,4.6,95.078
3533601,7391.0,93.668,19.5373,1765.43,2.5981,3.91,93.6337
3533700,4331.0,85.5461,19.6952,1349.57,1.1017,4.64,96.1159
3533809,2512.0,76.4729,19.3073,1376.51,2.9536,4.71,70.9147
3533908,55074.0,96.8787,20.0748,1674.78,2.8744,3.84,96.6794
3534005,4771.0,91.3645,21.0228,1480.85,5.7476,5.39,85.3787
3534104,6085.0,94.9548,18.4388,1590.53,2.7659,3.91,93.6876
3534203,6024.0,93.1773,19.8539,1567.59,4.3976,5.33,93.1979
3534302,38319.0,97.9018,20.512,1737.14,3.6884,3.23,98.5692
3534401,728615.0,99.9988,21.8375,1951.14,6.22,2.99,93.716
3534500,2470.0,82.996,15.0607,1469.93,0.5415,6.48,83.5417
3534609,31272.0,92.5844,19.551,1773.28,4.4145,3.45,96.2333
3534708,103970.0,98.1572,20.0654,1834.77,4.2412,3.52,97.8633
3534757,10294.0,91.393,19.3511,1715.52,2.8451,5.28,91.6667
3534807,7779.0,94.6008,20.4011,1167.79,3.5373,6.47,93.2742
3534906,14877.0,60.0659,24.1043,1561.57,3.7071,4.43,88.9671
3535002,11476.0,86.7288,18.726,1569.56,3.3408,4.7,90.274
3535101,9650.0,98.0207,22.1658,1390.3,4.0748,6.31,98.194
3535200,8903.0,82.388,17.1178,1515.31,4.2867,6.2,84.1867
3535309,19594.0,94.8403,19.0569,1582.67,2.1137,3.59,95.0835
3535408,14964.0,97.1732,21.2978,1347.66,3.6522,6.32,91.3281
3535507,41120.0,91.7242,20.2116,1546.02,5.7893,3.85,93.511
3535606,17667.0,61.2271,19.4827,1390.47,5.2251,5.81,40.1479
3535705,6099.0,87.1454,18.5276,1744.46,1.7236,5.66,88.4039
3535804,19395.0,81.7221,22.4542,1579.99,4.7194,5.82,71.3138
3535903,4031.0,91.7142,20.7145,1515.68,2.8472,5.62,93.0111
3536000,10580.0,87.0321,18.5917,1490.2,4.6842,6.22,88.7128
3536109,7153.0,86.8167,22.3263,1633.36,2.7408,5.08,76.9169
3536208,19233.0,74.211,21.1615,1435.07,3.1361,4.52,70.179
3536257,2892.0,86.4454,18.3956,1359.26,1.9694,6.09,87.7256
3536307,14512.0,85.6395,21.7682,1342.63,5.7351,3.79,83.3367
3536406,7955.0,90.4211,20.4148,1196.6,2.276,4.96,49.215
3536505,110537.0,99.0492,20.4149,2680.07,4.2486,2.57,96.8255
3536570,2090.0,75.3589,20.8134,1337.04,3.1511,7.21,68.1462
3536604,7400.0,88.1892,19.4595,1373.91,1.9374,7.38,91.3923
3536703,44827.0,93.5998,21.2885,1528.3,5.0333,4.69,91.6725
3536802,6557.0,27.0398,18.3621,1372.0,1.5751,6.68,19.9838
3536901,2787.0,62.3251,15.8952,1530.81,1.4902,5.1,61.1217
3537008,15525.0,79.5556,21.3849,1428.33,3.0881,6.58,83.9856
3537107,43112.0,98.3323,20.6532,1769.5,3.4517,2.92,96.5036
3537156,2804.0,90.4422,18.6163,1839.31,1.9443,5.35,88.0527
3537206,11281.0,65.7477,18.4204,1125.29,9.1345,7.13,60.6084
3537305,61679.0,96.0473,19.1264,1737.74,3.9673,3.07,95.9633
3537404,24095.0,93.6875,17.9664,1619.12,5.4305,5.23,92.52
3537503,8737.0,71.3746,19.881,1397.46,1.4579,4.05,70.0096
3537602,68352.0,97.6445,19.1889,1407.11,7.2873,4.16,73.509
3537701,5519.0,92.4443,18.8984,1450.85,1.2465,6.6,92.6958
3537800,52970.0,57.0738,20.3493,1446.28,3.9754,4.17,39.111
3537909,27619.0,79.4127,21.2897,1571.17,4.3243,4.25,68.0702
3538006,165428.0,96.3344,20.8967,1610.98,6.7413,2.22,95.2305
3538105,14542.0,94.8975,18.34,1694.67,3.8708,5.0,95.4754
3538204,15224.0,60.0302,18.7664,1382.52,4.1998,3.06,47.9476
3538303,3264.0,81.3113,18.3517,1304.25,3.5837,5.8,84.3458
3538501,12490.0,91.7694,18.759,1321.99,8.3668,2.61,74.442
3538600,26029.0,82.2736,19.2478,1603.66,2.6552,5.68,71.9656
3538709,423323.0,97.8562,20.9143,2145.67,4.6907,2.15,97.0173
3538808,29436.0,93.654,19.7038,1659.91,2.4343,2.75,91.8701
3538907,22431.0,81.5122,21.5416,1707.81,4.5324,4.98,96.0716
3539004,10885.0,92.3656,19.5682,1696.01,2.8356,3.64,92.8004
3539103,18370.0,96.5161,24.3386,1199.19,8.0489,4.34,70.7049
3539202,25348.0,94.8714,20.4947,1546.97,5.0152,3.18,92.7249
3539301,73545.0,95.9113,19.21,2014.47,4.6007,2.82,95.9397
3539400,15108.0,87.1657,17.9243,2157.6,2.7309,3.14,76.1342
3539509,33674.0,96.2285,23.1158,1363.54,5.0611,3.97,96.38
3539608,4389.0,88.4256,20.1868,1363.79,5.7965,5.9,89.3617
3539707,3025.0,83.6364,19.2066,1317.54,2.3388,6.69,84.6425
3539806,103765.0,99.8159,22.1317,1476.59,6.5411,2.3,96.7578
3539905,5592.0,91.6845,18.5443,1589.47,4.7521,6.01,92.297
3540002,20196.0,94.5138,19.1672,1904.12,2.9774,2.84,97.0327
3540101,3395.0,84.6834,17.9381,1724.87,5.064,4.5,88.0411
3540200,37607.0,97.6627,24.0115,1384.14,4.4517,5.69,99.0316
3540259,4127.0,83.6928,20.2811,1217.5,3.9467,10.11,83.796
3540309,2387.0,89.7361,16.5899,1493.44,0.7073,8.43,91.5361
3540408,4127.0,82.9174,17.0099,1340.0,0.3043,7.83,88.0421
3540507,10451.0,57.6404,17.4146,1451.19,1.8321,5.75,49.6049
3540606,56497.0,84.7302,21.2772,1626.03,3.3926,3.61,85.2848
3540705,52649.0,98.5451,20.8133,1719.41,3.205,3.67,96.9867
3540754,20392.0,85.1805,25.4561,1092.82,3.1335,4.68,98.868
3540804,18496.0,91.4955,19.6042,1696.31,3.4944,4.45,91.1868
3540853,2578.0,50.8922,37.3933,1252.86,,3.81,92.7911
3540903,17078.0,92.8622,20.869,1538.35,5.8802,6.78,92.9582
3541000,349935.0,99.6902,20.1255,1795.56,6.4342,2.5,97.8531
3541059,5126.0,80.8428,25.1658,1368.51,3.7836,6.65,91.1429
3541109,3804.0,87.0925,17.0347,1520.64,3.9578,5.52,87.9751
3541208,14490.0,68.1573,19.793,1619.0,3.5701,3.86,75.4349
3541307,39505.0,92.568,19.6785,1428.42,5.3805,3.99,86.7114
3541406,225668.0,97.6208,20.3551,2104.17,5.2926,2.37,98.0262
3541505,35201.0,94.4632,17.3177,1954.88,4.8144,4.31,94.7926
3541604,35131.0,85.722,20.7082,1506.74,4.5123,3.36,87.4621
3541653,3405.0,44.464,18.6784,1517.01,4.4017,5.56,34.3096
3541703,13163.0,95.0239,20.2841,1377.34,3.1784,6.52,95.5873
3541802,3265.0,91.4855,21.8683,1374.71,5.3087,5.32,90.7755
3541901,9159.0,90.3265,22.295,1157.07,6.4177,4.38,84.2413
3542008,7038.0,92.64,21.4123,1452.52,2.7676,4.91,93.9286
3542107,8965.0,89.2694,20.5689,1616.59,5.3316,3.36,93.615
3542206,28588.0,90.2931,19.5397,1424.04,4.3414,4.71,90.8245
3542305,4494.0,53.7383,17.2007,1108.67,3.2464,6.97,37.3214
3542404,20145.0,92.549,19.8064,1607.09,4.8797,3.12,91.3552
3542503,7662.0,68.1806,31.9629,1654.56,2.1914,6.27,93.8375
3542602,59947.0,87.2704,20.6699,1533.08,6.5205,3.53,84.8465
3542701,6404.0,82.6046,22.3298,1215.0,0.5583,5.26,83.4631
3542800,3132.0,53.1928,19.4125,1092.39,0.8621,6.74,36.5434
3542909,10989.0,92.7291,20.1838,1436.29,5.4087,6.45,94.227
3543006,18627.0,53.5406,23.7451,1023.29,2.4656,7.86,60.457
3543105,4608.0,82.5955,22.1354,1222.84,1.4925,6.4,81.3763
3543204,4677.0,79.5168,18.73,1402.27,2.1586,6.11,73.2143
3543238,2025.0,86.6667,18.2222,1309.36,1.1482,7.06,87.5
3543253,7450.0,40.3221,20.4564,1110.8,3.9607,7.85,41.2645
3543303,115559.0,98.3489,19.9907,1660.3,9.3657,2.87,88.4948
3543402,698642.0,99.6266,21.5886,2507.29,4.0005,2.06,98.2605
3543501,5599.0,74.9777,20.5394,1032.65,0.8201,8.71,73.4752
3543600,4049.0,88.491,20.7459,1599.06,2.6889,3.75,87.354
3543709,9098.0,83.0732,20.2242,1396.8,2.5116,5.25,89.4848
3543808,9259.0,83.5295,19.0409,1359.86,1.2355,4.99,92.4242
3543907,201418.0,98.6372,20.6158,2056.67,4.537,2.41,97.5582
3544004,31328.0,96.243,21.8463,1563.69,3.9575,4.01,94.0229
3544103,44170.0,93.6926,22.8141,1233.69,9.2712,3.75,82.0203
3544202,10309.0,71.5394,25.987,1152.39,6.3975,7.35,93.9434
3544251,17440.0,79.2947,19.1858,1598.65,6.9462,4.85,77.1503
3544301,10832.0,93.3069,21.0303,1393.07,3.1054,3.28,87.7921
3544400,2700.0,88.7407,18.7407,1214.43,1.8415,6.76,90.5
3544509,3833.0,89.3556,14.8187,1417.38,2.4294,4.19,76.2825
3544608,5112.0,89.9452,17.097,1431.47,1.0748,4.76,88.1572
3544707,2474.0,79.3856,18.4317,1184.76,0.7049,7.95,80.0436
3544806,6437.0,92.7606,17.3373,1449.56,1.477,6.74,90.2587
3544905,11411.0,94.812,20.0245,1668.02,1.0457,2.85,94.4336
3545001,15202.0,64.1363,20.9972,1326.05,5.2007,5.58,56.1608
3545100,4808.0,91.8469,21.0275,1280.67,3.6456,11.23,92.8254
3545159,8161.0,89.5969,19.3114,1814.85,3.323,2.05,83.6707
3545209,134319.0,98.8378,20.9516,1902.87,6.0386,2.65,94.1404
3545308,43748.0,92.7562,21.5141,1536.7,5.5465,2.29,77.4082
3545407,9050.0,93.8343,19.9558,1320.5,3.6293,7.81,73.4943
3545506,3645.0,69.3827,19.8628,1322.62,7.8762,4.16,72.9286
3545605,14018.0,95.5557,20.2597,1450.23,2.6928,3.77,96.2279
3545704,6393.0,87.5958,16.784,1489.31,3.7938,7.47,86.8431
3545803,183347.0,99.4453,19.9103,1877.28,4.3404,2.53,99.0541
3546009,13975.0,84.8945,19.8569,1448.84,4.7433,5.18,65.2393
3546108,2598.0,78.3295,17.9754,1467.76,1.8957,4.83,79.1359
3546207,4277.0,81.2719,16.3666,1761.73,3.3255,3.34,79.1539
3546256,2116.0,76.0397,19.9433,1486.5,1.6765,3.04,82.0312
3546306,28864.0,97.7134,21.1682,1607.04,4.5587,4.73,97.4182
3546405,46442.0,93.325,20.4212,1738.78,4.3002,3.92,91.9115
3546504,6118.0,96.2569,22.965,1533.31,7.4681,3.64,96.6425
3546603,34794.0,96.8702,19.2907,1938.25,2.2649,3.63,95.8072
3546702,23611.0,98.8692,24.8909,1593.01,4.5179,2.78,98.5751
3546801,53174.0,79.5746,21.3225,1412.6,6.6974,4.81,53.5045
3546900,7149.0,97.4262,21.0379,1388.3,5.7231,5.07,98.2542
3547007,5243.0,92.7141,21.1902,1491.6,5.31,6.02,91.1003
3547106,2956.0,90.3924,18.7077,1549.88,8.6892,4.1,78.3713
3547205,1670.0,73.6527,14.491,1574.52,0.2793,5.97,77.0615
3547304,154105.0,99.1331,21.2881,3465.07,5.3778,2.71,75.0268
3547403,2733.0,77.1679,16.4654,1350.25,1.2235,7.23,76.4922
3547502,24833.0,92.5261,16.9532,1753.02,3.8612,3.19,92.575
3547601,23411.0,96.6469,19.2388,1588.13,6.8797,2.75,97.2083
3547650,1645.0,71.4286,16.9605,1589.31,2.7842,4.05,74.3034
3547700,17963.0,93.5144,18.9501,1557.89,4.6013,3.91,92.9297
3547809,748919.0,99.8888,19.4889,2460.93,5.6762,1.82,96.6803
3547908,6775.0,80.9446,19.5867,1366.48,2.4472,3.98,79.9299
3548005,23244.0,93.3488,22.6768,1423.41,3.195,4.24,82.8199
3548054,8379.0,80.296,17.6274,1499.77,5.374,4.61,72.3973
3548104,6126.0,64.8547,19.6866,1487.79,1.9022,5.83,65.2842
3548203,7133.0,49.0958,19.7112,1728.57,2.9442,4.5,40.2533
3548302,3000.0,89.2667,19.3333,1258.52,3.0415,7.18,88.9447
3548401,3899.0,96.5119,21.031,1254.45,3.2207,6.29,98.2313
3548500,418608.0,99.9252,17.5322,3237.52,5.3914,1.51,96.2944
3548609,11674.0,53.9147,18.5541,1710.26,2.1658,3.31,53.2292
3548708,810729.0,99.5355,20.484,2229.41,6.9848,2.34,93.8596
3548807,165655.0,100.0,16.3502,3884.58,4.3277,1.13,99.9484
3548906,254857.0,97.8835,21.647,2281.26,4.9479,2.26,96.6809
3549003,2602.0,77.133,17.6787,1574.4,4.4428,6.54,82.1839
3549102,92547.0,95.022,19.3577,1961.78,4.2921,2.27,95.4024
3549201,2580.0,77.4419,19.6124,1560.38,0.3228,6.15,89.6939
3549250,1846.0,82.7736,20.5309,1454.39,4.2781,5.89,83.115
3549300,2242.0,87.8234,16.5923,1578.37,0.5842,4.9,88.1081
3549409,48558.0,98.6264,20.4065,1577.23,4.8313,3.36,97.9491
3549508,7626.0,91.5552,23.8919,1171.92,4.1207,6.2,90.7012
3549607,3853.0,70.9836,19.3615,1251.77,2.4561,6.64,63.0014
3549706,52205.0,90.6656,18.6687,1547.43,4.592,2.5,88.5358
3549805,480393.0,99.1788,20.4653,2410.09,3.4328,2.42,95.4232
3549904,697054.0,98.7233,20.7631,2276.81,6.0825,2.01,95.8559
3549953,16067.0,51.9823,21.2112,1374.59,5.0977,5.84,42.955
3550001,10337.0,55.5674,17.9936,1465.87,4.0295,6.28,53.3493
3550100,37289.0,95.6019,20.325,1448.66,8.0161,4.63,94.7964
3550209,32039.0,68.1263,21.4489,1302.75,3.082,4.52,59.3881
3550308,11451999.0,99.8497,21.3831,2713.36,6.1158,2.66,95.2264
3550407,38256.0,96.1522,19.2127,1747.04,4.7189,3.3,85.8077
3550506,7217.0,76.0842,20.8397,1416.03,2.9235,5.79,76.4278
3550605,79484.0,90.1867,19.5146,2014.74,4.1222,3.28,63.8379
3550704,81595.0,98.37,22.2269,1607.55,4.9351,4.21,64.2603
3550803,10441.0,77.6171,19.5479,1428.62,2.4216,4.46,90.4195
3550902,13442.0,91.1769,19.6623,1642.69,2.292,2.32,91.0824
3551009,329911.0,99.9079,21.7722,1451.91,7.0995,3.19,92.1292
3551108,10369.0,72.601,21.1592,1495.18,2.498,4.43,58.5984
3551207,3704.0,88.6609,22.8132,1165.06,4.6601,7.7,88.0323
3551306,3130.0,83.2588,16.262,1667.35,1.518,6.57,85.5885
3551405,12746.0,93.8569,24.9725,1340.01,9.3454,6.34,87.1281
3551504,43909.0,99.2894,23.7195,1283.46,4.6474,4.26,98.7643
3551603,29894.0,84.0001,18.4753,1836.39,2.7321,3.17,74.0297
3551702,126887.0,99.0897,21.2055,1797.64,6.0432,3.51,99.2894
3551801,12730.0,56.8578,19.9214,1004.06,4.0147,8.04,57.1046
3551900,14576.0,95.2799,23.0447,1360.31,2.1677,6.59,98.0625
3552007,6186.0,52.1823,21.1122,1153.4,4.3388,7.97,52.6009
3552106,40122.0,61.3952,18.0998,1787.74,3.1512,4.17,58.0351
3552205,723682.0,99.2762,21.5209,2165.31,5.7635,2.04,97.28
3552304,7355.0,87.4779,19.0483,1361.7,1.6173,6.88,87.5801
3552403,279545.0,99.5586,21.7328,1586.3,5.7904,3.86,94.01
3552502,307429.0,98.722,22.9181,1407.5,7.3003,3.28,89.7581
3552551,3408.0,77.6408,18.4566,1343.1,5.4122,6.22,82.7991
3552601,11323.0,92.6521,18.2814,1674.01,3.1944,4.75,93.2426
3552700,14769.0,90.8321,20.1029,1493.36,3.0287,5.54,94.0569
3552809,273542.0,100.0,22.5249,1740.2,7.6377,2.78,96.542
3552908,6260.0,83.2907,20.1438,1391.05,5.0485,5.56,90.8308
3553005,12669.0,90.6622,23.3641,1290.18,1.8722,4.23,89.9609
3553104,5677.0,93.183,20.8385,1340.52,1.8246,7.76,93.3845
3553203,6548.0,79.215,23.7935,1644.9,1.8357,5.92,94.1233
3553302,21435.0,91.3506,19.5241,1702.58,3.3869,3.17,90.6705
3553401,25265.0,91.1142,18.6384,1480.38,2.6172,4.44,90.6378
3553500,7996.0,70.7104,22.7114,1156.39,4.0844,6.96,62.0199
3553609,11816.0,87.2969,19.7952,1422.36,4.7717,3.49,91.082
3553658,2619.0,95.609,20.2367,1606.61,5.5353,7.28,96.2065
3553708,52260.0,95.6602,20.0574,1620.23,3.3961,4.83,96.0983
3553807,24350.0,83.8645,22.0246,1515.25,2.684,4.41,88.1228
3553856,6876.0,50.2472,24.7964,1253.48,5.2295,5.26,43.4391
3553906,6536.0,92.2889,22.2766,1266.7,7.741,6.11,91.2107
3553955,14882.0,96.4991,21.1195,1307.96,7.7933,5.11,96.0811
3554003,123942.0,96.8929,21.8344,1558.09,5.3089,2.78,89.5772
3554102,310739.0,98.3224,20.392,1941.51,5.9784,1.97,95.4405
3554201,4127.0,71.1897,22.3165,1042.07,1.0215,9.03,61.7155
3554300,22173.0,84.5443,20.3806,1337.3,5.0312,5.74,85.2419
3554409,7904.0,96.5334,19.9899,1605.47,3.0838,3.23,96.7885
3554508,37663.0,90.7947,20.1949,2011.6,2.6588,2.03,89.3668
3554607,2464.0,76.5016,18.2224,1241.59,0.6803,6.0,76.9231
3554656,2046.0,82.6979,18.8172,1344.68,3.2573,5.65,73.5872
3554706,9335.0,86.406,17.9861,1525.18,1.9505,3.71,88.4143
3554755,1682.0,92.39,22.7705,1217.77,5.0125,7.38,91.1371
3554805,51173.0,82.8836,22.465,1946.41,15.6457,2.69,90.9763
3554904,6804.0,90.5203,19.2387,1569.16,5.2337,5.93,91.6892
3554953,6778.0,47.3001,16.6273,1438.03,1.6521,5.33,30.3522
3555000,63928.0,94.9224,18.6554,1848.89,4.708,3.8,94.3671
3555109,15854.0,78.0434,17.0115,1947.45,4.8083,3.28,88.5519
3555208,1818.0,82.6183,16.0616,1691.07,5.0336,6.33,87.8307
3555307,1669.0,75.5542,14.8592,1793.09,0.6734,5.1,81.4867
3555356,5365.0,94.4268,22.013,1156.09,2.769,7.35,91.155
3555406,92981.0,93.6127,21.655,1615.62,4.4953,3.45,37.83
3555505,5132.0,79.2868,21.1419,1339.15,1.4214,4.29,69.5961
3555604,10394.0,93.2365,18.5107,1575.95,3.5608,4.9,93.3451
3555703,1603.0,80.8484,20.8983,1330.0,2.4852,5.84,86.6667
3555802,8833.0,87.4901,17.8875,1502.78,2.8135,8.33,88.8177
3555901,1387.0,83.9942,16.2942,1489.99,3.7975,5.03,82.0037
3556008,13744.0,93.0733,18.7354,1630.42,2.8196,3.48,93.9673
3556107,14098.0,91.8428,20.627,1475.19,3.2217,3.96,94.5293
3556206,126373.0,96.4771,18.6931,3127.28,3.37,1.76,91.4452
3556305,24241.0,96.8566,20.2467,1439.26,5.299,3.89,96.6134
3556354,10512.0,64.3455,20.9855,1452.82,1.5468,5.6,51.5301
3556404,40133.0,95.5672,20.7934,1350.12,3.7562,4.69,95.1552
3556453,50415.0,98.9091,20.7954,1929.62,8.789,3.95,55.0187
3556503,115771.0,99.7115,22.5514,1446.57,5.816,3.21,95.5843
3556602,10176.0,88.3353,19.1136,1513.7,2.7559,3.67,90.6189
3556701,76540.0,98.717,19.5715,3247.77,2.9038,2.17,92.4093
3556800,17414.0,97.2436,21.299,1399.34,3.1981,4.81,97.1268
3556909,8109.0,94.4999,22.9621,1473.26,2.2227,7.32,94.9756
3556958,1794.0,84.3367,19.398,1415.49,0.4296,9.5,86.1472
3557006,127923.0,97.7314,22.1993,1837.4,5.8218,2.61,95.5385
3557105,96634.0,97.1459,19.6742,1789.36,3.9044,3.65,97.2073
3557154,2692.0,81.3522,16.9762,1437.75,4.7431,6.38,81.5341
3557204,12211.0,96.9699,20.5716,1348.48,3.469,5.25,93.9213
3557303,11295.0,92.6693,20.3718,1645.48,4.652,3.7,89.4544
4100103,7241.0,75.5697,18.7405,1096.83,1.2937,11.09,45.7627
4100202,6256.0,33.1202,20.7641,1182.06,2.3316,12.35,32.514
4100301,10233.0,41.3759,21.89,1296.35,2.2614,5.37,19.9835
4100400,119825.0,95.6019,24.1719,1352.58,4.1954,3.9,69.6588
4100459,3590.0,54.1504,19.8607,1382.24,2.5474,10.47,11.8797
4100509,18742.0,79.0204,18.2104,1362.99,2.509,7.38,50.6183
4100608,13909.0,86.347,20.5407,1448.91,2.9206,6.47,59.1905
4100707,9727.0,87.6118,19.7594,1180.6,10.7843,13.07,56.9373
4100806,10326.0,87.9527,17.7223,1538.57,3.2129,8.19,0.4887
4100905,4762.0,85.1323,21.5876,1067.49,1.7695,10.86,37.5216
4101002,19620.0,80.7339,22.1713,1815.06,1.8132,5.18,65.5012
4101051,2918.0,81.0487,19.4654,1370.33,1.3305,9.03,0.8961
4101101,19878.0,95.573,18.9104,1578.21,4.6025,7.19,62.5151
4101150,3235.0,83.4312,19.5054,1394.7,0.2853,5.93,2.1294
4101200,18091.0,86.7393,19.1145,1211.84,4.9081,6.79,60.279
4101309,7018.0,17.2556,18.7803,1190.28,4.0428,6.43,2.2014
4101408,130134.0,96.761,20.857,1770.29,2.6062,4.26,80.4396
4101507,119138.0,98.1039,20.885,1778.09,3.9101,3.71,74.6821
4101606,25777.0,87.0466,22.6365,1526.02,1.9183,5.96,70.2067
4101655,3527.0,58.4916,18.6844,1226.76,2.3087,12.06,0.5236
4101705,14485.0,84.8947,20.1657,1513.63,4.3307,6.2,52.2885
4101804,151666.0,92.0984,23.1753,1600.99,5.2502,2.42,79.5657
4101853,2329.0,44.912,16.2301,1383.07,9.3333,13.88,1.566
4101903,13797.0,90.3167,17.7285,1275.36,1.0642,6.52,74.4218
4102000,36808.0,90.2793,20.2673,1672.22,1.9187,5.75,38.3979
4102109,25475.0,92.5574,18.3278,1554.91,2.1051,4.82,71.5795
4102208,3980.0,84.4472,17.7136,1709.41,0.7744,5.92,4.1525
4102307,13395.0,54.8936,20.0597,1606.33,2.9059,3.21,21.9741
4102406,31273.0,92.0155,20.0524,1502.12,4.7828,5.83,91.7101
4102505,10795.0,81.1116,18.1195,1309.84,2.4133,12.35,35.2764
4102604,9759.0,74.9872,21.2829,1469.89,2.4298,5.49,5.719
4102703,2814.0,74.769,16.7377,1473.07,3.2975,8.98,6.89
4102752,4031.0,38.1047,18.457,1750.4,0.9552,7.57,1.5743
4102802,14833.0,95.4359,19.369,1399.26,2.6187,7.64,45.1654
4102901,15533.0,65.6924,23.273,1382.61,1.2889,6.4,41.0187
4103008,4558.0,87.7578,18.7582,1556.08,2.2084,8.86,1.6176
4103024,2455.0,43.9919,18.8595,2185.28,0.7273,7.8,1.2486
4103040,6378.0,31.4048,21.9505,1567.86,2.7907,8.26,2.5011
4103057,7924.0,69.2453,20.154,1272.15,0.9912,9.41,26.156
4103107,13299.0,57.6735,23.1897,1328.2,3.2201,5.01,39.1398
4103156,3980.0,37.5879,19.1206,1545.13,1.9026,8.65,0.5844
4103206,6581.0,87.9198,20.6048,1387.3,3.2372,9.21,1.3115
4103222,3202.0,54.2786,17.8326,1788.27,0.7097,4.09,0.6774
4103305,7735.0,85.1584,17.66,1549.47,4.0461,8.57,0.4912
4103354,4854.0,67.9646,19.1595,1317.26,0.4452,9.69,0.1611
4103370,3708.0,87.6214,20.5771,1443.73,1.0579,9.62,0.8427
4103404,2627.0,82.8702,19.2234,1490.03,6.261,9.9,0.6944
4103453,18997.0,90.3301,23.3511,1712.31,1.8486,5.09,80.1358
4103479,4473.0,82.4055,19.07,1393.28,0.8364,11.82,0.8671
4103503,8710.0,85.442,20.3904,1415.61,3.3673,6.72,15.6358
4103602,23212.0,95.0672,19.6149,1436.07,4.0622,4.54,94.1169
4103701,107208.0,97.6839,21.2717,1753.93,4.3002,4.09,94.1492
4103800,9460.0,86.6913,20.6342,1624.96,1.4925,7.59,14.5042
4103909,15723.0,87.5914,20.8421,1619.88,3.1979,8.77,1.9097
4103958,3936.0,39.2785,23.2978,1316.21,12.952,5.95,0.5076
4104006,47825.0,87.1281,23.0716,1514.06,5.8743,3.28,77.6865
4104055,4027.0,61.634,20.437,1444.58,4.1832,11.3,0.6152
4104105,7508.0,64.6244,23.5216,1119.38,2.0807,5.54,30.6098
4104204,136327.0,89.1482,21.499,1755.14,5.1009,2.88,70.6152
4104253,30160.0,85.0663,22.6227,1402.36,3.5391,4.54,50.3634
4104303,99432.0,96.7958,21.9607,2064.25,3.0629,4.13,87.9894
4104402,15244.0,36.3553,20.8082,1245.36,3.0335,12.22,24.9463
4104428,14973.0,55.5867,22.1332,1389.16,1.9716,7.23,35.1514
4104451,10933.0,75.2858,21.7964,1380.05,4.8455,8.89,45.4545
4104501,20481.0,71.4076,20.0674,1827.28,1.6528,4.4,44.1813
4104600,14648.0,81.5333,19.757,1698.36,2.7752,7.07,2.6786
4104659,23283.0,80.14,24.1292,1600.57,2.6171,2.99,72.8458
4104709,16905.0,72.7359,20.9583,1441.28,1.2748,5.98,65.7661
4104808,348051.0,96.0029,23.6586,2217.32,2.8893,2.93,91.2763
4104907,73075.0,78.0937,23.7427,1568.37,3.9916,4.67,68.7775
4105003,10446.0,60.9516,22.9849,1376.45,1.7416,8.71,0.534
4105102,10832.0,85.709,17.716,1244.49,1.3179,10.53,21.9892
4105201,16134.0,39.2525,23.0321,935.0,3.0483,13.92,31.8719
4105300,11087.0,81.0499,20.5556,1771.19,2.0676,5.0,67.9674
4105409,21085.0,70.2917,21.622,1839.01,1.8738,5.79,56.8323
4105508,79527.0,91.6418,20.3981,1868.11,3.1867,3.8,60.8637
4105607,11467.0,95.0641,21.8715,1589.25,2.1018,7.32,86.8756
4105706,15070.0,89.7213,21.9841,1590.88,3.3652,8.33,78.188
4105805,232212.0,95.2759,23.6435,1526.6,4.1097,3.18,85.1008
4105904,22896.0,93.0337,18.8898,1845.18,3.0238,4.99,88.7741
4106001,8320.0,62.5,19.4471,1207.32,4.1602,12.18,0.4124
4106100,3461.0,69.4597,19.1563,1357.56,6.0587,7.34,70.6189
4106209,19128.0,64.6016,21.6959,1234.23,6.2546,2.9,51.8687
4106308,17470.0,87.8019,20.4293,1707.15,1.9058,4.93,61.5864
4106407,45206.0,96.2151,19.2939,1919.99,3.9993,4.5,90.8367
4106456,5649.0,35.8825,22.5704,1162.7,3.291,13.02,11.9641
4106506,23331.0,76.0876,20.7364,1923.36,1.801,3.85,44.1587
4106555,3760.0,66.1702,17.2606,1219.96,2.7306,11.97,56.6076
4106571,4133.0,66.0053,19.308,1665.75,2.394,7.2,0.905
4106605,23831.0,89.5808,20.7209,1571.31,4.3799,6.77,62.4684
4106704,4494.0,80.9301,17.49,1407.88,3.8298,6.94,0.7519
4106803,15978.0,35.8243,21.4608,1245.38,2.2442,4.07,15.2939
4106852,2892.0,59.0249,17.1508,1308.84,3.6203,11.66,1.3011
4106902,1773718.0,100.0,21.2527,3137.92,3.9094,1.61,97.1654
4107009,13647.0,75.9581,21.0376,1174.71,9.0739,10.88,4.2823
4107108,5142.0,82.886,18.6309,1508.14,3.5481,7.71,57.1807
4107124,3171.0,44.6547,20.1198,1190.65,2.439,14.65,0.6762
4107157,4557.0,52.9734,20.9568,1469.26,4.6059,9.37,2.4303
4107207,44869.0,80.9401,24.0277,2032.62,1.9153,2.95,57.8671
4107256,9161.0,80.2096,19.5284,1609.13,1.5245,7.17,1.8203
4107306,6327.0,90.3904,18.097,1607.28,4.1362,4.7,41.9074
4107405,5999.0,36.6561,18.1197,2211.98,1.8088,5.83,1.9937
4107504,12454.0,90.8624,18.5402,1697.37,2.2051,8.88,18.0283
4107520,1849.0,64.4132,17.0362,1417.1,1.1338,10.23,0.8463
4107538,4575.0,73.4863,20.3934,2240.05,2.0622,3.66,1.6949
4107546,4797.0,47.4046,20.3252,1363.45,1.7474,11.5,0.173
4107553,3039.0,69.9572,19.151,1519.69,4.3387,11.84,0.9675
4107603,16389.0,88.8767,21.0873,1452.98,2.8132,8.62,38.5522
4107652,148873.0,98.5028,24.23,1448.37,4.7422,2.41,90.9963
4107702,4492.0,88.3126,18.7222,1434.14,1.0521,9.77,1.0716
4107736,6255.0,45.6914,21.9664,1162.7,5.2653,6.1,5.3629
4107751,8062.0,84.9541,20.1687,1371.25,6.8312,10.47,42.9396
4107801,4792.0,94.3239,15.6093,1468.8,1.8828,6.39,21.6244
4107850,4364.0,47.319,19.8442,1957.58,2.0082,8.7,1.6
4107900,10458.0,97.533,20.5489,1457.38,2.6885,5.85,2.8151
4108007,11446.0,93.8319,20.1817,1226.32,3.1086,8.71,53.5647
4108106,2652.0,91.9306,18.552,903.94,1.5692,9.0,92.0455
4108205,7635.0,73.0059,16.516,1600.27,2.5261,6.96,0.4977
4108304,285415.0,99.4352,23.785,1910.76,4.1281,3.8,79.3336
4108320,8116.0,83.4771,23.4845,1363.92,3.2589,7.81,50.1572
4108403,96666.0,87.4547,23.366,2277.74,1.8557,3.39,70.6224
4108452,4926.0,75.4162,21.9854,1270.58,4.9443,7.03,1.516
4108502,11062.0,76.7583,23.5762,1246.29,6.3445,8.23,54.9153
4108551,2977.0,53.6782,15.2838,1320.61,2.4372,16.91,0.0845
4108601,28437.0,92.6891,19.6645,1577.15,4.0766,6.6,58.1266
4108650,6566.0,37.6485,23.2714,1183.13,1.6267,7.87,0.3471
4108700,5641.0,60.6275,18.0996,1258.21,2.0784,12.2,0.33
4108809,32097.0,89.3915,21.4132,1631.65,4.3676,5.82,55.2593
4108908,6587.0,84.9097,21.2388,1274.78,1.3107,10.7,0.7404
4108957,7856.0,31.53,20.9776,1305.12,1.7368,5.01,0.2148
4109005,4626.0,77.6697,19.866,1337.57,3.2875,7.68,69.422
4109104,2191.0,80.6481,19.7627,1850.26,3.2415,11.07,0.12
4109203,4748.0,82.2662,18.5762,1709.29,2.7176,7.44,0.7713
4109302,13735.0,58.8497,19.9927,1490.34,0.5168,7.46,34.4624
4109401,182093.0,93.1425,23.9174,1703.75,3.6217,3.7,81.587
4109500,7430.0,36.9314,20.2961,974.13,4.1918,8.03,29.7633
4109609,42062.0,91.648,19.0885,1685.43,3.1649,3.58,70.6296
4109658,4941.0,46.185,19.3281,1708.91,0.9208,7.72,3.3239
4109708,28830.0,81.6164,21.0059,1437.92,3.2602,7.85,30.9604
4109757,6218.0,83.8372,21.5986,1329.26,4.3776,10.47,0.4681
4109807,51603.0,98.1319,20.6073,1651.74,5.2367,5.73,95.9278
4109906,8991.0,79.1569,20.1535,1338.6,3.2096,9.84,0.6897
4110003,5338.0,91.0266,20.1948,1388.72,1.3688,5.73,9.0445
4110052,2144.0,71.9216,19.2164,1480.17,3.2978,10.06,2.657
4110078,14249.0,67.0433,24.1771,1176.57,4.3871,10.18,44.538
4110102,29924.0,72.9014,24.1378,1254.07,3.2246,4.66,58.1152
4110201,9670.0,63.5471,23.6608,1124.11,2.9259,7.58,39.405
4110300,2536.0,94.4401,16.7192,1139.89,4.5579,11.55,2.6104
4110409,4448.0,82.1942,19.8291,1380.22,0.6533,6.74,1.1998
4110508,14142.0,36.6638,23.158,1507.37,2.7922,3.93,32.4379
4110607,15746.0,85.3804,19.9479,1543.14,3.1317,6.4,39.8021
4110656,2343.0,82.8852,18.7793,1353.34,0.2836,11.47,2.3095
4110706,59250.0,82.4388,21.2422,1765.52,3.1675,2.09,74.8171
4110805,10684.0,64.4141,21.097,1310.73,1.9912,12.92,3.5895
4110904,4481.0,78.2191,19.2591,1391.9,2.2694,5.43,6.4958
4110953,11485.0,70.6748,22.8733,1555.62,1.6156,6.5,34.6602
4111001,5908.0,84.9018,18.6188,1287.62,2.0356,11.11,71.1081
4111100,6111.0,95.1726,19.4731,1536.99,1.6993,6.71,66.838
4111209,12344.0,73.8577,21.4031,1613.14,1.7973,4.78,2.1841
4111258,31217.0,82.9996,25.3516,1035.18,1.7513,7.55,58.564
4111308,3572.0,81.8029,19.5969,1251.41,7.3566,12.97,0.7616
4111407,13229.0,49.5276,22.5867,1289.23,1.4912,4.5,36.8019
4111506,32720.0,90.3851,19.4438,1764.64,2.5679,7.11,13.7539
4111555,6831.0,83.0479,18.094,1318.3,2.9147,8.33,43.2003
4111605,2708.0,85.8936,18.5007,1780.15,1.9202,6.36,32.5516
4111704,5427.0,64.9162,19.5688,1482.44,3.4221,8.0,13.6364
4111803,40375.0,93.3251,20.9882,1591.93,7.1803,6.66,86.5976
4111902,15122.0,92.2431,22.378,1517.31,3.7914,6.19,91.3912
4112009,35141.0,89.0982,22.3557,1418.37,3.1479,4.23,81.5412
4112108,21408.0,92.4187,20.1887,1763.44,2.511,4.79,56.814
4112207,5870.0,68.075,18.8075,1208.61,4.8753,11.37,1.0804
4112306,4972.0,60.1569,19.0668,1339.86,3.313,7.47,6.7103
4112405,9144.0,93.3618,19.2695,1684.55,3.7985,4.57,63.9113
4112504,12004.0,67.7441,18.7854,1312.61,5.4215,10.47,18.2972
4112603,1343.0,69.248,17.8704,1120.71,4.5855,9.74,2.4194
4112702,11813.0,93.7188,22.0435,1263.41,2.2948,7.19,90.493
4112751,10506.0,80.5635,18.0373,1610.56,2.0876,6.2,1.3992
4112801,11945.0,78.9703,21.7832,1481.83,1.803,4.3,80.1556
4112900,3333.0,62.9163,19.3219,1278.67,1.3992,8.41,2.0783
4112959,7771.0,83.6572,20.7052,1524.76,1.4687,7.03,1.2969
4113007,6690.0,92.003,19.6562,1489.41,4.2034,5.82,92.3878
4113106,4582.0,76.7569,17.5469,1400.13,1.1337,9.5,0.8562
4113205,45003.0,61.027,21.1808,1508.11,3.0171,3.51,56.5682
4113254,5600.0,41.6786,22.5179,1001.65,3.8152,13.77,0.5297
4113304,32227.0,84.3485,22.9497,1801.68,3.3062,5.74,44.7517
4113403,3752.0,66.0181,16.258,1313.79,1.9608,6.91,0.7072
4113429,3938.0,69.68,17.0391,1256.59,0.1304,10.58,0.7171
4113452,5175.0,61.9903,18.9758,1258.41,3.8171,7.49,2.8769
4113502,23225.0,92.7966,20.9774,1760.13,3.4342,5.82,73.3684
4113601,4601.0,92.3278,19.4306,1604.37,0.6718,5.36,93.1949
4113700,555965.0,97.1933,21.8692,2332.51,3.6779,2.91,92.7829
4113734,6690.0,74.4843,20.2392,1271.33,2.2656,11.67,0.9384
4113759,4872.0,78.5304,17.6519,1265.28,2.1945,12.07,29.9262
4113809,4813.0,93.4137,20.1122,1332.01,4.9333,7.82,0.535
4113908,13428.0,60.8058,21.6116,1481.24,2.7511,3.0,27.2432
4114005,13452.0,80.8058,19.774,1688.63,3.9531,6.99,64.8499
4114104,31457.0,95.9023,22.491,1651.0,2.6159,4.04,37.8835
4114203,36716.0,95.4325,20.5769,1604.93,2.6877,5.62,68.7422
4114302,27439.0,45.2713,21.874,1269.58,2.4512,3.78,20.5547
4114351,2770.0,28.9892,19.0253,1680.04,1.6794,8.13,0.1936
4114401,16603.0,60.0072,22.3273,1500.51,2.2263,8.42,46.3476
4114500,14240.0,58.6306,22.0857,1828.41,1.3883,7.23,13.9704
4114609,55836.0,86.0807,21.7011,2069.05,2.9236,2.59,29.0697
4114708,5865.0,73.4527,18.5337,1434.22,4.2258,8.55,0.6585
4114807,41851.0,87.0158,20.1214,1696.15,2.974,4.33,71.145
4114906,8677.0,79.6358,20.8136,1533.15,2.7139,6.76,24.6973
4115002,7253.0,79.5533,20.0331,1287.26,3.3296,8.62,24.7741
4115101,9847.0,85.884,20.4022,1300.28,1.5635,11.32,61.8503
4115200,409657.0,99.3983,21.9276,2646.96,3.0468,1.9,95.0549
4115309,6371.0,73.3637,18.7255,2076.62,1.9387,4.53,6.3302
4115358,6555.0,66.4989,18.0473,1580.45,1.1058,3.83,1.4643
4115408,15901.0,70.9264,21.3068,2013.84,1.2395,4.39,41.2083
4115457,4504.0,32.8153,19.3606,1563.73,0.8643,7.33,0.6914
4115507,4699.0,90.0192,19.3658,1424.62,3.3515,6.72,0.4992
4115606,18450.0,77.2575,23.2141,1633.1,1.7442,6.38,62.6211
4115705,39259.0,99.134,18.9638,1729.34,3.5905,2.92,82.7582
4115739,3267.0,28.0992,19.7735,1179.56,0.8035,11.54,1.063
4115754,9383.0,87.6159,22.4555,1055.56,3.7047,10.37,6.7858
4115804,54369.0,91.5779,24.4551,2049.11,1.7449,3.22,38.4442
4115853,5931.0,58.1521,20.1821,1778.11,1.4581,3.11,3.1177
4115903,2238.0,66.8007,19.7498,1213.96,4.0256,9.19,0.1222
4116000,1966.0,84.944,18.3622,1212.39,1.8349,8.02,1.8642
4116059,11064.0,61.2979,18.8449,1858.61,2.6461,4.59,1.984
4116109,11175.0,85.8434,18.0671,1204.28,1.8034,11.93,28.6541
4116208,18309.0,56.3056,20.804,1394.05,3.4007,3.47,36.3677
4116307,3951.0,84.4596,18.8813,1704.22,0.6803,7.24,10.9973
4116406,3669.0,84.4099,18.1521,1612.61,2.7559,8.27,0.5865
4116505,1323.0,73.0915,20.1058,1455.89,3.0973,8.65,2.9167
4116604,3280.0,80.9756,19.7561,1149.02,4.5627,9.14,18.1271
4116703,13765.0,81.3004,18.9103,1730.42,1.9949,4.19,50.194
4116802,6790.0,66.2592,21.1487,1355.91,0.7776,12.57,16.0504
4116901,26585.0,93.0036,19.7329,1663.04,4.9839,5.56,62.4987
4116950,5597.0,39.5212,21.8331,2953.34,1.0068,7.24,0.7299
4117008,7225.0,89.301,18.8927,1230.27,9.5634,9.67,0.622
4117057,12074.0,25.3271,23.5547,1149.47,1.5447,7.4,20.0698
4117107,12923.0,92.2541,20.8311,1559.23,2.1357,5.27,87.7946
4117206,5833.0,91.1023,18.8068,1373.96,3.1284,7.3,37.7984
4117214,4184.0,88.3126,21.0086,1183.28,1.6639,17.49,0.625
4117222,8322.0,77.3492,18.9137,1713.57,1.3676,2.8,2.3518
4117255,12699.0,65.9343,21.4663,2106.68,0.6798,5.94,7.8184
4117271,6848.0,44.0859,19.2611,1473.55,1.1995,13.17,0.5098
4117297,3125.0,67.552,20.224,1568.06,2.5463,8.4,1.7256
4117305,24192.0,53.9848,21.255,1156.6,4.9933,11.54,41.2054
4117404,3187.0,94.7913,17.3204,1624.55,1.2102,7.15,1.4214
4117453,6785.0,74.4436,20.6338,1323.87,3.1289,5.9,8.789
4117503,45962.0,98.7816,21.9529,1423.93,3.3931,4.58,81.0295
4117602,48247.0,90.1154,24.729,1515.41,2.3314,5.69,74.3838
4117701,33855.0,64.5193,21.8638,1563.68,2.3592,2.7,61.1116
4117800,13033.0,56.9017,21.1156,1265.43,2.2509,9.24,33.8669
4117909,35011.0,91.4284,21.6132,2272.86,3.2275,3.4,59.4881
4118006,13245.0,92.4047,21.3741,1575.83,6.415,6.83,73.2449
4118105,9557.0,94.2764,20.4876,1362.04,4.0812,6.37,60.933
4118204,145829.0,95.7142,23.1538,1570.84,7.2579,2.76,80.9453
4118303,2398.0,91.8265,18.5988,1089.81,1.1572,6.63,2.5303
4118402,92001.0,96.6055,20.7606,1810.85,3.2596,4.62,79.7202
4118451,5733.0,71.0972,21.0361,1801.41,0.7283,2.49,1.6541
4118501,91836.0,95.0651,23.9307,2309.92,1.7303,2.83,79.2062
4118600,5666.0,46.8761,19.9612,1665.15,1.9659,4.3,1.9942
4118709,6343.0,35.3303,20.8892,1462.14,1.8698,3.45,4.0852
4118808,13346.0,89.0154,20.8152,1549.52,5.399,6.54,3.6963
4118857,7189.0,80.4563,20.6287,1393.26,3.1958,5.62,27.6241
4118907,11878.0,88.6092,18.3112,1485.86,2.4394,8.45,1.8955
4119004,6221.0,57.4827,18.4054,2376.5,0.6316,5.74,2.5844
4119103,13655.0,44.4379,22.2263,1421.44,6.5188,2.89,3.0812
4119152,127019.0,100.0,23.08,2122.76,3.7749,2.16,97.8183
4119202,6566.0,65.8392,19.205,1351.43,3.0934,9.32,4.4628
4119251,2761.0,45.8892,21.9486,1639.07,2.439,6.66,0.2092
4119301,29886.0,62.4975,24.1083,1121.81,5.8925,8.34,32.7929
4119400,23651.0,74.8129,22.2781,1409.0,3.9247,4.65,61.7654
4119509,118730.0,91.5228,25.5277,1420.03,4.8778,3.68,89.9645
4119608,33567.0,68.5048,21.7446,1584.1,3.4531,6.05,46.072
4119657,3046.0,86.4084,19.8621,1609.52,3.0164,6.45,2.8207
4119707,4070.0,70.4914,20.3931,1178.56,9.5876,8.04,0.8844
4119806,14374.0,54.0559,20.2936,2090.83,1.8483,4.92,0.7532
4119905,358371.0,98.237,23.6718,1891.65,4.3357,2.21,91.5409
4119954,30425.0,98.4881,18.4355,1644.82,4.3086,2.46,65.3653
4120002,11624.0,95.0189,18.1865,1614.47,6.3374,5.56,93.3011
4120101,4098.0,86.53,21.4495,1567.66,4.0189,2.8,82.257
4120150,3110.0,30.2572,19.582,1915.74,1.4035,6.5,0.1765
4120200,3182.0,79.7297,20.5531,2008.51,1.4354,7.17,67.2276
4120309,3562.0,56.064,20.6345,1212.67,2.8996,3.55,16.0743
4120333,3709.0,94.2572,20.302,1321.84,2.3949,11.67,92.4032
4120358,5737.0,73.331,19.5224,2502.72,0.3328,7.48,51.6294
4120408,4336.0,93.2657,21.3561,1492.24,1.1585,5.27,75.2896
4120507,10082.0,90.8748,18.3892,1561.86,2.6244,6.91,56.1745
4120606,49393.0,54.6737,21.499,1411.17,1.9945,5.09,49.6917
4120655,4201.0,67.5791,19.3763,1287.55,2.0105,8.17,9.6962
4120705,8099.0,93.2584,18.8418,1506.45,2.2833,6.07,78.6916
4120804,24191.0,89.9012,21.9379,2002.85,6.5724,3.02,76.5568
4120853,4480.0,68.4375,18.0134,2437.06,1.2379,1.73,9.6108
4120903,30738.0,70.5706,22.1908,1425.0,2.5061,8.8,41.8822
4121000,10685.0,68.3388,19.1764,1373.66,2.1553,11.26,4.8371
4121109,5001.0,75.145,19.3361,1463.1,5.5931,11.17,0.8347
4121208,18398.0,29.1227,20.2468,1211.25,3.2641,5.29,8.1277
4121257,4221.0,59.0855,23.1225,1122.96,2.5655,14.14,0.5479
4121307,3512.0,89.664,18.7927,1381.13,4.2651,9.18,1.1331
4121356,2618.0,87.1658,19.7479,1077.07,1.6753,9.5,4.3344
4121406,19247.0,79.9189,22.0554,2238.89,3.1439,4.86,60.0162
4121505,14514.0,59.7837,21.8548,1322.81,2.5031,4.3,50.0
4121604,6845.0,59.6786,20.672,1626.85,1.5925,6.98,53.4586
4121703,24573.0,65.1528,22.952,1228.72,2.9206,10.56,53.0539
4121752,6553.0,61.2086,23.4702,1098.19,3.1931,9.23,43.2637
4121802,12364.0,72.1126,19.8479,1565.81,1.9449,5.09,75.5619
4121901,13060.0,88.8744,20.6815,1275.58,4.409,10.77,62.6403
4122008,14025.0,42.3316,22.082,1310.29,2.7941,2.58,43.7792
4122107,3197.0,71.5358,18.5174,1418.24,2.6316,9.6,0.6452
4122156,13929.0,36.5999,21.1142,1218.66,2.1837,6.75,0.3731
4122172,3808.0,53.4926,20.063,1163.27,1.2092,12.61,0.2909
4122206,37558.0,72.2909,21.9154,1030.48,2.4011,8.38,48.2129
4122305,31324.0,82.1575,21.7884,1799.19,4.9783,2.02,54.7812
4122404,71670.0,96.4616,22.3273,1663.39,3.602,4.34,51.3228
4122503,11251.0,69.7271,20.3182,1349.95,2.0393,10.55,1.0169
4122602,9097.0,85.5777,21.2488,1514.88,1.8636,7.69,51.943
4122651,5435.0,50.138,18.3993,1324.47,2.3275,14.73,38.0952
4122701,8822.0,90.2516,22.0358,1580.46,1.8333,5.57,1.6719
4122800,4075.0,62.8466,21.2761,1865.95,1.036,7.84,0.9032
4122909,5192.0,77.0416,18.8559,1385.52,0.7894,11.71,45.6184
4123006,15223.0,63.3318,20.85,1937.98,0.8115,8.12,47.3179
4123105,3394.0,75.3094,19.2693,1219.36,0.7067,8.66,47.8295
4123204,3365.0,88.8559,18.0089,1194.03,1.3314,13.07,66.103
4123303,8613.0,76.5122,19.2268,1566.91,2.7555,8.65,24.5581
4123402,11378.0,91.2638,18.9664,1458.51,3.4221,5.44,56.7872
4123501,25492.0,70.9281,20.7948,2128.29,1.1061,4.19,37.7992
4123600,1748.0,62.9291,19.3936,1333.84,1.467,5.61,7.0901
4123709,8912.0,86.8043,18.8734,1425.9,3.791,7.3,78.697
4123808,14070.0,64.7406,21.2722,1908.59,0.986,5.64,2.8207
4123824,3644.0,68.6334,18.9078,1305.23,0.2005,8.07,12.167
4123857,9934.0,30.602,20.6664,1045.38,2.5942,8.86,0.5269
4123907,11066.0,86.1648,17.9288,1464.31,2.9426,8.46,70.2799
4123956,3356.0,75.4172,18.9809,1158.56,1.257,10.56,1.1182
4124004,5514.0,71.8172,20.6202,1360.85,1.1377,9.48,34.1115
4124020,13174.0,90.2232,21.8461,1489.9,1.984,5.98,6.0853
4124053,24262.0,90.6974,20.9175,1690.18,1.7106,4.93,81.1579
4124103,44369.0,89.5851,21.2964,1439.66,3.66,6.45,85.0974
4124202,2493.0,82.6314,18.7726,1309.09,1.7129,9.74,3.7755
4124301,2125.0,83.4824,19.6706,1340.41,3.1111,10.99,1.0989
4124400,23673.0,74.7265,22.3884,1734.86,1.6916,7.38,55.3927
4124509,6181.0,88.3514,19.9644,1660.45,2.4751,6.14,49.9341
4124608,6587.0,96.7208,20.9959,1514.76,4.3304,7.19,1.1814
4124707,10830.0,56.7959,21.0434,1168.93,2.1846,14.3,0.4558
4124806,11886.0,74.5835,20.461,1693.11,2.4128,4.42,43.8944
4124905,5586.0,88.5607,19.9069,1220.35,7.2007,10.52,83.3869
4125001,10667.0,85.2536,17.6151,1435.26,1.2568,10.44,58.1059
4125100,13726.0,30.5479,23.0439,1474.27,2.8195,4.5,10.9821
4125209,9378.0,66.2935,18.9913,1829.04,4.503,6.05,7.2252
4125308,5168.0,89.4737,17.7632,1785.31,1.1887,7.28,82.3896
4125357,6504.0,75.6765,18.3579,1373.72,2.1127,9.74,1.9101
4125407,6040.0,63.0464,19.8841,1395.21,4.3148,6.95,28.3291
4125456,3957.0,64.6197,18.3725,1557.1,0.7031,11.14,1.1897
4125506,329628.0,93.84,23.3381,1823.68,4.6095,2.34,79.8176
4125555,2138.0,76.4266,18.1478,1301.92,0.8677,10.53,1.7327
4125605,42366.0,61.2921,21.5338,1568.37,2.1539,2.61,40.5982
4125704,29122.0,74.4489,21.4958,1733.78,2.0999,6.83,52.3538
4125753,5784.0,68.603,18.7759,1478.95,2.6884,9.84,15.1405
4125803,8690.0,89.9885,18.8723,1588.58,3.1512,7.89,52.6096
4125902,2661.0,67.982,19.767,1682.34,5.6172,7.77,0.6091
4126009,8063.0,90.4502,20.0174,1305.25,4.9291,12.43,1.608
4126108,5232.0,90.6728,19.9159,1352.04,13.1365,5.35,53.4359
4126207,6695.0,61.6281,21.9716,1074.17,4.0103,15.93,42.8571
4126256,118455.0,99.5146,23.0569,1461.61,3.3034,4.23,43.7617
4126272,6108.0,64.6038,21.8402,1875.4,3.1697,5.65,1.3686
4126306,17270.0,83.3526,23.5263,1315.97,3.9176,6.58,61.5145
4126355,5007.0,62.0332,19.0334,1990.96,0.8077,4.23,3.748
4126405,5616.0,90.5805,18.1446,1730.01,1.7088,6.07,31.7663
4126504,15930.0,94.0741,19.6108,1843.32,2.6667,4.81,83.045
4126603,22811.0,82.092,21.8535,1562.88,3.3007,6.77,66.4655
4126652,3440.0,47.7907,18.7209,2593.96,0.7018,4.31,0.1493
4126678,10707.0,60.5212,22.6674,1129.05,4.6154,10.33,33.0168
4126702,4880.0,87.9303,18.75,1407.37,5.9844,7.72,0.6434
4126801,15869.0,90.0246,20.4802,1355.43,1.5947,7.98,88.0653
4126900,5745.0,63.9513,18.1549,1376.12,4.2052,12.44,2.6211
4127007,9547.0,53.2314,22.8553,1413.01,4.0018,4.13,28.172
4127106,75042.0,98.2423,22.2582,1683.23,2.8679,4.22,87.43
4127205,17568.0,92.401,19.9966,1465.38,1.8885,7.12,64.2769
4127304,14842.0,84.7999,19.0001,1486.82,4.6907,7.8,51.5382
4127403,18119.0,78.2494,19.957,1587.77,3.113,6.9,47.8634
4127502,19961.0,62.8977,21.9829,1248.88,4.8956,7.04,52.2617
4127601,17621.0,52.4885,21.7638,1318.51,2.2278,4.18,2.2031
4127700,150470.0,91.7286,22.231,2165.17,2.7228,3.15,75.0306
4127809,8426.0,50.8426,18.0631,1530.72,1.8162,8.57,38.3605
4127858,11135.0,60.7274,20.6017,1602.6,3.718,8.73,40.7272
4127882,6219.0,69.6897,25.4221,1119.88,8.2257,11.92,22.1958
4127908,8067.0,76.1497,19.7471,1190.36,1.9167,10.98,48.7154
4127957,8077.0,83.8182,18.9922,1663.51,2.2018,5.83,2.1018
4127965,14231.0,48.0079,22.7813,1317.98,3.7094,8.59,19.1625
4128005,24749.0,90.0844,20.3927,1637.48,2.2732,6.31,35.5695
4128104,117095.0,94.8546,20.8865,1959.13,3.7244,3.99,86.2874
4128203,55033.0,94.2725,23.6694,1628.91,5.5136,2.43,69.2223
4128302,2136.0,85.9551,16.573,1318.4,0.779,9.01,0.4969
4128401,10406.0,87.488,18.3644,1578.68,5.1928,7.69,77.0601
4128500,19188.0,82.2233,20.9141,1431.15,3.7372,6.73,53.5775
4128534,9681.0,73.5565,24.2434,1263.37,2.6646,9.44,27.2648
4128559,8215.0,76.8107,19.8783,1368.31,2.9874,10.86,65.0637
4128609,7932.0,52.824,18.4947,1887.7,1.46,5.49,1.9829
4128625,3055.0,63.6007,19.4108,1217.29,2.3016,11.12,5.2863
4128633,5697.0,28.8573,22.2749,893.21,1.0089,12.29,16.3038
4128658,3811.0,59.958,20.3621,1641.92,,8.08,10.114
4128708,9706.0,77.21,20.1731,1800.07,0.6851,4.74,3.5007
4128807,5798.0,72.9562,17.5923,1278.58,7.1169,9.72,39.7727
4200051,2598.0,45.1501,17.398,2127.38,2.6358,5.1,32.1981
4200101,17392.0,65.4439,22.5276,1685.84,1.2347,7.71,2.3383
4200200,10990.0,75.1956,21.6561,1683.01,0.6377,2.34,53.4236
4200309,6055.0,59.3064,21.8332,2206.89,0.8096,2.24,40.8703
4200408,6508.0,53.9951,20.8359,2200.72,3.8974,3.83,21.4815
4200507,6036.0,59.3605,18.8535,1626.84,1.6178,6.79,11.6535
4200556,2839.0,45.9669,18.5277,2175.45,0.4947,5.15,1.1696
4200606,6743.0,54.3675,19.9318,1876.74,1.0606,3.62,0.8943
4200705,10481.0,38.3456,21.1144,1625.18,2.2146,5.45,14.8472
4200754,1856.0,35.6681,13.847,2513.02,0.1899,2.1,0.5517
4200804,5943.0,57.9505,18.4755,2515.03,1.9284,4.93,0.703
4200903,5358.0,20.4181,18.1784,1380.1,0.5798,6.89,0.9533
4201000,8285.0,57.3929,20.7363,1468.32,1.5778,6.32,21.888
4201109,3593.0,39.9666,17.7567,1642.76,0.806,5.01,1.5026
4201208,11224.0,56.887,20.4205,1801.02,1.1573,1.89,15.462
4201257,9811.0,47.7321,21.3332,1835.23,2.3208,5.18,34.0594
4201273,4378.0,42.0968,16.1032,2056.91,0.7647,2.16,14.2679
4201307,45283.0,93.5583,24.5037,1494.49,3.5658,2.51,74.2962
4201406,71922.0,92.3042,21.7333,1922.77,2.6934,2.42,38.9242
4201505,8834.0,64.5461,20.9531,2061.11,0.3477,3.79,39.7538
4201604,3556.0,70.8099,18.4758,2168.63,0.7349,3.3,66.2114
4201653,2510.0,36.0159,19.5219,2237.43,1.9076,6.73,1.2644
4201703,8319.0,93.2684,21.0963,1713.62,1.5843,3.94,84.73
4201802,3227.0,49.1168,18.903,2095.5,0.4263,2.33,40.9167
4201901,6780.0,43.2891,20.767,2233.37,1.7369,2.62,18.2641
4201950,15820.0,99.1719,17.3009,1530.6,2.7303,2.56,1.5781
4202008,139155.0,100.0,21.7362,3583.85,2.645,1.09,98.0505
4202057,14912.0,94.4944,15.8597,1709.56,2.7321,2.73,5.9859
4202073,15669.0,91.6395,17.6144,1743.57,3.9376,3.3,0.7873
4202081,3144.0,47.0102,18.7023,1849.34,0.4614,6.84,0.0876
4202099,1668.0,23.3213,14.8681,2909.71,,7.31,
4202107,45369.0,95.1994,20.4787,1670.39,3.1465,2.53,45.6611
4202131,5872.0,21.7473,20.9298,1195.56,0.9482,5.06,0.1922
4202156,2658.0,57.6749,18.7359,1798.71,1.0512,4.58,0.2099
4202206,10520.0,55.5323,20.3612,1654.16,1.693,2.14,2.1803
4202305,76773.0,92.2342,22.8948,1899.63,4.4504,2.51,47.2509
4202404,361261.0,97.3249,22.5466,2633.68,3.0425,1.21,67.617
4202438,3515.0,36.5007,19.8578,1561.31,1.7778,6.08,15.9366
4202453,25058.0,99.98,22.1726,1964.03,2.3713,1.6,16.9462
4202503,4026.0,55.9613,20.9389,1591.86,0.619,5.84,36.1911
4202537,2777.0,64.8181,22.5423,1602.98,5.6604,4.66,8.0082
4202578,2187.0,37.3114,17.7869,2347.75,0.9009,6.79,0.7463
4202602,8418.0,73.9249,22.8795,1710.21,0.9972,5.66,59.2361
4202701,5363.0,36.9569,19.3735,1804.04,0.1821,2.02,15.5364
4202800,33773.0,82.2491,24.6765,1873.21,1.1538,2.25,51.3917
4202859,4026.0,61.4257,18.5047,1932.61,0.6689,2.51,33.6011
4202875,2489.0,39.3331,18.6822,1449.82,1.3158,7.84,34.1176
4202909,141385.0,98.2608,23.0548,2235.17,1.7666,1.98,78.4923
4203006,73720.0,91.5152,23.7507,1873.8,1.6804,3.31,57.0881
4203105,6304.0,66.1802,19.3687,2564.39,1.2125,4.63,3.8528
4203154,3443.0,66.7151,24.1359,1031.92,2.3846,8.34,6.8323
4203204,103074.0,96.6471,24.1593,1838.18,2.1167,2.66,85.1767
4203253,2625.0,42.819,17.7524,1338.98,0.6119,7.02,30.8383
4203303,12501.0,58.2353,20.4224,1633.87,1.4525,2.56,23.297
4203402,7257.0,65.1371,21.028,1293.18,1.7876,9.15,54.1682
4203501,9623.0,79.7672,22.9242,1921.14,3.1354,6.81,3.1851
4203600,36932.0,83.8568,22.444,1809.2,1.8449,3.67,79.4438
4203709,12821.0,73.949,23.1573,1639.81,0.4727,4.26,32.4944
4203808,55016.0,79.5805,21.7573,1821.76,3.0682,2.99,28.5758
4203907,23314.0,87.2437,22.9776,1812.66,1.5409,3.9,16.9312
4203956,23975.0,98.1189,21.439,1711.32,2.668,1.97,89.9953
4204004,10566.0,88.9741,22.4588,1900.84,1.5393,2.9,57.6923
4204103,4614.0,56.7837,18.6606,2494.4,1.0097,7.67,0.2388
4204152,2805.0,44.0285,18.0392,1552.72,,6.05,0.8729
4204178,3317.0,30.5095,18.9931,1203.24,1.4095,8.92,1.086
4204194,2950.0,20.6102,19.9661,1770.31,0.5409,4.28,10.4824
4204202,254785.0,95.1135,24.9402,2385.86,3.1388,2.56,38.3833
4204251,17240.0,89.3619,19.971,2094.01,1.8328,1.54,65.9872
4204301,81646.0,84.712,20.8706,2277.94,1.5541,2.82,33.5251
4204350,4781.0,47.7515,18.8454,2130.12,1.3128,2.66,13.4615
4204400,10388.0,66.2495,18.8294,2249.78,4.3572,4.74,30.3144
4204459,2065.0,46.0533,20.339,2083.12,,8.09,6.0367
4204509,15267.0,78.6271,21.065,1989.39,1.9229,1.88,59.2777
4204558,15727.0,86.2084,21.8669,1531.4,2.0789,5.08,78.8792
4204608,214493.0,97.6638,22.1578,2235.77,2.0099,1.76,80.5769
4204707,10953.0,66.4384,18.6342,2191.07,1.4189,2.86,4.4641
4204756,1968.0,47.3577,19.3598,2169.22,0.1969,3.57,0.1422
4204806,40045.0,92.9105,22.7994,1806.18,2.9685,5.34,69.2329
4204905,8530.0,53.3998,17.3857,2412.49,0.6061,3.67,1.3747
4205001,15008.0,76.6858,20.689,2292.36,3.0291,6.11,34.8845
4205100,4221.0,54.6316,21.4878,1899.35,0.1229,3.12,4.6735
4205159,3637.0,65.4935,19.8515,1771.6,0.914,3.24,14.4534
4205175,3402.0,32.04,24.8383,1241.72,0.7407,8.6,7.5874
4205191,2269.0,54.9581,20.0529,1847.57,1.5411,4.52,17.6761
4205209,4885.0,70.87,18.4442,1649.61,0.575,4.64,48.4043
4205308,11192.0,83.0057,20.9435,1884.75,1.1306,4.87,67.4349
4205357,1783.0,26.977,19.069,2168.65,0.5803,8.33,0.7541
4205407,537211.0,99.5562,21.8724,3636.13,3.5638,1.24,57.1046
4205431,2682.0,53.7286,19.3512,2102.36,0.639,5.71,5.042
4205456,31431.0,91.5147,25.3603,1664.12,1.4069,2.9,68.0667
4205506,33481.0,87.9215,22.9802,1714.52,2.2109,4.04,70.5438
4205555,2411.0,37.9925,20.0332,1788.63,0.6926,4.52,1.7321
4205605,3210.0,70.3738,17.8505,2170.52,0.6098,8.42,0.6061
4205704,29959.0,96.9992,19.5801,2120.74,2.5012,3.03,8.1283
4205803,18545.0,76.4141,23.0574,1603.44,2.3717,3.95,62.7877
4205902,72570.0,92.242,23.2575,2016.67,1.0147,2.1,64.2542
4206009,16915.0,97.0381,19.8286,1823.64,1.5728,4.07,16.7316
4206108,6277.0,50.8842,19.675,2306.62,0.8106,3.29,49.5868
4206207,12435.0,44.5919,20.2975,1841.83,0.4428,2.71,39.3212
4206306,24543.0,93.762,21.2362,1933.97,2.1728,1.16,57.416
4206405,10796.0,57.4565,18.2104,2834.02,0.539,2.76,6.849
4206504,46711.0,93.9629,24.4311,1850.72,2.7894,2.96,58.8015
4206603,4829.0,72.1682,17.2292,2492.22,0.5153,4.54,0.4625
4206652,8425.0,54.5163,21.1276,1858.24,1.6004,4.07,1.7508
4206702,21724.0,89.3436,21.207,1922.35,0.9946,3.37,76.6647
4206751,2008.0,36.0558,17.0817,2299.32,,3.02,21.2291
4206801,3269.0,46.4668,17.5895,1917.72,3.6603,5.22,1.84
4206900,19862.0,89.1652,21.9263,2075.03,0.9996,2.31,32.1994
4207007,59035.0,89.0319,21.7244,1976.0,2.3717,2.39,53.9512
4207106,17046.0,67.6522,22.2868,1724.1,2.5992,3.41,60.8087
4207205,11881.0,33.0696,17.2124,1397.34,0.64,6.44,12.8652
4207304,52579.0,97.7348,19.1426,1867.08,3.0434,3.36,5.7606
4207403,5982.0,43.0291,22.1665,1900.55,0.3786,3.82,15.2612
4207502,71549.0,96.703,23.3826,1941.73,2.0053,1.63,60.165
4207577,2877.0,41.2583,17.7616,2700.4,0.4711,1.99,13.6023
4207601,4578.0,60.8344,17.038,2074.85,0.7907,1.87,0.545
4207650,9335.0,57.2683,18.661,2584.82,0.6884,2.82,0.9703
4207684,7730.0,27.6455,26.5977,1290.53,0.3833,6.78,0.5142
4207700,7816.0,53.5568,20.893,2372.79,0.9298,3.48,2.9516
4207759,3986.0,39.7642,18.9413,2149.25,0.0934,3.39,0.2729
4207809,10195.0,76.3021,21.9912,1801.71,1.4485,3.9,8.867
4207858,2069.0,41.0826,18.898,2193.15,0.5279,6.74,1.0165
4207908,10285.0,38.8916,22.4016,1443.53,2.9197,4.17,17.8185
4208005,7067.0,68.7703,19.1595,2845.16,2.2606,3.8,52.0238
4208104,22051.0,59.2127,22.7926,1585.77,1.1325,2.84,11.3934
4208203,264054.0,96.7919,23.683,2365.7,3.1507,1.83,80.5057
4208302,75940.0,98.6344,22.7482,2579.53,2.4414,1.68,65.9921
4208401,16638.0,56.996,21.2826,2634.98,1.4023,1.8,48.6342
4208450,30750.0,96.6309,18.6276,1795.93,3.3708,2.14,1.8884
4208500,26525.0,70.345,22.8916,2112.88,1.4044,3.22,48.2972
4208609,4310.0,51.6937,18.3063,2085.55,1.8031,4.38,1.685
4208708,10624.0,58.9514,20.8208,1613.26,1.341,4.95,11.921
4208807,20375.0,82.7926,18.2822,1851.84,1.8677,3.2,7.4931
4208906,182660.0,93.9209,22.4127,2341.61,2.1928,1.43,86.3664
4208955,1776.0,60.1351,18.4685,2584.16,1.5952,2.56,0.5917
4209003,30146.0,93.4087,21.2267,2837.07,2.9528,1.73,60.1682
4209102,616317.0,96.9125,23.0399,2260.92,3.4894,1.52,78.0244
4209151,5985.0,38.7135,22.7402,1488.38,0.9184,3.41,9.7444
4209177,2555.0,58.3562,22.0352,2527.58,0.8451,5.85,0.528
4209201,2248.0,54.9822,18.194,2588.1,0.2606,3.32,0.8444
4209300,164981.0,97.7379,22.602,2029.41,3.9728,3.38,79.8031
4209409,42785.0,95.3652,19.1118,1700.15,3.9636,2.61,50.4909
4209458,1702.0,50.4113,18.8014,2948.12,,5.49,4.6233
4209508,7932.0,77.5214,19.5663,2054.57,1.0492,2.15,48.6726
4209607,14381.0,80.9401,19.8734,1957.24,1.2037,2.73,52.5279
4209706,11472.0,68.41,23.4745,1252.95,2.8208,8.22,30.382
4209805,3330.0,29.1592,19.6997,1675.05,0.6997,8.59,10.8463
4209854,4549.0,54.2317,18.9492,1702.86,0.1878,4.27,9.5296
4209904,12873.0,77.5421,21.6888,1799.95,0.5356,2.9,56.0421
4210001,11684.0,47.6464,23.2455,1830.61,1.053,2.6,37.5502
4210035,5794.0,71.8847,18.3638,2502.26,0.4461,1.24,69.2173
4210050,1778.0,40.8886,17.5478,1809.53,0.2339,4.14,11.1111
4210100,55286.0,80.6027,21.4539,1806.38,3.2557,2.02,5.324
4210209,3214.0,34.3186,17.5482,1622.58,0.1908,4.5,2.1577
4210308,7425.0,42.2222,21.468,1244.76,2.2712,4.38,22.9735
4210407,7815.0,81.881,21.8682,1861.57,1.4503,2.79,38.7026
4210506,28251.0,83.8271,22.1656,2146.03,1.2299,2.16,5.4148
4210555,2184.0,40.3388,18.7729,3440.45,0.5738,5.59,0.1348
4210605,17162.0,55.18,19.5082,1903.58,1.1571,2.5,47.7434
4210704,2761.0,54.1108,20.8982,1198.14,5.2586,8.41,29.4606
4210803,7006.0,61.7043,19.3406,1822.0,0.8613,3.22,41.3287
4210852,2511.0,46.356,19.8327,1380.51,2.88,4.39,38.6918
4210902,4080.0,67.9167,21.0049,2525.48,0.1781,4.61,3.9843
4211009,10066.0,68.5973,20.3457,2163.03,1.2608,2.85,2.2205
4211058,9117.0,92.6182,26.4012,1157.98,3.0995,8.17,72.845
4211108,7736.0,58.3247,22.2208,1235.91,2.1861,5.44,10.5007
4211207,18537.0,87.9161,21.7457,1720.72,0.4326,3.32,82.8906
4211256,3010.0,45.4153,19.1362,1647.35,1.2258,4.69,8.6397
4211306,86401.0,95.9156,22.8898,1738.92,4.7181,2.74,83.3979
4211405,5155.0,76.0233,20.6402,2798.97,1.0333,4.63,4.8026
4211454,4536.0,42.1517,19.9074,2406.86,0.5458,3.31,2.3159
4211504,13727.0,76.1492,19.9534,2047.66,1.2103,3.02,54.8361
4211603,13664.0,79.8156,20.4772,1877.88,0.3471,2.87,51.3142
4211652,2643.0,49.4135,19.7881,2185.28,0.1503,4.58,0.1101
4211702,23661.0,79.5529,21.5037,2065.31,0.9952,2.51,66.1873
4211751,17312.0,92.3232,22.7761,1792.79,3.3233,3.41,72.4116
4211801,7032.0,69.781,18.9562,2446.42,0.7351,3.06,33.9104
4211850,2181.0,48.5099,20.3576,1508.02,0.1056,6.79,1.2706
4211876,1927.0,26.5698,17.4364,1673.43,0.5669,6.94,0.578
4211892,2215.0,46.9977,18.3296,1156.41,0.4969,6.98,23.4245
4211900,222598.0,98.7933,23.2221,2029.43,3.8134,1.99,54.9771
4212007,7605.0,76.1078,20.7758,2139.93,1.0094,6.96,0.4671
4212056,2561.0,46.8957,17.6884,1501.95,1.168,5.63,36.6667
4212106,15626.0,68.4308,18.2324,1913.03,0.6365,3.78,0.8267
4212205,19150.0,67.9687,22.6527,1568.58,2.9363,3.3,53.5673
4212239,4267.0,42.9107,18.3736,2750.48,0.45,5.83,0.0635
4212254,12897.0,95.0686,19.3921,1750.71,1.3975,2.1,3.2027
4212270,4034.0,38.2251,20.5999,1587.67,0.2335,8.56,6.1331
4212304,9063.0,81.43,20.4237,1513.69,1.3919,6.64,2.0954
4212403,4245.0,29.7291,16.914,1875.23,0.9066,3.09,12.0907
4212502,33663.0,99.8277,20.7617,1753.22,2.4387,2.38,82.1065
4212601,2992.0,57.3529,15.7086,2454.13,0.1775,2.18,0.6667
4212650,10190.0,81.3837,20.5594,1490.29,2.2979,3.71,4.8117
4212700,6716.0,42.302,19.1185,3308.39,0.2426,3.55,34.2202
4212809,27127.0,91.7462,19.8363,2255.06,3.8045,2.15,60.9496
4212908,21972.0,87.8709,23.3934,2285.95,1.5373,2.54,6.3971
4213005,3473.0,63.7201,23.4955,2022.36,0.9775,2.82,52.5957
4213104,5769.0,65.7306,19.3794,1775.54,1.5452,2.39,6.1734
4213153,2946.0,58.0788,18.4657,1901.26,0.6866,5.31,0.0945
4213203,34289.0,87.2671,20.2193,2135.56,2.3599,1.2,34.7895
4213302,4437.0,76.5382,21.794,1329.52,3.916,7.97,33.3959
4213351,3210.0,88.7539,23.4579,1197.09,0.3467,7.84,77.7046
4213401,10649.0,87.088,22.8848,1564.49,0.9257,6.67,33.7566
4213500,27688.0,93.9396,22.0998,2069.1,2.2973,2.93,16.5468
4213609,32970.0,86.8911,21.5469,1898.25,3.168,2.36,72.5895
4213708,17123.0,65.0295,22.1807,1720.92,0.9878,2.76,60.1285
4213807,8270.0,72.89,20.1814,1478.65,1.1009,4.78,41.0819
4213906,1689.0,39.1948,18.3541,1871.95,0.1062,2.64,0.9901
4214003,20010.0,77.956,24.8026,1966.13,1.9118,2.32,66.21
4214102,2301.0,46.8927,18.5571,1951.22,1.2723,5.8,16.5345
4214151,2964.0,42.0715,20.1754,2349.85,1.0676,2.9,0.183
4214201,11022.0,67.7373,21.5297,1806.72,4.4406,5.24,4.9662
4214300,3279.0,41.598,16.9869,2011.61,0.6565,4.36,27.462
4214409,6253.0,50.104,19.3507,1809.13,0.5438,3.94,6.7441
4214508,6452.0,48.4966,20.1333,2058.98,2.2929,4.26,45.2838
4214607,7747.0,59.8038,20.4079,2489.7,1.2214,2.41,57.0175
4214706,10865.0,58.6378,20.0,1654.22,1.4045,2.02,21.974
4214805,72587.0,93.1834,22.9463,2416.85,1.6432,1.93,65.0605
4214904,4847.0,46.2348,19.3522,1801.19,0.5173,0.98,37.737
4215000,39261.0,89.3813,22.4803,1592.73,1.3695,4.45,61.8396
4215059,2397.0,43.0955,21.3183,1770.92,1.6007,6.04,28.473
4215075,4768.0,55.8305,19.3792,1853.54,1.7214,4.99,2.7203
4215109,12757.0,82.2372,18.6643,1885.06,1.7365,2.88,59.2293
4215208,4823.0,43.1682,16.9604,2356.31,1.2019,5.72,3.3889
4215307,7489.0,67.5391,21.6851,1842.19,1.6807,3.0,52.0015
4215356,3632.0,46.8612,19.7963,1583.41,1.5356,6.84,0.5162
4215406,4390.0,82.4829,20.41,1953.74,0.6268,3.72,4.1491
4215455,12882.0,56.6527,24.0801,1365.46,1.1294,3.28,29.5225
4215505,15546.0,88.3571,23.0928,1544.14,0.3629,6.15,81.2071
4215554,2425.0,53.2371,18.1443,2133.42,0.1635,3.66,1.5891
4215604,2088.0,27.7299,18.8697,1903.24,,3.17,10.0407
4215653,9792.0,53.6969,20.5474,1531.38,2.0375,3.11,1.5514
4215679,8066.0,23.7664,20.5058,1685.25,1.4188,2.62,7.2011
4215687,2576.0,32.8804,18.7112,1861.87,0.1709,6.85,0.4188
4215695,1651.0,56.9958,19.6245,1422.63,0.3584,5.59,2.4263
4215703,27272.0,90.0411,20.3322,1906.51,2.4179,3.03,48.1256
4215752,2684.0,44.1505,19.7839,2364.31,1.5581,7.62,0.3064
4215802,83277.0,94.3622,21.6542,1941.74,1.3972,1.44,45.0907
4215901,2946.0,22.3014,17.685,1564.53,1.4493,1.36,2.0426
4216008,10282.0,71.348,18.4303,2123.6,1.0635,2.7,3.9246
4216057,6084.0,61.7686,24.9836,1488.6,1.206,6.37,64.9492
4216107,9226.0,72.0681,20.052,2247.77,0.9571,5.6,22.9655
4216206,52674.0,93.194,19.2163,1869.82,3.54,2.07,23.1389
4216255,6295.0,44.0826,17.4265,3215.69,0.5673,0.59,1.7043
4216305,32687.0,92.3425,23.3763,1715.92,0.9814,2.08,49.8194
4216354,4463.0,55.2319,21.9807,1695.69,1.1965,3.6,13.1544
4216404,8668.0,38.6594,20.2353,1534.99,0.6479,4.27,3.4908
4216503,25939.0,71.4021,21.5467,1604.93,1.4574,3.65,50.0209
4216602,270299.0,99.6855,22.225,2396.69,3.1355,1.66,72.026
4216701,14167.0,68.7443,19.2137,2548.44,0.9747,2.99,1.4055
4216800,8708.0,33.7621,19.0629,1223.88,1.0535,5.77,21.1301
4216909,24791.0,82.1104,21.7418,2140.03,2.0173,4.03,11.4003
4217006,13509.0,81.8491,24.4134,2064.29,0.5671,2.56,82.382
4217105,3405.0,37.8855,17.9442,2224.39,0.1402,0.72,24.1438
4217154,1781.0,31.3869,16.0022,2281.1,0.2466,5.32,0.3021
4217204,44330.0,89.3932,21.3603,2515.12,2.1218,2.69,10.3115
4217253,5776.0,73.1475,20.2216,2167.98,1.5791,3.76,19.3456
4217303,10265.0,63.546,20.7793,2154.73,0.9671,1.96,0.6392
4217402,20061.0,90.8978,20.8514,1978.64,1.3485,1.72,66.9349
4217501,18620.0,75.2148,21.8743,2097.28,1.6556,3.14,30.6989
4217550,3303.0,64.7593,18.9827,1823.32,1.8405,3.66,2.0325
4217600,13714.0,79.3642,19.8483,1838.15,1.2799,2.89,47.8734
4217709,29991.0,86.3392,22.4934,1687.98,2.3548,2.34,33.9518
4217758,2832.0,42.5847,19.2444,3151.9,1.0198,5.67,30.7307
4217808,18310.0,65.9694,20.5844,2065.3,1.1199,2.71,54.2063
4217907,8143.0,62.3849,20.2505,1861.19,0.3365,2.49,1.1475
4217956,2329.0,41.9064,18.2482,1442.85,0.1946,5.86,0.8111
4218004,51592.0,91.9968,23.996,1989.06,1.9399,3.09,56.2071
4218103,5386.0,49.7215,19.9963,1777.55,0.8769,5.8,15.3654
4218202,46099.0,93.2276,21.8052,2129.74,2.3099,1.43,66.3798
4218251,7342.0,60.365,26.0556,1221.89,2.7018,5.28,19.2857
4218301,19746.0,85.8959,23.2807,1287.6,1.8215,4.47,11.4407
4218350,3782.0,54.1248,17.5833,1977.65,0.9918,2.33,33.382
4218400,7362.0,54.075,19.5192,1556.82,0.1835,2.97,23.8592
4218509,8787.0,79.39,22.613,2521.03,0.9647,2.6,39.502
4218608,7274.0,69.4116,20.0852,2025.72,1.942,2.74,51.909
4218707,110088.0,94.2818,20.2574,2160.06,2.0622,2.01,76.1719
4218756,4916.0,35.1098,18.1041,3288.15,0.3003,2.72,9.8639
4218806,13043.0,71.5556,20.7391,2009.39,1.9447,2.97,48.9004
4218855,2774.0,52.956,18.0606,2224.06,0.7741,5.52,0.1949
4218905,10834.0,73.0478,20.3157,2017.81,0.5598,4.7,50.3286
4218954,2656.0,48.6069,18.9383,1649.66,3.6859,4.78,15.5925
4219002,20919.0,71.992,19.346,1838.88,1.0318,2.72,49.8133
4219101,3634.0,61.8327,21.9318,2062.19,2.187,4.55,18.7452
4219150,2627.0,39.665,18.3479,1330.09,2.9825,5.23,3.2706
4219176,4576.0,58.042,22.5743,1899.82,1.6522,4.74,20.3727
4219200,6189.0,42.4624,20.3749,1633.53,0.4523,4.27,4.5923
4219309,55466.0,92.325,23.5514,2199.25,1.3792,2.23,62.8925
4219358,5370.0,31.9181,21.4339,1613.42,0.5795,3.82,11.1342
4219408,4255.0,40.2585,22.1152,2324.29,0.1218,2.78,10.0196
4219507,51607.0,94.0628,22.6597,2120.34,2.4089,3.2,12.3154
4219606,3653.0,33.1782,16.2059,2639.27,,2.51,23.9425
4219705,31918.0,87.3582,21.361,1900.05,1.0832,3.27,7.4427
4219853,3930.0,89.0585,23.1298,1456.33,2.2924,4.32,0.6835
4220000,15981.0,98.542,18.4156,1651.68,2.2948,2.72,4.2992
4300034,4170.0,36.7146,19.8801,1644.79,2.3068,3.52,13.9505
4300059,3912.0,43.5327,20.0665,2262.1,0.652,2.89,6.5847
4300109,16041.0,51.0691,18.2158,1720.07,0.7979,3.41,49.6738
4300208,6720.0,64.1667,17.2321,2357.63,0.3562,2.93,6.25
4300307,6123.0,41.189,13.8821,1732.26,1.27,4.83,0.6659
4300406,72409.0,90.6006,19.9298,1653.21,4.7224,3.91,76.4489
4300455,3651.0,46.59,14.1331,2205.9,0.8824,4.76,0.5506
4300471,1969.0,51.6506,16.2519,2128.82,1.3228,3.11,18.5464
4300505,7117.0,36.181,15.751,2094.44,1.4362,7.63,12.6186
4300554,1800.0,48.7222,16.5,1652.45,5.644,5.43,0.1435
4300570,3072.0,36.1328,17.3503,1814.97,0.464,1.24,14.065
4300604,187315.0,100.0,22.9298,1332.84,6.03,2.55,92.1832
4300638,5310.0,32.2599,20.4896,1018.29,2.3908,7.32,3.0318
4300646,7650.0,62.915,22.8889,1500.41,0.7068,6.37,4.7915
4300661,1135.0,50.3084,18.8546,1705.55,1.7657,3.55,13.5011
4300703,5957.0,48.9508,16.552,2682.97,0.0883,2.65,39.1946
4300802,13045.0,73.4381,17.9916,2153.43,0.4967,3.24,68.2381
4300851,4112.0,79.5477,16.3181,1556.44,2.1424,4.82,11.8566
4300877,8525.0,80.3754,22.0528,1362.38,0.1821,3.02,56.4541
4300901,6483.0,59.6175,15.0393,2353.81,0.4866,2.75,43.1014
4301008,21958.0,82.4529,18.4853,2120.87,1.7935,1.7,5.0672
4301057,11057.0,96.1291,16.2521,1638.58,2.7312,2.13,3.3819
4301073,2599.0,26.5871,19.6999,1613.45,0.983,2.98,0.1215
4301107,14601.0,91.6239,20.7931,1504.33,6.6988,4.06,52.2583
4301206,12058.0,51.443,19.8292,1519.14,1.4091,4.68,11.4106
4301305,17558.0,87.9713,20.1674,1360.17,4.2393,5.77,84.5096
4301404,10322.0,66.8184,20.1414,1561.86,0.2063,4.34,56.5759
4301503,7149.0,57.1269,16.4778,2387.12,1.1239,2.6,1.3409
4301552,3396.0,52.1496,16.9317,1517.58,2.0208,2.82,19.651
4301602,117938.0,97.4097,21.3697,1662.21,6.1848,2.94,85.1697
4301636,14955.0,99.1307,16.8506,1475.9,10.7112,3.88,6.5902
4301651,6461.0,64.5101,18.4956,2268.93,0.8459,2.06,23.6094
4301701,7144.0,73.6702,18.813,2068.99,1.3588,2.63,21.6045
4301750,5889.0,14.1111,20.7166,1185.44,3.477,6.17,1.5774
4301800,4831.0,64.0447,17.4705,1797.57,1.7827,4.81,4.7644
4301859,3161.0,63.5875,19.4242,1418.41,2.3653,5.45,0.2545
4301875,4241.0,75.1474,22.2117,1229.26,4.4554,4.09,72.093
4301909,12225.0,76.7117,19.3538,1523.42,7.2239,4.74,74.166
4301925,1696.0,27.3585,12.0873,2481.84,0.9938,5.16,
4301958,2498.0,72.0977,17.534,1991.52,1.569,2.44,1.4509
4302006,9296.0,44.2879,19.5676,1364.7,2.6382,10.83,27.4696
4302055,2082.0,22.6225,22.6225,1631.91,2.9262,11.25,7.8621
4302105,123151.0,95.1239,20.0616,2516.92,1.5757,1.62,83.5023
4302154,1933.0,62.5453,19.8138,1653.55,1.3529,3.74,1.8325
4302204,6966.0,70.758,17.0112,1976.81,1.3238,1.29,6.6545
4302220,2229.0,28.3984,17.0929,2133.19,0.5092,2.54,0.117
4302238,2271.0,41.4355,17.8776,1302.75,1.3205,1.79,0.2384
4302253,2779.0,16.6607,14.7175,2314.5,1.8182,2.83,3.2319
4302303,11202.0,78.852,21.0587,1183.2,1.8228,8.44,72.6298
4302352,13142.0,83.8076,19.6469,2002.51,1.0651,1.11,60.1081
4302378,2096.0,59.8282,17.3187,1621.07,2.2851,6.75,0.609
4302402,12294.0,80.3563,20.0016,1774.79,1.7372,2.79,22.06
4302451,6247.0,26.7488,18.3768,1647.73,1.0107,6.45,2.377
4302501,5890.0,58.2683,17.5891,1390.7,0.6905,8.25,4.4086
4302584,2151.0,37.0525,16.5969,1638.05,3.4535,3.89,0.3717
4302600,3268.0,70.41,19.033,1343.57,1.4238,6.94,7.916
4302659,4966.0,49.6778,18.1031,1992.92,0.9934,3.43,6.1417
4302709,19084.0,96.4054,20.284,1374.61,8.1414,3.88,55.0796
4302808,32515.0,77.5304,18.3023,1519.48,2.7083,6.26,55.1529
4302907,11157.0,80.3263,18.41,1367.34,5.7286,4.85,24.0225
4303004,80070.0,86.4131,19.1033,1757.97,4.9418,4.46,43.7822
4303103,136258.0,100.0,21.3411,1884.12,4.5869,1.67,97.2506
4303202,4603.0,37.1931,19.2918,1246.35,1.2855,5.27,26.8072
4303301,4704.0,65.8588,17.2832,1856.95,6.4133,2.55,1.0554
4303400,4836.0,43.9826,18.0108,2241.76,0.9123,4.17,17.3936
4303509,62200.0,81.3023,20.492,1605.16,4.525,4.2,77.0811
4303558,2981.0,61.6572,18.1147,2309.51,2.8986,3.45,22.7837
4303608,6361.0,72.8973,20.7829,1511.6,0.7348,3.26,53.2865
4303673,3242.0,41.9186,17.5817,1371.16,1.1111,3.7,32.3209
4303707,5882.0,45.0527,15.5559,2384.95,1.0228,1.8,39.3307
4303806,5284.0,81.6238,16.408,1877.21,1.6304,3.82,65.6796
4303905,62886.0,96.2122,19.847,1991.18,2.4465,1.92,95.7185
4304002,4975.0,80.4824,19.7789,1441.24,1.3069,7.0,1.1458
4304101,3613.0,61.2234,16.9665,1859.44,3.0322,7.23,3.4932
4304200,28906.0,56.5315,19.9232,1375.38,2.4761,4.65,47.8574
4304309,6294.0,35.653,16.6667,2260.55,0.983,2.68,4.264
4304358,10710.0,77.9272,22.9879,1372.47,5.532,4.6,73.5072
4304408,48946.0,96.9456,22.7128,2181.94,2.1054,2.08,73.5712
4304507,49680.0,41.9324,19.6075,1501.9,3.9694,5.55,38.7897
4304606,347657.0,100.0,21.3676,2066.82,5.1173,1.84,97.703
4304614,1656.0,26.2077,13.9493,1812.7,,5.67,0.9259
4304622,1733.0,23.7161,17.6572,1683.27,0.646,5.45,0.5789
4304630,63594.0,98.8537,21.3794,1932.27,6.1062,2.18,30.7634
4304655,3119.0,31.3562,19.0766,1746.81,6.9172,2.07,1.7995
4304663,26487.0,94.1179,22.0448,1171.22,4.347,4.55,38.0337
4304671,3991.0,87.2714,21.7489,1622.38,1.7797,3.77,45.1203
4304689,11159.0,69.7195,20.8262,1406.12,1.1503,4.47,44.7356
4304697,2921.0,44.9161,19.3085,1761.46,2.2044,2.99,29.4118
4304705,61804.0,97.7396,20.0877,2049.08,3.9036,2.8,24.7894
4304713,7394.0,27.8199,17.0544,1436.47,1.6177,4.72,1.8899
4304804,30420.0,80.3945,19.7995,2626.72,1.3086,1.58,75.0644
4304853,1368.0,31.5789,17.8363,1475.2,0.7282,2.78,5.848
4304903,9465.0,68.9488,19.0069,2626.19,1.6488,2.5,12.4655
4304952,3000.0,52.8,19.4,1774.11,0.1668,6.73,83.8739
4305009,8674.0,70.475,16.7051,1787.11,1.8248,3.82,6.2018
4305108,463501.0,96.4684,20.4435,2330.62,3.5944,1.59,90.077
4305116,2721.0,43.7339,15.5458,1378.3,1.6598,1.4,9.1174
4305124,5808.0,62.0007,18.3023,1229.98,8.049,7.14,32.0049
4305132,3802.0,31.1415,15.071,1507.25,0.7855,8.94,6.9532
4305157,2379.0,48.7179,18.2009,1824.62,0.7563,10.62,1.0929
4305173,9178.0,30.6167,21.9874,1300.87,3.0408,6.05,16.0615
4305207,13705.0,81.7731,20.0584,1996.14,2.7011,3.14,19.3458
4305306,9540.0,67.2013,17.673,1849.22,1.3469,2.71,9.2816
4305355,35012.0,97.1781,22.4666,1785.15,5.7617,3.24,72.262
4305371,2768.0,23.1214,23.2298,1739.81,0.7626,5.62,1.6684
4305405,3913.0,72.2719,17.838,1954.81,1.3567,4.9,1.6415
4305439,6262.0,97.1575,22.3411,1448.23,5.2348,1.51,79.2872
4305447,4597.0,7.3309,20.6221,1608.16,1.1215,6.18,1.1983
4305454,17071.0,97.9263,16.1326,1526.55,6.4459,3.0,8.9581
4305504,4149.0,61.4847,18.2695,1730.43,0.1787,3.35,44.3452
4305587,2423.0,45.1094,13.9909,2243.77,0.3028,1.0,6.962
4305603,3258.0,59.9448,15.132,2130.43,1.8854,3.17,0.8594
4305702,6406.0,71.8701,19.5754,1895.81,1.6084,4.26,1.8379
4305801,10385.0,77.7275,19.74,2063.36,1.7399,3.94,1.4512
4305835,1290.0,20.0,11.7829,2430.83,0.6656,4.5,41.8327
4305850,2211.0,43.9168,16.3275,2555.61,2.1441,3.51,0.4464
4305871,2822.0,55.8469,17.1155,2178.56,1.5763,2.06,0.2747
4305900,6144.0,73.5352,18.6035,1313.41,1.24,7.04,4.9377
4305934,1607.0,12.2589,15.7436,2882.39,,3.16,7.7876
4305959,3846.0,54.9402,15.3926,2003.46,0.1303,1.95,41.8004
4305975,2667.0,66.4417,18.9726,1655.79,1.3479,3.59,2.2593
4306007,12886.0,52.8015,17.8023,1902.99,0.9691,3.23,3.3036
4306056,7299.0,69.7767,20.3453,1456.88,3.2536,6.93,65.5098
4306072,2692.0,47.1397,18.3135,1402.3,2.9536,6.34,0.473
4306106,58913.0,97.1195,20.2672,1995.66,3.2082,3.61,32.2721
4306130,1635.0,29.5413,14.8624,1965.07,0.2608,4.77,9.9026
4306205,11600.0,63.8621,18.181,1693.59,0.9372,3.06,6.2814
4306304,4321.0,55.913,17.9357,1785.56,0.7086,4.0,36.6707
4306320,2751.0,43.1116,17.7754,1783.0,1.0093,5.92,0.3724
4306353,2507.0,27.3235,15.9553,1659.75,4.507,9.33,1.2783
4306379,2806.0,38.0613,14.6472,1705.85,0.5685,7.75,10.7236
4306403,30709.0,98.5542,19.6034,2188.04,1.4394,1.17,76.5915
4306429,2090.0,54.067,18.3732,1288.19,5.9468,9.58,1.5038
4306452,3097.0,53.5034,13.8844,1823.9,0.1586,2.81,60.8958
4306502,13051.0,27.3312,20.9562,1327.63,3.4268,8.61,14.7602
4306551,2562.0,42.662,16.8228,1374.7,1.0496,3.21,0.7619
4306601,36981.0,90.9981,20.6809,1515.04,4.6225,4.27,88.1543
4306700,3079.0,66.4826,17.6031,1460.43,0.6938,3.28,61.0793
4306734,4470.0,59.6868,15.5928,2041.23,1.5429,3.53,0.4396
4306759,1888.0,52.4364,16.6843,2045.38,0.6932,2.2,5.2113
4306767,39559.0,93.9432,21.5754,1573.59,6.7428,3.29,68.0486
4306809,22962.0,89.3737,18.67,2213.18,2.9745,2.5,71.2118
4306908,23819.0,73.9872,20.9832,1425.04,3.4304,7.02,63.6827
4306924,1296.0,44.9074,18.3642,1746.89,0.3617,6.07,1.3605
4306932,9158.0,61.105,17.8751,1554.23,1.7396,3.68,3.4618
4306957,2685.0,73.7803,15.8287,1596.55,1.4658,6.46,12.1435
4306973,3054.0,65.1277,21.7092,1452.05,1.1209,3.9,4.7708
4307005,105705.0,96.3758,20.4787,2385.71,1.7644,1.94,78.5292
4307054,3034.0,58.8003,18.4245,1833.01,0.1912,2.72,3.04
4307104,6191.0,69.9725,19.0276,1225.78,3.0514,4.65,60.1574
4307203,4930.0,64.8073,17.4645,1448.46,3.5797,8.87,19.274
4307302,6787.0,51.4955,18.1081,1414.36,3.0745,5.66,10.6171
4307401,3195.0,65.2895,19.4053,1412.83,3.7879,7.43,33.9744
4307450,3226.0,29.3242,15.0031,1449.92,1.7685,6.31,2.4295
4307500,15173.0,77.4863,19.5347,1984.0,2.5406,4.8,34.9724
4307559,5582.0,86.9581,17.646,1792.35,1.3571,2.76,63.8582
4307609,47924.0,97.1017,19.8877,1975.46,2.8769,1.19,81.8085
4307708,76137.0,99.9461,20.4697,1899.78,5.0114,1.74,94.7545
4307807,32183.0,85.6819,18.777,2031.92,2.6565,1.58,62.6641
4307815,3070.0,43.4528,17.4919,1666.27,1.0114,4.19,31.4384
4307831,2633.0,63.7676,17.3186,1771.7,3.7893,3.87,0.1799
4307864,2566.0,55.3001,16.9525,2086.7,1.4066,2.54,53.7939
4307906,70286.0,86.4312,20.4109,2099.9,2.4773,1.47,71.4799
4308003,6702.0,73.7392,18.3229,1987.81,2.6967,3.06,69.2755
4308052,2520.0,58.0159,18.8889,1922.21,0.5159,6.14,0.5976
4308078,4291.0,57.306,21.044,1500.24,2.2059,3.7,3.0984
4308102,13764.0,79.3665,18.3668,2300.06,2.0872,1.62,37.6344
4308201,30892.0,79.0528,19.2445,2303.59,1.4639,1.94,74.5573
4308250,1668.0,26.3789,13.4293,1586.03,,2.88,1.1527
4308300,9550.0,51.6754,19.6021,1460.29,2.7413,10.15,8.9387
4308409,6413.0,42.6945,15.8272,1436.99,2.2213,8.81,26.4196
4308433,2393.0,30.6728,14.2081,1608.56,0.8222,6.01,1.466
4308458,4477.0,72.6826,18.2712,2095.83,1.3962,4.14,6.0116
4308508,32627.0,83.6087,22.0584,2257.68,1.5726,3.18,61.9347
4308607,34335.0,89.9723,19.2049,2487.48,1.6889,1.51,81.9118
4308656,2688.0,34.189,17.5223,1367.69,2.5372,9.91,1.5152
4308706,5665.0,66.4431,16.9109,2655.63,1.4022,2.74,16.7046
4308805,7612.0,58.7362,17.3673,1484.84,2.6535,5.54,6.1309
4308854,1744.0,54.9885,19.4381,2888.72,1.4228,4.89,0.774
4308904,16602.0,89.1218,18.4677,2249.9,2.9091,2.35,50.2844
4309001,16013.0,80.878,18.816,1632.65,3.1293,4.27,2.1856
4309050,7658.0,54.6226,17.929,1564.64,3.0266,5.29,34.5369
4309100,40134.0,86.4305,20.9673,2622.73,2.2082,0.97,61.0754
4309126,2014.0,30.7845,18.0735,1252.53,0.3021,11.49,7.3306
4309159,3304.0,15.4056,21.247,1202.09,1.0492,6.83,4.4212
4309209,265074.0,96.0679,21.0813,1696.73,6.1091,2.58,79.9261
4309258,1417.0,52.5053,13.6909,1705.26,0.3697,3.98,16.9039
4309308,92924.0,97.4926,20.8687,1668.25,7.0272,2.09,85.3397
4309407,25268.0,91.5466,19.8314,2065.92,0.621,1.84,87.1383
4309506,7415.0,66.1362,16.6419,1956.16,1.287,4.21,0.7495
4309555,5378.0,68.5571,20.0818,2119.47,1.1212,0.81,19.7329
4309571,2565.0,21.9883,19.2982,1484.1,,7.32,0.3102
4309605,18851.0,84.9239,18.4871,2203.71,1.6643,1.97,17.2744
4309654,5976.0,42.7711,21.168,1219.72,3.7467,5.95,40.3628
4309704,4681.0,63.213,15.7872,1799.56,1.9231,3.01,0.424
4309753,3732.0,32.5027,18.8639,1515.91,14.6882,5.63,0.6351
4309803,4527.0,69.5825,16.8986,1840.85,0.1147,3.82,35.6497
4309902,6776.0,56.523,19.8495,2287.25,1.2507,4.57,52.9109
4309951,3723.0,68.6275,20.5479,1762.16,1.5689,5.67,7.4555
4310009,21583.0,83.2785,19.9046,2923.72,1.7285,2.15,2.3906
4310108,32808.0,93.6631,20.5864,1769.21,2.4825,2.32,86.5017
4310207,84780.0,91.4331,20.1191,2280.37,3.1762,2.34,48.1096
4310306,4157.0,56.0741,17.9697,2139.37,0.9465,5.29,23.1942
4310330,26824.0,99.9925,17.6819,1774.31,4.4422,2.33,2.5344
4310363,3080.0,57.1753,16.3312,2396.68,0.1753,1.94,2.6227
4310405,6427.0,69.8304,17.5198,1910.25,0.8475,3.52,2.9791
4310413,2014.0,64.6971,17.8749,1245.23,2.6279,8.94,0.6394
4310439,5399.0,59.3443,16.3734,1802.03,2.2572,4.6,57.6041
4310462,1720.0,42.907,13.7209,2773.2,0.8584,3.51,2.5185
4310504,7482.0,57.6183,17.5221,1572.85,0.7906,7.59,16.8254
4310538,5572.0,80.5276,18.5032,2136.25,4.0404,3.07,3.1206
4310553,2995.0,45.8097,16.8614,1298.07,1.2346,4.99,31.7949
4310579,1937.0,28.1363,18.2757,2035.46,0.2806,6.26,1.931
4310603,35768.0,89.2082,21.8324,1442.82,5.1263,4.13,74.4229
4310652,2638.0,32.4488,17.3237,1327.12,1.4668,4.96,1.4409
4310702,3208.0,54.2082,14.1521,1459.71,0.8673,3.32,10.5058
4310751,1929.0,37.8434,17.3665,1960.11,0.8418,3.16,28.2432
4310801,22983.0,92.0028,17.9132,2380.0,2.7185,1.66,73.6188
4310850,3779.0,51.7862,18.153,1329.75,1.1811,9.45,3.2688
4310876,2040.0,29.4608,18.0392,1148.0,3.6212,11.07,11.4796
4310900,3338.0,72.7382,15.728,1979.26,0.4005,3.47,51.1914
4311007,26603.0,92.9143,19.9602,1581.33,3.6437,3.58,74.2986
4311106,10579.0,60.5445,15.9561,1871.31,2.0806,3.49,13.8547
4311122,3690.0,65.393,20.1355,1058.77,4.4787,7.21,58.5909
4311130,3349.0,27.2619,15.8256,1331.59,1.6652,4.05,0.3003
4311155,7184.0,30.7628,18.1932,1881.4,1.197,5.51,2.9496
4311205,18226.0,84.8129,19.527,1699.46,3.5995,4.7,62.9146
4311239,2251.0,20.5686,18.0364,1502.05,2.2243,7.85,
4311254,5341.0,35.3679,19.0227,1280.03,1.3989,13.36,17.7078
4311270,1738.0,64.7871,14.3843,2326.25,1.3444,0.82,0.6116
4311304,27659.0,88.9078,20.9661,1855.38,2.629,3.57,84.554
4311403,93646.0,99.6551,21.6987,2490.87,2.0339,2.4,21.4875
4311429,2601.0,32.4875,21.4917,1182.61,2.5253,12.31,0.3052
4311502,7157.0,81.7801,18.4575,1521.74,1.8031,7.48,56.6302
4311601,4781.0,34.0515,15.8963,1705.05,0.7897,9.77,2.0799
4311627,6248.0,83.9949,22.2311,1516.47,1.7063,2.38,78.6147
4311643,1683.0,26.0844,16.4587,1864.49,0.225,1.81,1.3534
4311700,5735.0,67.7419,18.5527,1501.06,1.1288,6.29,17.8851
4311718,4425.0,26.9153,19.774,1297.03,1.5297,5.29,49.326
4311734,3131.0,26.3175,17.9495,1297.67,0.2179,5.88,5.7583
4311759,6801.0,76.0182,18.8649,1491.49,3.0893,5.31,5.0235
4311775,7418.0,34.7263,18.6169,1494.9,1.6605,4.86,4.988
4311791,2470.0,35.587,16.6802,2028.04,2.2957,2.48,2.5694
4311809,45124.0,90.6037,21.4143,2256.96,1.2472,1.72,73.9729
4311908,4320.0,54.0972,16.088,2070.86,2.1218,3.58,3.6952
4311981,3916.0,16.6752,17.1604,1441.03,5.0482,5.43,15.1312
4312005,1858.0,60.9257,15.3391,2243.73,0.8,3.88,2.9062
4312054,3969.0,43.0587,15.873,1825.9,0.9091,4.05,1.7789
4312104,4698.0,59.3444,16.3687,1543.63,1.1154,3.61,7.4528
4312138,2553.0,28.7897,16.4121,1605.58,0.2812,5.19,2.0541
4312153,4859.0,42.6631,18.3165,1637.84,1.6915,3.34,2.2836
4312179,1795.0,38.7744,16.3788,1352.71,3.8128,2.44,0.4304
4312203,4191.0,69.8401,17.3706,1564.17,2.3367,5.96,50.9422
4312252,7505.0,96.6023,21.4923,1237.25,3.438,5.02,79.7937
4312302,4427.0,52.6768,17.7547,1413.56,1.1983,6.07,3.5585
4312351,1499.0,52.9686,16.2108,2821.46,0.2286,6.25,2.9907
4312377,3180.0,22.7044,19.8428,1166.56,2.3308,6.72,11.0553
4312385,2557.0,31.3649,12.7884,1921.88,1.1466,0.5,3.3806
4312401,64322.0,81.9067,21.0503,1897.77,3.2911,2.49,70.0994
4312427,2756.0,25.9797,18.3237,1549.13,0.5682,7.09,8.9792
4312443,3071.0,47.8346,15.2068,1608.45,2.164,2.48,1.6419
4312450,6046.0,48.2302,15.564,1503.22,4.3147,5.03,10.757
4312476,6029.0,72.765,17.3163,1806.64,0.6903,1.45,19.9478
4312500,12090.0,68.8916,19.694,1246.83,3.0396,7.43,54.7572
4312609,4601.0,85.6553,16.366,2114.86,0.6748,3.43,61.1204
4312617,2879.0,27.9611,19.5554,1418.99,2.2925,2.75,10.1277
4312625,1721.0,39.3957,19.5816,2360.89,0.939,6.06,9.0909
4312658,17898.0,89.5296,20.0134,2175.25,1.374,2.24,18.0241
4312674,1932.0,48.9648,16.7702,2530.73,2.4845,2.9,2.7308
4312708,13719.0,75.1294,21.1167,1582.13,4.9133,7.62,1.5786
4312757,3163.0,56.2125,19.8862,2575.7,0.7708,4.9,19.2833
4312807,4954.0,81.3282,23.2338,2136.64,0.7087,2.03,70.624
4312906,9649.0,69.7274,19.7119,2046.8,3.3014,2.06,49.7721
4312955,2042.0,47.3066,16.8952,2487.62,2.8285,1.93,2.1357
4313003,3044.0,50.2957,16.1629,2582.36,1.4228,1.66,4.3693
4313011,3061.0,42.9271,16.3672,2547.55,0.4896,1.04,12.3519
4313037,4865.0,81.5211,19.1161,1628.39,1.2323,2.23,19.1501
4313060,20088.0,90.4122,21.7294,1487.48,1.4862,3.12,62.8319
4313086,2343.0,34.4857,15.621,2241.7,0.2692,1.38,38.7654
4313102,5586.0,62.1017,18.8865,1829.37,3.8875,1.82,30.0343
4313201,23300.0,76.7167,16.8755,2219.28,1.8995,1.08,6.6475
4313300,25692.0,84.322,19.438,2089.33,1.6383,1.56,60.3077
4313334,2163.0,32.8248,14.3782,3024.38,0.7187,2.08,0.9259
4313359,3466.0,48.8459,17.4264,2294.79,0.3889,2.89,53.0498
4313375,29024.0,89.5638,22.3022,1533.62,4.5059,3.28,34.8554
4313391,3568.0,16.0874,15.9473,1644.07,1.3403,4.52,1.4403
4313409,227646.0,97.5734,20.8464,2138.48,3.1039,2.1,90.2892
4313425,3198.0,50.2502,15.0094,1276.42,0.2317,3.84,0.1534
4313441,2146.0,40.9133,17.4744,1617.01,3.4483,5.98,40.7814
4313466,1646.0,47.7521,15.7959,2118.7,1.1166,2.39,0.1608
4313490,4272.0,47.4017,17.5562,1322.87,2.7159,6.46,1.7001
4313508,47396.0,92.415,20.7591,2065.29,3.3656,3.14,51.21
4313607,3629.0,58.6387,17.3326,1670.92,1.6839,3.7,12.0226
4313656,12844.0,92.9072,16.3968,1325.77,2.9646,4.18,12.5652
4313706,33216.0,89.5683,20.2974,1578.86,4.5884,6.44,25.8743
4313805,7839.0,56.0403,19.3009,1562.57,0.6112,6.31,14.4426
4313904,43515.0,92.6209,20.825,2086.21,1.7705,1.45,8.9961
4313953,10212.0,86.1242,20.5542,1438.55,6.2136,5.88,76.0766
4314001,7194.0,64.8596,17.5146,2303.16,0.1573,1.02,52.939
4314027,6519.0,45.7432,16.5209,1115.75,1.7248,6.16,15.8579
4314035,4319.0,29.9606,17.2494,1816.63,0.6387,1.58,23.9286
4314050,52058.0,95.9449,22.0523,1535.37,1.4972,3.02,85.172
4314068,3983.0,13.8589,18.5036,1266.84,2.6072,7.25,0.5902
4314076,6025.0,27.4689,16.8133,1493.09,3.4979,3.05,25.1575
4314100,206215.0,98.2863,22.2564,2343.36,2.5429,2.29,56.7895
4314134,2144.0,37.5933,15.7649,2959.51,1.586,3.64,1.8916
4314159,7978.0,57.834,18.0872,1447.12,1.1275,3.53,1.5243
4314175,2061.0,35.2741,17.7098,1529.35,5.0132,6.0,47.4596
4314209,7484.0,94.1475,18.4928,1254.09,6.8919,6.36,67.5422
4314308,3745.0,70.2537,17.8104,1691.27,0.2769,2.03,6.2545
4314407,325685.0,93.8502,21.2101,1959.93,5.6192,2.71,78.4556
4314423,5351.0,69.4637,17.4547,2056.94,0.5962,1.05,35.1551
4314456,2959.0,51.3011,20.2771,1426.23,0.7734,5.74,26.3545
4314464,2248.0,31.2278,17.0374,1382.28,3.6193,6.59,0.791
4314472,3805.0,56.3732,17.4507,2173.71,1.0627,3.58,47.6934
4314498,4540.0,21.5419,19.141,1757.29,1.6256,7.72,2.8892
4314506,11214.0,79.7485,18.0756,1416.97,7.9529,6.01,75.9525
4314548,2723.0,30.3709,16.1219,2510.66,0.6433,2.78,0.8705
4314555,2260.0,36.1947,13.6283,1342.02,2.6856,9.34,0.5453
4314605,17504.0,64.591,18.2473,1240.96,2.1941,8.05,39.7711
4314704,10406.0,61.5126,18.8257,1342.22,0.4438,7.83,9.8049
4314753,2171.0,55.1359,16.3058,1915.28,1.7398,1.77,0.2375
4314779,3296.0,51.2439,17.9612,1695.82,1.3415,3.39,18.3479
4314787,1575.0,35.746,14.4127,2431.26,,3.83,1.1966
4314803,34071.0,87.7168,20.5307,1627.56,2.6689,2.32,76.0804
4314902,1332845.0,99.8187,20.1267,3203.31,4.8872,1.65,93.0096
4315008,4360.0,49.1972,13.3257,1673.28,1.3731,6.51,1.261
4315057,2142.0,40.2894,13.7722,1373.97,1.9355,5.41,1.6607
4315073,1560.0,25.4487,13.0128,1544.81,1.1583,6.47,8.4211
4315107,9938.0,62.417,18.7362,1572.31,2.794,6.09,39.2921
4315131,1739.0,43.1282,15.5262,1783.78,2.3529,8.4,1.9549
4315149,3077.0,66.5583,18.3295,1581.99,0.1919,1.82,97.8417
4315156,5340.0,37.7715,16.7228,1524.47,1.8668,6.09,8.8668
4315172,2025.0,26.5679,15.0123,2219.02,0.0907,4.01,0.3989
4315206,3747.0,45.5031,15.9594,1838.13,1.7143,5.35,40.9956
4315305,23500.0,92.566,21.2085,1391.76,3.7181,3.94,79.3386
4315313,1552.0,58.8918,18.4923,1947.15,2.3377,5.56,0.3466
4315321,2507.0,39.0108,17.3514,1417.51,1.4549,5.56,0.5808
4315354,3910.0,61.202,16.8031,2866.59,,1.85,1.7787
4315404,9738.0,33.8981,27.3362,851.69,4.5992,8.87,1.9349
4315453,1796.0,46.9376,14.6993,1810.47,0.2043,3.63,26.6187
4315503,14939.0,61.2959,19.2851,1470.95,2.9158,5.49,30.8838
4315552,2835.0,32.3104,15.3439,1646.66,0.8814,9.55,0.7333
4315602,191900.0,95.6316,21.0182,1671.01,7.7206,3.11,39.6446
4315701,34654.0,70.1016,19.4638,1477.03,7.1823,5.56,60.2226
4315750,4473.0,64.5205,18.9582,1519.68,0.3497,6.05,24.7829
4315800,10418.0,71.3189,18.6024,1866.11,0.9773,2.78,48.8516
4315909,6654.0,67.9591,19.5221,1960.07,1.0756,5.09,1.1232
4315958,2291.0,32.3003,14.797,1225.08,4.0843,6.11,19.1676
4316006,21253.0,78.0031,20.463,1643.72,1.0683,3.75,37.5319
4316105,9777.0,75.2992,19.8629,2330.21,1.2735,5.13,18.0107
4316204,4991.0,51.5929,15.9888,2559.5,1.2329,2.85,14.302
4316303,6576.0,49.2853,16.2865,1796.07,0.7368,4.64,1.7021
4316402,36630.0,89.151,20.6497,1627.08,6.0155,4.18,69.8616
4316428,2480.0,44.3145,18.7903,1376.32,1.1555,6.92,1.7472
4316436,2575.0,73.4369,14.4466,1873.11,3.0115,3.72,6.6667
4316451,10203.0,86.1315,20.1215,1561.65,2.3441,6.62,43.5744
4316477,2877.0,57.6295,15.8498,1696.82,0.4394,1.06,1.3417
4316501,6879.0,63.2941,20.7734,1967.63,0.8993,1.72,5.7325
4316600,16399.0,75.4802,17.8547,1943.31,0.8,2.79,45.2593
4316709,8122.0,81.9626,18.653,1887.18,2.6629,3.64,11.3225
4316733,1674.0,40.5018,19.0562,2248.46,0.3947,3.69,0.9724
4316758,6887.0,70.2628,18.1792,1832.22,0.5464,1.11,3.6434
4316808,133230.0,90.039,20.4398,2192.33,3.249,2.11,84.7717
4316907,271735.0,96.2095,22.6699,2365.64,3.7514,1.91,77.0564
4316956,6340.0,47.2397,16.53,1764.69,0.5541,1.7,1.2842
4316972,2596.0,22.6502,16.718,1610.73,3.5964,10.56,5.4966
4317004,7024.0,56.549,17.0416,1182.47,5.6381,8.01,42.6553
4317103,84421.0,91.1171,20.5814,1600.16,5.2182,2.71,40.6202
4317202,76963.0,91.9455,20.4046,2122.58,2.6046,1.95,36.0573
4317251,1505.0,37.5415,13.0233,2366.65,0.2123,1.59,5.7432
4317301,30983.0,87.1058,19.7657,1518.77,4.3378,3.89,66.2726
4317400,48938.0,92.1288,19.8741,2097.02,3.4416,2.72,80.8959
4317509,76917.0,94.6956,20.9863,2046.8,3.1339,2.71,34.7806
4317558,2091.0,41.6547,17.4558,2000.81,2.0455,3.6,3.2086
4317608,42947.0,76.8808,20.0945,1614.13,3.1871,6.34,33.0795
4317707,10300.0,68.3981,18.1165,1526.41,2.2963,5.82,0.93
4317756,2089.0,75.2992,16.5151,1912.78,1.9881,1.92,
4317806,13902.0,86.5487,18.4434,1895.92,1.9535,4.99,3.4546
4317905,15320.0,61.4752,17.4021,2116.06,1.861,1.54,4.9907
4317954,2349.0,47.9779,14.9,2108.68,3.9168,6.28,3.6026
4318002,59676.0,89.9139,20.804,1568.58,4.1103,5.71,37.5416
4318051,2754.0,73.3115,16.8482,2785.62,0.6824,2.45,6.7171
4318101,17618.0,74.6793,17.5105,1663.89,3.21,6.38,10.5437
4318200,21893.0,71.717,21.7101,1572.34,2.1683,5.35,46.3804
4318309,58487.0,90.179,20.4969,1526.68,4.5538,5.85,68.5484
4318408,21028.0,78.2956,19.6072,1635.38,6.9098,5.61,33.0614
4318424,4461.0,59.8969,15.2881,2185.87,0.5063,5.13,31.8574
4318432,2649.0,61.6837,15.8173,2028.21,0.7862,1.24,59.9424
4318440,2912.0,54.2239,17.4794,1677.22,1.5686,0.95,42.2899
4318457,2362.0,41.0669,16.6808,1309.27,1.4303,7.09,0.5365
4318465,1902.0,43.5331,18.6646,1379.43,0.7788,10.9,5.3405
4318481,4447.0,59.7706,17.6299,1834.47,1.5122,1.53,24.5127
4318499,2406.0,58.7697,14.7548,1809.63,0.7634,1.6,0.2092
4318507,25443.0,75.9069,20.0409,1183.51,4.0233,10.67,38.6147
4318606,6834.0,64.9107,18.3348,2185.37,1.1571,4.45,48.7947
4318614,2380.0,39.0756,16.3025,1684.96,2.011,1.62,4.886
4318622,4172.0,59.396,22.3873,1066.14,,4.5,58.4647
4318705,217409.0,99.4623,21.7217,1922.89,5.1833,2.4,93.8045
4318804,41989.0,59.9347,18.4906,1750.71,2.9555,3.41,54.335
4318903,34752.0,91.7415,20.7787,1901.46,1.8988,3.88,40.6432
4319000,21084.0,86.3593,19.6595,1695.7,1.4249,2.29,86.8936
4319109,5481.0,69.1662,16.4933,1810.54,0.5423,3.86,0.8574
4319125,2860.0,38.8112,15.5944,1776.57,3.7833,6.63,1.3949
4319158,7056.0,59.042,19.3878,1484.86,1.6236,3.84,12.0542
4319208,5118.0,72.1766,18.1907,1350.34,6.2988,9.32,2.2472
4319307,5846.0,40.1984,16.182,1792.43,1.1723,3.3,1.1654
4319356,3548.0,65.3326,19.5603,1942.46,0.6976,1.53,18.2582
4319364,1757.0,31.8156,16.2208,1178.39,2.5714,8.2,0.149
4319372,3070.0,51.4007,16.9381,2153.13,0.6993,1.33,0.2566
4319406,15577.0,75.5344,17.2819,1606.44,3.7927,3.3,57.8103
4319505,24428.0,85.3529,19.6332,1718.35,3.46,2.66,62.7784
4319604,21219.0,83.1048,18.1724,1613.74,2.1627,5.92,73.864
4319703,3264.0,57.6593,15.8088,1963.67,0.4545,7.83,13.8015
4319711,2207.0,43.8151,14.4993,1652.84,1.5576,1.27,21.2766
4319737,2543.0,20.3696,25.1278,1050.48,0.4823,6.97,2.9056
4319752,2251.0,67.0813,19.2803,2313.19,1.1679,1.62,37.5587
4319802,8097.0,72.9529,19.5875,1507.1,4.6419,3.8,50.2085
4319901,75648.0,96.5207,21.7362,1641.28,1.4287,2.68,91.8373
4320008,132107.0,99.6669,21.9693,1571.59,5.259,2.34,90.6625
4320107,22851.0,91.1382,20.0779,1850.64,2.4872,2.17,70.058
4320206,11950.0,59.1381,20.3849,1567.87,0.8956,4.35,4.3626
4320230,2704.0,57.8772,17.3077,1991.34,2.2351,6.27,0.4682
4320263,6009.0,31.6359,18.6054,1663.32,2.2298,7.67,0.0431
4320305,5107.0,76.2679,18.4453,2458.17,6.7459,2.81,2.3749
4320321,2673.0,39.2817,16.9473,1464.59,2.4609,4.72,0.9579
4320354,5306.0,26.0083,19.3178,1250.16,2.2516,7.25,10.8108
4320404,16961.0,88.7566,21.3844,2126.45,1.4109,2.17,2.4234
4320453,1941.0,32.406,14.5286,1799.08,,7.71,0.641
4320503,5541.0,59.4117,17.0547,1226.99,0.3089,2.77,8.8088
4320552,5863.0,26.13,19.2052,1517.5,0.964,3.92,13.7313
4320578,1830.0,31.0929,15.1913,1435.27,1.8145,3.24,1.0057
4320602,3406.0,46.3887,14.357,2745.42,0.6235,2.97,17.0359
4320651,2028.0,48.2249,14.4477,2041.91,4.2269,4.35,38.91
4320677,8578.0,15.6214,17.0553,1313.34,1.7823,4.23,16.3132
4320701,14226.0,82.5531,20.3782,1838.82,3.7067,4.4,12.8357
4320800,29991.0,87.1995,21.7699,1773.11,2.3749,3.97,81.6405
4320859,4461.0,34.9025,18.7626,1576.83,1.8197,4.89,2.0642
4320909,24557.0,92.3606,21.6883,1867.41,2.2181,2.34,47.2377
4321006,10592.0,86.9147,19.5714,2018.36,4.0305,4.62,37.7438
4321105,14695.0,91.6979,19.4284,1449.76,6.009,5.44,78.0403
4321204,53242.0,82.3974,20.0199,1711.54,2.0833,3.36,65.5161
4321303,25198.0,87.3442,19.3428,1630.78,2.7985,4.74,17.4473
4321329,3119.0,48.9901,17.9224,2332.95,,3.69,2.9825
4321352,5212.0,68.1504,18.7452,1361.72,1.5971,7.58,27.7752
4321402,14497.0,67.7244,21.5562,1735.1,2.4203,4.58,1.6129
4321436,10334.0,83.5688,19.6245,1502.13,2.3789,3.31,2.2449
4321451,32797.0,89.9076,19.8921,1891.48,1.0867,1.17,3.5144
4321469,3267.0,55.0964,18.8858,1671.9,0.434,3.44,0.1612
4321477,5129.0,39.5984,15.3831,2310.17,0.3179,4.99,0.1479
4321493,2554.0,32.6547,14.6829,1452.65,0.2339,2.9,0.2836
4321501,41751.0,96.8528,19.063,2080.13,4.1974,2.74,48.0997
4321600,54387.0,99.4613,19.7786,1871.57,5.4371,2.25,17.6903
4321626,2152.0,41.3569,15.5669,1637.11,0.221,2.34,1.4458
4321634,2591.0,46.6615,14.0872,2492.19,1.2448,2.44,0.8755
4321667,10962.0,74.6397,19.1936,1632.48,1.3465,3.03,12.9431
4321709,24425.0,87.9058,20.0532,1619.03,2.586,3.13,71.2668
4321808,24916.0,84.0986,19.1082,2038.2,2.3091,3.38,3.4322
4321832,2760.0,17.8261,18.6232,1413.66,0.1603,6.75,1.0329
4321857,4716.0,56.0857,18.3206,1177.01,2.2517,5.84,11.5075
4321907,25436.0,82.2496,18.7254,1970.49,1.9214,3.13,3.816
4321956,7556.0,63.1154,21.1223,2079.23,1.159,6.65,1.7278
4322004,27498.0,64.5683,20.5615,1481.51,3.9984,3.31,23.1119
4322103,5542.0,74.2512,15.7524,1823.72,1.8688,4.0,5.2469
4322152,3681.0,35.398,19.1252,1340.45,1.3053,13.74,12.7493
4322186,1374.0,40.2475,16.5211,1414.83,,6.49,10.5357
4322202,20005.0,83.7691,19.7651,1606.74,5.4929,4.44,42.4064
4322251,5029.0,72.9966,21.0777,1897.87,1.5077,1.08,28.3388
4322301,8363.0,68.9466,15.736,2155.38,2.9579,3.05,1.9899
4322327,3419.0,46.7388,19.4501,1599.23,0.7047,4.63,42.5726
4322343,1994.0,26.8305,16.5998,1986.68,2.7826,1.69,
4322350,1170.0,26.7521,12.3932,2893.51,,2.3,2.0642
4322376,1995.0,43.8596,15.0376,1306.67,2.3481,5.85,5.4591
4322400,117210.0,94.9339,22.1798,1566.17,5.4961,2.5,88.8868
4322509,64197.0,92.9358,21.9574,1790.15,2.4842,2.65,90.6292
4322525,3150.0,30.7619,17.7143,1263.82,1.17,5.59,14.4513
4322533,9897.0,14.0649,18.9754,1538.7,1.5781,4.07,9.4544
4322541,6058.0,90.2938,19.0657,1927.06,1.2658,1.42,43.7472
4322558,2004.0,65.519,16.7665,1773.91,3.5514,4.82,54.8223
4322608,68763.0,67.4534,19.797,1739.54,2.0388,2.85,57.7561
4322707,26710.0,59.386,20.5241,1596.06,1.9496,2.06,62.6197
4322806,24021.0,86.6492,17.8011,2257.23,1.517,2.19,85.0803
4322855,1818.0,28.7129,14.9065,3279.07,,3.05,2.1807
4322905,4769.0,60.5997,15.2233,1777.55,1.5125,3.9,17.2996
4323002,224112.0,95.4532,21.301,1489.82,6.6316,2.83,55.9672
4323101,4665.0,51.4469,18.3494,1497.7,2.1351,6.57,7.602
4323200,2780.0,56.8705,17.2662,2384.33,0.7714,1.3,0.7273
4323309,3646.0,64.0154,15.661,1903.28,1.2786,2.24,22.5246
4323358,2079.0,30.3511,17.1236,1454.41,0.5967,4.0,24.9354
4323408,4413.0,63.3356,18.1056,2679.6,2.4077,3.68,38.9258
4323457,3863.0,60.2899,16.6451,1344.1,2.641,7.6,58.3229
4323507,2660.0,49.5489,18.3835,2168.24,0.274,5.66,0.5917
4323606,1590.0,34.1509,14.7799,2249.69,0.1287,1.14,3.3159
4323705,2783.0,41.466,17.1757,2018.17,0.5029,3.47,0.361
4323754,3260.0,31.9939,15.3681,1414.14,1.8755,6.09,0.5335
4323770,3098.0,54.9709,18.0116,2321.97,0.8593,0.84,3.3273
4323804,16463.0,99.8056,20.0996,2134.14,3.5298,1.66,14.3399
5000203,16741.0,82.1337,24.1742,1627.25,4.6185,5.84,0.9977
5000252,4537.0,65.0871,19.2418,1395.32,0.9378,7.37,59.2655
5000609,39325.0,64.6637,25.1036,1281.38,1.6903,8.57,36.3343
5000708,24114.0,86.5099,21.3237,1196.18,4.6726,8.43,37.0612
5000807,7653.0,59.2839,20.2796,1265.5,2.6118,8.47,30.3811
5000856,10729.0,79.1966,20.2162,1272.49,3.1827,8.77,32.9897
5000906,9303.0,77.2224,24.8092,980.8,1.5262,9.84,24.7481
5001003,27674.0,90.2797,23.7082,1465.45,2.5598,6.35,19.9786
5001102,46803.0,78.839,22.5071,1307.08,2.7477,6.21,18.3
5001243,10748.0,55.0707,26.2654,1083.72,1.366,10.98,4.6291
5001508,7940.0,71.0453,21.3602,1797.07,2.1999,7.27,1.097
5001904,23031.0,89.2536,22.5088,1453.7,4.3319,7.41,32.4958
5002001,10712.0,79.3036,21.4246,1366.25,4.3182,8.42,42.9421
5002100,21613.0,81.4325,22.9353,1166.61,4.3087,7.78,32.8032
5002159,8567.0,72.5575,20.5673,1334.74,2.667,8.56,65.8128
5002209,23659.0,82.4337,21.8606,1796.79,0.6917,6.82,77.2518
5002308,11579.0,70.0233,21.9967,1328.35,1.2607,6.57,45.242
5002407,30612.0,76.6203,24.3173,1227.87,1.5821,8.13,22.6693
5002605,13583.0,78.2301,18.6557,1710.09,1.7223,5.55,51.4722
5002704,898100.0,98.7175,22.1225,2088.31,3.1398,2.73,67.1906
5002803,5036.0,66.0842,21.247,1175.54,1.6829,7.16,32.0909
5002902,20988.0,90.1706,20.5117,1522.15,3.7531,7.5,31.9893
5002951,30993.0,92.6564,25.4348,2090.92,1.148,3.22,66.7187
5003108,4783.0,39.1177,17.1231,1190.38,1.3953,8.36,8.1808
5003157,14289.0,68.5352,26.5869,699.98,3.1243,16.06,51.8088
5003207,96268.0,92.418,23.3473,1432.56,4.5434,3.86,51.236
5003256,26037.0,90.0065,22.7753,1508.09,4.6329,6.13,55.6313
5003306,32151.0,90.9147,20.9636,1501.32,4.2514,7.2,16.0551
5003454,13663.0,88.2676,20.3542,1317.66,4.0197,8.29,9.8226
5003488,11100.0,50.5856,22.6847,1232.92,1.5104,8.85,30.4372
5003504,5578.0,65.1667,20.7063,1196.02,1.5391,7.56,12.674
5003702,243367.0,93.8977,24.1935,2015.16,2.5503,3.61,69.3567
5003751,11386.0,84.1648,22.0797,1275.12,2.4986,8.68,27.5144
5003801,20609.0,93.3087,19.7875,1514.57,3.982,7.35,25.1051
5003900,3539.0,53.2919,17.7169,1711.92,1.5,9.59,6.0161
5004007,10444.0,80.9077,18.537,1559.86,6.7167,8.16,14.9001
5004106,9940.0,86.7203,21.2877,1147.34,2.7602,9.68,39.8215
5004304,13808.0,75.4563,22.5739,1475.2,1.9036,10.78,12.2505
5004403,8404.0,68.2889,22.9296,1686.73,2.0346,8.12,19.9361
5004502,24137.0,63.6989,24.3609,1257.96,1.2637,8.45,14.525
5004601,19423.0,52.7519,22.2005,1255.34,5.0204,11.16,1.1275
5004700,27821.0,84.7885,21.2465,1420.01,2.3049,5.36,1.5929
5004809,8148.0,23.5641,26.9269,757.4,5.0113,13.35,15.008
5004908,7139.0,35.4672,16.9772,1392.46,0.5155,6.23,0.441
5005004,23981.0,93.8952,21.7297,1572.74,2.7095,6.09,36.9021
5005103,3586.0,54.908,19.7156,1424.47,1.2285,9.48,56.1014
5005152,6729.0,73.1015,21.073,1202.34,2.6164,11.35,20.8386
5005202,21522.0,97.2447,24.9373,1172.23,5.081,4.32,32.9471
5005251,6799.0,49.8309,23.1505,1295.64,0.9377,8.61,23.3617
5005400,45047.0,91.1071,22.5786,1785.78,1.6969,4.01,42.9379
5005608,25536.0,56.6299,22.5877,924.13,2.9869,9.96,39.5052
5005681,19193.0,88.0165,20.8201,1531.14,1.7555,8.21,1.2628
5005707,50457.0,94.0246,21.7314,1743.97,3.4623,6.99,35.1398
5005806,13220.0,54.7958,21.5129,1269.36,0.8014,7.96,27.2356
5006002,21822.0,84.1124,22.0741,1245.03,3.4409,6.8,17.206
5006200,48563.0,87.5172,21.5061,1656.18,2.5358,5.05,37.0198
5006259,4721.0,67.2527,20.5465,1347.22,2.1436,10.19,10.5234
5006275,5510.0,54.3194,19.8911,1692.38,1.3399,7.87,14.4319
5006309,40957.0,90.5852,20.8047,1719.67,2.9592,6.8,69.6255
5006358,12921.0,47.5815,27.5134,763.99,4.012,15.09,34.141
5006408,6941.0,77.2655,19.4929,1271.33,1.0298,10.14,13.1063
5006606,92017.0,86.6003,24.9128,1484.68,3.2812,6.02,61.4213
5006903,12859.0,65.7516,23.3922,1166.44,1.3632,8.77,69.2555
5007109,23150.0,78.3844,23.6803,1580.75,2.8657,7.14,45.3566
5007208,37601.0,89.2317,23.0659,1528.88,5.0315,5.05,23.828
5007307,4841.0,72.8568,18.4466,1501.79,2.794,8.19,10.4579
5007406,19818.0,85.165,20.441,1598.28,3.4279,7.54,12.7325
5007505,5199.0,69.0517,21.3887,1211.98,1.1369,9.23,2.5899
5007554,7027.0,51.7717,20.9335,1223.61,1.3902,8.11,32.9753
5007695,29579.0,91.5447,22.6613,2084.65,2.0615,4.9,82.09
5007703,10994.0,80.5166,22.3395,1282.59,2.9499,13.44,0.7906
5007802,8142.0,76.6151,21.1496,1247.44,1.8153,6.43,1.5303
5007901,47118.0,68.8399,22.5031,1236.58,3.5994,6.48,19.8634
5007935,14516.0,91.4646,23.7738,1487.62,2.6143,8.99,1.7363
5007950,10808.0,35.4182,25.4349,727.9,1.771,15.46,40.0679
5007976,3625.0,75.5586,19.7517,1326.37,5.4983,11.64,2.0334
5008008,17652.0,55.3988,19.216,1302.89,5.1933,9.29,20.611
5008305,132152.0,96.3534,22.7829,1674.66,3.4007,3.73,80.7767
5008404,6336.0,77.6673,19.2077,1429.37,4.0185,9.9,6.6081
5100102,5014.0,59.6131,17.4112,1231.13,0.9683,9.92,1.5376
5100201,29219.0,83.9283,24.7134,2215.9,1.4704,4.2,7.9667
5100250,58613.0,87.7143,23.8838,1840.57,1.544,5.87,31.8282
5100300,17193.0,87.7276,21.2587,1828.79,6.5733,7.23,15.9542
5100359,5715.0,67.1916,25.5643,1237.65,0.5811,7.64,1.399
5100409,13052.0,92.6371,23.3144,1517.96,1.7408,5.94,1.9856
5100508,8009.0,66.9122,19.3158,1030.35,1.1652,9.43,19.2639
5100607,10904.0,94.369,24.9725,1946.75,5.0745,4.87,1.814
5100805,8590.0,72.7707,24.8196,1635.19,3.6266,10.78,0.8906
5101001,3795.0,66.9038,19.1831,1425.49,2.3268,7.58,0.2745
5101209,1010.0,85.3465,16.4356,1663.95,2.3166,10.09,3.9216
5101258,14786.0,84.8167,22.1561,1379.75,1.5927,8.18,23.3176
5101308,10576.0,93.4002,21.8041,1649.73,2.8449,8.93,5.5876
5101407,24626.0,73.8813,25.8629,1863.42,0.9898,5.67,4.4339
5101605,7253.0,45.719,18.7371,985.39,3.2272,13.99,13.6587
5101704,29403.0,85.9878,22.7154,1466.38,1.6959,9.21,24.3223
5101803,69210.0,89.9725,23.5949,1778.99,2.7567,4.13,49.65
5101852,7280.0,52.8846,23.4203,1533.79,1.7935,6.7,0.768
5101902,17004.0,60.6975,24.5766,1603.19,0.523,6.82,9.9983
5102504,89681.0,88.5227,22.8733,1459.05,3.8778,7.45,20.466
5102603,15347.0,37.1864,25.3405,861.15,0.9023,13.58,4.1534
5102637,45899.0,93.477,27.6128,1827.46,2.0355,3.84,5.0543
5102678,44585.0,87.2289,25.7329,1712.11,1.0065,5.16,55.4936
5102686,8822.0,79.8118,26.2526,1850.44,0.9301,6.81,0.5205
5102694,4485.0,62.029,20.8919,1615.55,1.5294,9.47,0.1276
5102702,25858.0,78.2504,24.1511,2136.38,1.2487,5.43,3.0975
5102793,10332.0,59.2238,20.3639,1460.34,4.0807,10.4,0.185
5102850,7506.0,49.174,21.0765,1335.04,3.817,8.73,0.8082
5103007,18990.0,68.4518,19.426,1863.33,2.2772,9.46,5.8474
5103056,9593.0,74.2416,22.089,1473.42,4.0535,5.62,45.0957
5103106,6220.0,63.955,20.2251,1466.11,0.6339,10.14,1.4938
5103205,31370.0,83.4842,21.7405,1796.83,1.167,6.53,26.8376
5103254,25766.0,59.8774,24.1209,1262.59,1.6962,6.77,1.0071
5103304,18238.0,70.2215,23.3249,1444.11,2.4549,8.53,2.8936
5103353,35075.0,77.0064,26.3093,1500.84,2.6264,5.94,9.8757
5103361,3760.0,65.3191,22.7926,1523.36,2.1663,8.71,0.9009
5103379,11011.0,46.3991,22.5956,1520.4,4.3004,7.64,0.9009
5103403,650877.0,98.2865,22.5494,2428.24,3.7226,3.56,71.2017
5103437,4903.0,62.8799,20.4365,1300.68,0.1535,9.66,0.8357
5103452,7014.0,88.7083,22.6832,1436.49,4.6393,10.97,0.9274
5103502,21941.0,79.9234,22.7702,1634.49,1.4408,5.48,25.4264
5103601,7872.0,79.3826,17.4162,1456.31,4.3606,12.28,27.5281
5103700,10521.0,70.7347,25.3683,1520.23,1.8971,5.99,0.9552
5103809,3187.0,61.2488,18.4186,1457.44,,10.82,0.1652
5103858,8642.0,45.8806,24.0801,1347.27,1.0387,10.72,1.2672
5103908,6037.0,44.2438,23.0909,1051.79,2.343,8.24,8.971
5103957,2905.0,69.7762,17.9002,1190.16,3.7475,10.15,0.6289
5104104,31024.0,84.6893,24.0104,1740.16,2.2812,5.06,11.3128
5104203,10966.0,82.8379,18.5391,1502.94,1.6339,10.08,51.1131
5104500,2213.0,73.249,18.7076,1281.65,0.523,9.87,2.509
5104526,7815.0,74.9968,25.8861,1872.14,1.9537,2.32,1.9639
5104542,7539.0,61.6793,23.3851,1587.37,0.9767,6.43,1.4107
5104559,5020.0,81.5936,22.8088,1489.28,2.4052,9.88,3.1017
5104609,12236.0,69.5407,21.4531,1638.65,1.558,5.54,1.7004
5104807,28569.0,90.9867,21.9784,1638.82,4.5302,6.95,18.8472
5104906,7426.0,49.7711,20.9803,1095.63,11.1909,16.71,0.7064
5105002,8367.0,66.4515,20.2582,1721.24,1.7725,10.71,25.1698
5105101,34906.0,80.3873,22.3887,1605.6,1.9125,8.43,20.0644
5105150,45869.0,80.3048,23.2641,1597.67,1.4802,6.72,3.4714
5105176,10213.0,73.1714,23.4015,1627.82,1.5602,9.82,0.2763
5105200,11480.0,68.4146,16.9338,1222.76,5.0982,12.07,13.1068
5105234,4790.0,61.858,21.7954,1165.12,3.6156,13.68,3.8886
5105259,83798.0,96.2147,27.4422,2202.82,2.6773,3.0,40.541
5105309,2509.0,74.0933,22.1204,1051.57,0.7261,8.32,2.4361
5105507,16774.0,38.1185,22.517,1260.1,1.1766,7.66,11.254
5105580,11396.0,71.1653,23.2713,1570.67,1.0371,6.37,2.6893
5105606,20091.0,80.2897,24.5035,1880.9,1.9794,6.15,9.0313
5105622,26785.0,84.6369,21.8704,1480.3,2.2686,7.75,22.9646
5105903,15492.0,86.7674,21.9274,1484.25,4.5018,8.83,1.8244
5106000,5956.0,84.2008,20.5675,1454.13,2.6199,8.92,11.0539
5106109,12940.0,41.1747,16.9165,1107.38,4.376,12.64,2.3271
5106158,13635.0,47.9941,21.2101,1419.8,0.6032,6.22,0.4255
5106174,4200.0,35.5238,23.5714,1290.57,1.5282,14.92,2.454
5106182,6670.0,51.2894,21.4543,1411.77,3.5176,10.08,3.0932
5106190,4239.0,63.0101,22.0099,1673.59,5.1724,9.02,1.0624
5106208,3932.0,71.236,17.5738,1187.78,1.2799,22.76,0.974
5106216,11707.0,63.2869,21.1924,1532.5,4.1072,7.32,1.1191
5106224,55839.0,88.5958,27.5811,2222.75,2.5038,3.18,4.8531
5106232,16352.0,89.9951,23.8319,1378.26,1.722,9.94,0.7311
5106240,11530.0,68.7944,25.1865,1588.72,3.0313,6.15,1.8692
5106257,24345.0,82.2674,22.1729,1674.32,2.1938,5.55,50.1939
5106265,6520.0,40.6442,21.7331,1395.5,9.8072,5.17,1.0337
5106273,3349.0,58.7638,17.1992,1535.86,0.7634,14.17,1.1952
5106281,6919.0,60.4567,19.6849,1521.54,2.2573,10.21,28.4306
5106299,11671.0,62.4539,21.4892,1616.67,2.3519,8.18,0.9804
5106307,26423.0,72.0698,23.506,1493.0,1.3951,6.79,8.007
5106315,2015.0,67.4442,21.6377,1343.52,1.0742,5.67,0.2717
5106372,18066.0,77.0563,21.9418,1510.72,2.1502,8.77,22.5879
5106422,32714.0,80.6902,23.6137,1089.88,1.6692,8.91,14.9449
5106455,3166.0,77.7637,20.7202,1477.03,0.8639,7.97,0.625
5106505,31217.0,74.9848,20.2422,1066.69,3.5644,10.51,2.4468
5106653,6932.0,85.0981,22.2302,1748.56,1.4064,5.06,6.6743
5106703,2008.0,86.6534,17.3307,1511.48,1.7505,11.86,0.5995
5106752,52018.0,86.1163,24.3973,1576.59,1.4685,5.72,50.7321
5106778,12127.0,69.5885,22.1572,1438.58,1.8287,7.12,8.0098
5106802,5593.0,60.6294,21.4375,1773.87,1.1563,5.43,2.8306
5106828,10204.0,52.2638,22.5696,1172.74,2.2228,12.34,16.2569
5106851,3224.0,50.4653,17.5248,1006.14,2.0182,23.16,7.2095
5107008,23283.0,69.845,18.855,1126.25,2.4403,11.11,16.0581
5107040,85146.0,95.7684,26.4581,2064.23,1.7129,3.45,70.6425
5107065,26769.0,78.3892,28.6974,1861.74,0.8744,4.77,3.0145
5107107,17849.0,79.9148,19.1103,1355.35,1.2836,10.08,13.0088
5107156,2122.0,72.1018,19.2271,1328.48,21.2591,11.58,1.199
5107180,10089.0,60.2042,21.8357,1455.45,0.9005,7.6,3.9954
5107198,2593.0,82.6456,20.2083,1593.37,3.2114,8.27,39.1089
5107206,4535.0,83.3076,19.2503,1472.23,1.0875,11.59,13.0161
5107248,5374.0,80.1079,24.4697,1739.4,2.2703,5.71,3.1774
5107263,2519.0,57.1655,19.3728,1498.51,1.8953,11.96,5.6426
5107297,2875.0,47.4783,13.6,1417.51,3.7702,11.61,0.0876
5107305,14911.0,83.4216,22.1045,1335.67,1.2798,9.05,1.4454
5107354,5964.0,77.9175,25.285,1336.91,0.8582,6.02,5.0129
5107404,4191.0,86.3756,20.8542,1339.52,9.6886,12.7,6.7327
5107578,3505.0,29.9287,24.4793,920.06,0.8598,9.78,0.1862
5107602,244911.0,96.5632,23.3983,1960.35,2.1889,4.14,86.3378
5107701,15453.0,63.7158,19.0384,1249.99,5.2833,13.4,15.2453
5107743,2661.0,65.8023,23.525,2108.12,0.5438,7.04,4.4944
5107750,3679.0,56.1837,18.7007,1383.61,1.0787,9.15,1.0108
5107768,3276.0,55.464,21.2454,1598.18,0.7294,5.95,21.5238
5107776,7596.0,39.3497,22.1301,1002.97,5.3724,10.75,0.1711
5107792,4099.0,62.1859,24.2742,1168.53,1.0013,5.48,0.6192
5107800,15246.0,59.1237,19.7298,1214.99,2.47,11.32,3.6885
5107859,13621.0,58.8944,23.3977,1502.25,1.2395,8.94,2.0263
5107875,28944.0,87.9975,29.0077,1957.35,2.1083,4.21,8.1907
5107883,1800.0,47.7222,18.5556,1552.08,1.0753,10.32,
5107909,196312.0,97.0144,27.0554,2146.78,1.6979,4.07,18.4328
5107925,110635.0,94.6102,27.0095,2175.07,1.7305,4.04,20.0346
5107941,9818.0,51.0695,22.5912,1631.67,0.8111,6.86,1.0303
5107958,106434.0,92.0185,24.9507,1846.11,2.429,5.57,20.9197
5108006,14370.0,77.4878,25.8246,1743.62,0.6758,4.88,1.9791
5108055,10616.0,58.798,21.185,1545.61,2.3969,7.85,0.8583
5108105,3025.0,73.3884,16.9587,1370.11,1.9084,10.36,14.4589
5108204,4164.0,73.2949,17.9395,1390.27,3.1056,11.23,18.1551
5108303,3838.0,79.3121,22.9807,1589.3,2.598,8.85,0.2273
5108352,2904.0,26.3085,16.8044,1348.22,0.355,10.34,20.2186
5108402,300078.0,98.8266,23.5285,1453.88,4.0031,4.49,37.2806
5108501,12800.0,82.5625,24.5,1618.26,1.9534,5.78,1.2372
5108600,19888.0,71.8876,24.8994,1632.85,0.8795,7.06,2.5287
5108808,4590.0,63.7908,21.4161,1130.89,10.6152,8.13,19.4012
5108857,3529.0,70.3882,23.236,1504.51,4.1318,6.93,1.2087
5108907,5846.0,63.2227,24.6664,1721.46,0.7294,8.65,0.4675
5108956,8313.0,60.5197,21.9656,1604.84,0.8309,12.88,0.3013
5200050,19128.0,96.4555,23.0238,1180.2,2.6404,5.63,17.4988
5200100,17232.0,75.8066,21.3266,1120.29,3.4625,9.1,53.9598
5200134,21568.0,94.3527,22.0141,1489.52,2.1352,10.1,34.2365
5200159,2297.0,86.2429,16.3256,1490.18,2.4131,9.93,0.547
5200175,4954.0,61.8086,21.6795,1067.37,4.3902,9.76,1.8364
5200209,1858.0,78.4177,17.9763,1517.07,8.862,7.3,1.4765
5200258,225693.0,99.77,26.5901,1027.34,8.0364,5.1,51.0911
5200308,27008.0,92.2282,23.5227,1299.21,5.8711,7.24,2.2964
5200506,1973.0,88.1399,18.145,1654.76,2.1064,9.88,2.2167
5200555,6072.0,88.5705,22.7437,1527.35,1.7863,6.7,24.7571
5200605,10306.0,74.9563,22.9478,1767.85,2.0058,5.52,1.1859
5200803,8446.0,86.5617,22.6735,1143.51,4.8493,10.87,41.8754
5200829,3268.0,46.634,17.5643,1184.95,3.783,11.15,0.7031
5200852,5259.0,91.6524,19.4524,914.55,5.1661,12.63,9.8244
5200902,3007.0,67.0436,16.0293,1484.2,0.6349,11.58,0.8765
5201108,398869.0,98.1906,23.5243,1723.02,3.9962,3.89,65.4294
5201207,924.0,94.5887,16.2338,1518.8,6.7511,1.63,1.676
5201306,18503.0,85.6996,19.0834,1473.21,2.6881,7.68,39.8435
5201405,527796.0,99.8829,24.7679,1417.33,3.7456,4.07,60.7563
5201454,2907.0,80.633,21.9126,1436.79,1.2978,7.82,76.7061
5201504,4325.0,76.0925,21.4566,1507.57,3.4925,6.94,6.0625
5201603,3799.0,89.3919,18.5049,1368.99,0.5125,10.43,1.7016
5201702,18390.0,95.7586,22.0065,1333.37,2.5591,5.9,2.6522
5201801,11890.0,92.9689,20.8074,1165.08,2.3962,7.88,4.3675
5202155,7153.0,70.4599,19.2507,1306.11,1.763,17.4,46.7579
5202353,2946.0,57.5017,15.4447,1335.2,1.2445,9.85,3.3113
5202502,8300.0,85.012,20.9639,1469.3,0.9908,7.57,33.0916
5202601,3284.0,79.3849,15.0122,1491.47,0.3546,10.51,2.8613
5202809,2868.0,71.9665,17.1548,1395.39,6.2721,12.08,1.7905
5203104,3351.0,36.3772,15.8162,1183.7,2.1108,9.56,0.6221
5203203,10371.0,90.4156,23.1029,1311.55,3.1311,9.02,2.8783
5203302,34445.0,78.1478,21.3935,1637.71,2.372,6.98,40.6587
5203401,7826.0,79.9387,17.9785,1367.26,4.4543,9.59,31.5536
5203500,23958.0,95.058,23.4911,1447.48,6.2603,6.02,88.2013
5203559,10296.0,92.7836,22.4359,1337.45,3.1828,6.79,1.498
5203575,3299.0,62.2613,20.8245,1200.67,3.8248,12.94,9.3775
5203609,3992.0,75.0501,18.5371,1266.06,2.1119,8.56,0.969
5203807,5695.0,83.0729,19.842,1469.56,4.0718,9.98,64.0786
5203906,10495.0,94.1972,19.8952,1463.96,1.179,7.99,8.891
5203939,2732.0,84.8463,17.4963,1419.51,0.6098,9.69,21.3899
5203962,3145.0,59.7774,20.159,883.67,7.5586,17.06,0.9042
5204003,7560.0,77.4206,23.5053,1170.16,1.4605,10.86,3.3626
5204102,11513.0,84.5653,21.5582,1562.18,3.485,7.09,65.3399
5204201,1405.0,81.0676,17.0107,1196.62,0.1669,14.1,4.2301
5204250,7782.0,93.0095,17.6947,1531.74,3.1268,9.2,45.3793
5204300,13774.0,84.7539,20.4008,1796.75,1.8597,7.92,81.1169
5204409,16513.0,75.0257,19.5603,1652.4,2.2407,9.65,71.1713
5204508,98622.0,97.462,23.3143,1596.14,3.1163,4.15,46.5536
5204557,4507.0,64.9878,19.9467,1384.25,2.9369,5.51,1.2865
5204607,3755.0,74.9401,20.0799,1348.84,1.7704,9.87,0.5727
5204656,3708.0,63.7001,18.7972,1225.94,1.6699,12.88,0.141
5204706,12510.0,86.7706,21.8865,1364.05,2.0357,5.89,1.0787
5204805,7422.0,77.3376,21.5306,1503.15,1.7237,4.88,4.8547
5204854,8081.0,87.1551,23.6481,1141.62,0.4576,4.57,1.1128
5204904,18108.0,88.9717,22.8518,1105.23,2.9685,11.66,70.345
5204953,4005.0,89.9126,18.5518,1092.31,4.7706,14.15,0.8
5205000,9710.0,83.0999,20.8342,1138.24,6.5687,9.02,0.5685
5205059,2985.0,92.7638,20.134,1362.98,0.8285,18.51,1.1775
5205109,114427.0,96.1303,23.0016,1978.99,3.4541,3.09,62.5377
5205208,5184.0,83.5069,19.6181,1173.84,0.9579,8.35,3.5678
5205307,9583.0,55.0871,22.2895,992.49,5.7547,15.34,1.9512
5205406,22046.0,95.3688,20.684,1905.87,2.8293,3.54,76.3791
5205455,8090.0,74.314,18.2447,1470.53,3.6651,15.3,27.6087
5205471,12870.0,92.1911,25.1127,2014.5,4.1163,3.1,77.9748
5205497,91767.0,99.0171,25.6988,1257.39,7.6934,3.32,32.7975
5205513,25016.0,75.4837,22.3937,1124.98,5.1194,9.84,7.4148
5205521,4030.0,69.7767,20.3722,1094.18,1.4094,9.17,1.1417
5205703,2454.0,63.1214,16.1369,1696.12,0.1612,8.18,0.3918
5205802,10562.0,66.5972,21.5489,1266.95,4.5806,9.69,1.452
5205901,9164.0,83.2824,20.7442,1501.21,1.498,6.11,70.4221
5206206,62337.0,86.9676,25.1456,1347.24,2.7721,6.37,36.4874
5206305,3504.0,84.6176,18.3219,1545.25,2.4246,6.87,15.1862
5206404,17065.0,78.8046,20.6563,1438.23,2.3655,9.47,1.5034
5206503,3883.0,75.7919,18.2591,1625.46,2.0011,6.92,2.9297
5206602,2927.0,80.2187,17.014,1392.56,3.3868,15.72,68.4302
5206701,3770.0,71.3793,20.9019,914.23,9.2543,10.52,1.9751
5206800,2724.0,83.37,18.025,1029.48,11.8143,10.59,0.8257
5206909,1902.0,80.0736,17.9285,1201.26,0.5848,7.95,5.8594
5207105,2062.0,68.9137,16.4403,1362.3,1.1223,7.02,0.2404
5207253,6956.0,70.644,19.4221,1501.93,1.2132,10.73,1.0119
5207352,4001.0,77.8055,18.7203,1467.35,0.961,8.12,1.335
5207402,11747.0,88.5503,21.7502,1592.09,3.9919,7.33,79.9542
5207501,3205.0,91.4509,20.936,1317.6,4.7777,11.42,0.394
5207535,7070.0,55.6577,17.1287,1212.29,5.2552,13.35,0.2488
5207600,5877.0,68.8276,17.0325,1503.77,2.8909,9.48,0.6175
5207808,10419.0,84.5283,18.4183,1777.07,1.5507,8.23,0.8387
5207907,13744.0,34.9753,23.3847,911.08,2.5741,9.88,0.3478
5208004,115901.0,92.7628,24.9299,1553.54,4.5148,5.48,72.2297
5208103,4660.0,80.7511,18.3906,1442.82,1.8293,10.58,0.6057
5208152,3456.0,39.0625,19.1551,1420.81,1.0807,6.95,2.0249
5208301,4457.0,73.4799,21.1577,988.81,4.8977,13.95,1.3374
5208400,13967.0,94.7304,22.3956,1280.32,2.1768,6.89,3.7782
5208509,4973.0,88.7191,18.6608,1519.4,1.2831,4.25,1.6333
5208608,73707.0,94.9096,23.7562,1539.47,1.9365,7.18,81.1441
5208707,1437366.0,99.8483,22.8197,2668.8,3.3167,2.59,79.1888
5208806,71916.0,99.0948,22.9267,1135.58,3.0841,5.55,26.3684
5208905,24071.0,76.3159,18.1796,1718.77,2.6678,9.16,45.5332
5209101,35664.0,94.0416,21.624,1689.55,2.4223,5.19,44.8584
5209150,4390.0,87.7449,18.7016,1288.3,1.2683,11.58,4.5292
5209200,19545.0,91.8956,22.4098,1227.07,3.3612,8.46,48.689
5209291,2188.0,66.9104,14.6252,1292.35,2.6316,9.36,1.0953
5209408,4085.0,42.0808,19.4614,916.72,4.738,18.11,1.4624
5209457,2161.0,55.6687,16.335,1100.76,1.3441,14.38,5.0963
5209606,3354.0,75.0745,17.1735,1315.65,0.1321,11.2,0.6642
5209705,27742.0,82.5319,22.1109,1626.34,3.5719,4.96,10.1576
5209804,3545.0,75.7969,17.4894,1353.29,5.0067,8.38,1.5306
5209903,10584.0,78.1179,23.8662,919.34,5.0126,11.4,3.1487
5209937,5954.0,89.8052,20.6416,1249.96,5.652,12.38,12.2338
5209952,17061.0,88.4532,21.81,1441.09,3.9287,9.14,2.1344
5210000,52204.0,94.1365,21.2091,1498.36,1.9371,7.72,61.9605
5210109,25548.0,87.3219,21.6808,1527.05,1.8032,7.45,50.963
5210158,2919.0,53.2032,17.1634,1315.82,2.1261,9.38,0.6774
5210208,35684.0,92.5205,19.8128,1748.63,3.0555,7.12,48.2142
5210307,2560.0,78.9453,16.7578,1254.54,0.7543,10.44,3.2039
5210406,44734.0,86.831,23.4341,1421.51,1.7602,7.26,45.0819
5210562,4963.0,91.8598,21.8013,1331.54,0.9246,7.06,2.1004
5210604,4904.0,86.1134,16.1909,1127.42,2.2485,12.22,4.8509
5210802,4380.0,76.895,19.5662,1582.01,3.8907,9.76,76.558
5210901,21087.0,92.4646,22.042,1335.74,4.0008,8.54,3.2337
5211008,8007.0,74.0977,19.2207,1503.44,0.9855,13.6,0.7653
5211206,26113.0,82.7212,18.4544,1371.33,2.0342,8.49,66.8252
5211305,6101.0,65.94,19.0952,1776.07,1.5265,9.99,64.8116
5211404,7736.0,78.8392,18.485,1451.46,2.4223,7.37,75.2297
5211503,107970.0,96.7787,21.4134,1838.9,2.9404,5.49,94.3415
5211602,2693.0,57.7052,16.4129,1548.54,,8.28,2.381
5211701,6272.0,67.1237,17.5542,1620.89,3.1481,7.41,35.4966
5211800,45223.0,86.8739,22.6257,1313.47,2.3021,6.6,25.3299
5211909,105729.0,94.2674,23.9877,1818.86,2.1298,4.62,83.1678
5212006,2924.0,75.7866,18.3653,994.09,1.3,13.83,16.9745
5212055,2123.0,86.5285,16.8629,1290.01,3.482,13.6,0.3601
5212105,7159.0,92.1637,21.7349,1785.45,2.2614,6.87,84.359
5212204,19620.0,82.0693,19.2762,1661.84,2.0383,8.9,62.699
5212253,1390.0,76.8345,20.5036,1385.97,2.2825,4.32,76.7225
5212303,8745.0,59.6455,19.4054,1248.93,3.4072,7.67,1.6308
5212501,209129.0,96.1732,25.1964,1154.28,7.5557,6.15,25.6181
5212600,2561.0,66.8489,16.556,1624.03,1.4493,9.64,0.7519
5212709,8124.0,75.517,24.2491,1009.52,6.6842,13.91,0.7689
5212808,10700.0,77.4766,20.1776,1531.62,0.8145,9.6,41.7319
5212907,2758.0,88.9413,24.6193,1499.44,5.1957,5.2,0.6
5212956,4042.0,73.8496,19.2726,1160.03,2.4887,9.63,14.359
5213004,10304.0,96.6809,22.4767,1294.83,5.9388,10.38,4.6129
5213053,2614.0,47.6664,18.3244,1104.6,0.9276,16.08,45.5102
5213087,27075.0,87.0397,19.7932,1290.17,5.3145,9.91,54.8283
5213103,70081.0,93.6645,24.72,1576.3,3.0911,5.67,88.5123
5213400,1685.0,63.6202,15.4303,1576.61,1.4981,7.31,4.5198
5213509,6692.0,45.0239,20.4274,817.02,6.0,15.38,0.9442
5213707,8756.0,76.4276,19.6779,1724.65,2.0555,9.9,23.5397
5213756,12521.0,84.4262,24.8303,1765.18,3.6047,7.98,40.6646
5213772,3779.0,49.5369,18.9733,1049.67,2.3715,16.07,1.2583
5213806,51351.0,90.0294,22.1184,1637.6,2.8123,4.55,59.2944
5213855,2456.0,77.2394,17.2231,1081.81,1.2513,9.59,0.7172
5213905,4654.0,68.1135,18.4358,1488.19,1.704,7.28,18.8071
5214002,14750.0,92.4068,23.5322,1506.16,4.3361,8.86,0.8034
5214051,6189.0,59.2503,20.9889,1347.87,1.9115,12.3,5.0176
5214101,3564.0,70.7912,18.3782,1101.7,4.13,12.08,0.8708
5214408,8189.0,80.6692,20.1246,1255.13,3.0211,8.33,2.1802
5214507,31932.0,96.9372,23.6002,1390.6,4.8385,5.88,2.6295
5214606,34964.0,78.0746,19.4629,1385.45,3.5325,10.45,41.8312
5214705,2337.0,71.7159,18.7848,1100.11,0.9542,10.55,2.2026
5214804,2101.0,89.386,18.1342,1465.6,1.1665,6.29,6.0096
5214838,12815.0,73.6715,21.7558,1606.5,2.0408,11.0,2.2199
5214861,8310.0,69.4344,19.0132,1215.39,3.2615,9.13,0.5786
5214879,3010.0,75.6811,18.505,1397.76,2.4752,7.65,0.991
5214903,3076.0,45.4486,18.0754,1060.47,2.7154,12.78,2.9386
5215009,9481.0,86.9634,21.4429,1427.24,2.4343,6.47,2.4538
5215207,3527.0,68.1032,16.5863,1369.21,0.8527,10.08,1.7728
5215231,103804.0,99.4904,26.2591,1000.39,10.7119,5.95,36.9128
5215256,3716.0,73.2239,17.6803,1129.16,2.3632,10.38,1.4706
5215306,16399.0,67.6078,19.9646,1855.19,0.7861,5.75,15.4939
5215405,4057.0,70.175,19.0288,1332.08,3.6138,7.99,1.1905
5215504,7200.0,91.7222,20.5556,1528.14,4.0905,3.59,1.8028
5215603,34967.0,86.1527,23.3735,984.91,9.0841,9.52,35.9229
5215652,3132.0,66.092,18.1354,1405.74,5.0038,11.48,0.8313
5215702,31858.0,88.6779,23.633,1337.68,3.079,5.8,82.0778
5215801,2259.0,92.873,19.699,1688.91,3.7893,6.36,1.5677
5215900,3851.0,74.8117,19.086,1410.92,1.1212,7.52,1.58
5216007,2455.0,79.1039,16.6191,1380.71,3.9669,9.65,5.9296
5216304,7607.0,91.6656,17.4708,1222.1,2.307,11.27,91.1966
5216403,10659.0,79.9512,21.7,1539.7,1.9,7.35,79.339
5216452,2964.0,76.2483,21.9636,1469.08,1.6347,9.91,15.3264
5216809,9573.0,70.8869,19.158,1336.02,4.3172,6.63,13.4969
5216908,2328.0,45.7904,16.0223,1090.5,1.8756,8.43,47.0325
5217104,24883.0,79.7814,19.1818,1876.46,1.2005,7.1,68.9287
5217203,11712.0,83.5212,19.5697,1598.1,1.7981,9.5,5.6158
5217302,26690.0,67.8269,20.8543,1492.76,2.1565,7.1,11.3646
5217401,32373.0,93.7448,22.63,1745.69,2.8788,4.71,36.97
5217609,105031.0,94.4102,25.7048,996.1,7.3554,7.24,65.8386
5217708,18309.0,84.7889,20.3288,1692.99,0.7828,7.08,71.0129
5218003,44317.0,88.1896,21.9171,1524.5,4.5029,7.06,31.053
5218052,4070.0,93.2187,22.6044,1696.91,2.4714,10.35,0.6748
5218102,3280.0,86.8293,19.1463,1368.96,3.2776,9.84,2.2472
5218300,34914.0,82.4082,23.7355,1333.77,4.7818,9.84,58.1022
5218391,3649.0,70.4029,19.7588,1453.05,1.7014,9.27,0.8403
5218508,48447.0,92.7219,21.217,1722.78,2.0611,5.78,87.6008
5218607,12165.0,94.5582,21.5947,1469.23,3.5645,6.21,2.6828
5218706,3980.0,89.4472,20.0251,1482.64,1.4231,11.76,0.8799
5218789,3864.0,87.1118,22.8778,1613.63,1.3724,5.05,16.8345
5218805,225696.0,94.1886,25.2397,1822.67,2.2624,5.7,84.8417
5218904,19788.0,88.5992,21.3362,1478.55,2.4407,7.44,71.7232
5219001,7918.0,85.6656,20.0051,1561.85,0.6157,8.03,50.8789
5219100,6149.0,91.5108,21.6133,1408.78,3.1987,9.54,1.2877
5219209,3002.0,32.2452,13.9574,1776.3,0.9259,13.37,0.8864
5219258,4951.0,80.9937,22.6015,1530.95,1.3934,9.41,2.4744
5219308,38492.0,95.9082,20.5991,1538.33,2.8709,9.67,92.7925
5219357,3538.0,73.1204,16.1391,1333.06,3.2716,11.61,1.1453
5219407,5924.0,91.6104,20.5773,1156.18,6.046,8.74,2.1295
5219456,2689.0,57.4563,16.4373,961.7,0.3995,18.19,2.2461
5219506,2820.0,76.6312,16.7021,1247.28,6.9862,11.97,2.2367
5219605,3293.0,87.4886,18.2812,1239.43,1.4841,11.53,0.3797
5219704,10645.0,74.1757,19.0794,1239.58,1.8284,10.29,3.6145
5219712,4267.0,83.0091,21.1858,1279.99,3.5733,11.9,0.5096
5219738,7386.0,92.8107,21.8657,1735.6,3.7815,4.56,0.7213
5219753,72127.0,95.5107,25.9722,1046.54,8.7597,6.68,49.8159
5219803,9711.0,60.725,20.3584,952.58,12.0889,16.93,0.8648
5219902,6378.0,78.8805,19.7397,1112.78,6.2185,11.21,3.6849
5220009,14041.0,64.9099,27.3271,915.03,7.5934,7.46,6.6667
5220058,1774.0,78.0722,17.7565,1629.3,0.9447,8.24,69.5839
5220108,33852.0,91.7789,21.1893,1873.64,1.7337,5.41,73.0205
5220157,4837.0,87.5543,20.0538,1233.48,6.4057,10.17,1.7251
5220207,21900.0,86.1735,20.5205,1608.32,2.855,8.87,44.0156
5220264,4464.0,65.7034,18.0556,1824.82,1.8969,5.47,8.4746
5220280,2143.0,66.5422,18.2921,1242.99,2.407,9.01,1.4423
5220405,17020.0,98.6369,20.0118,1403.26,7.0292,7.96,86.7015
5220454,155635.0,99.3067,24.9892,1346.08,3.712,4.26,11.3309
5220504,8027.0,81.3629,21.5273,1440.72,1.5005,7.37,3.2609
5220603,22245.0,72.0027,21.6768,1585.22,2.5773,5.38,55.4054
5220686,5742.0,85.3884,23.093,955.32,6.7589,12.8,0.999
5220702,2927.0,33.5497,21.6604,1224.18,1.8006,14.74,4.5455
5221007,4026.0,83.4327,18.157,1406.18,0.2399,6.66,2.7916
5221080,2701.0,69.4558,22.5842,1007.11,1.086,14.42,11.7519
5221197,7944.0,93.3157,22.7719,1205.2,7.4427,7.65,56.2411
5221304,2921.0,88.7367,16.33,1577.47,3.251,7.11,31.5836
5221403,142431.0,97.9365,23.4514,1355.44,3.6927,4.84,49.538
5221452,3120.0,67.8526,18.0128,1118.1,5.1878,15.9,1.4718
5221502,4480.0,83.2589,18.2589,1413.92,3.4729,9.1,0.2212
5221551,4985.0,78.9368,21.6851,1307.37,5.9583,8.66,1.4773
5221577,2798.0,66.0114,18.6919,1187.62,1.8385,11.85,0.8419
5221601,42546.0,92.7373,22.0561,1578.46,3.1483,6.81,58.4152
5221700,13729.0,85.3012,19.8048,1422.2,2.7761,8.84,6.186
5221809,3553.0,67.1264,20.152,1587.02,1.7807,6.78,0.3671
5221858,198861.0,100.0,25.0104,1444.85,6.6555,2.49,37.3295
5221908,3716.0,59.2842,17.2228,1544.18,2.9557,10.28,0.3863
5222005,14956.0,79.1054,21.7839,1763.05,2.3077,6.81,15.4028
5222054,8768.0,90.8759,24.4526,1340.26,1.5441,8.86,0.986
5222203,4215.0,78.8375,23.013,884.85,0.8333,13.6,5.1335
5222302,5815.0,60.7395,21.049,1212.43,4.5177,12.59,0.8257
5300108,2817381.0,96.4755,23.4499,2999.18,6.8176,2.54,86.2175
