cod_ibge,gini_2022,perc_pobres_2022
1100015,0.4337,10.2858
1100023,0.4569,7.9164
1100031,0.4166,4.8653
1100049,0.4833,8.8011
1100056,0.4465,6.9873
1100064,0.4615,5.4367
1100072,0.4074,7.5877
1100080,0.4666,12.484
1100098,0.429,7.8
1100106,0.5714,27.8179
1100114,0.4768,10.5587
1100122,0.4613,9.5976
1100130,0.4321,16.0819
1100148,0.4722,20.0332
1100155,0.4691,9.8688
1100189,0.4397,8.4217
1100205,0.5542,16.7736
1100254,0.4768,14.672
1100262,0.4166,8.0453
1100288,0.4344,7.419
1100296,0.42,12.0466
1100304,0.456,7.2729
1100320,0.4451,8.4992
1100338,0.4714,15.011
1100346,0.4754,12.8307
1100379,0.4681,13.1457
1100403,0.4771,14.4346
1100452,0.4178,8.3414
1100502,0.496,17.8814
1100601,0.4353,10.6506
1100700,0.4718,18.4082
1100809,0.445,18.3143
1100908,0.4262,10.6112
1100924,0.4382,9.6639
1100940,0.461,14.8759
1101005,0.5067,24.5951
1101104,0.4253,13.4885
1101203,0.4574,12.3105
1101302,0.4349,9.2474
1101401,0.456,11.5275
1101435,0.459,19.2351
1101450,0.4968,24.9939
1101468,0.4813,23.0987
1101476,0.4723,22.0741
1101484,0.4188,8.3714
1101492,0.4011,8.1969
1101500,0.4725,17.9244
1101559,0.4603,13.6513
1101609,0.4966,14.8034
1101708,0.4575,14.5082
1101757,0.433,11.4858
1101807,0.4429,10.9018
1200013,0.4417,19.1582
1200054,0.5382,35.8626
1200104,0.4912,21.3371
1200138,0.5263,34.443
1200179,0.4387,20.2816
1200203,0.5196,27.3509
1200252,0.5,18.7877
1200302,0.5264,42.3268
1200328,0.5467,52.354
1200336,0.4991,34.1766
1200344,0.4665,34.5534
1200351,0.5027,46.9452
1200385,0.4931,19.378
1200393,0.5079,39.143
1200401,0.5503,16.3464
1200427,0.5139,40.0992
1200435,0.5201,57.7778
1200450,0.4607,17.7067
1200500,0.5422,33.7102
1200609,0.5909,50.2059
1200708,0.497,24.2745
1200807,0.4641,28.6511
1300029,0.4492,42.0404
1300060,0.5384,47.0223
1300086,0.4579,37.427
1300102,0.4781,35.9918
1300144,0.4818,18.5117
1300201,0.5806,51.3985
1300300,0.4853,32.8735
1300409,0.5665,42.3847
1300508,0.4779,41.4466
1300607,0.5575,47.959
1300631,0.5723,45.8017
1300680,0.4416,40.2796
1300706,0.5142,38.0196
1300805,0.5105,42.5297
1300839,0.4953,49.3973
1300904,0.4689,37.1196
1301001,0.5043,42.5527
1301100,0.4937,35.1755
1301159,0.491,36.7348
1301209,0.5211,42.5466
1301308,0.5007,39.1101
1301407,0.5183,43.0494
1301506,0.4997,38.7006
1301605,0.4724,33.1869
1301654,0.4394,33.3551
1301704,0.5224,24.9734
1301803,0.4754,45.666
1301852,0.4749,25.0637
1301902,0.5228,33.3298
1301951,0.5446,48.4835
1302009,0.4862,30.0931
1302108,0.5095,24.9487
1302207,0.5017,45.9502
1302306,0.497,40.0953
1302405,0.4903,37.2191
1302504,0.4953,33.8159
1302553,0.5162,45.9286
1302603,0.5788,20.1444
1302702,0.5175,36.0644
1302801,0.5065,46.4719
1302900,0.4907,47.5205
1303007,0.4953,39.4279
1303106,0.4468,37.7977
1303205,0.5668,37.2473
1303304,0.4817,33.2503
1303403,0.5306,30.023
1303502,0.5452,52.1766
1303536,0.5003,20.7074
1303569,0.4685,24.1996
1303601,0.4736,47.9824
1303700,0.5268,49.7211
1303809,0.5748,47.7218
1303908,0.5228,55.7387
1303957,0.4773,34.0155
1304005,0.4817,42.5761
1304062,0.5393,35.9885
1304104,0.5053,43.836
1304203,0.5229,30.5651
1304237,0.4517,48.877
1304260,0.4644,43.159
1304302,0.4472,27.3448
1304401,0.4606,31.164
1400027,0.6325,52.4678
1400050,0.7161,60.9825
1400100,0.5637,18.1306
1400159,0.5183,41.6859
1400175,0.5284,31.7315
1400209,0.5255,34.1051
1400233,0.4841,20.5947
1400282,0.5183,29.2459
1400308,0.45,21.6076
1400407,0.5292,51.8348
1400456,0.5779,47.4153
1400472,0.5155,27.6598
1400506,0.4814,20.4937
1400605,0.4954,25.7022
1400704,0.4858,70.3185
1500107,0.4845,26.5426
1500131,0.4541,15.6143
1500206,0.4998,42.7388
1500305,0.4924,46.9187
1500347,0.4002,14.249
1500404,0.5091,42.8055
1500503,0.531,31.3137
1500602,0.5196,16.291
1500701,0.5445,49.9553
1500800,0.4957,13.7589
1500859,0.5382,32.1297
1500909,0.5367,52.2657
1500958,0.4689,37.4196
1501006,0.5108,51.1078
1501105,0.51,63.2761
1501204,0.5232,49.5388
1501253,0.4716,18.6623
1501303,0.483,19.6588
1501402,0.5908,14.8799
1501451,0.5115,32.6021
1501501,0.453,21.8052
1501576,0.4662,20.6115
1501600,0.4272,20.2112
1501709,0.5045,27.0294
1501725,0.5062,28.6541
1501758,0.4692,23.9971
1501782,0.4672,25.4725
1501808,0.5402,43.3478
1501907,0.4719,44.1427
1501956,0.4879,42.5819
1502004,0.4748,47.1298
1502103,0.5164,41.774
1502152,0.4584,9.5281
1502202,0.4754,17.7163
1502301,0.4659,28.4855
1502400,0.5096,17.7664
1502509,0.4965,38.8663
1502608,0.5093,37.5399
1502707,0.488,17.4334
1502756,0.4526,27.4618
1502764,0.5335,27.0019
1502772,0.4565,14.5363
1502806,0.5346,57.6858
1502855,0.4676,39.111
1502905,0.5117,41.4988
1502939,0.4325,18.8517
1502954,0.49,20.8372
1503002,0.4595,35.9959
1503044,0.5133,25.8911
1503077,0.4893,36.4247
1503093,0.4875,23.4045
1503101,0.5005,36.1845
1503200,0.4952,30.8418
1503309,0.4868,34.0827
1503408,0.4181,27.995
1503457,0.4841,34.9911
1503507,0.4609,34.4406
1503606,0.4684,15.5998
1503705,0.4339,27.2633
1503754,0.5827,38.8519
1503804,0.4674,19.2647
1503903,0.5576,39.6786
1504000,0.5057,51.247
1504059,0.4888,26.0837
1504109,0.5006,36.6741
1504208,0.5044,16.2118
1504307,0.5072,35.8309
1504406,0.5035,39.7402
1504422,0.4643,20.5617
1504455,0.4863,28.746
1504505,0.5317,57.1197
1504604,0.5267,35.4251
1504703,0.4555,31.8637
1504752,0.4206,25.2373
1504802,0.5123,35.1586
1504901,0.4905,44.9912
1504950,0.4991,45.8649
1504976,0.4997,23.8626
1505007,0.5245,34.4863
1505031,0.46,13.3662
1505064,0.4846,28.2997
1505106,0.5188,38.7668
1505205,0.4996,50.5826
1505304,0.5295,34.6909
1505403,0.5253,34.4265
1505437,0.49,22.8471
1505486,0.5092,35.893
1505494,0.4606,22.613
1505502,0.4965,19.9117
1505536,0.4877,12.5735
1505551,0.4668,25.661
1505601,0.4819,30.0181
1505635,0.4398,17.2532
1505650,0.521,31.5804
1505700,0.5576,45.8003
1505809,0.5045,48.4579
1505908,0.5143,49.9692
1506005,0.4944,50.5948
1506104,0.5296,34.9283
1506112,0.4669,31.3151
1506138,0.4682,9.5458
1506161,0.5067,17.199
1506187,0.481,19.4653
1506195,0.4329,23.9778
1506203,0.4702,20.6505
1506302,0.5716,37.4495
1506351,0.4204,19.0196
1506401,0.4276,37.2708
1506500,0.4912,20.6515
1506559,0.4775,29.7731
1506583,0.5006,11.9367
1506609,0.4775,26.2961
1506708,0.4817,14.7988
1506807,0.5239,21.2232
1506906,0.459,25.078
1507003,0.4694,28.0461
1507102,0.5254,40.5751
1507151,0.4789,17.9583
1507201,0.4648,43.4834
1507300,0.4696,19.5006
1507409,0.4738,31.2508
1507458,0.4511,20.7119
1507466,0.4657,40.9255
1507474,0.4873,34.5852
1507508,0.4781,27.3981
1507607,0.4746,26.8018
1507706,0.4998,44.1051
1507755,0.4456,22.7398
1507805,0.4947,37.0117
1507904,0.5301,34.8065
1507953,0.4687,21.8843
1507961,0.483,28.7019
1507979,0.4674,28.222
1508001,0.4523,25.9543
1508035,0.481,43.6426
1508050,0.4688,16.1841
1508084,0.481,16.4097
1508100,0.5111,16.1063
1508126,0.44,21.858
1508159,0.4782,24.4642
1508209,0.4537,26.6171
1508308,0.4963,47.2699
1508357,0.4692,24.432
1508407,0.4642,11.0384
1600055,0.4322,13.0087
1600105,0.4923,25.5201
1600154,0.4676,21.6743
1600204,0.4864,26.2262
1600212,0.4772,31.0844
1600238,0.5264,35.0189
1600253,0.4866,36.2743
1600279,0.5258,27.0029
1600303,0.555,19.492
1600402,0.5408,41.3235
1600501,0.5139,26.8755
1600535,0.495,27.077
1600550,0.5045,40.9391
1600600,0.4831,17.5578
1600709,0.5631,40.4353
1600808,0.4943,33.8847
1700251,0.4617,13.1313
1700301,0.4396,12.9506
1700350,0.4221,14.1966
1700400,0.3995,14.0297
1700707,0.4217,5.3786
1701002,0.4425,16.5815
1701051,0.4092,18.2008
1701101,0.4425,11.5846
1701309,0.4443,16.0136
1701903,0.4821,10.867
1702000,0.4578,9.0016
1702109,0.5005,9.4972
1702158,0.4115,16.0698
1702208,0.5001,22.2177
1702307,0.4681,13.4045
1702406,0.5151,17.1342
1702554,0.524,20.6099
1702703,0.4927,19.5568
1702901,0.4704,26.681
1703008,0.4632,20.5206
1703057,0.3909,7.9304
1703073,0.4367,22.4458
1703107,0.4028,9.633
1703206,0.455,12.698
1703305,0.4921,17.9049
1703602,0.4324,15.744
1703701,0.4196,17.7143
1703800,0.3932,25.6261
1703826,0.4152,21.4176
1703842,0.4768,17.8385
1703867,0.3832,9.2287
1703883,0.413,11.0404
1703891,0.4029,28.5112
1703909,0.4569,14.801
1704105,0.4499,20.1783
1704600,0.3353,10.3931
1705102,0.4685,22.508
1705508,0.4758,8.39
1705557,0.4633,11.2167
1705607,0.4351,14.3853
1706001,0.4674,21.1217
1706100,0.4557,7.3992
1706258,0.3807,9.9795
1706506,0.4009,15.5211
1707009,0.5035,13.9271
1707108,0.4628,9.4477
1707207,0.4063,9.4244
1707306,0.3999,7.4524
1707405,0.4867,32.4037
1707553,0.5258,13.1465
1707652,0.4395,8.4951
1707702,0.486,21.875
1708205,0.5008,15.234
1708254,0.4172,11.7221
1708304,0.4452,11.2144
1709005,0.5236,32.4187
1709302,0.4983,7.9109
1709500,0.4825,6.4732
1709807,0.502,17.0978
1710508,0.4987,23.7425
1710706,0.4809,24.2459
1710904,0.3973,11.6578
1711100,0.3932,9.0756
1711506,0.3604,7.1386
1711803,0.3825,16.0499
1711902,0.5147,15.0318
1711951,0.4255,21.7292
1712009,0.5084,9.0582
1712157,0.4145,14.6371
1712405,0.5708,28.2565
1712454,0.4659,35.4731
1712504,0.4153,5.7137
1712702,0.4733,25.7492
1712801,0.4975,28.7423
1713205,0.5107,12.0574
1713304,0.4372,10.2275
1713601,0.4842,16.1801
1713700,0.3981,9.4521
1713809,0.4239,18.165
1713957,0.4166,15.091
1714203,0.4855,10.7956
1714302,0.4305,23.0038
1714880,0.4125,15.9054
1715002,0.4454,15.0239
1715101,0.5151,16.6919
1715150,0.502,16.2778
1715259,0.3997,15.5485
1715507,0.4085,14.5189
1715705,0.4587,21.1976
1715754,0.4548,11.2552
1716109,0.4898,8.7105
1716208,0.4975,19.9123
1716307,0.4618,17.1407
1716505,0.4914,10.1179
1716604,0.4502,12.0892
1716653,0.4359,13.3713
1716703,0.4396,10.6849
1717008,0.4224,20.1925
1717206,0.3662,13.1926
1717503,0.4247,12.3099
1717800,0.523,24.887
1717909,0.5053,25.259
1718006,0.4338,15.806
1718204,0.475,9.8315
1718303,0.4341,20.3409
1718402,0.3829,9.2075
1718451,0.4594,22.0238
1718501,0.5373,37.8735
1718550,0.3722,20.258
1718659,0.431,15.1394
1718709,0.4062,12.9657
1718758,0.4715,16.1124
1718808,0.4626,19.9284
1718840,0.4683,12.2267
1718865,0.4223,12.5245
1718881,0.4284,18.8209
1718899,0.3929,7.2464
1718907,0.4334,21.5775
1719004,0.4126,12.7292
1720002,0.4655,21.5295
1720101,0.3935,18.6034
1720150,0.4881,12.4788
1720200,0.4251,19.8021
1720259,0.431,22.6605
1720309,0.4716,19.2439
1720499,0.4718,17.2837
1720655,0.5204,12.9796
1720804,0.4278,18.0163
1720853,0.4103,10.5263
1720903,0.4788,17.529
1720937,0.4702,16.5428
1720978,0.4046,8.8463
1721000,0.5362,5.3853
1721109,0.4985,28.1779
1721208,0.5252,18.2425
1721257,0.4224,4.9344
1721307,0.4759,17.2654
1722081,0.4374,17.7467
1722107,0.4676,13.0534
2100055,0.4611,15.9027
2100105,0.4971,39.2566
2100154,0.4693,37.4568
2100204,0.4526,31.0201
2100303,0.4868,44.1896
2100402,0.4485,21.5306
2100436,0.4701,29.9734
2100477,0.4612,34.7272
2100501,0.4943,27.7082
2100550,0.4548,40.533
2100600,0.5184,41.0247
2100709,0.4679,34.0484
2100808,0.5335,42.4227
2100832,0.4406,34.5518
2100873,0.455,33.8939
2100907,0.4933,48.6864
2100956,0.5114,43.0527
2101004,0.4785,30.4088
2101103,0.4765,31.3206
2101202,0.4674,19.6578
2101251,0.4771,29.3104
2101301,0.5187,40.0837
2101350,0.4255,29.7828
2101400,0.4813,12.6755
2101509,0.4323,20.9203
2101608,0.5009,25.9283
2101707,0.4827,37.4845
2101731,0.4911,59.0936
2101772,0.4197,26.3736
2101806,0.4297,25.6678
2101905,0.4537,29.52
2101939,0.4041,21.1644
2101970,0.5161,43.6236
2102002,0.4942,43.1342
2102036,0.4632,28.4205
2102077,0.4245,30.3308
2102101,0.4968,39.5943
2102150,0.4329,37.6074
2102200,0.5097,54.4896
2102309,0.457,36.2923
2102325,0.4945,32.5945
2102358,0.4111,24.0514
2102374,0.4799,53.8635
2102408,0.5083,49.1355
2102507,0.4785,42.5002
2102556,0.404,17.0037
2102606,0.4497,36.4202
2102705,0.5024,35.5594
2102754,0.466,22.8086
2102804,0.4392,16.0743
2102903,0.4567,29.9901
2103000,0.5183,26.4575
2103109,0.4511,33.7484
2103125,0.5178,41.0213
2103158,0.4107,21.4552
2103174,0.482,30.8109
2103208,0.5167,32.6232
2103257,0.442,20.3378
2103307,0.4849,29.4035
2103406,0.469,30.971
2103505,0.4754,29.7937
2103554,0.477,43.5098
2103604,0.475,36.0912
2103703,0.4687,31.279
2103752,0.3519,11.9351
2103802,0.4518,19.9765
2103901,0.4683,41.3061
2104008,0.5117,35.2436
2104057,0.4818,15.6512
2104073,0.4338,26.4289
2104081,0.473,36.6762
2104099,0.4768,34.4769
2104107,0.46,15.2093
2104206,0.5195,39.9163
2104305,0.4965,26.8927
2104404,0.4662,26.3825
2104503,0.4471,27.5144
2104552,0.4058,17.5935
2104602,0.4556,26.614
2104628,0.4778,30.9359
2104651,0.4471,31.2319
2104677,0.4979,32.8462
2104701,0.4177,27.9429
2104800,0.5185,27.6867
2104909,0.5147,33.6708
2105005,0.5279,60.3193
2105104,0.4668,51.944
2105153,0.4326,28.7565
2105203,0.4458,19.9706
2105302,0.5038,11.1566
2105351,0.4498,38.046
2105401,0.5053,35.8314
2105427,0.4167,14.3836
2105450,0.4697,37.2134
2105476,0.5333,56.1101
2105500,0.415,16.2639
2105609,0.5176,37.2637
2105658,0.4208,34.007
2105708,0.4228,18.2029
2105807,0.4254,19.9453
2105906,0.4737,32.019
2105922,0.454,39.7087
2105948,0.4074,19.6905
2105963,0.4433,37.2009
2105989,0.4646,26.5694
2106003,0.4781,25.8299
2106102,0.4414,23.0663
2106201,0.4573,34.9909
2106300,0.4611,32.7515
2106326,0.4903,39.3683
2106359,0.4555,51.8661
2106375,0.5039,48.9683
2106409,0.4697,36.1044
2106508,0.473,35.8901
2106607,0.4956,40.2904
2106631,0.4558,47.1149
2106672,0.4507,50.4494
2106706,0.4807,40.7404
2106755,0.4249,26.6202
2106805,0.4588,27.3261
2106904,0.4675,39.7932
2107001,0.4972,29.744
2107100,0.4856,46.3136
2107209,0.496,41.9343
2107258,0.4948,30.24
2107308,0.4427,30.2546
2107357,0.4538,33.331
2107407,0.4223,21.0179
2107456,0.4273,33.9399
2107506,0.4777,16.6402
2107605,0.4233,37.3889
2107704,0.4863,30.6067
2107803,0.4777,36.4291
2107902,0.4512,32.4233
2108009,0.4851,29.6736
2108058,0.47,38.4159
2108108,0.4651,31.8618
2108207,0.5044,16.2702
2108256,0.4348,41.4215
2108306,0.4974,41.0953
2108405,0.4899,33.5074
2108454,0.4477,27.5869
2108504,0.4873,26.291
2108603,0.4816,23.2672
2108702,0.474,29.6887
2108801,0.5211,39.7031
2108900,0.5084,27.579
2109007,0.5183,15.5668
2109056,0.4319,31.5674
2109106,0.5009,16.9931
2109205,0.4736,44.4719
2109239,0.4463,29.3967
2109270,0.4809,44.7732
2109304,0.4862,45.4278
2109403,0.4586,53.6759
2109452,0.4885,22.7737
2109502,0.4729,29.8321
2109551,0.4524,27.2249
2109601,0.4715,31.9556
2109700,0.4764,32.9023
2109759,0.4567,37.9166
2109809,0.4697,36.2122
2109908,0.4687,16.216
2110005,0.4957,32.7558
2110039,0.4388,21.9878
2110104,0.4975,46.7982
2110203,0.4709,33.7277
2110237,0.5369,44.6976
2110278,0.4791,43.9226
2110302,0.4276,24.4827
2110401,0.5055,55.7232
2110500,0.4649,40.1194
2110609,0.477,33.0838
2110658,0.4324,20.2654
2110708,0.5309,35.177
2110807,0.414,27.4421
2110856,0.4239,22.6067
2110906,0.4612,37.243
2111003,0.4684,38.6378
2111029,0.4793,41.1966
2111052,0.4914,26.4237
2111078,0.4687,40.5554
2111102,0.5122,27.7399
2111201,0.5056,15.9963
2111250,0.4624,42.6097
2111300,0.565,13.0514
2111409,0.4875,36.6775
2111508,0.4909,27.7168
2111532,0.4581,25.9267
2111573,0.457,25.7958
2111607,0.4737,21.488
2111631,0.4755,39.1504
2111672,0.4859,45.825
2111706,0.4748,37.3682
2111722,0.4713,33.4244
2111748,0.4823,33.4411
2111763,0.3964,17.075
2111789,0.4453,32.7027
2111805,0.483,34.1953
2111904,0.478,31.2561
2111953,0.4334,28.325
2112001,0.4952,27.4539
2112100,0.4586,41.6516
2112209,0.4702,18.2145
2112233,0.4155,17.3321
2112274,0.4186,29.6222
2112308,0.467,32.0146
2112407,0.483,41.8336
2112456,0.4402,43.9048
2112506,0.5079,41.5225
2112605,0.5105,43.8026
2112704,0.5365,43.3786
2112803,0.4936,29.5134
2112852,0.4552,27.4947
2112902,0.4945,34.007
2113009,0.4222,22.7305
2114007,0.4707,27.3125
2200053,0.4307,36.5903
2200103,0.4575,27.7812
2200202,0.4407,22.3196
2200251,0.4662,36.8089
2200277,0.5054,38.9081
2200301,0.433,24.9647
2200400,0.464,22.0456
2200459,0.4585,34.7989
2200509,0.4844,30.7333
2200608,0.4014,16.5441
2200707,0.4938,33.1346
2200806,0.4158,15.619
2200905,0.4048,23.8778
2200954,0.3354,18.9963
2201002,0.4524,33.2522
2201051,0.4646,47.8663
2201101,0.494,36.8518
2201150,0.4871,26.6868
2201176,0.4371,34.4931
2201200,0.4787,30.3377
2201309,0.4847,34.4975
2201408,0.4277,25.9069
2201507,0.439,31.8158
2201556,0.5266,36.7392
2201572,0.4536,22.3492
2201606,0.439,33.6187
2201705,0.4321,12.8478
2201739,0.4542,39.9067
2201770,0.4675,37.4381
2201804,0.4965,25.282
2201903,0.5071,14.5537
2201919,0.4848,42.7303
2201929,0.4617,36.5297
2201945,0.4454,30.4966
2201960,0.4338,21.2541
2201988,0.3935,27.1252
2202000,0.4541,29.653
2202026,0.4326,29.7632
2202059,0.4343,33.3431
2202075,0.4474,33.9452
2202083,0.4948,23.4324
2202091,0.4763,29.4748
2202109,0.4436,32.0227
2202117,0.4558,36.0243
2202133,0.4423,30.0814
2202174,0.4442,40.9489
2202208,0.4696,15.4467
2202251,0.4101,20.5038
2202307,0.4923,22.3031
2202406,0.4216,32.119
2202455,0.4177,28.8631
2202505,0.5062,40.165
2202539,0.4494,40.469
2202554,0.4019,27.7977
2202604,0.473,32.244
2202653,0.4327,36.1415
2202703,0.5098,44.3003
2202711,0.4133,22.3491
2202729,0.4766,41.9618
2202737,0.4104,29.8853
2202752,0.443,21.218
2202778,0.3848,22.6434
2202802,0.4659,26.2165
2202851,0.5029,33.7267
2202901,0.5091,21.1562
2203008,0.5254,38.0472
2203107,0.5215,25.4346
2203206,0.4908,35.0107
2203230,0.3943,25.5987
2203255,0.466,26.4198
2203271,0.4279,37.1338
2203305,0.4166,15.9895
2203354,0.4457,24.4259
2203404,0.4373,19.4269
2203420,0.4701,38.3595
2203453,0.4032,22.8837
2203503,0.4201,22.1961
2203602,0.4687,22.9838
2203701,0.4722,25.438
2203750,0.4863,45.625
2203800,0.436,33.2352
2203859,0.4409,26.1056
2203909,0.4966,12.8051
2204006,0.4783,34.8946
2204105,0.4661,34.9955
2204154,0.3906,28.1325
2204204,0.4654,24.6902
2204303,0.5054,30.0614
2204352,0.3685,22.4516
2204402,0.4526,25.8427
2204501,0.4417,14.4506
2204550,0.4768,45.0691
2204600,0.4712,25.171
2204659,0.4414,27.8251
2204709,0.4568,23.7197
2204808,0.4507,27.3567
2204907,0.4656,38.6159
2205003,0.4439,26.4692
2205102,0.5019,26.5209
2205151,0.4148,23.1757
2205201,0.502,33.0095
2205250,0.4848,34.8804
2205276,0.3804,23.676
2205300,0.401,10.7922
2205359,0.4292,33.7824
2205409,0.4671,35.0497
2205458,0.4737,43.8636
2205508,0.4162,23.6777
2205516,0.4162,22.6782
2205524,0.4634,37.9259
2205532,0.4694,45.4011
2205540,0.4632,31.7115
2205557,0.444,27.9966
2205565,0.4759,27.6677
2205573,0.461,39.1166
2205581,0.4342,20.1871
2205599,0.4737,33.6947
2205607,0.4858,30.4873
2205706,0.4624,28.9345
2205805,0.443,30.7847
2205854,0.4415,31.4314
2205904,0.4429,23.9201
2205953,0.447,26.5909
2206001,0.4038,19.6228
2206050,0.435,38.463
2206100,0.4597,34.9027
2206209,0.4777,41.4913
2206308,0.4123,23.1531
2206357,0.46,42.1431
2206407,0.4434,23.5007
2206506,0.4727,30.8424
2206605,0.4838,38.5251
2206654,0.4498,39.3209
2206670,0.4538,36.661
2206696,0.4597,37.3249
2206704,0.4628,31.4779
2206720,0.4198,27.2072
2206753,0.4215,23.1388
2206803,0.471,39.9695
2206902,0.4289,28.1815
2206951,0.425,30.7747
2207009,0.4959,20.1455
2207108,0.4732,31.5131
2207207,0.4519,30.9385
2207306,0.4514,31.3112
2207355,0.4257,19.7
2207405,0.4335,24.6514
2207504,0.5093,31.7688
2207553,0.3698,28.6126
2207603,0.4759,36.3916
2207702,0.5096,16.0593
2207751,0.4029,24.1838
2207777,0.4607,38.5806
2207793,0.4513,44.688
2207801,0.5039,27.5385
2207850,0.439,37.2414
2207900,0.4953,31.0418
2207934,0.4129,31.3518
2207959,0.4536,41.1678
2208007,0.479,10.8721
2208106,0.4789,32.9151
2208205,0.4677,30.9923
2208304,0.5187,30.2399
2208403,0.4966,21.7841
2208502,0.4597,39.0637
2208551,0.4554,21.6159
2208601,0.4305,26.693
2208650,0.4135,28.2559
2208700,0.457,31.3754
2208809,0.4511,30.972
2208858,0.4493,35.8223
2208874,0.3937,26.3327
2208908,0.47,24.6059
2209005,0.4402,24.8575
2209104,0.4335,24.1291
2209153,0.4094,29.8981
2209203,0.4629,24.905
2209302,0.3963,23.2445
2209351,0.364,18.4485
2209377,0.4317,27.8925
2209401,0.4136,23.3419
2209450,0.5077,42.5164
2209500,0.3831,22.1613
2209559,0.3987,24.5525
2209609,0.3984,14.6582
2209658,0.4841,44.2391
2209708,0.4675,36.2945
2209757,0.4497,30.8789
2209807,0.4898,30.8361
2209856,0.4172,25.6961
2209872,0.5058,44.3608
2209906,0.4496,29.3202
2209955,0.4249,32.3288
2209971,0.4377,37.4924
2210003,0.5061,24.6457
2210052,0.4018,26.8348
2210102,0.4322,19.7993
2210201,0.4201,28.5151
2210300,0.4329,21.9751
2210359,0.4282,22.3735
2210375,0.436,36.9424
2210383,0.3995,25.4738
2210391,0.4598,36.7991
2210409,0.4607,33.3884
2210508,0.4919,33.4012
2210607,0.5173,18.8852
2210623,0.4276,30.9956
2210631,0.4736,25.5286
2210656,0.4352,32.3803
2210706,0.4854,33.6751
2210805,0.4766,23.732
2210904,0.4784,44.0232
2210938,0.4194,19.7749
2210953,0.4785,34.3899
2210979,0.4722,23.9637
2211001,0.5559,12.0629
2211100,0.4408,25.5768
2211209,0.4653,13.4
2211308,0.4842,16.5154
2211357,0.459,39.9643
2211407,0.4686,27.005
2211506,0.4112,37.9906
2211605,0.4393,28.9608
2211704,0.421,34.8854
2300101,0.4493,30.6141
2300150,0.4507,27.8677
2300200,0.4785,31.7241
2300309,0.4728,30.4133
2300408,0.4758,36.4709
2300507,0.4101,22.1655
2300606,0.459,31.5246
2300705,0.3896,19.0533
2300754,0.5,40.6156
2300804,0.4042,20.98
2300903,0.4622,35.6529
2301000,0.4745,18.4993
2301109,0.4769,20.3069
2301208,0.3994,24.9442
2301257,0.4485,35.6994
2301307,0.5025,47.877
2301406,0.478,28.3054
2301505,0.4423,28.5927
2301604,0.4692,31.2532
2301703,0.479,33.1365
2301802,0.4602,35.9923
2301851,0.4651,29.8416
2301901,0.5245,19.1807
2301950,0.4574,28.1484
2302008,0.4585,28.8633
2302057,0.5083,47.5258
2302107,0.4634,25.5853
2302206,0.4694,26.2079
2302305,0.5122,40.2364
2302404,0.4626,30.0702
2302503,0.4499,19.3327
2302602,0.4755,28.5884
2302701,0.5121,33.7202
2302800,0.5049,28.1177
2302909,0.488,39.5734
2303006,0.4444,32.5021
2303105,0.4457,35.7605
2303204,0.4618,34.8582
2303303,0.4533,32.2421
2303402,0.4876,36.9369
2303501,0.4954,23.0654
2303600,0.4933,34.1547
2303659,0.4612,32.6844
2303709,0.4706,18.8871
2303808,0.5287,26.8031
2303907,0.5034,35.8085
2303931,0.4361,40.6671
2303956,0.4376,26.3756
2304004,0.4673,34.4103
2304103,0.4931,24.1111
2304202,0.5193,19.169
2304236,0.4459,38.6019
2304251,0.5001,26.7407
2304269,0.4202,35.1978
2304277,0.4186,27.68
2304285,0.6015,9.211
2304301,0.4628,33.108
2304350,0.4331,24.5356
2304400,0.5815,13.7493
2304459,0.4201,15.0212
2304509,0.4678,22.3516
2304608,0.4473,32.3139
2304657,0.4648,40.1348
2304707,0.4979,43.297
2304806,0.4065,24.5404
2304905,0.4688,28.0433
2304954,0.4346,33.4773
2305001,0.4936,29.933
2305100,0.4144,20.7896
2305209,0.4496,35.7099
2305233,0.4221,21.1824
2305266,0.4659,34.7862
2305308,0.471,34.0964
2305332,0.4226,31.4815
2305357,0.4179,20.179
2305407,0.468,31.6752
2305506,0.4644,16.9839
2305605,0.4609,30.6069
2305654,0.4628,37.646
2305704,0.4449,28.5038
2305803,0.47,28.425
2305902,0.4838,39.2195
2306009,0.4648,21.9833
2306108,0.474,37.9218
2306207,0.4499,25.9294
2306256,0.4212,13.024
2306306,0.4769,32.1865
2306405,0.4917,31.7071
2306504,0.4525,37.7725
2306553,0.4734,32.2005
2306603,0.4842,39.5074
2306702,0.4812,29.7373
2306801,0.416,17.4182
2306900,0.4739,23.6613
2307007,0.4888,27.4359
2307106,0.4392,26.3406
2307205,0.4338,28.2714
2307254,0.4658,17.9501
2307304,0.5024,18.8061
2307403,0.4198,26.8401
2307502,0.4566,32.5476
2307601,0.463,13.5074
2307635,0.4705,33.7992
2307650,0.4467,18.3094
2307700,0.4294,18.8983
2307809,0.4401,34.3865
2307908,0.4905,39.6991
2308005,0.4818,33.3563
2308104,0.4698,33.5602
2308203,0.4526,25.4788
2308302,0.4513,27.1132
2308351,0.4389,21.7626
2308377,0.4739,50.4546
2308401,0.4637,34.7984
2308500,0.4652,29.669
2308609,0.4212,27.7451
2308708,0.4376,21.2937
2308807,0.5056,28.8587
2308906,0.522,38.5583
2309003,0.4423,27.9453
2309102,0.4492,25.1396
2309201,0.4649,31.6319
2309300,0.4655,29.1338
2309409,0.4441,25.2702
2309458,0.4835,30.6047
2309508,0.4415,30.5972
2309607,0.4284,18.9591
2309706,0.4479,19.561
2309805,0.4305,23.6476
2309904,0.4427,28.0642
2310001,0.428,19.7174
2310100,0.4866,34.5636
2310209,0.488,24.2165
2310258,0.4503,21.115
2310308,0.5014,37.7676
2310407,0.4587,42.9274
2310506,0.4497,30.3276
2310605,0.4499,28.4775
2310704,0.4803,28.8424
2310803,0.4723,32.4183
2310852,0.4358,20.7698
2310902,0.4837,35.6463
2310951,0.4602,34.4886
2311009,0.4834,38.4296
2311108,0.4575,22.2555
2311207,0.5155,42.7941
2311231,0.4469,25.3483
2311264,0.4491,31.4245
2311306,0.5129,25.8013
2311355,0.4392,31.9245
2311405,0.4641,22.2612
2311504,0.4021,14.2891
2311603,0.4412,28.8822
2311702,0.4851,34.0669
2311801,0.4492,20.2066
2311900,0.4398,31.7883
2311959,0.4448,39.3541
2312007,0.4998,41.2649
2312106,0.4875,38.9662
2312205,0.4517,26.4067
2312304,0.4852,30.4556
2312403,0.4365,20.8743
2312502,0.4024,16.5841
2312601,0.456,34.3805
2312700,0.4545,27.5048
2312809,0.4809,38.0729
2312908,0.5193,21.6387
2313005,0.4369,24.7263
2313104,0.4446,20.7984
2313203,0.4842,34.7046
2313252,0.4649,29.3404
2313302,0.5047,28.0515
2313351,0.4455,40.8027
2313401,0.4868,22.8485
2313500,0.4705,33.5743
2313559,0.4573,38.8139
2313609,0.4562,21.3719
2313708,0.4411,33.8242
2313757,0.4628,40.6359
2313807,0.453,28.4709
2313906,0.4624,36.4636
2313955,0.4771,31.0476
2314003,0.4633,29.3073
2314102,0.4703,41.5255
2400109,0.4198,13.1085
2400208,0.5241,19.893
2400307,0.4472,21.7781
2400406,0.4206,23.15
2400505,0.4917,29.1276
2400604,0.5003,23.5972
2400703,0.4414,20.1318
2400802,0.4675,19.4595
2400901,0.4286,29.3447
2401008,0.4634,19.5066
2401107,0.4622,18.4961
2401206,0.4714,28.2086
2401305,0.4295,25.1285
2401404,0.5038,21.0419
2401453,0.4314,18.9548
2401503,0.4359,26.8544
2401602,0.4628,29.9077
2401651,0.4424,26.843
2401701,0.4113,20.6914
2401800,0.4499,28.4191
2401859,0.4372,21.5795
2401909,0.4013,22.3684
2402006,0.4827,9.7549
2402105,0.4874,31.5599
2402204,0.4828,29.7679
2402303,0.4509,21.9263
2402402,0.403,8.9837
2402501,0.4215,21.2271
2402600,0.4805,27.412
2402709,0.455,25.1366
2402808,0.457,37.2875
2402907,0.4497,26.7029
2403004,0.4461,17.7537
2403103,0.482,13.9943
2403202,0.4428,31.392
2403251,0.5277,10.5139
2403301,0.4356,22.4149
2403400,0.431,20.0
2403509,0.4288,24.2185
2403608,0.4601,18.1369
2403707,0.4267,18.9481
2403756,0.4855,19.8094
2403806,0.4662,23.4209
2403905,0.3733,16.7285
2404002,0.4911,32.7553
2404101,0.4175,17.6806
2404200,0.4955,24.771
2404309,0.421,22.3991
2404408,0.4089,14.9469
2404507,0.4276,18.1425
2404606,0.4689,36.6268
2404705,0.4812,25.74
2404804,0.4318,17.4939
2404853,0.436,18.8109
2404903,0.4498,29.8684
2405009,0.4298,27.0998
2405108,0.4354,21.2892
2405207,0.4137,19.5541
2405306,0.4557,30.3872
2405405,0.4617,37.6197
2405504,0.3952,20.8214
2405603,0.4386,19.4963
2405702,0.4513,10.4674
2405801,0.5288,34.7577
2405900,0.4221,25.8205
2406007,0.4549,21.6716
2406106,0.4665,24.7322
2406155,0.425,24.7724
2406205,0.4821,33.5041
2406304,0.4679,42.9681
2406403,0.459,24.1771
2406502,0.4664,25.2007
2406601,0.4196,26.5375
2406700,0.4477,17.3294
2406809,0.4595,25.8617
2406908,0.4541,25.8739
2407005,0.5081,35.8183
2407104,0.4567,20.6997
2407203,0.4546,17.682
2407252,0.4521,25.9684
2407302,0.4733,29.6958
2407401,0.4378,19.1588
2407500,0.4666,24.8532
2407609,0.4578,16.9595
2407708,0.4433,26.9069
2407807,0.4608,27.6839
2407906,0.4762,37.0826
2408003,0.5224,12.309
2408102,0.609,14.1888
2408201,0.4941,21.1966
2408300,0.5159,31.7791
2408409,0.4856,27.5032
2408508,0.453,15.3689
2408607,0.4389,22.4453
2408706,0.4298,19.4406
2408805,0.4483,29.6598
2408904,0.4729,13.2201
2408953,0.4407,26.839
2409100,0.4723,29.7123
2409209,0.3887,21.0594
2409308,0.4729,25.9762
2409332,0.438,26.0734
2409407,0.4981,12.3896
2409506,0.5106,23.9405
2409605,0.4316,23.6379
2409704,0.4677,26.4451
2409803,0.4863,30.6858
2409902,0.4366,18.3168
2410009,0.4518,27.7909
2410108,0.5036,34.2716
2410207,0.4748,20.9792
2410256,0.435,29.2674
2410306,0.4987,38.4395
2410405,0.4493,34.9818
2410504,0.4675,22.7934
2410603,0.4681,30.4363
2410702,0.4799,32.8027
2410801,0.449,31.7906
2410900,0.4558,25.455
2411007,0.4353,38.1895
2411056,0.3855,9.2019
2411106,0.424,25.9655
2411205,0.5384,26.1452
2411403,0.4566,31.4451
2411429,0.416,11.2885
2411502,0.4742,26.7482
2411601,0.394,15.8518
2411700,0.4265,27.0042
2411809,0.4657,16.5808
2411908,0.3849,13.0205
2412005,0.4281,15.2978
2412104,0.492,19.13
2412203,0.4604,23.3808
2412302,0.4453,24.4043
2412401,0.3828,8.6976
2412500,0.4712,28.4317
2412559,0.4732,21.7451
2412609,0.4961,22.8563
2412708,0.4767,27.5
2412807,0.4242,22.3462
2412906,0.4594,26.3084
2413003,0.4606,25.1625
2413102,0.4428,30.1124
2413201,0.4062,23.5902
2413300,0.4463,31.3535
2413359,0.4153,25.1704
2413409,0.4265,12.1144
2413508,0.4258,28.1299
2413557,0.4401,24.0275
2413607,0.416,17.8598
2413706,0.472,35.2827
2413805,0.4915,21.2575
2413904,0.4327,27.5182
2414001,0.4865,31.5579
2414100,0.4918,34.2087
2414159,0.466,25.2928
2414209,0.5287,13.7611
2414308,0.3893,9.8249
2414407,0.4693,29.3688
2414456,0.4204,23.1183
2414506,0.4882,28.9774
2414605,0.4531,22.98
2414704,0.439,26.8951
2414753,0.4427,38.852
2414803,0.4793,32.4087
2414902,0.3833,16.5203
2415008,0.3887,15.846
2500106,0.5073,32.6299
2500205,0.4575,31.661
2500304,0.459,26.6344
2500403,0.4463,27.4067
2500502,0.451,28.9074
2500536,0.3998,24.3001
2500577,0.4381,40.8814
2500601,0.415,20.3812
2500700,0.4514,22.5354
2500734,0.428,30.5282
2500775,0.4169,25.1884
2500809,0.426,32.2955
2500908,0.4335,25.1742
2501005,0.4617,33.2809
2501104,0.4766,22.2375
2501153,0.4383,36.9077
2501203,0.4845,29.9172
2501302,0.4662,37.5569
2501351,0.4462,29.019
2501401,0.4881,31.2663
2501500,0.5382,29.7565
2501534,0.4651,32.8079
2501575,0.4878,40.2434
2501609,0.4621,31.2868
2501708,0.393,24.5852
2501807,0.4269,17.4616
2501906,0.4838,27.2126
2502003,0.3945,16.2572
2502052,0.4751,26.8265
2502102,0.4573,30.7264
2502151,0.4073,10.4006
2502201,0.3728,18.3727
2502300,0.3909,22.1841
2502409,0.5011,38.0804
2502508,0.4506,23.8736
2502607,0.4199,26.0075
2502706,0.5258,37.6221
2502805,0.4348,24.3003
2502904,0.469,20.6374
2503001,0.4194,24.7393
2503100,0.4396,21.7905
2503209,0.6097,13.5062
2503308,0.4198,28.5761
2503407,0.4649,32.9172
2503506,0.5051,36.5527
2503555,0.4705,45.1059
2503605,0.4399,32.0509
2503704,0.5017,14.8684
2503753,0.3899,25.6598
2503803,0.3973,23.4394
2503902,0.4402,30.0728
2504009,0.5562,16.2724
2504033,0.4107,27.6614
2504074,0.3644,16.7596
2504108,0.4248,28.763
2504157,0.4358,37.451
2504207,0.4561,34.4912
2504306,0.4507,13.5235
2504355,0.4694,34.8877
2504405,0.5056,32.4065
2504504,0.4568,26.9069
2504603,0.4951,21.8066
2504702,0.4115,23.211
2504801,0.4681,26.0319
2504850,0.4582,20.614
2504900,0.3771,22.4764
2505006,0.4344,28.5279
2505105,0.4893,26.2318
2505204,0.4186,28.3507
2505238,0.4113,25.4248
2505279,0.4191,29.246
2505303,0.3863,21.0227
2505352,0.4521,42.0514
2505402,0.4326,28.3625
2505501,0.446,32.7657
2505600,0.4845,32.2115
2505709,0.5038,39.1006
2505808,0.4429,30.3954
2505907,0.4024,23.5963
2506004,0.481,25.3275
2506103,0.4766,35.1525
2506202,0.3698,16.2257
2506251,0.4392,39.8582
2506301,0.5021,19.3055
2506400,0.4168,25.4903
2506509,0.4017,21.715
2506608,0.4798,33.043
2506707,0.4504,37.9426
2506806,0.4139,18.2664
2506905,0.4457,23.5151
2507002,0.4499,19.8029
2507101,0.4462,30.5344
2507200,0.4664,28.6546
2507309,0.4675,27.9289
2507408,0.4148,21.0435
2507507,0.5756,12.3636
2507606,0.4095,22.8725
2507705,0.5018,36.7139
2507804,0.4046,15.438
2507903,0.4297,28.0164
2508000,0.4574,37.102
2508109,0.4293,26.7522
2508208,0.4436,28.3884
2508307,0.5227,24.5991
2508406,0.3831,31.5823
2508505,0.433,36.0913
2508554,0.4746,30.9777
2508604,0.4587,25.5855
2508703,0.4793,31.0075
2508802,0.3974,15.5333
2508901,0.4398,22.2881
2509008,0.5082,43.0805
2509057,0.4007,32.248
2509107,0.4346,28.5226
2509156,0.464,26.6677
2509206,0.4289,19.9802
2509305,0.495,26.5013
2509339,0.464,42.2008
2509370,0.3744,15.8081
2509396,0.4662,36.4273
2509404,0.4297,28.3729
2509503,0.4345,27.8562
2509602,0.4595,41.7748
2509701,0.4815,24.3619
2509800,0.3977,25.3928
2509909,0.4811,39.8434
2510006,0.5042,36.9269
2510105,0.4591,28.8919
2510204,0.443,31.8127
2510303,0.4503,21.7892
2510402,0.4748,50.462
2510501,0.448,30.2404
2510600,0.3989,20.2879
2510659,0.4319,24.1279
2510709,0.3886,20.3816
2510808,0.5031,16.105
2510907,0.4355,21.8945
2511004,0.4882,29.3127
2511103,0.437,25.0876
2511202,0.4252,22.0532
2511301,0.4524,22.6741
2511400,0.5046,29.2151
2511509,0.4836,34.5287
2511608,0.4577,33.4654
2511707,0.4207,25.258
2511806,0.4551,30.4954
2511905,0.4196,19.6023
2512002,0.4407,31.8965
2512036,0.4897,38.1723
2512077,0.4489,23.6895
2512101,0.4737,19.8593
2512200,0.4349,19.657
2512309,0.5239,25.6886
2512408,0.4258,25.5048
2512507,0.4143,22.6864
2512606,0.4614,31.1673
2512705,0.5071,27.051
2512721,0.4847,41.658
2512747,0.4359,38.3168
2512754,0.3534,21.0021
2512762,0.4581,41.8919
2512788,0.4533,28.117
2512804,0.4101,25.4599
2512903,0.4493,17.4882
2513000,0.4638,30.0745
2513109,0.4327,32.3537
2513158,0.4436,32.4247
2513208,0.401,22.0447
2513307,0.3685,15.5973
2513356,0.4841,33.7372
2513406,0.4512,11.595
2513505,0.543,41.0457
2513604,0.4527,30.3977
2513653,0.4444,33.1627
2513703,0.4116,18.3855
2513802,0.4149,22.8234
2513851,0.4588,27.0714
2513901,0.4593,24.1991
2513927,0.4228,26.2306
2513943,0.3631,20.3868
2513968,0.3508,23.9692
2513984,0.4102,23.43
2514008,0.4243,17.299
2514107,0.4438,32.9732
2514206,0.4514,30.6515
2514305,0.4816,35.5582
2514404,0.4268,25.3646
2514453,0.431,37.2942
2514503,0.4495,24.6289
2514552,0.4432,37.0273
2514602,0.4038,22.7946
2514651,0.4169,30.9594
2514701,0.4172,17.3272
2514800,0.3926,25.7403
2514909,0.411,12.3996
2515005,0.5181,35.1967
2515104,0.4375,23.4185
2515203,0.438,32.9979
2515302,0.4256,22.4812
2515401,0.4327,35.9732
2515500,0.4371,24.9391
2515609,0.4737,25.5333
2515708,0.4521,25.1106
2515807,0.4174,24.0293
2515906,0.4399,30.3608
2515930,0.4306,23.4863
2515971,0.4285,29.4825
2516003,0.4687,24.0911
2516102,0.486,32.7399
2516151,0.4464,35.1868
2516201,0.4848,17.647
2516300,0.4792,22.4216
2516409,0.4688,34.382
2516508,0.4449,31.6107
2516607,0.4767,36.7421
2516706,0.469,32.3719
2516755,0.4379,27.6129
2516805,0.442,23.2226
2516904,0.4678,21.5005
2517001,0.4628,36.058
2517100,0.4144,10.1199
2517209,0.383,28.8509
2517407,0.452,32.6733
2600054,0.4392,19.5853
2600104,0.4974,23.6638
2600203,0.4269,26.3855
2600302,0.4843,32.2115
2600401,0.4455,28.4129
2600500,0.4846,35.82
2600609,0.5444,26.6578
2600708,0.4681,28.5298
2600807,0.4892,30.9181
2600906,0.4439,30.2984
2601003,0.4657,30.8549
2601052,0.4807,31.7622
2601102,0.4973,31.3969
2601201,0.5516,22.7918
2601300,0.4249,30.0334
2601409,0.4637,27.613
2601508,0.4273,26.1507
2601607,0.4911,29.5343
2601706,0.4789,21.8241
2601805,0.4557,34.5442
2601904,0.4528,18.958
2602001,0.4938,33.3846
2602100,0.5185,31.4222
2602209,0.4502,29.4692
2602308,0.4918,32.6312
2602407,0.4365,31.3471
2602506,0.4416,25.9048
2602605,0.4129,25.0998
2602704,0.4113,21.7208
2602803,0.4895,44.1197
2602902,0.5006,20.3684
2603009,0.5006,33.0746
2603108,0.4795,30.1121
2603207,0.4583,34.9684
2603306,0.4591,34.5263
2603405,0.4915,32.6894
2603454,0.5238,19.1618
2603504,0.4384,25.3522
2603603,0.4195,23.8642
2603702,0.4753,32.2626
2603801,0.444,34.7911
2603900,0.4897,36.2422
2603926,0.4784,35.7791
2604007,0.48,17.3708
2604106,0.5316,18.3224
2604155,0.4293,34.85
2604205,0.4561,25.6646
2604304,0.4826,33.3016
2604403,0.4397,28.6121
2604502,0.4486,24.2609
2604601,0.4621,25.5085
2604700,0.4574,34.3595
2604809,0.4445,27.1363
2604908,0.447,26.8875
2605004,0.479,33.0252
2605103,0.4526,22.1562
2605152,0.4616,25.1644
2605202,0.464,21.7543
2605301,0.5301,38.3398
2605400,0.4192,21.2722
2605459,0.4297,1.7346
2605509,0.4455,21.7591
2605608,0.4637,35.2446
2605707,0.4817,24.5286
2605806,0.4224,23.0566
2605905,0.4355,24.1231
2606002,0.5328,18.1782
2606101,0.4548,27.6621
2606200,0.4753,21.9662
2606309,0.4338,29.3542
2606408,0.4862,16.511
2606507,0.4579,33.009
2606606,0.5132,36.0661
2606705,0.4666,32.1794
2606804,0.4766,22.1023
2606903,0.4785,35.8555
2607000,0.4966,45.7941
2607109,0.4429,30.3673
2607208,0.4695,22.038
2607307,0.5072,34.865
2607406,0.3968,22.0976
2607505,0.4462,34.316
2607604,0.5319,27.9071
2607653,0.4638,24.5854
2607703,0.4949,28.4582
2607752,0.4446,24.1763
2607802,0.4532,29.8773
2607901,0.5454,20.4665
2607950,0.4619,39.5528
2608008,0.4443,34.3073
2608057,0.482,26.417
2608107,0.4503,28.9414
2608206,0.4455,27.1295
2608255,0.4703,35.2067
2608305,0.5084,30.3244
2608404,0.4503,36.6134
2608453,0.4395,23.5107
2608503,0.4483,28.3283
2608602,0.4877,38.4777
2608701,0.4485,32.9803
2608750,0.4152,20.2793
2608800,0.5027,32.6151
2608909,0.5053,23.7908
2609006,0.4795,28.7961
2609105,0.453,27.0127
2609154,0.4542,62.4584
2609204,0.439,27.2786
2609303,0.4854,32.8084
2609402,0.4544,23.13
2609501,0.4833,18.7864
2609600,0.5543,20.1434
2609709,0.4538,29.6008
2609808,0.4563,38.3914
2609907,0.4939,30.2687
2610004,0.4953,23.1229
2610103,0.4593,26.6534
2610202,0.4644,38.4585
2610301,0.4918,42.4643
2610400,0.4749,32.5543
2610509,0.4659,29.802
2610608,0.5928,23.4715
2610707,0.4846,15.3727
2610806,0.4677,40.6692
2610905,0.5079,26.4913
2611002,0.4583,27.1209
2611101,0.5288,14.5684
2611200,0.4989,38.3905
2611309,0.458,24.1921
2611408,0.3957,23.5154
2611507,0.4751,33.205
2611533,0.5284,49.6491
2611606,0.6312,15.2431
2611705,0.418,24.0709
2611804,0.4995,25.6606
2611903,0.4469,24.6289
2612000,0.4832,22.8768
2612109,0.5061,29.7887
2612208,0.5033,21.6259
2612307,0.4527,31.3697
2612406,0.4479,30.654
2612455,0.476,33.5189
2612471,0.4605,36.2237
2612505,0.4408,15.0452
2612554,0.4173,34.3549
2612604,0.435,25.4145
2612703,0.4297,26.4824
2612802,0.4651,34.098
2612901,0.4332,32.1835
2613008,0.4648,30.9025
2613107,0.4298,27.4909
2613206,0.4726,29.3871
2613305,0.4831,38.6431
2613404,0.5236,20.998
2613503,0.4693,27.3464
2613602,0.4715,25.6124
2613701,0.4885,24.5007
2613800,0.4615,33.5753
2613909,0.5076,22.2077
2614006,0.4638,34.8063
2614105,0.474,27.3218
2614204,0.4615,23.6444
2614303,0.4591,32.6905
2614402,0.4683,37.1489
2614501,0.4911,22.3418
2614600,0.4983,26.8016
2614709,0.4341,29.6133
2614808,0.4451,36.4234
2614857,0.4948,25.2636
2615003,0.4308,16.3701
2615102,0.4495,36.1342
2615201,0.4204,26.861
2615300,0.4956,24.8881
2615409,0.4339,21.9797
2615508,0.4418,26.2422
2615607,0.4783,29.8649
2615706,0.48,20.0082
2615805,0.4755,44.7847
2615904,0.4641,25.4263
2616001,0.5192,26.2767
2616100,0.5119,35.6831
2616183,0.3572,20.733
2616209,0.4243,18.2386
2616308,0.42,22.5857
2616407,0.4794,19.4307
2616506,0.4374,30.2213
2700102,0.4845,36.0585
2700201,0.4723,31.4693
2700300,0.5168,18.4526
2700409,0.4378,25.5578
2700508,0.4462,19.3948
2700607,0.4926,9.0323
2700706,0.4705,24.0192
2700805,0.4468,24.0093
2700904,0.4668,43.75
2701001,0.4629,26.3912
2701100,0.4294,35.5479
2701209,0.4705,31.3038
2701308,0.5097,34.8966
2701357,0.4919,31.8523
2701407,0.4402,24.5135
2701506,0.4407,39.8132
2701605,0.4844,37.7106
2701704,0.4679,25.778
2701803,0.463,37.0279
2701902,0.4275,29.2037
2702009,0.4724,35.9841
2702108,0.4614,29.59
2702207,0.4262,16.4176
2702306,0.4599,19.439
2702355,0.467,41.627
2702405,0.4778,20.3534
2702504,0.4608,37.9388
2702553,0.4862,42.1882
2702603,0.4822,42.2757
2702702,0.4573,27.4035
2702801,0.431,27.5005
2702900,0.4663,37.7635
2703007,0.4343,24.6225
2703106,0.4743,37.7287
2703205,0.428,37.9375
2703304,0.5199,43.0013
2703403,0.4357,22.2922
2703502,0.4238,23.9542
2703601,0.3959,14.4228
2703700,0.404,28.0008
2703759,0.3632,14.036
2703809,0.4432,31.9715
2703908,0.4402,24.9878
2704005,0.4534,25.5292
2704104,0.4539,34.3911
2704203,0.446,30.8286
2704302,0.5819,14.8194
2704401,0.4397,25.1314
2704500,0.4627,20.1354
2704609,0.4316,26.1905
2704708,0.5385,16.4866
2704807,0.4186,20.7525
2704906,0.4484,16.5874
2705002,0.4705,45.0238
2705101,0.3929,22.3047
2705200,0.4262,27.9307
2705309,0.4898,35.9133
2705408,0.4528,34.368
2705507,0.4409,22.5336
2705606,0.4437,27.6751
2705705,0.5022,34.2919
2705804,0.4655,38.0525
2705903,0.4522,51.0171
2706000,0.4838,48.8069
2706109,0.4932,30.3512
2706208,0.4331,24.6579
2706307,0.5003,24.1533
2706406,0.4847,29.1644
2706422,0.4576,36.1014
2706448,0.4593,11.0517
2706505,0.3999,18.8207
2706604,0.4594,25.5627
2706703,0.5256,23.923
2706802,0.4813,32.4753
2706901,0.4467,21.8065
2707008,0.414,24.6425
2707107,0.5273,28.6921
2707206,0.456,44.7364
2707305,0.4608,20.8053
2707404,0.4295,23.4375
2707503,0.4785,40.1613
2707602,0.4993,30.9061
2707701,0.43,21.9842
2707800,0.3574,21.0445
2707909,0.4173,24.1614
2708006,0.4925,32.9163
2708105,0.4203,28.1639
2708204,0.5348,46.7949
2708303,0.4199,23.8793
2708402,0.5018,41.6193
2708501,0.4006,17.6835
2708600,0.4244,15.4387
2708709,0.4585,16.346
2708808,0.451,29.465
2708907,0.4044,13.5926
2708956,0.4457,37.5734
2709004,0.4907,31.9186
2709103,0.4521,35.196
2709152,0.4577,26.291
2709202,0.4919,39.1659
2709301,0.4547,24.9444
2709400,0.4368,22.7128
2800100,0.4985,29.5203
2800209,0.4962,30.0894
2800308,0.5861,12.4173
2800407,0.486,29.1978
2800506,0.4736,23.8255
2800605,0.54,12.45
2800670,0.5078,26.6249
2800704,0.4972,42.1375
2801009,0.4479,16.0388
2801108,0.4773,35.2102
2801207,0.4974,32.0946
2801306,0.4909,31.1781
2801405,0.4613,29.9233
2801504,0.4602,23.5464
2801603,0.4992,31.6082
2801702,0.4732,33.1394
2801900,0.4313,25.5753
2802007,0.419,20.1152
2802106,0.5017,22.7413
2802205,0.4588,33.6907
2802304,0.4431,19.8567
2802403,0.5213,38.8593
2802502,0.4364,20.3759
2802601,0.4408,32.4241
2802700,0.448,42.7352
2802809,0.5199,40.8505
2802908,0.467,13.5308
2803005,0.4535,28.97
2803104,0.4228,23.4141
2803203,0.4767,30.7746
2803302,0.4695,23.7984
2803401,0.4805,27.7542
2803500,0.4758,20.1673
2803609,0.4499,23.4494
2803708,0.3949,16.6569
2803807,0.4253,23.1611
2803906,0.4407,24.1308
2804003,0.4754,26.3751
2804102,0.4329,21.2712
2804201,0.4641,28.4598
2804300,0.4444,24.4527
2804409,0.4962,29.156
2804458,0.4798,27.3299
2804508,0.5064,23.9688
2804607,0.4607,27.9796
2804706,0.4776,24.3446
2804805,0.4397,20.8404
2804904,0.4872,39.2428
2805000,0.4455,34.0173
2805109,0.4498,25.2842
2805208,0.4495,29.0094
2805307,0.4646,25.1014
2805406,0.4982,37.6832
2805505,0.463,27.279
2805604,0.5155,39.0275
2805703,0.5304,24.9397
2805802,0.4473,29.086
2805901,0.46,28.144
2806008,0.4661,20.0248
2806107,0.478,26.7205
2806206,0.452,22.3236
2806305,0.437,35.6134
2806404,0.4456,25.9572
2806503,0.4532,34.2361
2806602,0.4784,29.0136
2806701,0.498,16.343
2806800,0.465,27.7239
2806909,0.4237,21.8316
2807006,0.4012,23.538
2807105,0.4693,23.3514
2807204,0.4408,25.0319
2807303,0.4293,27.0006
2807402,0.4866,21.8811
2807501,0.4867,43.0335
2807600,0.4633,27.1731
2900108,0.401,18.8179
2900207,0.4426,33.0574
2900306,0.4665,30.5887
2900355,0.4503,26.9681
2900405,0.4222,25.0311
2900504,0.3954,20.2849
2900603,0.4031,18.7936
2900702,0.5131,18.9941
2900801,0.4384,23.7372
2900900,0.3964,12.1881
2901007,0.484,23.4417
2901106,0.4372,19.1831
2901155,0.4151,26.3081
2901205,0.4199,27.0791
2901304,0.476,27.5857
2901353,0.4215,20.3071
2901403,0.4475,22.1599
2901502,0.3472,18.0466
2901601,0.4942,23.8065
2901700,0.4157,25.247
2901809,0.3694,18.5421
2901908,0.4524,28.6976
2901957,0.4161,19.2888
2902005,0.4105,24.3972
2902054,0.4159,23.847
2902104,0.4961,34.3044
2902203,0.4473,21.917
2902252,0.4645,28.6907
2902302,0.4564,32.0272
2902401,0.416,21.0309
2902500,0.4185,26.8483
2902609,0.4686,29.8036
2902658,0.445,30.2201
2902708,0.5461,40.5782
2902807,0.4574,23.1093
2902906,0.4185,20.0849
2903003,0.4712,22.137
2903102,0.4447,21.7316
2903201,0.5088,11.814
2903235,0.4561,28.4726
2903276,0.4368,24.5
2903300,0.3753,13.3962
2903409,0.4524,20.8684
2903508,0.4365,24.5904
2903607,0.4161,28.3086
2903706,0.4404,27.2329
2903805,0.4345,32.5857
2903904,0.516,23.4071
2903953,0.4112,27.6287
2904001,0.4453,24.9243
2904050,0.4198,24.0048
2904100,0.4439,30.6202
2904209,0.4589,29.8847
2904308,0.4601,28.5251
2904407,0.4348,28.6782
2904506,0.4416,28.7212
2904605,0.4779,16.1801
2904704,0.4467,20.2192
2904753,0.4681,45.2889
2904803,0.374,14.4497
2904852,0.463,34.0414
2904902,0.5088,21.9183
2905008,0.4548,15.9669
2905107,0.4895,26.3001
2905156,0.4044,25.4712
2905206,0.4785,19.2651
2905305,0.4768,33.4517
2905404,0.4515,15.6909
2905503,0.4156,30.1529
2905602,0.4726,21.1615
2905701,0.5184,17.6826
2905800,0.498,29.798
2905909,0.5044,39.4773
2906006,0.4998,30.6343
2906105,0.4267,34.1783
2906204,0.4651,34.3847
2906303,0.507,27.0816
2906402,0.4246,25.5147
2906501,0.4823,24.2955
2906600,0.4152,24.6159
2906709,0.4416,24.4447
2906808,0.464,32.0752
2906824,0.4821,30.3545
2906857,0.4193,22.2802
2906873,0.4694,23.4736
2906899,0.3792,20.3193
2906907,0.4867,19.7012
2907004,0.4451,31.2582
2907103,0.4779,34.8171
2907202,0.4224,27.5387
2907301,0.4606,23.1954
2907400,0.4018,21.4494
2907509,0.4887,22.4083
2907558,0.4423,34.7994
2907608,0.4928,32.0666
2907707,0.4629,30.5133
2907806,0.4513,21.8857
2907905,0.5055,29.0133
2908002,0.454,21.6606
2908101,0.4839,31.0148
2908200,0.4145,20.8097
2908309,0.4165,16.6084
2908408,0.467,21.5458
2908507,0.4326,11.1628
2908606,0.5097,36.2225
2908705,0.4527,25.5998
2908804,0.3858,17.7613
2908903,0.4109,18.0143
2909000,0.36,14.7593
2909109,0.5137,33.9244
2909208,0.4405,26.7753
2909307,0.5006,25.6122
2909406,0.4578,33.7624
2909505,0.468,30.0113
2909604,0.4716,33.1315
2909703,0.4441,23.925
2909802,0.5134,14.5943
2909901,0.4559,33.0502
2910008,0.444,26.8679
2910057,0.4599,21.1693
2910107,0.4293,23.721
2910206,0.4098,20.4096
2910305,0.4643,29.7325
2910404,0.4496,33.8545
2910503,0.503,27.2014
2910602,0.4843,28.419
2910701,0.4758,24.1117
2910727,0.4938,12.1406
2910750,0.4649,30.1984
2910776,0.3955,21.9378
2910800,0.5293,16.8689
2910859,0.4305,27.1167
2910909,0.3514,13.3908
2911006,0.4247,18.3973
2911105,0.5211,29.1852
2911204,0.4693,20.0062
2911253,0.3953,16.6782
2911303,0.4391,27.0397
2911402,0.4474,25.8822
2911501,0.3972,18.6575
2911600,0.4607,23.159
2911659,0.3919,20.1939
2911709,0.5081,14.1412
2911808,0.4131,19.3945
2911857,0.4545,27.8783
2911907,0.4639,26.6992
2912004,0.3912,15.2364
2912103,0.4882,16.7983
2912202,0.4037,16.2174
2912301,0.4489,14.7488
2912400,0.4564,26.7782
2912509,0.4445,27.476
2912608,0.4516,32.4832
2912707,0.47,32.1686
2912806,0.398,8.6859
2912905,0.4279,22.1173
2913002,0.4651,29.3774
2913101,0.4306,27.5512
2913200,0.4917,27.5558
2913309,0.4548,18.17
2913408,0.4192,20.5064
2913457,0.3934,19.8203
2913507,0.4716,24.6931
2913606,0.5505,15.5303
2913705,0.4444,24.8355
2913804,0.4397,42.2543
2913903,0.4882,19.1536
2914000,0.4837,27.8916
2914109,0.4178,23.3588
2914208,0.3911,19.6689
2914307,0.4334,26.7741
2914406,0.4989,34.0538
2914505,0.4437,19.86
2914604,0.5078,15.139
2914653,0.5093,23.7488
2914703,0.4746,16.146
2914802,0.537,16.3266
2914901,0.4857,14.4349
2915007,0.393,21.7019
2915106,0.4796,32.8461
2915205,0.4339,16.2208
2915304,0.4422,16.7956
2915353,0.4064,26.3064
2915403,0.4138,18.1969
2915502,0.4484,20.9579
2915601,0.4444,13.074
2915700,0.4281,21.6707
2915809,0.4147,16.9522
2915908,0.4272,27.6124
2916005,0.4341,15.2859
2916104,0.4939,25.3331
2916203,0.431,18.3458
2916302,0.4228,17.6445
2916401,0.465,15.5499
2916500,0.4686,32.5784
2916609,0.3818,21.6955
2916708,0.4652,33.1044
2916807,0.4279,16.8838
2916856,0.4333,23.9484
2916906,0.4461,19.664
2917003,0.5031,34.4291
2917102,0.462,19.193
2917201,0.4678,26.4586
2917300,0.478,24.1485
2917334,0.4076,27.092
2917359,0.4693,36.9511
2917409,0.4308,20.0263
2917508,0.4869,16.5987
2917607,0.4548,24.2737
2917706,0.4954,25.6982
2917805,0.4955,37.6658
2917904,0.4739,30.9616
2918001,0.5107,20.5356
2918100,0.4665,26.0977
2918209,0.4506,26.7764
2918308,0.4253,21.3241
2918357,0.4474,24.8792
2918407,0.506,17.4595
2918456,0.441,21.5656
2918506,0.4443,32.97
2918555,0.3767,17.5611
2918605,0.3728,20.0298
2918704,0.3742,18.8068
2918753,0.4047,28.9808
2918803,0.4697,32.6917
2918902,0.4442,16.2809
2919009,0.4393,31.6222
2919058,0.4082,20.4964
2919108,0.4255,27.6539
2919157,0.461,27.9041
2919207,0.5677,12.1203
2919306,0.499,15.6653
2919405,0.4226,16.9174
2919504,0.4947,22.8408
2919553,0.5127,7.2961
2919603,0.4535,31.9878
2919702,0.4259,27.3761
2919801,0.4898,28.7523
2919900,0.4362,32.2354
2919926,0.4928,20.9048
2919959,0.3811,20.8435
2920007,0.4308,18.1276
2920106,0.444,30.5727
2920205,0.4358,35.085
2920304,0.4171,25.9674
2920403,0.4482,32.0956
2920452,0.4695,34.7516
2920502,0.4685,22.5812
2920601,0.4526,32.6776
2920700,0.4913,19.8639
2920809,0.4597,25.3678
2920908,0.4296,26.6096
2921005,0.4643,20.0757
2921054,0.4289,25.3172
2921104,0.4709,19.2991
2921203,0.4953,31.6961
2921302,0.4604,26.3571
2921401,0.4536,37.2766
2921450,0.4275,33.8667
2921500,0.4686,36.1061
2921609,0.4599,38.5766
2921708,0.503,24.4302
2921807,0.454,29.8573
2921906,0.4863,15.1515
2922003,0.4769,13.7102
2922052,0.4395,32.5654
2922102,0.4681,26.9918
2922201,0.3958,16.3163
2922250,0.4396,28.2786
2922300,0.4489,20.3428
2922409,0.4623,31.0895
2922508,0.4716,25.4141
2922607,0.4534,29.8946
2922656,0.4077,33.0549
2922706,0.4184,18.4923
2922730,0.3809,13.8156
2922755,0.3985,16.3866
2922805,0.4379,30.7207
2922854,0.4175,27.7674
2922904,0.4969,36.9736
2923001,0.4828,21.4492
2923035,0.4181,31.4224
2923050,0.4968,34.866
2923100,0.4432,31.9621
2923209,0.4791,30.7072
2923308,0.4078,22.0969
2923357,0.41,31.0237
2923407,0.4484,26.2035
2923506,0.5238,24.4189
2923605,0.4497,15.7312
2923704,0.4377,30.3774
2923803,0.4822,29.581
2923902,0.4451,22.1605
2924009,0.5128,21.1037
2924058,0.4045,22.1617
2924108,0.3998,23.2398
2924207,0.4384,34.5461
2924306,0.4552,24.809
2924405,0.4737,47.5711
2924504,0.4066,22.5122
2924603,0.4371,29.7931
2924652,0.4122,19.5989
2924678,0.5309,42.5551
2924702,0.4271,26.2622
2924801,0.4762,31.1674
2924900,0.4048,27.5699
2925006,0.4067,20.3137
2925105,0.4561,24.484
2925204,0.4771,19.5459
2925253,0.4669,35.1535
2925303,0.5119,12.1157
2925402,0.3839,11.4658
2925501,0.4768,16.5798
2925600,0.4384,25.8154
2925709,0.4126,30.3146
2925758,0.4772,24.5815
2925808,0.4693,33.0345
2925907,0.4655,31.6221
2925931,0.4242,31.4609
2925956,0.4421,37.9813
2926004,0.4907,28.7587
2926103,0.4191,22.6972
2926202,0.4146,25.324
2926301,0.465,17.9968
2926400,0.4727,31.8182
2926509,0.4439,31.4155
2926608,0.4976,25.8161
2926657,0.4012,23.9387
2926707,0.4619,22.3437
2926806,0.4292,27.5676
2926905,0.4557,28.51
2927002,0.4882,28.3385
2927101,0.458,28.6868
2927200,0.4641,21.7368
2927309,0.4877,33.9941
2927408,0.6042,16.2115
2927507,0.4286,23.2152
2927606,0.4419,37.3972
2927705,0.4599,14.837
2927804,0.3673,18.6775
2927903,0.4577,17.3616
2928000,0.4358,24.0717
2928059,0.4312,22.2271
2928109,0.4903,19.9408
2928208,0.4817,26.0338
2928307,0.4529,26.3424
2928406,0.4948,29.6373
2928505,0.4619,29.6453
2928604,0.4809,26.8513
2928703,0.5037,12.57
2928802,0.4352,19.9831
2928901,0.4548,19.4653
2928950,0.3577,13.9568
2929008,0.431,22.3654
2929057,0.4894,17.9423
2929107,0.4252,21.3895
2929206,0.5025,28.9766
2929255,0.4706,31.681
2929305,0.458,17.6186
2929354,0.3934,19.6311
2929370,0.4224,25.3349
2929404,0.4075,18.5684
2929503,0.485,23.5262
2929602,0.4237,20.0725
2929701,0.4645,33.0209
2929750,0.4501,25.3679
2929800,0.4551,22.0472
2929909,0.4919,24.46
2930006,0.4224,25.7057
2930105,0.5337,21.3709
2930154,0.4864,30.8176
2930204,0.4767,38.1835
2930303,0.4441,26.9662
2930402,0.3955,21.684
2930501,0.4938,22.3123
2930600,0.4064,19.3617
2930709,0.4669,21.7898
2930758,0.3947,26.0212
2930766,0.4373,32.6979
2930774,0.4864,22.1576
2930808,0.4297,32.7974
2930907,0.454,33.7424
2931004,0.4874,33.1382
2931053,0.4477,31.3396
2931103,0.4399,21.8361
2931202,0.4317,24.8877
2931301,0.4756,34.3069
2931350,0.5021,14.3061
2931400,0.3875,18.1498
2931509,0.5106,29.208
2931608,0.4535,19.1759
2931707,0.4228,19.6109
2931806,0.439,33.2781
2931905,0.4829,24.7368
2932002,0.4794,34.6807
2932101,0.4765,26.6588
2932200,0.5046,19.351
2932309,0.5223,32.5711
2932408,0.4532,21.2731
2932457,0.4574,31.6656
2932507,0.4579,18.1466
2932606,0.451,15.0765
2932705,0.4624,17.1592
2932804,0.4618,26.099
2932903,0.4893,22.3415
2933000,0.3878,15.1876
2933059,0.4349,32.8188
2933109,0.4614,28.7989
2933158,0.4176,28.799
2933174,0.4406,29.2945
2933208,0.5199,23.9174
2933257,0.3831,16.2973
2933307,0.5253,13.2129
2933406,0.4383,29.8748
2933455,0.4441,21.1136
2933505,0.4502,34.2279
2933604,0.4654,24.9297
3100104,0.4414,5.1925
3100203,0.455,10.5655
3100302,0.4562,13.9822
3100401,0.3767,6.3955
3100500,0.458,21.1434
3100609,0.4748,21.5975
3100708,0.419,2.9454
3100807,0.4005,2.1689
3100906,0.4386,14.6881
3101003,0.3933,17.1934
3101102,0.4828,10.401
3101201,0.4392,3.2928
3101300,0.4155,6.3822
3101409,0.3589,2.6423
3101508,0.4783,9.6271
3101607,0.4805,6.4149
3101631,0.4054,7.2717
3101706,0.4944,16.0635
3101805,0.3936,8.7668
3101904,0.4397,8.4659
3102001,0.4481,11.1985
3102050,0.3919,9.7162
3102100,0.4393,17.8887
3102209,0.3782,10.7856
3102308,0.4157,7.1966
3102407,0.3938,16.5905
3102506,0.3798,5.9761
3102605,0.4223,1.6975
3102704,0.4293,26.9948
3102803,0.4683,8.3558
3102852,0.4359,16.0275
3102902,0.4176,7.6798
3103009,0.3938,11.0424
3103108,0.3926,9.0436
3103207,0.4524,15.6638
3103306,0.36,6.1704
3103405,0.525,18.3452
3103504,0.4574,5.9189
3103603,0.3925,4.6312
3103702,0.4167,17.819
3103751,0.4291,4.3545
3103801,0.4183,6.4504
3103900,0.4365,3.5652
3104007,0.4598,4.7208
3104106,0.3978,6.0842
3104205,0.4132,5.6539
3104304,0.4384,7.1802
3104403,0.4559,8.8235
3104452,0.4112,15.6842
3104502,0.4714,14.8351
3104601,0.3823,5.4169
3104700,0.4105,15.9592
3104809,0.3762,9.8126
3104908,0.4176,7.2687
3105004,0.4078,9.5945
3105103,0.5278,17.3481
3105202,0.4081,14.7913
3105301,0.3764,2.3232
3105400,0.4198,5.0651
3105509,0.3915,10.1531
3105608,0.507,9.9281
3105707,0.4001,9.1905
3105905,0.4492,10.2093
3106002,0.4078,9.5008
3106101,0.4504,4.6239
3106200,0.5623,7.6192
3106309,0.4594,20.1005
3106408,0.4701,11.9601
3106507,0.4148,20.0794
3106606,0.4084,25.6122
3106655,0.3546,14.033
3106705,0.4383,8.8896
3106804,0.4153,11.7735
3106903,0.464,8.2662
3107000,0.4101,3.9866
3107109,0.4617,5.9246
3107208,0.4572,5.6005
3107307,0.4472,14.9814
3107406,0.4532,4.9964
3107505,0.417,10.5162
3107604,0.4143,4.0477
3107703,0.402,10.8642
3107802,0.4244,12.2749
3107901,0.4639,16.5125
3108008,0.4957,9.7456
3108107,0.4394,6.9222
3108206,0.4399,5.4742
3108255,0.4542,30.782
3108305,0.412,5.1221
3108404,0.4024,4.4408
3108503,0.4365,25.8528
3108552,0.4159,6.7467
3108602,0.4761,19.6096
3108701,0.3561,11.6406
3108800,0.4992,27.2359
3108909,0.4286,8.0526
3109006,0.5055,5.6121
3109105,0.4239,4.0085
3109204,0.4567,13.2959
3109253,0.4393,16.5801
3109303,0.4479,12.6405
3109402,0.419,13.5703
3109451,0.4452,6.6244
3109501,0.4023,5.7635
3109600,0.3679,3.7639
3109709,0.3684,7.126
3109808,0.3904,2.8285
3109907,0.4165,9.0424
3110004,0.476,13.4374
3110103,0.412,16.0347
3110202,0.3627,9.0509
3110301,0.4281,4.7417
3110400,0.3672,13.9535
3110509,0.4363,5.4791
3110608,0.4146,2.5238
3110707,0.4408,6.6727
3110806,0.4277,15.2583
3110905,0.4517,6.4971
3111002,0.4005,7.1553
3111101,0.4432,5.4898
3111150,0.4261,20.6431
3111200,0.4123,5.424
3111309,0.4222,8.0244
3111408,0.4109,5.5015
3111507,0.4768,6.9724
3111606,0.4628,7.7708
3111705,0.3646,10.5408
3111804,0.4041,7.1347
3111903,0.4255,7.2151
3112000,0.3704,7.3831
3112059,0.4414,14.2174
3112109,0.3765,9.4463
3112208,0.3854,10.5915
3112307,0.4639,10.5415
3112406,0.3658,6.639
3112505,0.4276,10.4823
3112604,0.414,7.095
3112653,0.3867,10.9487
3112703,0.3922,12.4202
3112802,0.4,3.3256
3112901,0.4455,10.4745
3113008,0.4947,33.8253
3113107,0.3931,11.6604
3113206,0.4232,9.6632
3113305,0.4608,10.2671
3113404,0.4775,10.9865
3113503,0.395,10.7395
3113602,0.3829,3.2144
3113701,0.4439,12.4824
3113800,0.4165,13.167
3113909,0.3986,5.6567
3114006,0.3875,3.9318
3114105,0.4609,8.716
3114204,0.3478,3.4209
3114303,0.4146,5.7501
3114402,0.3978,4.9933
3114501,0.4081,6.2978
3114550,0.3695,3.957
3114600,0.4752,6.2893
3114709,0.3717,3.2688
3114808,0.4151,8.0958
3114907,0.518,11.7435
3115003,0.395,7.5605
3115102,0.4184,6.8931
3115201,0.446,4.6597
3115300,0.4549,8.3213
3115359,0.4208,7.152
3115409,0.3831,12.5809
3115458,0.4202,17.2861
3115474,0.404,22.3606
3115508,0.5099,6.8221
3115607,0.3341,6.753
3115706,0.4337,10.0195
3115805,0.5061,8.5293
3115904,0.4238,7.3917
3116001,0.4541,19.9967
3116100,0.3914,15.331
3116159,0.5163,15.6293
3116209,0.3709,4.9643
3116308,0.462,27.9444
3116407,0.3151,4.1828
3116506,0.4194,19.8772
3116605,0.3887,2.8262
3116704,0.3742,6.1374
3116803,0.4432,17.9174
3116902,0.3878,2.2744
3117009,0.4485,28.4598
3117108,0.4019,6.6267
3117207,0.4049,8.5498
3117306,0.4591,10.6108
3117405,0.3427,6.1012
3117504,0.4554,9.9243
3117603,0.4211,6.4074
3117702,0.487,9.4963
3117801,0.4083,5.1792
3117836,0.4252,27.4602
3117876,0.4476,5.896
3117900,0.4171,5.1308
3118007,0.4216,7.3302
3118106,0.4246,14.2205
3118205,0.4099,4.0553
3118304,0.4313,5.7273
3118403,0.4541,11.0547
3118502,0.3516,2.0672
3118601,0.4448,7.7397
3118700,0.4236,7.2752
3118809,0.4515,17.7697
3118908,0.4049,9.1608
3119005,0.3803,8.7559
3119104,0.4731,17.491
3119203,0.4221,8.229
3119302,0.479,4.8865
3119401,0.4436,8.7769
3119500,0.4436,23.6357
3119609,0.4245,6.7975
3119708,0.5118,9.1796
3119807,0.4034,3.3904
3119906,0.4515,5.294
3119955,0.3517,2.7673
3120003,0.3535,14.3652
3120102,0.414,13.9474
3120151,0.4547,23.4411
3120201,0.3736,4.6279
3120300,0.4512,25.5036
3120409,0.4252,12.2134
3120508,0.4185,7.993
3120607,0.3791,7.1482
3120706,0.4566,7.2707
3120805,0.4298,8.0257
3120839,0.3822,7.4874
3120870,0.3955,17.1753
3120904,0.4766,8.7588
3121001,0.4149,15.1876
3121100,0.4515,9.4867
3121209,0.4479,6.4256
3121258,0.3839,9.2941
3121308,0.3409,5.2222
3121407,0.3707,9.2381
3121506,0.3738,10.9538
3121605,0.5176,10.3259
3121704,0.4011,14.6802
3121803,0.4025,9.5287
3121902,0.4195,6.5783
3122009,0.503,13.6663
3122108,0.3849,9.9809
3122207,0.4222,14.9217
3122306,0.4608,5.1785
3122355,0.4375,18.3199
3122405,0.3686,5.728
3122454,0.3801,18.9758
3122470,0.4009,8.7439
3122504,0.3846,8.188
3122603,0.3788,7.0143
3122702,0.3906,7.6465
3122801,0.4361,8.2391
3122900,0.3876,7.8325
3123007,0.3849,7.6562
3123106,0.354,12.5547
3123205,0.4894,13.4494
3123304,0.4558,7.496
3123403,0.3353,5.4757
3123502,0.3453,3.4445
3123528,0.467,9.5817
3123601,0.4316,7.2691
3123700,0.3486,6.8813
3123809,0.3954,12.825
3123858,0.3878,13.2072
3123908,0.4413,7.4336
3124005,0.4269,7.4407
3124104,0.4461,10.5047
3124203,0.4238,9.4584
3124302,0.433,17.825
3124401,0.3647,5.3846
3124500,0.3301,3.5929
3124609,0.4197,12.5858
3124708,0.3606,2.9059
3124807,0.4319,6.1884
3124906,0.457,14.8037
3125002,0.4141,16.7617
3125101,0.3958,4.9346
3125200,0.4427,5.4694
3125309,0.4051,8.1242
3125408,0.3898,15.2886
3125507,0.4603,14.5424
3125606,0.4582,18.6621
3125705,0.4338,6.6246
3125804,0.3983,10.6131
3125903,0.4476,13.6788
3125952,0.4401,17.8805
3126000,0.4258,3.0587
3126109,0.3976,3.6283
3126208,0.4895,19.9444
3126307,0.3958,5.1481
3126406,0.4393,2.4619
3126505,0.4772,20.6746
3126604,0.4212,14.9287
3126703,0.459,20.7849
3126752,0.437,24.6524
3126802,0.4038,19.3262
3126901,0.4135,16.3049
3126950,0.388,13.182
3127008,0.4217,7.9072
3127057,0.4079,19.7099
3127073,0.4207,29.632
3127107,0.4759,9.6738
3127206,0.4289,8.3066
3127305,0.4487,10.455
3127339,0.466,30.1318
3127354,0.4126,14.6858
3127370,0.4342,6.8198
3127388,0.4257,6.2469
3127404,0.4458,3.0952
3127503,0.4168,17.8854
3127602,0.43,11.6995
3127701,0.4837,8.6415
3127800,0.48,20.8897
3127909,0.3924,3.2374
3128006,0.4603,8.7822
3128105,0.4251,7.4125
3128204,0.3987,13.0821
3128253,0.3987,11.0626
3128303,0.3727,3.749
3128402,0.4453,7.1726
3128501,0.427,8.86
3128600,0.4852,4.9746
3128709,0.4525,4.7586
3128808,0.3727,3.9848
3128907,0.4347,5.2395
3129004,0.3657,4.1226
3129103,0.5141,2.8284
3129202,0.432,15.3115
3129301,0.4257,14.7154
3129400,0.4127,10.8108
3129509,0.4384,6.5583
3129608,0.3749,18.9641
3129657,0.4808,33.1824
3129707,0.435,7.6077
3129806,0.3984,9.053
3129905,0.4103,6.2443
3130002,0.4605,7.0116
3130051,0.4942,35.3871
3130101,0.4479,7.5404
3130200,0.3498,6.1251
3130309,0.4327,4.9077
3130408,0.3902,6.5074
3130507,0.4125,6.3739
3130556,0.3728,15.155
3130606,0.3956,5.9992
3130655,0.3836,20.6587
3130705,0.4352,4.666
3130804,0.438,6.5542
3130903,0.4724,14.0871
3131000,0.4377,6.4273
3131109,0.3806,11.0975
3131158,0.4249,15.7591
3131208,0.4386,10.407
3131307,0.4906,7.5251
3131406,0.4168,3.3023
3131505,0.3865,4.9527
3131604,0.4453,6.0914
3131703,0.4712,7.9219
3131802,0.4685,13.1968
3131901,0.405,4.6858
3132008,0.3909,18.7441
3132107,0.4179,20.048
3132206,0.3848,4.9949
3132305,0.4858,30.639
3132404,0.4908,7.8941
3132503,0.4392,10.2777
3132602,0.3786,7.1874
3132701,0.4462,13.1234
3132800,0.4507,17.6416
3132909,0.4297,5.6549
3133006,0.421,8.5925
3133105,0.4156,3.5174
3133204,0.4566,12.0776
3133303,0.4574,13.9161
3133402,0.46,6.8509
3133501,0.4692,12.509
3133600,0.4194,10.3476
3133709,0.4055,8.0509
3133758,0.396,5.0014
3133808,0.4308,3.991
3133907,0.4085,9.4698
3134004,0.4537,30.1131
3134103,0.415,7.0851
3134202,0.478,6.1913
3134301,0.4455,10.3947
3134400,0.4585,4.9495
3134509,0.4439,4.6373
3134608,0.4606,11.3093
3134707,0.4793,19.9545
3134806,0.4564,15.9753
3134905,0.405,4.9518
3135001,0.3878,5.507
3135050,0.4288,16.9888
3135076,0.3929,12.559
3135100,0.4708,9.3302
3135209,0.5041,23.1733
3135308,0.3802,3.3067
3135357,0.4354,23.8782
3135407,0.3621,6.1894
3135456,0.4612,28.4894
3135506,0.5168,25.8409
3135605,0.3807,9.0895
3135704,0.3919,7.5013
3135803,0.4708,21.3903
3135902,0.4187,4.9823
3136009,0.4445,25.4247
3136108,0.3497,9.6416
3136207,0.4357,6.554
3136306,0.4623,9.8975
3136405,0.4256,12.9741
3136504,0.4627,19.928
3136520,0.4058,14.2929
3136553,0.334,11.5276
3136579,0.42,23.7662
3136603,0.3841,7.1247
3136652,0.4066,9.902
3136702,0.5194,8.7633
3136801,0.4752,22.0807
3136900,0.4034,7.0104
3136959,0.4249,28.4771
3137007,0.4623,29.5593
3137106,0.437,4.5517
3137205,0.431,7.1498
3137304,0.3536,10.8965
3137403,0.4202,11.5874
3137502,0.4604,7.6597
3137536,0.4031,5.4781
3137601,0.5229,5.8368
3137700,0.4489,8.9903
3137809,0.4744,12.9161
3137908,0.5067,20.603
3138005,0.3744,4.4115
3138104,0.3843,11.7258
3138203,0.5121,7.7036
3138302,0.3916,5.0741
3138351,0.3876,12.0765
3138401,0.5002,11.8816
3138500,0.4768,8.6229
3138609,0.4435,7.549
3138625,0.3563,2.1503
3138658,0.4329,18.3123
3138674,0.4004,12.6187
3138682,0.4165,32.0432
3138708,0.4007,4.5037
3138807,0.4591,4.1138
3138906,0.3955,11.781
3139003,0.421,5.8041
3139102,0.4565,3.7601
3139201,0.4584,17.8561
3139250,0.4087,23.7452
3139300,0.4586,21.6824
3139409,0.4581,9.6471
3139508,0.4448,8.3782
3139607,0.4859,10.2341
3139706,0.4109,4.7755
3139805,0.384,4.6934
3139904,0.4478,9.6731
3140001,0.4558,7.2745
3140100,0.4361,15.2313
3140159,0.4575,7.6507
3140209,0.3928,3.6127
3140308,0.4098,6.2595
3140407,0.511,13.8125
3140506,0.386,6.682
3140530,0.3969,15.424
3140555,0.4731,22.6792
3140605,0.4088,12.655
3140704,0.4365,12.6425
3140803,0.429,6.642
3140852,0.4248,22.9145
3140902,0.4728,21.8104
3141009,0.4291,14.0482
3141108,0.4113,9.206
3141207,0.3634,0.1311
3141306,0.4177,4.1913
3141405,0.4663,24.434
3141504,0.4008,10.2925
3141603,0.418,7.3676
3141702,0.3524,5.0449
3141801,0.3998,13.0926
3141900,0.4033,3.3029
3142007,0.4435,17.0561
3142106,0.451,12.6441
3142205,0.434,10.0339
3142254,0.46,23.6136
3142304,0.4128,2.7767
3142403,0.3805,5.8113
3142502,0.4107,13.8313
3142601,0.4268,5.4594
3142700,0.4892,27.1479
3142809,0.481,9.8706
3142908,0.4472,16.2521
3143005,0.4105,7.0648
3143104,0.4335,5.3628
3143153,0.4313,30.6779
3143203,0.4009,5.8838
3143302,0.5096,9.454
3143401,0.4066,7.591
3143450,0.4242,16.9704
3143500,0.387,2.9108
3143609,0.3862,7.3828
3143708,0.3937,12.6842
3143807,0.3931,5.4399
3143906,0.4824,7.5989
3144003,0.4584,11.6705
3144102,0.4618,4.9768
3144201,0.4664,18.7705
3144300,0.5002,13.4232
3144359,0.388,11.8749
3144375,0.3366,5.6867
3144409,0.4284,5.2892
3144508,0.4495,7.8292
3144607,0.4479,6.9093
3144656,0.4395,21.0347
3144672,0.4357,18.756
3144706,0.4304,7.9483
3144805,0.6334,3.9557
3144904,0.4537,11.7181
3145000,0.4278,5.3015
3145059,0.362,10.8423
3145109,0.3886,4.2702
3145208,0.3492,4.1685
3145307,0.4868,26.6155
3145356,0.4631,25.0
3145372,0.3977,16.4078
3145406,0.3572,8.4319
3145455,0.407,10.8591
3145505,0.3846,10.2665
3145604,0.4644,8.3674
3145703,0.3914,7.8934
3145802,0.4046,5.0185
3145851,0.4141,9.0354
3145877,0.3927,13.6067
3145901,0.4523,4.7263
3146008,0.4273,6.7157
3146107,0.4737,6.3535
3146206,0.4563,22.7281
3146255,0.3965,20.1068
3146305,0.4604,25.4146
3146404,0.4466,9.9619
3146503,0.3507,4.0361
3146552,0.3699,18.6847
3146602,0.3783,1.4247
3146701,0.4283,6.1092
3146750,0.4285,22.0593
3146909,0.3912,6.9858
3147006,0.4747,9.5583
3147105,0.4351,4.3568
3147204,0.3947,4.9868
3147303,0.4239,4.5842
3147402,0.4203,10.6805
3147501,0.3884,6.2147
3147600,0.4441,9.7258
3147709,0.4179,7.7533
3147808,0.4268,6.6279
3147907,0.4668,5.7694
3147956,0.4345,25.8792
3148004,0.4617,3.9923
3148103,0.4598,7.2977
3148202,0.4732,6.626
3148301,0.4075,8.2111
3148400,0.4278,12.7093
3148509,0.3675,15.5478
3148608,0.4485,13.9015
3148707,0.4923,21.0237
3148756,0.4259,21.2109
3148806,0.4154,9.5613
3148905,0.3695,6.9343
3149002,0.3451,8.0973
3149101,0.4399,7.6707
3149150,0.4436,24.2605
3149200,0.4147,4.8392
3149309,0.4644,8.2996
3149408,0.377,5.0885
3149507,0.3785,5.1925
3149606,0.4308,4.3562
3149705,0.3355,4.0248
3149804,0.4579,5.1073
3149903,0.4188,5.3944
3149952,0.3748,11.4299
3150000,0.4552,14.89
3150109,0.4561,11.8741
3150158,0.4003,8.4107
3150208,0.3613,5.4486
3150307,0.4724,11.2945
3150406,0.3978,10.5221
3150505,0.414,6.3917
3150539,0.4244,13.2479
3150570,0.4371,24.9577
3150604,0.4017,3.9418
3150703,0.3839,4.1765
3150802,0.4642,19.0667
3150901,0.4417,8.5177
3151008,0.4315,6.8117
3151107,0.4419,7.7889
3151206,0.4734,8.4165
3151305,0.4107,6.4956
3151404,0.423,8.6185
3151503,0.4446,4.1004
3151602,0.424,7.8907
3151701,0.4669,9.2204
3151800,0.4596,4.1874
3151909,0.4304,12.6467
3152006,0.4688,8.428
3152105,0.4909,8.6753
3152131,0.4118,18.599
3152170,0.4543,32.197
3152204,0.4708,18.8115
3152303,0.4068,13.5125
3152402,0.468,22.7855
3152501,0.4694,6.4187
3152600,0.4346,9.9495
3152709,0.4043,6.5683
3152808,0.4508,5.4118
3152907,0.4342,6.0874
3153004,0.4995,13.206
3153103,0.3904,7.4679
3153202,0.4064,8.4055
3153301,0.5055,20.593
3153400,0.4,4.9774
3153509,0.4224,8.8133
3153608,0.4058,8.6281
3153707,0.4041,3.4505
3153806,0.4336,6.3914
3153905,0.3915,6.1025
3154002,0.4282,11.7297
3154101,0.3817,5.8439
3154150,0.3992,7.5972
3154200,0.46,9.6264
3154309,0.4796,17.3878
3154408,0.4279,7.6567
3154457,0.3868,10.732
3154507,0.3951,16.0229
3154606,0.3992,10.385
3154705,0.4093,7.6753
3154804,0.4329,6.3911
3154903,0.4538,9.0381
3155009,0.4554,8.8164
3155108,0.4392,20.9618
3155207,0.3952,15.1262
3155306,0.3615,6.5096
3155405,0.4394,7.5313
3155504,0.4693,8.6579
3155603,0.43,20.4503
3155702,0.4261,7.779
3155801,0.5099,11.5817
3155900,0.4535,10.1266
3156007,0.4676,21.5819
3156106,0.4418,6.2513
3156205,0.3578,6.2036
3156304,0.3465,4.2319
3156403,0.374,4.5481
3156452,0.3593,8.084
3156502,0.4396,18.7181
3156601,0.445,21.6214
3156700,0.4386,7.8921
3156809,0.4462,15.4728
3156908,0.4797,3.9775
3157005,0.5086,16.9875
3157104,0.4093,17.1522
3157203,0.4806,13.6175
3157252,0.4176,11.7299
3157278,0.3954,10.8991
3157302,0.3448,5.9648
3157336,0.3602,6.5523
3157377,0.4163,24.2766
3157401,0.4268,17.3122
3157500,0.4105,16.0931
3157609,0.408,14.1273
3157658,0.4817,36.7127
3157708,0.3999,1.6987
3157807,0.4413,9.5825
3157906,0.44,17.4338
3158003,0.419,7.3098
3158102,0.4153,22.9391
3158201,0.4511,15.4989
3158300,0.4024,3.9233
3158409,0.3317,6.4637
3158508,0.425,17.2045
3158607,0.4141,7.0607
3158706,0.4185,10.892
3158805,0.3483,3.2011
3158904,0.4906,27.922
3158953,0.427,8.1334
3159001,0.4323,5.766
3159100,0.4102,15.3291
3159209,0.4032,2.7689
3159308,0.4242,6.9846
3159357,0.4104,12.5463
3159407,0.4633,17.2288
3159506,0.4054,9.1486
3159605,0.449,4.3788
3159704,0.4095,7.6239
3159803,0.4289,5.5872
3159902,0.3805,5.3459
3160009,0.3379,4.4309
3160108,0.3783,5.4859
3160207,0.4888,30.7475
3160306,0.4094,24.1256
3160405,0.4322,9.1476
3160454,0.4086,21.6775
3160504,0.5089,9.3473
3160603,0.4507,10.2109
3160702,0.4724,14.8825
3160801,0.3734,5.414
3160900,0.427,5.4271
3160959,0.4689,9.6521
3161007,0.4596,14.7724
3161056,0.4035,7.1272
3161106,0.4824,25.3505
3161205,0.3766,5.3014
3161304,0.397,4.4177
3161403,0.4509,9.7124
3161502,0.3701,7.498
3161601,0.3723,11.4719
3161650,0.4043,16.322
3161700,0.4603,9.3597
3161809,0.394,5.4091
3161908,0.4184,8.1676
3162005,0.4355,8.5037
3162104,0.4154,4.4816
3162203,0.3894,4.5437
3162252,0.4423,14.9108
3162302,0.4096,12.9032
3162401,0.4322,21.4847
3162450,0.4139,25.3532
3162500,0.4583,5.5854
3162559,0.4268,14.7344
3162575,0.3717,7.3092
3162609,0.3862,8.2141
3162658,0.4126,19.7885
3162708,0.3624,15.458
3162807,0.5024,15.1477
3162906,0.4412,7.6585
3162922,0.3919,11.1854
3162948,0.4423,7.9147
3162955,0.4126,7.1269
3163003,0.4066,14.845
3163102,0.386,5.4501
3163201,0.5488,29.7671
3163300,0.4009,7.5346
3163409,0.3611,6.127
3163508,0.4627,24.3859
3163607,0.3364,4.2862
3163706,0.4712,5.574
3163805,0.4349,11.8446
3163904,0.4014,4.565
3164001,0.3948,7.6923
3164100,0.4184,12.9539
3164209,0.4613,27.2586
3164308,0.4613,1.6978
3164407,0.4136,5.1537
3164431,0.4272,10.572
3164472,0.3593,10.1761
3164506,0.4526,27.8475
3164605,0.3358,2.0575
3164704,0.45,6.0684
3164803,0.3912,11.4376
3164902,0.3918,6.2885
3165008,0.4101,4.6732
3165107,0.3634,4.0807
3165206,0.4362,7.2016
3165305,0.4526,6.1989
3165404,0.4027,5.2072
3165503,0.4458,17.8158
3165537,0.4276,7.9959
3165552,0.4367,21.2305
3165560,0.3488,10.1521
3165578,0.337,3.4878
3165602,0.3855,5.4489
3165701,0.4017,6.2777
3165800,0.3293,2.4178
3165909,0.3834,14.0641
3166006,0.4383,20.1535
3166105,0.399,13.2001
3166204,0.4084,11.9484
3166303,0.4097,12.6124
3166402,0.5014,7.3198
3166501,0.4097,23.3386
3166600,0.3181,0.7326
3166709,0.4629,17.8041
3166808,0.4185,2.6559
3166907,0.3648,6.2294
3166956,0.4077,21.0275
3167004,0.3996,3.6831
3167103,0.5147,26.0041
3167202,0.461,6.0213
3167301,0.4036,6.9384
3167400,0.4812,6.4406
3167509,0.4768,9.1958
3167608,0.4393,14.2625
3167707,0.3989,6.385
3167806,0.4018,5.9736
3167905,0.4684,11.8454
3168002,0.46,13.5653
3168051,0.4452,13.4632
3168101,0.4402,6.9937
3168200,0.3859,4.497
3168309,0.4578,9.175
3168408,0.4297,15.3277
3168507,0.4166,5.8664
3168606,0.5195,13.5
3168705,0.4447,7.3325
3168804,0.5157,6.3799
3168903,0.4046,3.0608
3169000,0.4084,8.006
3169059,0.3556,4.58
3169109,0.4057,8.5499
3169208,0.4986,8.2283
3169307,0.4659,9.7233
3169356,0.4404,8.2951
3169406,0.4779,8.9252
3169505,0.3841,14.31
3169604,0.4189,6.8254
3169703,0.4473,14.2161
3169802,0.432,8.3419
3169901,0.4561,8.079
3170008,0.5075,27.5328
3170057,0.3609,7.5133
3170107,0.477,5.9312
3170206,0.5011,6.6473
3170305,0.4046,13.2413
3170404,0.4749,6.6332
3170438,0.372,4.7893
3170479,0.4097,10.1463
3170503,0.3716,9.0032
3170529,0.4011,16.9028
3170578,0.3787,7.8374
3170602,0.4311,2.5023
3170651,0.377,14.0514
3170701,0.4852,6.1458
3170750,0.3737,4.6061
3170800,0.442,13.7714
3170909,0.4404,27.2023
3171006,0.4151,4.286
3171030,0.428,21.9384
3171071,0.3656,12.7196
3171105,0.4473,7.1386
3171154,0.3727,13.7459
3171204,0.4359,9.5961
3171303,0.5441,8.5333
3171402,0.4146,10.2439
3171501,0.3881,12.6198
3171600,0.4224,17.173
3171709,0.3724,11.8305
3171808,0.4516,13.4597
3171907,0.439,17.5601
3172004,0.4625,6.4761
3172103,0.4253,8.2207
3172202,0.3933,7.0453
3200102,0.4423,12.6361
3200136,0.4884,15.4718
3200169,0.4435,17.3646
3200201,0.5244,16.2243
3200300,0.3919,3.9603
3200359,0.4493,9.9543
3200409,0.443,11.2459
3200508,0.4715,14.4064
3200607,0.462,8.6464
3200706,0.4136,11.2641
3200805,0.4457,11.106
3200904,0.449,9.3071
3201001,0.3982,8.7699
3201100,0.4088,9.7444
3201159,0.4203,12.1063
3201209,0.4575,8.5066
3201308,0.4339,10.684
3201407,0.4445,4.7104
3201506,0.4595,6.9286
3201605,0.485,15.1888
3201704,0.4135,7.5453
3201803,0.4638,13.9425
3201902,0.412,4.161
3202009,0.4451,11.4346
3202108,0.4548,17.5133
3202207,0.4653,13.2398
3202256,0.4317,7.9844
3202306,0.4829,9.4605
3202405,0.5039,8.9313
3202454,0.4066,11.6646
3202504,0.4398,6.6109
3202553,0.4462,17.1954
3202603,0.3732,4.386
3202652,0.4095,6.109
3202702,0.3925,6.6637
3202801,0.4766,17.6145
3202900,0.4397,5.7092
3203007,0.4533,11.2274
3203056,0.4796,13.0385
3203106,0.4835,11.5318
3203130,0.4419,6.911
3203163,0.4061,7.8081
3203205,0.4525,7.2427
3203304,0.4566,14.6004
3203320,0.4991,15.0868
3203346,0.3935,4.6797
3203353,0.4047,5.7014
3203403,0.4537,12.8304
3203502,0.4461,11.4072
3203601,0.4631,16.685
3203700,0.4608,14.7785
3203809,0.4312,8.6976
3203908,0.4622,7.9806
3204005,0.4801,13.9603
3204054,0.4568,14.7049
3204104,0.4262,9.4937
3204203,0.4669,13.3528
3204252,0.4433,19.6706
3204302,0.4553,14.1195
3204351,0.4487,9.5417
3204401,0.4172,7.5748
3204500,0.4371,13.569
3204559,0.4091,6.3118
3204609,0.4314,4.893
3204658,0.4413,12.0983
3204708,0.4295,7.778
3204807,0.4817,9.3617
3204906,0.4843,10.2964
3204955,0.36,6.5929
3205002,0.4787,10.133
3205010,0.4112,8.3661
3205036,0.4163,9.1839
3205069,0.4393,5.367
3205101,0.4001,9.674
3205150,0.4643,18.5576
3205176,0.385,8.5449
3205200,0.5415,9.8758
3205309,0.5695,6.6894
3300100,0.4869,11.0972
3300159,0.4048,6.514
3300209,0.4952,13.2704
3300225,0.4682,6.8861
3300233,0.479,8.344
3300258,0.4678,9.5745
3300308,0.4522,8.6225
3300407,0.4513,8.6987
3300456,0.4529,20.1012
3300506,0.4141,4.6606
3300605,0.4953,9.3604
3300704,0.5141,11.6061
3300803,0.4976,15.0831
3300902,0.457,8.8476
3300936,0.4643,14.7469
3300951,0.3604,7.6123
3301009,0.554,17.5623
3301108,0.488,14.0936
3301157,0.4237,11.2167
3301207,0.4585,9.5031
3301306,0.4673,10.3286
3301405,0.4868,12.3524
3301504,0.4623,10.7723
3301603,0.4406,11.318
3301702,0.4696,16.4037
3301801,0.4358,8.8792
3301850,0.4878,15.2579
3301876,0.4704,8.3265
3301900,0.449,14.568
3302007,0.4841,16.406
3302056,0.4857,14.4787
3302106,0.4495,6.7591
3302205,0.4616,7.4274
3302254,0.4886,6.8953
3302270,0.4512,23.8925
3302304,0.4214,6.5321
3302403,0.5509,11.4534
3302452,0.4702,9.9169
3302502,0.4503,16.1824
3302601,0.4976,13.1246
3302700,0.4766,8.7497
3302809,0.4467,8.7293
3302858,0.4794,17.7367
3302908,0.4986,8.3619
3303005,0.4789,8.7467
3303104,0.4652,9.3205
3303203,0.4608,12.9328
3303302,0.5634,8.6434
3303401,0.4709,6.5282
3303500,0.4961,18.2079
3303609,0.4474,8.5827
3303708,0.4876,16.1703
3303807,0.4878,9.3412
3303856,0.4836,11.5991
3303906,0.5196,8.9544
3303955,0.4714,10.6651
3304003,0.4652,8.7901
3304102,0.5038,12.4202
3304110,0.417,8.3755
3304128,0.4475,11.72
3304144,0.4546,18.587
3304151,0.4972,19.084
3304201,0.5041,6.4441
3304300,0.4614,9.8348
3304409,0.418,9.7743
3304508,0.4612,11.2887
3304524,0.5014,9.3664
3304557,0.6019,12.2967
3304607,0.4589,9.3201
3304706,0.4441,6.7361
3304755,0.4607,18.2787
3304805,0.4761,11.7759
3304904,0.4674,15.5639
3305000,0.4627,16.8292
3305109,0.4279,14.2045
3305133,0.363,5.3503
3305158,0.4334,8.0842
3305208,0.5111,13.6852
3305307,0.4405,11.1097
3305406,0.4299,8.6976
3305505,0.5105,13.1994
3305554,0.4899,15.3404
3305604,0.4572,15.7223
3305703,0.3654,4.8402
3305752,0.4224,15.1304
3305802,0.5229,7.5339
3305901,0.4667,14.8025
3306008,0.4825,9.7024
3306107,0.4925,10.6265
3306156,0.4467,10.8039
3306206,0.5005,9.3296
3306305,0.4752,7.8596
3500105,0.4262,5.3307
3500204,0.3817,3.9071
3500303,0.4218,9.7822
3500402,0.3995,4.8206
3500501,0.3666,2.7133
3500550,0.4334,1.6876
3500600,0.4481,4.3619
3500709,0.4152,5.0666
3500758,0.3643,5.5121
3500808,0.3733,3.5424
3500907,0.4024,10.8721
3501004,0.413,7.2093
3501103,0.3335,4.8165
3501152,0.3773,3.7043
3501202,0.3777,3.6429
3501301,0.4242,7.0578
3501400,0.3889,13.2339
3501509,0.4135,10.0173
3501608,0.4442,3.4506
3501707,0.3546,7.7762
3501806,0.3809,2.7607
3501905,0.4013,1.8104
3502002,0.4324,3.7304
3502101,0.4204,4.5681
3502200,0.4216,4.0404
3502309,0.378,5.2594
3502408,0.4302,5.8529
3502507,0.4177,5.7501
3502606,0.3453,2.3868
3502705,0.4214,10.8327
3502754,0.4194,6.6729
3502804,0.4949,5.6322
3502903,0.485,6.309
3503000,0.4204,6.2442
3503109,0.3859,7.548
3503158,0.3956,5.1073
3503208,0.4959,7.3407
3503307,0.4513,6.2874
3503356,0.3609,4.3542
3503406,0.4211,3.2876
3503505,0.4385,12.4038
3503604,0.3624,3.1503
3503703,0.3614,3.2886
3503802,0.4153,4.8818
3503901,0.5151,7.1458
3503950,0.3506,3.9258
3504008,0.457,5.7575
3504107,0.4988,5.3607
3504206,0.3922,6.7398
3504305,0.432,7.6288
3504404,0.3974,8.5324
3504503,0.4623,6.2056
3504602,0.3879,4.3216
3504701,0.4317,4.1667
3504800,0.391,3.4077
3504909,0.478,12.6508
3505005,0.411,8.5192
3505104,0.3947,11.0461
3505203,0.4048,3.5214
3505302,0.4044,3.7465
3505351,0.4028,15.447
3505401,0.4392,11.4315
3505500,0.4485,5.6871
3505609,0.3793,5.7211
3505708,0.5735,6.8191
3505807,0.3868,3.6989
3505906,0.4396,4.1215
3506003,0.4991,5.1829
3506102,0.4357,5.2422
3506201,0.4007,7.6834
3506300,0.4534,5.09
3506359,0.4956,9.1142
3506409,0.3772,4.0626
3506508,0.4305,5.1724
3506607,0.3845,7.3827
3506706,0.3495,4.1224
3506805,0.378,4.3095
3506904,0.4282,6.6353
3507001,0.4714,8.2749
3507100,0.4023,5.0103
3507159,0.4201,7.4845
3507209,0.3087,3.7486
3507308,0.3723,9.3955
3507407,0.4468,5.3848
3507456,0.3876,6.3767
3507506,0.4729,5.8114
3507605,0.4623,5.5588
3507704,0.4082,6.0306
3507753,0.3315,2.692
3507803,0.43,5.9228
3507902,0.4541,10.3554
3508009,0.4554,17.1372
3508108,0.4472,4.5269
3508207,0.4423,6.0313
3508306,0.3938,7.9254
3508405,0.3622,4.3813
3508504,0.464,7.4639
3508603,0.4834,11.6256
3508702,0.4481,8.444
3508801,0.4151,5.0873
3508900,0.3664,4.445
3509007,0.4651,8.1277
3509106,0.3844,6.3094
3509205,0.4569,6.4863
3509254,0.4543,10.0091
3509304,0.4259,3.8575
3509403,0.4573,7.6923
3509452,0.3741,2.9427
3509502,0.5399,6.1565
3509601,0.418,6.1639
3509700,0.4188,3.7426
3509809,0.4132,7.1238
3509908,0.4579,11.7354
3509957,0.4365,9.2001
3510005,0.4083,5.2256
3510104,0.3768,3.2537
3510153,0.3427,4.7111
3510203,0.4339,9.3902
3510302,0.4853,18.8327
3510401,0.4415,7.5014
3510500,0.4883,10.3818
3510609,0.4523,10.8448
3510708,0.416,4.7299
3510807,0.4448,8.2974
3510906,0.4125,3.5151
3511003,0.4432,7.6441
3511102,0.437,5.4988
3511201,0.3387,4.3876
3511300,0.3994,4.1793
3511409,0.4221,8.2174
3511508,0.4051,4.0247
3511607,0.3595,3.9278
3511706,0.364,3.672
3511904,0.3693,4.1206
3512001,0.3892,2.0452
3512100,0.3682,4.4371
3512209,0.4135,7.2088
3512308,0.4442,5.2291
3512407,0.3949,5.2212
3512506,0.4125,5.3909
3512605,0.4053,6.8925
3512704,0.3634,3.3939
3512803,0.4061,6.0262
3512902,0.365,4.0271
3513009,0.5392,7.453
3513108,0.3904,4.7418
3513207,0.4361,5.1155
3513306,0.3944,2.6565
3513405,0.4676,10.8728
3513504,0.442,11.7067
3513603,0.4588,9.5346
3513702,0.3882,4.2891
3513801,0.431,8.2654
3513850,0.3005,2.4691
3513900,0.3997,1.9651
3514007,0.3878,5.8682
3514106,0.4353,9.6474
3514205,0.377,6.1678
3514304,0.4027,1.4613
3514403,0.4477,4.5798
3514502,0.4335,5.4282
3514601,0.3797,2.9247
3514700,0.4044,5.5439
3514809,0.4644,13.9453
3514908,0.3703,4.6272
3514924,0.3661,6.6922
3514957,0.3445,4.0465
3515004,0.4269,11.1545
3515103,0.4765,11.4327
3515129,0.3786,4.8489
3515152,0.4331,4.8668
3515186,0.4123,4.9052
3515194,0.3525,6.2124
3515202,0.3523,2.5368
3515301,0.376,5.1092
3515350,0.3917,13.8275
3515400,0.4336,6.7683
3515509,0.4363,4.8853
3515608,0.3592,1.9872
3515657,0.3496,1.2689
3515707,0.4103,10.3906
3515806,0.404,7.1957
3515905,0.4253,4.7201
3516002,0.3983,5.8961
3516101,0.4414,6.6835
3516200,0.4525,7.8046
3516309,0.3952,12.5687
3516408,0.4322,9.6709
3516507,0.3489,1.9182
3516606,0.4128,6.1231
3516705,0.4255,4.6279
3516804,0.4307,6.1961
3516853,0.4102,6.254
3516903,0.4518,4.502
3517000,0.4052,6.9523
3517109,0.409,4.2919
3517208,0.4102,9.4759
3517307,0.3582,3.9753
3517406,0.4142,4.8425
3517505,0.371,4.0861
3517604,0.4584,14.0295
3517703,0.4384,9.3971
3517802,0.4041,4.6374
3517901,0.4376,6.2252
3518008,0.3515,5.6911
3518107,0.386,4.6115
3518206,0.4547,7.326
3518305,0.4554,4.9522
3518404,0.4995,7.9686
3518503,0.3963,4.0114
3518602,0.409,9.1964
3518701,0.4634,9.9837
3518800,0.5005,11.4795
3518859,0.4358,8.0016
3518909,0.3884,7.3716
3519006,0.3963,9.1588
3519055,0.4887,1.6941
3519071,0.4249,7.3851
3519105,0.4239,10.1658
3519204,0.4302,6.5405
3519253,0.4294,9.7171
3519303,0.3886,6.8811
3519402,0.4024,3.7186
3519501,0.4132,4.4011
3519600,0.4003,6.2361
3519709,0.4435,8.747
3519808,0.4273,5.3233
3519907,0.4098,5.7482
3520004,0.3844,7.0095
3520103,0.4119,4.9908
3520202,0.4465,5.8556
3520301,0.4608,10.8185
3520400,0.4586,3.8951
3520426,0.4638,10.8802
3520442,0.4438,4.2546
3520509,0.4873,5.7127
3520608,0.4047,3.7328
3520707,0.4165,4.5139
3520806,0.3525,1.8915
3520905,0.4024,5.2413
3521002,0.417,7.5628
3521101,0.4029,3.6896
3521150,0.3919,5.8275
3521200,0.5121,18.4836
3521309,0.3826,3.4901
3521408,0.3826,2.3342
3521507,0.3421,2.9665
3521606,0.391,7.1757
3521705,0.4535,12.1261
3521804,0.4516,7.9368
3521903,0.3886,4.5551
3522000,0.3907,5.0857
3522109,0.4933,13.6961
3522158,0.4984,19.9299
3522208,0.4563,12.2751
3522307,0.4668,6.1594
3522406,0.4833,8.9945
3522505,0.4461,14.8603
3522604,0.431,4.9817
3522653,0.3966,5.2265
3522703,0.4005,4.2475
3522802,0.4144,5.8647
3522901,0.3634,5.2906
3523008,0.4313,8.4362
3523107,0.406,11.6836
3523206,0.4582,11.0157
3523305,0.4565,15.1067
3523404,0.4588,3.0712
3523503,0.3793,3.1606
3523602,0.4416,5.6211
3523701,0.3846,5.0903
3523800,0.359,2.8864
3523909,0.4573,5.1467
3524006,0.4583,5.1432
3524105,0.4621,3.974
3524204,0.3835,1.9364
3524303,0.4618,4.4753
3524402,0.4653,7.1837
3524501,0.3343,3.4548
3524600,0.4655,10.2098
3524709,0.4908,9.0849
3524808,0.4506,5.508
3524907,0.4845,4.9381
3525003,0.4735,9.021
3525102,0.4019,4.9276
3525201,0.4381,9.9194
3525300,0.444,7.2879
3525409,0.4237,2.3298
3525508,0.4393,3.8495
3525607,0.3802,6.0856
3525706,0.4125,4.7603
3525805,0.4084,10.0376
3525854,0.3597,2.0615
3525904,0.4826,3.9717
3526001,0.407,4.4821
3526100,0.4565,11.2306
3526209,0.4511,14.7069
3526308,0.3996,4.695
3526407,0.4204,4.8379
3526506,0.4089,3.2493
3526605,0.4222,10.4216
3526704,0.4423,6.6933
3526803,0.4043,4.9363
3526902,0.4551,4.9203
3527009,0.4262,2.7802
3527108,0.4389,5.8986
3527207,0.4767,7.9684
3527256,0.3563,3.9916
3527306,0.4707,5.5864
3527405,0.3753,3.9934
3527504,0.333,1.2241
3527603,0.4033,6.4411
3527702,0.3701,4.1845
3527801,0.4069,11.2283
3527900,0.391,3.9835
3528007,0.3613,2.7942
3528106,0.4272,7.9463
3528205,0.384,2.9114
3528304,0.4026,3.1003
3528403,0.3994,4.6501
3528502,0.5096,8.1434
3528601,0.4185,3.8027
3528700,0.438,12.4857
3528809,0.3717,3.8981
3528858,0.3324,2.0656
3528908,0.3814,5.9778
3529005,0.4665,4.876
3529104,0.3677,1.7742
3529203,0.4386,7.3776
3529302,0.3969,4.0928
3529401,0.4146,7.9934
3529500,0.3877,2.6628
3529609,0.3753,2.2528
3529658,0.3399,3.4836
3529708,0.4524,6.2171
3529807,0.3818,5.2946
3529906,0.4626,15.8637
3530003,0.3621,5.6996
3530102,0.4377,6.8273
3530201,0.438,11.6198
3530300,0.4635,5.0437
3530409,0.3863,5.0837
3530508,0.455,5.8917
3530607,0.5186,10.1574
3530706,0.4159,4.6954
3530805,0.4737,6.9395
3530904,0.41,8.9516
3531001,0.355,2.6846
3531100,0.4712,14.5481
3531209,0.4534,2.3021
3531308,0.3906,2.0684
3531407,0.4124,5.1765
3531506,0.4232,2.6814
3531605,0.3616,2.8896
3531704,0.4571,9.2453
3531803,0.4049,7.9921
3531902,0.3884,7.242
3532009,0.4064,4.3116
3532058,0.3695,4.8091
3532108,0.379,4.8004
3532157,0.4097,4.812
3532207,0.381,4.3958
3532306,0.4579,10.2891
3532405,0.4179,4.9123
3532504,0.4188,2.308
3532603,0.4244,5.7787
3532702,0.3416,2.8012
3532801,0.3555,3.8893
3532827,0.4274,15.7207
3532843,0.3406,3.002
3532868,0.3921,4.8023
3532900,0.4633,15.1629
3533007,0.3785,4.8326
3533106,0.3634,4.7464
3533205,0.4,6.8007
3533254,0.3534,6.777
3533304,0.3892,7.3317
3533403,0.4065,5.0446
3533502,0.4404,5.3342
3533601,0.4146,2.8269
3533700,0.4291,7.2551
3533809,0.3723,4.6975
3533908,0.4267,6.2666
3534005,0.3739,1.3845
3534104,0.3742,3.6964
3534203,0.4086,4.2688
3534302,0.4153,4.6339
3534401,0.4976,8.5512
3534500,0.3551,1.498
3534609,0.48,6.561
3534708,0.4697,5.9922
3534757,0.4446,4.8624
3534807,0.4054,10.0527
3534906,0.4151,6.3484
3535002,0.3915,2.1847
3535101,0.3759,5.3249
3535200,0.3906,5.192
3535309,0.4814,11.6171
3535408,0.3966,6.531
3535507,0.4465,8.0063
3535606,0.4295,5.9858
3535705,0.3811,3.3301
3535804,0.4598,5.3485
3535903,0.4198,3.349
3536000,0.3933,4.4318
3536109,0.402,3.8806
3536208,0.4534,6.5284
3536257,0.3188,2.9412
3536307,0.3657,4.3935
3536406,0.4067,8.3228
3536505,0.4918,4.8046
3536570,0.3621,1.1962
3536604,0.4101,7.5369
3536703,0.44,11.5184
3536802,0.3742,3.3584
3536901,0.3699,3.7267
3537008,0.4037,4.3107
3537107,0.3801,4.0295
3537156,0.4108,2.8887
3537206,0.4325,14.0068
3537305,0.433,5.9646
3537404,0.4692,6.5982
3537503,0.389,4.6744
3537602,0.4937,11.3771
3537701,0.3662,3.5519
3537800,0.3898,4.8542
3537909,0.4728,5.4015
3538006,0.4823,8.8872
3538105,0.3999,4.8639
3538204,0.3943,7.2215
3538303,0.4028,8.3027
3538501,0.4303,8.807
3538600,0.3886,4.039
3538709,0.4774,5.212
3538808,0.4261,5.6508
3538907,0.4825,4.7751
3539004,0.382,2.8482
3539103,0.3996,9.8505
3539202,0.3679,4.5684
3539301,0.4687,4.9354
3539400,0.4628,3.4301
3539509,0.3951,7.6274
3539608,0.3869,7.4538
3539707,0.3838,4.0992
3539806,0.4274,6.9002
3539905,0.4163,4.4313
3540002,0.4036,3.6679
3540101,0.4275,4.717
3540200,0.3905,6.8316
3540259,0.346,4.7734
3540309,0.3616,2.3879
3540408,0.4103,5.7164
3540507,0.4649,7.7917
3540606,0.4261,5.189
3540705,0.4047,3.6497
3540754,0.41,10.3885
3540804,0.3917,2.3069
3540853,0.3311,5.9566
3540903,0.4191,6.9505
3541000,0.4803,9.7548
3541059,0.3792,4.5455
3541109,0.404,4.2061
3541208,0.4247,6.2767
3541307,0.4459,8.1841
3541406,0.4822,5.6003
3541505,0.4498,4.593
3541604,0.4464,9.9332
3541653,0.4464,4.287
3541703,0.425,6.6199
3541802,0.3791,2.4547
3541901,0.4185,9.1429
3542008,0.3572,2.0492
3542107,0.3794,3.8706
3542206,0.4253,9.1378
3542305,0.4601,12.4193
3542404,0.4078,4.536
3542503,0.3873,3.8237
3542602,0.4673,7.6414
3542701,0.3609,5.3661
3542800,0.4513,11.392
3542909,0.4169,5.5961
3543006,0.4099,9.6131
3543105,0.3823,8.138
3543204,0.4237,5.0246
3543238,0.3627,2.8642
3543253,0.3365,5.047
3543303,0.4449,8.1405
3543402,0.5215,6.8277
3543501,0.4167,13.1795
3543600,0.3867,3.1429
3543709,0.3978,8.2287
3543808,0.435,8.2547
3543907,0.4477,4.537
3544004,0.3969,6.7543
3544103,0.4199,9.9342
3544202,0.436,13.1027
3544251,0.4728,9.9027
3544301,0.4268,6.9922
3544400,0.3601,5.113
3544509,0.3736,5.059
3544608,0.4065,4.91
3544707,0.3511,5.5376
3544806,0.4048,5.9713
3544905,0.3653,4.1213
3545001,0.439,7.1855
3545100,0.408,9.2732
3545159,0.3596,1.1396
3545209,0.4397,5.6355
3545308,0.4109,5.3483
3545407,0.4163,8.4408
3545506,0.4236,7.1977
3545605,0.4244,6.9849
3545704,0.3788,2.744
3545803,0.3839,3.4558
3546009,0.4339,6.3087
3546108,0.36,4.8997
3546207,0.4245,4.9836
3546256,0.4212,3.4499
3546306,0.4347,5.5779
3546405,0.4115,3.8551
3546504,0.392,3.287
3546603,0.4345,3.828
3546702,0.361,5.1019
3546801,0.4329,7.4907
3546900,0.3548,4.8507
3547007,0.3935,5.8936
3547106,0.4819,5.3451
3547205,0.3576,2.7545
3547304,0.6112,5.0517
3547403,0.3174,2.4515
3547502,0.4576,8.2338
3547601,0.42,4.5311
3547650,0.319,0.7922
3547700,0.4474,8.0704
3547809,0.4964,6.8394
3547908,0.39,4.3285
3548005,0.3649,5.356
3548054,0.364,2.5788
3548104,0.3755,2.5792
3548203,0.4534,2.7445
3548302,0.3401,3.8
3548401,0.3279,5.3091
3548500,0.5131,6.8055
3548609,0.4862,5.4005
3548708,0.5045,7.9628
3548807,0.4892,3.1179
3548906,0.4942,5.3857
3549003,0.4071,4.8424
3549102,0.4557,3.9785
3549201,0.4255,2.2093
3549250,0.403,3.6876
3549300,0.3647,1.1201
3549409,0.4032,5.7783
3549508,0.3772,6.8394
3549607,0.5275,12.0739
3549706,0.4246,6.6556
3549805,0.5072,6.5218
3549904,0.5357,7.6446
3549953,0.4447,6.7511
3550001,0.4649,5.9356
3550100,0.4049,6.7027
3550209,0.4653,11.3808
3550308,0.5893,9.287
3550407,0.3972,3.8091
3550506,0.4215,3.3333
3550605,0.4816,5.6532
3550704,0.4615,6.7321
3550803,0.3873,3.3641
3550902,0.4232,5.1842
3551009,0.4585,11.8431
3551108,0.4408,7.217
3551207,0.369,7.3264
3551306,0.3738,3.3579
3551405,0.3851,5.421
3551504,0.3681,8.5277
3551603,0.4217,4.1007
3551702,0.4257,4.85
3551801,0.4054,11.2091
3551900,0.361,4.8075
3552007,0.4564,11.2731
3552106,0.4239,4.7405
3552205,0.4851,6.1502
3552304,0.3833,6.3511
3552403,0.4302,7.3628
3552502,0.4647,11.014
3552551,0.3576,5.223
3552601,0.4094,2.7415
3552700,0.4033,4.8207
3552809,0.4491,7.3504
3552908,0.4049,5.9265
3553005,0.3747,4.5483
3553104,0.3921,7.6977
3553203,0.4121,4.58
3553302,0.4236,4.3802
3553401,0.425,9.1447
3553500,0.4151,10.1897
3553609,0.3675,4.6797
3553658,0.423,3.5892
3553708,0.4491,7.1022
3553807,0.4459,5.1781
3553856,0.434,6.461
3553906,0.3827,5.0207
3553955,0.3787,7.2874
3554003,0.4315,6.5851
3554102,0.4896,7.6931
3554201,0.3597,7.2207
3554300,0.4341,9.6217
3554409,0.4095,4.7002
3554508,0.4748,8.5866
3554607,0.4104,6.2066
3554656,0.3656,3.4213
3554706,0.4151,5.7312
3554755,0.3799,6.9643
3554805,0.5128,7.6291
3554904,0.3597,1.9126
3554953,0.3979,4.8982
3555000,0.4535,4.1592
3555109,0.4434,2.4526
3555208,0.4108,2.533
3555307,0.3547,1.2582
3555356,0.3743,9.3569
3555406,0.467,7.1919
3555505,0.4094,5.575
3555604,0.4132,4.1956
3555703,0.3349,4.6163
3555802,0.3683,4.8144
3555901,0.4438,7.6534
3556008,0.3931,4.3897
3556107,0.3611,3.5757
3556206,0.5033,3.2737
3556305,0.4454,11.219
3556354,0.3754,7.3965
3556404,0.4769,11.7028
3556453,0.5086,8.4086
3556503,0.3737,5.8579
3556602,0.4079,4.4105
3556701,0.5148,3.09
3556800,0.3808,5.4686
3556909,0.385,4.6985
3556958,0.3452,2.4526
3557006,0.4582,5.769
3557105,0.4499,7.4333
3557154,0.3852,2.8232
3557204,0.3906,6.6804
3557303,0.4005,3.5667
4100103,0.3892,10.8397
4100202,0.4694,11.6056
4100301,0.4291,8.8537
4100400,0.4056,7.8441
4100459,0.4515,5.2089
4100509,0.3687,7.0881
4100608,0.4283,6.5334
4100707,0.439,11.7343
4100806,0.4172,4.4335
4100905,0.3472,6.9401
4101002,0.4378,2.3278
4101051,0.3322,3.9411
4101101,0.4465,7.2881
4101150,0.4675,7.4807
4101200,0.4582,13.1591
4101309,0.4208,9.8132
4101408,0.414,4.2405
4101507,0.4164,4.6032
4101606,0.4872,10.7556
4101655,0.4321,10.774
4101705,0.3863,4.6717
4101804,0.4077,6.4526
4101853,0.4782,8.9738
4101903,0.445,11.6856
4102000,0.4132,3.4263
4102109,0.4043,4.4598
4102208,0.3853,1.9276
4102307,0.38,3.2644
4102406,0.4655,8.1294
4102505,0.4263,7.3857
4102604,0.4568,8.0326
4102703,0.3913,4.2659
4102752,0.4551,4.1429
4102802,0.4566,10.537
4102901,0.4055,7.5461
4103008,0.3955,4.2371
4103024,0.5332,1.8791
4103040,0.4884,7.504
4103057,0.3928,6.2405
4103107,0.4098,6.9403
4103156,0.4275,3.593
4103206,0.3679,2.0992
4103222,0.4114,1.0618
4103305,0.4466,6.3736
4103354,0.3633,3.5501
4103370,0.4046,6.8938
4103404,0.4129,3.6544
4103453,0.372,2.4484
4103479,0.3976,3.5874
4103503,0.3909,4.1009
4103602,0.4392,5.8072
4103701,0.4298,4.6219
4103800,0.3984,3.0348
4103909,0.4445,3.9648
4103958,0.4835,9.0193
4104006,0.3819,5.122
4104055,0.4036,5.5169
4104105,0.3904,9.76
4104204,0.4149,4.7244
4104253,0.3808,4.9172
4104303,0.458,4.0421
4104402,0.5041,15.8845
4104428,0.4525,6.9525
4104451,0.4544,8.7858
4104501,0.4268,4.0464
4104600,0.3981,3.5756
4104659,0.4188,3.8993
4104709,0.4396,6.3868
4104808,0.4583,3.8378
4104907,0.4634,6.336
4105003,0.4647,9.5553
4105102,0.4011,8.2306
4105201,0.4727,19.5001
4105300,0.3983,2.8168
4105409,0.4487,5.8999
4105508,0.4118,3.026
4105607,0.4275,5.7824
4105706,0.4913,6.7849
4105805,0.3939,5.305
4105904,0.4185,2.8231
4106001,0.4757,14.9097
4106100,0.4279,7.7723
4106209,0.4612,12.9015
4106308,0.4073,3.5118
4106407,0.435,3.6354
4106456,0.4522,10.902
4106506,0.4322,3.4907
4106555,0.3893,7.2684
4106571,0.391,2.9811
4106605,0.4374,5.294
4106704,0.4282,4.5191
4106803,0.4709,11.8838
4106852,0.3511,5.6708
4106902,0.5215,4.9291
4107009,0.4117,7.221
4107108,0.3781,4.71
4107124,0.4336,10.6591
4107157,0.4201,8.7951
4107207,0.4137,2.7269
4107256,0.4026,3.3839
4107306,0.3689,2.4972
4107405,0.5191,4.1178
4107504,0.4568,5.7242
4107520,0.3484,2.4878
4107538,0.4047,1.6849
4107546,0.5204,13.1206
4107553,0.4582,3.6903
4107603,0.4538,7.5064
4107652,0.3804,5.5521
4107702,0.4318,7.1477
4107736,0.4205,9.2246
4107751,0.4161,5.929
4107801,0.3444,2.6145
4107850,0.5009,4.7356
4107900,0.3804,4.4385
4108007,0.4225,11.2528
4108106,0.4212,19.4193
4108205,0.3934,2.8815
4108304,0.4951,7.4636
4108320,0.3952,4.9833
4108403,0.4668,4.3742
4108452,0.4406,10.5359
4108502,0.4371,10.39
4108551,0.4309,8.129
4108601,0.4511,5.8954
4108650,0.481,10.8434
4108700,0.4484,8.6871
4108809,0.4648,9.7258
4108908,0.3691,4.2204
4108957,0.4162,6.6641
4109005,0.4738,11.3563
4109104,0.4235,1.4672
4109203,0.3576,2.0317
4109302,0.4613,8.9654
4109401,0.463,5.6653
4109500,0.4774,19.1812
4109609,0.4915,9.5645
4109658,0.4531,4.575
4109708,0.4249,6.6339
4109757,0.3967,3.8276
4109807,0.4389,5.8986
4109906,0.3822,4.6676
4110003,0.3792,4.6647
4110052,0.4053,4.3925
4110078,0.4114,9.1113
4110102,0.453,11.9661
4110201,0.4456,7.9367
4110300,0.4195,11.9479
4110409,0.3432,2.8777
4110508,0.4345,4.0266
4110607,0.4097,3.8073
4110656,0.3707,4.4388
4110706,0.439,4.5736
4110805,0.3925,4.7866
4110904,0.4483,12.2153
4110953,0.3951,4.918
4111001,0.4316,8.8441
4111100,0.3478,3.3219
4111209,0.4353,6.9697
4111258,0.3773,10.2284
4111308,0.3841,4.4513
4111407,0.4438,9.2884
4111506,0.4909,5.166
4111555,0.3663,4.9041
4111605,0.395,3.3867
4111704,0.4348,6.0439
4111803,0.466,7.2985
4111902,0.3596,3.229
4112009,0.4412,8.2921
4112108,0.4006,3.5404
4112207,0.3719,6.3269
4112306,0.4342,7.5825
4112405,0.3561,1.8373
4112504,0.412,9.4758
4112603,0.3835,9.1586
4112702,0.4018,8.3156
4112751,0.3898,2.2961
4112801,0.4391,5.0599
4112900,0.5063,11.1311
4112959,0.3937,2.9855
4113007,0.3474,3.2775
4113106,0.3891,3.3554
4113205,0.4458,6.9869
4113254,0.392,10.9464
4113304,0.4976,6.8601
4113403,0.4018,6.7218
4113429,0.4155,8.6957
4113452,0.3534,6.8692
4113502,0.4366,4.5616
4113601,0.4277,5.4336
4113700,0.5042,5.5317
4113734,0.4168,4.5482
4113759,0.3999,7.2044
4113809,0.3925,6.3244
4113908,0.4423,9.238
4114005,0.4606,5.3412
4114104,0.3943,2.3304
4114203,0.391,3.4599
4114302,0.4512,12.3988
4114351,0.4186,3.0708
4114401,0.4563,7.7373
4114500,0.4955,11.4063
4114609,0.4218,3.2401
4114708,0.4234,6.7065
4114807,0.3894,3.9603
4114906,0.4263,4.2566
4115002,0.35,6.1492
4115101,0.4116,5.4264
4115200,0.4684,3.3785
4115309,0.5097,5.8731
4115358,0.3686,2.2759
4115408,0.495,5.2035
4115457,0.4797,6.7052
4115507,0.3992,6.129
4115606,0.3691,4.1601
4115705,0.4995,7.6023
4115739,0.4233,8.7611
4115754,0.4134,12.6505
4115804,0.4251,4.4165
4115853,0.4119,2.5329
4115903,0.3725,5.8166
4116000,0.3749,7.528
4116059,0.3737,2.3036
4116109,0.4198,9.669
4116208,0.4701,9.1977
4116307,0.4403,2.7665
4116406,0.3503,1.9079
4116505,0.4034,4.006
4116604,0.365,4.4512
4116703,0.3959,2.7729
4116802,0.4474,6.0115
4116901,0.4111,4.6071
4116950,0.5991,2.6085
4117008,0.4404,8.5952
4117057,0.55,23.5133
4117107,0.4076,4.5447
4117206,0.4125,5.2252
4117214,0.3961,4.9474
4117222,0.3708,1.0018
4117255,0.4893,3.7819
4117271,0.4904,10.2349
4117297,0.3815,2.592
4117305,0.4712,15.9565
4117404,0.4067,3.326
4117453,0.3728,5.1808
4117503,0.3493,4.6822
4117602,0.4794,7.3812
4117701,0.424,6.744
4117800,0.4945,13.2464
4117909,0.4684,1.9502
4118006,0.3789,5.2695
4118105,0.3997,5.6018
4118204,0.459,8.1239
4118303,0.3801,9.243
4118402,0.4475,5.4971
4118451,0.3763,2.9319
4118501,0.4684,5.4425
4118600,0.443,4.2534
4118709,0.4773,12.306
4118808,0.4477,5.809
4118857,0.4018,7.1359
4118907,0.4087,4.155
4119004,0.4796,2.8001
4119103,0.4049,7.405
4119152,0.4738,4.1156
4119202,0.4207,5.6465
4119251,0.4458,6.0123
4119301,0.4784,16.9856
4119400,0.4758,9.7073
4119509,0.4098,6.3589
4119608,0.4843,8.2299
4119657,0.4114,4.0133
4119707,0.3887,8.2145
4119806,0.4513,2.342
4119905,0.4843,6.7355
4119954,0.4493,7.6217
4120002,0.4344,5.456
4120101,0.4122,3.6421
4120150,0.4541,4.6669
4120200,0.4197,2.1999
4120309,0.4132,9.5952
4120333,0.4231,5.9843
4120358,0.5255,4.0265
4120408,0.3664,1.4991
4120507,0.3713,2.027
4120606,0.4498,7.6227
4120655,0.3723,4.975
4120705,0.4119,3.8538
4120804,0.4621,4.4213
4120853,0.4064,1.0491
4120903,0.448,7.8375
4121000,0.4195,5.3765
4121109,0.4057,3.898
4121208,0.4419,11.4141
4121257,0.3537,7.8497
4121307,0.4212,7.2323
4121356,0.4117,13.5755
4121406,0.4782,3.014
4121505,0.4949,13.4446
4121604,0.4886,9.4709
4121703,0.4544,11.524
4121752,0.4588,15.4527
4121802,0.4096,2.6433
4121901,0.4842,8.8832
4122008,0.5199,17.3476
4122107,0.3956,3.2932
4122156,0.462,9.0752
4122172,0.3919,7.3568
4122206,0.4516,17.4378
4122305,0.4336,6.2394
4122404,0.4189,5.1419
4122503,0.4265,7.4223
4122602,0.3869,6.6102
4122651,0.4264,4.9565
4122701,0.3554,3.5479
4122800,0.4353,2.0192
4122909,0.4579,5.2773
4123006,0.4888,4.5926
4123105,0.4201,7.2481
4123204,0.4191,10.2157
4123303,0.4234,3.4189
4123402,0.3703,3.4653
4123501,0.4678,3.3703
4123600,0.36,4.119
4123709,0.3908,4.5444
4123808,0.4673,3.5722
4123824,0.3542,4.9437
4123857,0.4516,15.3916
4123907,0.4689,10.8546
4123956,0.3916,7.062
4124004,0.4107,6.8771
4124020,0.3987,4.3316
4124053,0.3902,3.5847
4124103,0.4507,5.7804
4124202,0.3676,4.7772
4124301,0.4064,5.2235
4124400,0.4542,4.3857
4124509,0.4022,1.8494
4124608,0.3852,4.2004
4124707,0.4717,16.3364
4124806,0.4082,4.1491
4124905,0.4209,7.673
4125001,0.4064,5.1718
4125100,0.4632,7.0605
4125209,0.4939,4.3246
4125308,0.3918,2.576
4125357,0.4039,8.3012
4125407,0.4801,9.0395
4125456,0.3826,3.3401
4125506,0.4327,4.9191
4125555,0.3312,4.2095
4125605,0.454,6.5837
4125704,0.4317,4.3073
4125753,0.4119,5.7551
4125803,0.4296,4.2948
4125902,0.3902,3.6911
4126009,0.468,9.7119
4126108,0.3833,6.2345
4126207,0.4642,14.1826
4126256,0.3537,3.5763
4126272,0.478,3.962
4126306,0.4101,6.8402
4126355,0.4256,4.5346
4126405,0.4563,2.9915
4126504,0.4334,2.8223
4126603,0.3909,3.8183
4126652,0.5353,1.4269
4126678,0.4714,16.9936
4126702,0.4028,5.8486
4126801,0.374,4.6569
4126900,0.3968,5.9688
4127007,0.4339,5.2643
4127106,0.4307,6.3422
4127205,0.3506,3.6651
4127304,0.4117,4.3822
4127403,0.422,6.1944
4127502,0.4466,8.9431
4127601,0.3905,5.1836
4127700,0.4235,2.9376
4127809,0.46,6.388
4127858,0.4922,9.3261
4127882,0.4281,7.821
4127908,0.4146,11.3177
4127957,0.4163,3.6028
4127965,0.4415,7.3332
4128005,0.4014,4.8313
4128104,0.4602,4.6386
4128203,0.4237,5.7897
4128302,0.3509,5.1498
4128401,0.4344,5.8637
4128500,0.461,8.0333
4128534,0.416,6.6522
4128559,0.3911,5.9404
4128609,0.4356,3.153
4128625,0.3374,2.8571
4128633,0.4079,14.1528
4128658,0.4779,6.2368
4128708,0.4118,4.8733
4128807,0.425,9.8791
4200051,0.518,5.7021
4200101,0.487,9.1461
4200200,0.3802,6.7195
4200309,0.4222,2.9727
4200408,0.5375,6.5589
4200507,0.4114,4.0424
4200556,0.3992,0.6702
4200606,0.3783,2.2265
4200705,0.4739,11.2791
4200754,0.4254,0.3772
4200804,0.5082,1.4807
4200903,0.3984,8.5106
4201000,0.4339,5.8809
4201109,0.3653,2.9281
4201208,0.3739,1.9287
4201257,0.4218,3.1291
4201273,0.3884,0.7786
4201307,0.3892,5.2159
4201406,0.413,3.2236
4201505,0.4326,0.8843
4201604,0.3737,0.2531
4201653,0.4396,1.238
4201703,0.3495,3.2421
4201802,0.4229,1.4884
4201901,0.4327,4.8323
4201950,0.3998,5.159
4202008,0.5121,3.992
4202057,0.4065,5.1452
4202073,0.4169,4.2319
4202081,0.4328,3.0216
4202099,0.5145,1.1418
4202107,0.4791,13.2975
4202131,0.4352,12.1968
4202156,0.3979,3.7622
4202206,0.324,1.2855
4202305,0.4109,3.8033
4202404,0.4374,2.1459
4202438,0.4112,3.6446
4202453,0.4089,3.1145
4202503,0.4217,3.2579
4202537,0.3936,4.5733
4202578,0.4309,3.9781
4202602,0.4213,4.8254
4202701,0.3083,0.6903
4202800,0.4388,7.0482
4202859,0.3754,3.6757
4202875,0.5098,6.841
4202909,0.3981,2.9039
4203006,0.4245,3.4532
4203105,0.5147,1.5419
4203154,0.3747,9.9913
4203204,0.3902,5.0558
4203253,0.4038,5.4857
4203303,0.3947,4.0093
4203402,0.4402,9.3534
4203501,0.4801,3.4126
4203600,0.4383,4.5472
4203709,0.3438,1.4984
4203808,0.4427,4.6442
4203907,0.3885,3.995
4203956,0.3556,3.8363
4204004,0.4007,1.7139
4204103,0.5469,2.8627
4204152,0.513,10.4456
4204178,0.4204,7.0588
4204194,0.3709,1.8983
4204202,0.4318,2.2446
4204251,0.3567,2.9231
4204301,0.3993,1.8426
4204350,0.3617,0.6275
4204400,0.4509,2.9454
4204459,0.4823,5.1891
4204509,0.3505,1.7598
4204558,0.4074,4.8682
4204608,0.4366,3.7249
4204707,0.4366,1.0121
4204756,0.4089,0.4073
4204806,0.4586,4.7066
4204905,0.4242,0.458
4205001,0.5651,6.0485
4205100,0.3512,0.7374
4205159,0.3402,2.1763
4205175,0.394,6.9118
4205191,0.4019,1.4235
4205209,0.3643,1.4709
4205308,0.404,1.51
4205357,0.4643,0.4487
4205407,0.5308,4.828
4205431,0.5076,8.2617
4205456,0.3335,3.3139
4205506,0.4141,3.1301
4205555,0.4302,1.2443
4205605,0.5053,5.4591
4205704,0.4198,2.2251
4205803,0.4154,5.1111
4205902,0.3623,2.3341
4206009,0.3829,1.6851
4206108,0.4461,1.3223
4206207,0.3727,1.6848
4206306,0.3491,3.3098
4206405,0.4953,0.5377
4206504,0.3683,2.7037
4206603,0.4736,0.7872
4206652,0.3976,1.8635
4206702,0.3723,2.8944
4206751,0.4505,0.1
4206801,0.4918,7.3417
4206900,0.3605,2.183
4207007,0.3748,2.2545
4207106,0.3274,2.8605
4207205,0.3942,6.3547
4207304,0.4467,5.9989
4207403,0.3719,1.4106
4207502,0.3634,2.3019
4207577,0.5027,1.877
4207601,0.3857,2.1625
4207650,0.4956,0.5937
4207684,0.5099,15.2272
4207700,0.4717,2.1015
4207759,0.4254,1.5845
4207809,0.3643,1.9627
4207858,0.4242,0.4833
4207908,0.5149,15.959
4208005,0.5278,0.8371
4208104,0.4313,6.5683
4208203,0.4672,3.2761
4208302,0.4745,3.4297
4208401,0.4635,1.1731
4208450,0.4641,7.989
4208500,0.409,2.8686
4208609,0.483,5.6643
4208708,0.3805,6.1276
4208807,0.4065,2.686
4208906,0.4064,2.6536
4208955,0.4496,1.464
4209003,0.446,2.125
4209102,0.4545,4.2986
4209151,0.4084,6.7012
4209177,0.4905,1.6843
4209201,0.4759,1.468
4209300,0.4658,3.8463
4209409,0.4185,4.1357
4209458,0.5155,1.9389
4209508,0.3802,0.9613
4209607,0.4044,2.2391
4209706,0.4441,10.3644
4209805,0.3511,3.8543
4209854,0.4141,9.4637
4209904,0.3275,1.3758
4210001,0.3763,2.4221
4210035,0.46,3.5751
4210050,0.4295,1.9144
4210100,0.421,4.7532
4210209,0.3895,3.3914
4210308,0.448,12.1404
4210407,0.3626,0.8641
4210506,0.3865,1.5788
4210555,0.5199,1.4207
4210605,0.3588,5.3535
4210704,0.3947,4.9329
4210803,0.3689,2.6354
4210852,0.3485,3.1898
4210902,0.4594,1.1765
4211009,0.4515,2.3724
4211058,0.4259,11.3114
4211108,0.3437,3.9671
4211207,0.3666,2.7646
4211256,0.3608,1.696
4211306,0.4309,4.7172
4211405,0.534,0.8542
4211454,0.4674,2.0741
4211504,0.3636,1.2058
4211603,0.3679,2.9707
4211652,0.4489,2.0431
4211702,0.4454,5.6126
4211751,0.3724,1.8714
4211801,0.4536,2.479
4211850,0.417,5.6422
4211876,0.4144,4.5148
4211892,0.4376,10.6335
4211900,0.4297,4.8665
4212007,0.4796,1.646
4212056,0.3778,4.0673
4212106,0.4474,5.896
4212205,0.418,5.1645
4212239,0.506,1.3254
4212254,0.4543,5.0746
4212270,0.4871,8.3956
4212304,0.3807,5.472
4212403,0.3783,0.3777
4212502,0.3827,2.5548
4212601,0.396,0.1337
4212650,0.3495,5.2999
4212700,0.649,3.7087
4212809,0.4631,3.1881
4212908,0.4117,1.8069
4213005,0.3101,0.835
4213104,0.3615,1.4652
4213153,0.3849,3.2926
4213203,0.3555,1.7749
4213302,0.4095,7.1895
4213351,0.3484,4.753
4213401,0.4089,4.5446
4213500,0.4451,4.3828
4213609,0.4312,3.6994
4213708,0.3876,3.4975
4213807,0.3545,2.5352
4213906,0.3956,2.2619
4214003,0.4006,3.1947
4214102,0.4084,3.4151
4214151,0.4864,0.9821
4214201,0.4355,8.9688
4214300,0.519,14.5789
4214409,0.3919,0.9925
4214508,0.4885,6.8118
4214607,0.4763,1.979
4214706,0.3259,4.8589
4214805,0.4454,4.9687
4214904,0.3659,7.9882
4215000,0.3991,7.9405
4215059,0.4474,1.8773
4215075,0.4215,3.9664
4215109,0.3141,0.7921
4215208,0.4995,3.7484
4215307,0.3594,2.0722
4215356,0.4601,11.261
4215406,0.4134,2.6651
4215455,0.3323,5.9258
4215505,0.4288,3.8187
4215554,0.4195,1.1134
4215604,0.3227,0.8704
4215653,0.3291,2.6683
4215679,0.3855,5.8678
4215687,0.4471,4.5031
4215695,0.4744,13.931
4215703,0.4016,3.3592
4215752,0.5155,2.3117
4215802,0.388,2.1178
4215901,0.3743,5.8104
4216008,0.404,1.9696
4216057,0.4167,3.8237
4216107,0.4487,2.6707
4216206,0.4408,5.66
4216255,0.5046,0.5418
4216305,0.3522,4.8756
4216354,0.3756,0.9419
4216404,0.3655,2.7488
4216503,0.4245,4.2002
4216602,0.446,4.4855
4216701,0.4711,0.5134
4216800,0.4139,8.8539
4216909,0.4312,2.271
4217006,0.3644,0.9337
4217105,0.3738,0.4993
4217154,0.4822,2.5857
4217204,0.4045,1.1182
4217253,0.3952,1.2394
4217303,0.4294,4.2821
4217402,0.3449,2.0936
4217501,0.4248,2.4126
4217550,0.3207,0.5752
4217600,0.3446,1.6687
4217709,0.4209,6.7341
4217758,0.5653,0.1412
4217808,0.3933,1.799
4217907,0.3822,3.5368
4217956,0.2842,1.2022
4218004,0.3998,2.4105
4218103,0.3655,2.0697
4218202,0.3773,2.3655
4218251,0.4203,5.6797
4218301,0.3939,6.5002
4218350,0.3067,2.3797
4218400,0.3717,1.7129
4218509,0.4375,2.6403
4218608,0.3435,1.0797
4218707,0.4405,5.0152
4218756,0.5634,0.6524
4218806,0.4026,2.6203
4218855,0.4017,1.1536
4218905,0.4406,2.9697
4218954,0.4899,5.969
4219002,0.345,2.7774
4219101,0.4551,3.0545
4219150,0.4084,8.8694
4219176,0.4207,2.1435
4219200,0.4022,2.9431
4219309,0.4018,2.0527
4219358,0.3373,3.3538
4219408,0.3939,1.1103
4219507,0.4382,5.4855
4219606,0.4556,1.752
4219705,0.3644,4.2923
4219853,0.347,4.0468
4220000,0.4092,4.8441
4300034,0.5396,8.5556
4300059,0.5918,5.9606
4300109,0.4179,5.5003
4300208,0.5132,4.3537
4300307,0.4445,4.2014
4300406,0.4748,6.9259
4300455,0.4988,5.0123
4300471,0.4016,0.8647
4300505,0.4629,2.7297
4300554,0.382,2.5556
4300570,0.2774,0.2604
4300604,0.4135,9.8639
4300638,0.4383,15.7059
4300646,0.4148,3.5859
4300661,0.3454,1.5004
4300703,0.4839,1.8475
4300802,0.3996,3.772
4300851,0.4556,4.3552
4300877,0.3278,3.1202
4300901,0.4139,1.7584
4301008,0.3669,2.8027
4301057,0.4128,4.7658
4301073,0.4945,10.8888
4301107,0.4236,8.1322
4301206,0.4085,8.3278
4301305,0.4464,8.5155
4301404,0.4016,6.0941
4301503,0.5462,4.63
4301552,0.3384,2.5618
4301602,0.4879,7.7464
4301636,0.4682,9.871
4301651,0.3488,0.7742
4301701,0.444,3.6575
4301750,0.4523,15.4043
4301800,0.4778,3.5396
4301859,0.3464,2.2201
4301875,0.4598,9.1489
4301909,0.4381,5.4229
4301925,0.4753,3.3608
4301958,0.3903,1.4877
4302006,0.4748,12.4594
4302055,0.5199,9.7983
4302105,0.4113,2.4207
4302154,0.4753,6.4733
4302204,0.412,1.7079
4302220,0.5204,3.7287
4302238,0.4743,14.0467
4302253,0.3573,0.3968
4302303,0.5094,20.2172
4302352,0.3208,1.5833
4302378,0.4321,3.1966
4302402,0.3446,0.9167
4302451,0.4311,5.6404
4302501,0.4169,5.2828
4302584,0.5117,8.7401
4302600,0.4456,11.1179
4302659,0.3867,1.7448
4302709,0.4305,9.3442
4302808,0.4555,8.3238
4302907,0.4428,10.0939
4303004,0.4781,6.8735
4303103,0.4341,4.3411
4303202,0.5081,17.0758
4303301,0.4334,5.3823
4303400,0.5103,3.8605
4303509,0.4506,6.6221
4303558,0.4699,2.2811
4303608,0.4231,9.3943
4303673,0.4493,14.2415
4303707,0.4757,1.5471
4303806,0.3996,2.1756
4303905,0.4225,4.2601
4304002,0.4207,6.2475
4304101,0.5334,5.685
4304200,0.4021,7.3025
4304309,0.4913,2.6257
4304358,0.4574,12.4517
4304408,0.4502,2.1719
4304507,0.4802,10.8205
4304606,0.486,7.4099
4304614,0.3912,2.7778
4304622,0.4454,4.674
4304630,0.4799,5.1565
4304655,0.4391,5.0466
4304663,0.418,10.0925
4304671,0.4023,5.312
4304689,0.3806,4.9371
4304697,0.3438,1.4036
4304705,0.4709,5.2155
4304713,0.3958,6.5999
4304804,0.3761,1.3012
4304853,0.4003,8.9912
4304903,0.4084,2.2761
4304952,0.5362,11.1
4305009,0.451,6.3314
4305108,0.4415,4.1234
4305116,0.4583,13.963
4305124,0.4511,11.1903
4305132,0.3438,4.238
4305157,0.4603,1.5152
4305173,0.4389,10.8555
4305207,0.4254,3.3188
4305306,0.4017,2.3117
4305355,0.4402,8.1936
4305371,0.5634,20.1951
4305405,0.4799,4.8045
4305439,0.4177,6.0999
4305447,0.4097,2.5033
4305454,0.4664,10.5517
4305504,0.4711,6.657
4305587,0.4111,0.8685
4305603,0.4058,1.0462
4305702,0.463,3.9981
4305801,0.49,4.8813
4305835,0.4442,1.3953
4305850,0.5389,4.4776
4305871,0.425,1.2464
4305900,0.4351,9.0121
4305934,0.3349,0.9988
4305959,0.3626,2.1915
4305975,0.4247,5.6618
4306007,0.4622,4.477
4306056,0.438,5.1201
4306072,0.3621,4.1791
4306106,0.486,5.2443
4306130,0.436,1.4067
4306205,0.3438,2.8054
4306304,0.4162,5.9981
4306320,0.5089,6.0705
4306353,0.4709,10.1316
4306379,0.4163,5.1319
4306403,0.3912,2.7521
4306429,0.4367,10.0
4306452,0.4531,4.6014
4306502,0.4714,13.0719
4306551,0.3182,2.0408
4306601,0.4538,7.4515
4306700,0.4128,7.5748
4306734,0.4692,4.6622
4306759,0.3792,2.1716
4306767,0.4836,8.7208
4306809,0.3796,0.544
4306908,0.4349,7.7306
4306924,0.5231,8.5648
4306932,0.4058,6.655
4306957,0.3881,4.5625
4306973,0.4799,10.9576
4307005,0.4364,2.6484
4307054,0.4231,1.8482
4307104,0.4177,9.4914
4307203,0.3878,5.0325
4307302,0.4921,13.5806
4307401,0.4882,11.1424
4307450,0.4032,6.0136
4307500,0.4641,3.7698
4307559,0.3698,2.4915
4307609,0.4077,3.4424
4307708,0.4587,6.8046
4307807,0.383,4.0781
4307815,0.4167,5.8132
4307831,0.5389,9.2756
4307864,0.3502,0.6235
4307906,0.3797,3.3095
4308003,0.4422,2.0442
4308052,0.4973,7.6342
4308078,0.354,2.4819
4308102,0.3807,0.8743
4308201,0.4,2.9436
4308250,0.3904,8.2233
4308300,0.4419,6.4949
4308409,0.4279,7.9975
4308433,0.366,2.9289
4308458,0.4808,3.2092
4308508,0.4624,2.7901
4308607,0.3803,1.6431
4308656,0.449,8.6875
4308706,0.4705,1.2685
4308805,0.4615,10.1499
4308854,0.5425,4.4151
4308904,0.4297,1.68
4309001,0.4012,3.7696
4309050,0.4333,6.4736
4309100,0.4562,1.1267
4309126,0.4094,11.6187
4309159,0.4126,11.2288
4309209,0.4341,7.7464
4309258,0.4141,4.0226
4309308,0.463,8.4572
4309407,0.3879,3.8745
4309506,0.4383,3.078
4309555,0.3218,0.781
4309571,0.4084,4.0456
4309605,0.4073,3.2229
4309654,0.4879,15.8195
4309704,0.4461,5.7717
4309753,0.4963,13.3047
4309803,0.5018,6.9889
4309902,0.4669,3.941
4309951,0.4468,3.1426
4310009,0.4976,1.3963
4310108,0.4057,4.4427
4310207,0.4801,4.4429
4310306,0.4471,1.7944
4310330,0.4514,6.7082
4310363,0.3747,0.5213
4310405,0.4337,2.2405
4310413,0.3866,8.4409
4310439,0.3315,1.1136
4310462,0.5044,1.2224
4310504,0.4998,8.2664
4310538,0.5234,4.3125
4310553,0.4062,9.4586
4310579,0.4485,1.6021
4310603,0.4709,8.8336
4310652,0.3453,1.8681
4310702,0.4227,7.6875
4310751,0.449,2.7691
4310801,0.4102,3.0741
4310850,0.4702,12.0658
4310876,0.44,15.049
4310900,0.4074,1.1772
4311007,0.4825,7.7275
4311106,0.464,5.0454
4311122,0.3922,12.3474
4311130,0.4949,15.6605
4311155,0.5664,9.9191
4311205,0.5293,9.6066
4311239,0.426,8.4964
4311254,0.4179,7.0024
4311270,0.4247,0.0
4311304,0.473,5.9064
4311403,0.4476,3.8646
4311429,0.4244,10.496
4311502,0.4891,9.3056
4311601,0.5063,9.6254
4311627,0.3046,2.6455
4311643,0.3749,3.4462
4311700,0.4371,5.1613
4311718,0.4273,5.2655
4311734,0.3247,3.5909
4311759,0.4573,6.2823
4311775,0.4312,5.4663
4311791,0.3273,1.0582
4311809,0.4142,2.0356
4311908,0.4566,3.6684
4311981,0.4089,4.903
4312005,0.4457,3.8898
4312054,0.3955,2.9982
4312104,0.456,6.9608
4312138,0.3856,4.0359
4312153,0.3478,3.6563
4312179,0.4137,9.5691
4312203,0.4408,6.7112
4312252,0.4135,11.7255
4312302,0.5174,15.1118
4312351,0.4115,0.6032
4312377,0.4405,12.3072
4312385,0.3754,4.0784
4312401,0.4558,5.9288
4312427,0.4654,9.3784
4312443,0.4088,6.5147
4312450,0.4001,5.9798
4312476,0.3019,1.179
4312500,0.4275,8.9796
4312609,0.3709,1.5546
4312617,0.4231,6.3741
4312625,0.5475,6.4252
4312658,0.3713,1.1818
4312674,0.5201,1.4606
4312708,0.4937,10.4133
4312757,0.441,0.8536
4312807,0.3793,1.6367
4312906,0.3529,1.1341
4312955,0.3904,0.3428
4313003,0.4424,2.2682
4313011,0.4568,3.3671
4313037,0.3586,1.8088
4313060,0.3102,2.7009
4313086,0.3501,1.8376
4313102,0.4202,3.8882
4313201,0.381,1.1983
4313300,0.3919,2.5629
4313334,0.5629,4.7157
4313359,0.4169,1.6246
4313375,0.4267,8.0606
4313391,0.3858,4.2697
4313409,0.4846,4.9249
4313425,0.4406,12.6606
4313441,0.5061,7.0829
4313466,0.4344,2.4301
4313490,0.4169,10.4167
4313508,0.4633,4.5025
4313607,0.417,4.1334
4313656,0.4477,9.5687
4313706,0.4732,8.6234
4313805,0.4389,7.8341
4313904,0.3867,2.6182
4313953,0.4613,7.431
4314001,0.3729,0.6413
4314027,0.4905,23.1484
4314035,0.3835,4.763
4314050,0.3553,3.9951
4314068,0.4575,12.9841
4314076,0.4361,6.7234
4314100,0.4889,5.3327
4314134,0.4758,0.6996
4314159,0.339,3.4078
4314175,0.4081,2.4284
4314209,0.4697,12.4194
4314308,0.3941,3.8523
4314407,0.5151,7.9226
4314423,0.3162,0.3366
4314456,0.3948,7.1308
4314464,0.4007,7.2703
4314472,0.5225,7.31
4314498,0.4856,5.1982
4314506,0.4796,9.1397
4314548,0.3762,1.0785
4314555,0.4514,11.547
4314605,0.4562,12.7072
4314704,0.4853,12.7297
4314753,0.3646,0.783
4314779,0.4391,7.6153
4314787,0.4861,2.5397
4314803,0.386,4.2437
4314902,0.569,7.0058
4315008,0.4205,4.6281
4315057,0.3893,6.1358
4315073,0.4949,13.7179
4315107,0.4405,7.3461
4315131,0.4485,5.5843
4315149,0.287,1.0427
4315156,0.3816,4.9438
4315172,0.4217,1.5802
4315206,0.4232,4.3862
4315305,0.4615,7.1766
4315313,0.4594,1.933
4315321,0.4942,10.4758
4315354,0.5534,2.2296
4315404,0.4687,23.0975
4315453,0.2959,0.4487
4315503,0.3999,4.2497
4315552,0.4793,8.5009
4315602,0.4812,8.9503
4315701,0.4606,9.01
4315750,0.3352,1.0887
4315800,0.3635,1.9418
4315909,0.4403,3.8352
4315958,0.3691,7.2457
4316006,0.3518,1.9141
4316105,0.5408,5.416
4316204,0.5451,4.1198
4316303,0.4505,6.3289
4316402,0.4897,7.2931
4316428,0.4004,9.4355
4316436,0.4395,6.7704
4316451,0.443,6.5944
4316477,0.3763,2.8561
4316501,0.3315,1.9968
4316600,0.4337,5.6684
4316709,0.4571,3.4228
4316733,0.5113,2.509
4316758,0.3416,3.0893
4316808,0.4621,6.3417
4316907,0.5127,5.5783
4316956,0.3001,0.6789
4316972,0.4888,4.5542
4317004,0.4692,12.8315
4317103,0.492,8.9356
4317202,0.4226,3.2186
4317251,0.34,0.1999
4317301,0.4899,9.2249
4317400,0.479,4.1946
4317509,0.4837,5.3019
4317558,0.4598,5.888
4317608,0.4171,4.6874
4317707,0.4729,6.608
4317756,0.3809,1.1489
4317806,0.4684,3.2316
4317905,0.4829,6.7767
4317954,0.4515,3.0226
4318002,0.4826,6.655
4318051,0.4652,0.7275
4318101,0.4531,5.2253
4318200,0.449,6.8086
4318309,0.4925,9.5907
4318408,0.5112,9.7486
4318424,0.4664,1.5019
4318432,0.4375,1.4903
4318440,0.3908,7.7586
4318457,0.4567,12.7434
4318465,0.4559,9.5689
4318481,0.2876,0.5851
4318499,0.3523,2.4938
4318507,0.4279,11.9564
4318606,0.4707,1.4054
4318614,0.3787,4.3423
4318622,0.4559,17.6343
4318705,0.4763,7.0196
4318804,0.4708,6.7652
4318903,0.4957,4.8941
4319000,0.4856,20.8371
4319109,0.3928,2.9009
4319125,0.4708,5.5303
4319158,0.4413,7.8704
4319208,0.4692,11.8119
4319307,0.4366,6.0226
4319356,0.3135,1.4374
4319364,0.3699,7.2851
4319372,0.397,0.6517
4319406,0.4752,6.229
4319505,0.4328,6.2377
4319604,0.4592,5.9706
4319703,0.4414,6.2461
4319711,0.3815,2.3108
4319737,0.5292,25.059
4319752,0.3104,0.1333
4319802,0.4663,6.3512
4319901,0.3925,4.1244
4320008,0.3998,6.2382
4320107,0.451,6.3164
4320206,0.435,7.3617
4320230,0.5329,5.2534
4320263,0.5095,7.8141
4320305,0.4424,1.8103
4320321,0.4721,9.522
4320354,0.4177,8.2872
4320404,0.3791,1.4482
4320453,0.3752,1.8547
4320503,0.5383,26.2634
4320552,0.4347,8.9273
4320578,0.4754,10.9262
4320602,0.4961,0.9112
4320651,0.4446,1.1899
4320677,0.3984,11.328
4320701,0.454,4.5545
4320800,0.4418,3.7588
4320859,0.3331,1.144
4320909,0.3762,2.4297
4321006,0.4126,2.6715
4321105,0.4555,8.594
4321204,0.4253,4.9413
4321303,0.3936,4.3885
4321329,0.4948,1.6747
4321352,0.3696,3.7173
4321402,0.4758,5.4782
4321436,0.3788,3.7245
4321451,0.3599,1.4221
4321469,0.3527,2.8545
4321477,0.5638,4.2528
4321493,0.4619,11.3156
4321501,0.4558,3.6133
4321600,0.4899,5.5611
4321626,0.3713,5.0651
4321634,0.4125,1.1579
4321667,0.3736,4.0289
4321709,0.3816,5.8254
4321808,0.4339,3.7606
4321832,0.3422,2.5
4321857,0.4796,17.3452
4321907,0.4463,4.4622
4321956,0.4439,2.4523
4322004,0.4219,9.2644
4322103,0.4032,4.2519
4322152,0.4459,8.3469
4322186,0.4403,8.2969
4322202,0.5172,8.3438
4322251,0.3436,0.5173
4322301,0.4219,2.3975
4322327,0.4387,3.9859
4322343,0.5072,9.519
4322350,0.4907,1.1111
4322376,0.4012,6.7669
4322400,0.4837,8.7754
4322509,0.4518,3.9851
4322525,0.3946,6.1587
4322533,0.4151,5.7846
4322541,0.2851,0.9909
4322558,0.3406,0.0998
4322608,0.3916,3.0393
4322707,0.384,5.6948
4322806,0.4452,3.5965
4322855,0.4758,1.2168
4322905,0.4326,4.8468
4323002,0.4615,9.6788
4323101,0.4715,8.5353
4323200,0.4288,1.8345
4323309,0.3675,1.7322
4323358,0.3825,8.8504
4323408,0.451,0.9293
4323457,0.4462,11.5765
4323507,0.4585,4.812
4323606,0.4479,2.5284
4323705,0.4544,2.7698
4323754,0.4043,7.362
4323770,0.376,1.0006
4323804,0.4858,5.9953
5000203,0.4206,2.647
5000252,0.4684,7.5781
5000609,0.4986,15.3401
5000708,0.4679,10.9154
5000807,0.3931,7.6018
5000856,0.4264,8.919
5000906,0.5276,23.7357
5001003,0.4579,8.8646
5001102,0.5032,12.0305
5001243,0.4911,16.1096
5001508,0.4607,2.8239
5001904,0.4466,7.7125
5002001,0.4021,3.912
5002100,0.4502,11.2895
5002159,0.4592,10.3226
5002209,0.495,4.3554
5002308,0.3812,5.0774
5002407,0.4553,16.9285
5002605,0.4462,3.4582
5002704,0.533,8.2804
5002803,0.437,7.5866
5002902,0.4734,7.7817
5002951,0.4366,1.5297
5003108,0.4453,10.2489
5003157,0.5138,34.8698
5003207,0.5236,13.3216
5003256,0.4445,7.0839
5003306,0.4435,6.5813
5003454,0.4089,5.0066
5003488,0.501,10.8489
5003504,0.441,11.5219
5003702,0.4932,5.0582
5003751,0.4145,7.0697
5003801,0.4508,6.4223
5003900,0.4565,2.977
5004007,0.4439,6.5144
5004106,0.4375,9.8288
5004304,0.4493,5.3263
5004403,0.4132,2.27
5004502,0.4762,14.1253
5004601,0.4572,12.6119
5004700,0.4365,8.4409
5004809,0.4854,29.1835
5004908,0.4383,5.8468
5005004,0.5159,11.1704
5005103,0.4072,4.5201
5005152,0.4206,9.8495
5005202,0.4784,13.4372
5005251,0.4627,10.3545
5005400,0.4639,6.1641
5005608,0.5427,24.3789
5005681,0.4372,4.8904
5005707,0.4707,5.9252
5005806,0.4328,7.4887
5006002,0.4408,9.0972
5006200,0.4668,6.7378
5006259,0.4109,7.0611
5006275,0.3956,3.25
5006309,0.442,3.7325
5006358,0.5703,37.5676
5006408,0.4522,9.1266
5006606,0.5253,11.3691
5006903,0.4606,13.0023
5007109,0.4264,4.3694
5007208,0.4594,5.8711
5007307,0.388,4.754
5007406,0.4761,6.3744
5007505,0.4433,13.7323
5007554,0.4156,6.2491
5007695,0.4834,3.2429
5007703,0.4718,11.6801
5007802,0.3834,5.8897
5007901,0.4513,11.7422
5007935,0.4115,5.9911
5007950,0.505,34.8193
5007976,0.3607,2.4323
5008008,0.4622,9.4582
5008305,0.4603,7.0053
5008404,0.4065,3.9968
5100102,0.425,9.1638
5100201,0.4676,3.8718
5100250,0.4695,7.5923
5100300,0.4585,6.4683
5100359,0.5231,21.7955
5100409,0.447,4.807
5100508,0.4152,14.6835
5100607,0.4844,3.7379
5100805,0.4953,9.3706
5101001,0.4521,5.9816
5101209,0.4025,3.1746
5101258,0.4542,11.5185
5101308,0.4428,4.6326
5101407,0.4502,5.1817
5101605,0.4545,20.4891
5101704,0.4895,10.1952
5101803,0.4991,8.8555
5101852,0.4498,7.949
5101902,0.4633,8.4951
5102504,0.5154,13.3733
5102603,0.6273,44.8801
5102637,0.4537,6.5432
5102678,0.4514,7.2084
5102686,0.4399,4.2578
5102694,0.4284,5.1805
5102702,0.5154,7.4631
5102793,0.429,7.6437
5102850,0.3924,3.9914
5103007,0.5581,6.2665
5103056,0.4025,6.0739
5103106,0.4226,5.4194
5103205,0.436,4.4094
5103254,0.501,15.5202
5103304,0.4595,11.37
5103353,0.4665,8.2905
5103361,0.4367,7.7517
5103379,0.4922,10.0409
5103403,0.5594,8.6423
5103437,0.4176,5.8128
5103452,0.425,5.1041
5103502,0.4321,6.91
5103601,0.4307,6.6812
5103700,0.4863,12.2703
5103809,0.4185,3.4802
5103858,0.4944,16.3324
5103908,0.4954,20.1995
5103957,0.4767,14.8546
5104104,0.4952,5.0958
5104203,0.4469,5.1628
5104500,0.386,5.2344
5104526,0.3884,1.7796
5104542,0.4168,5.7669
5104559,0.3832,3.02
5104609,0.4554,6.7833
5104807,0.4948,7.4561
5104906,0.4166,11.0154
5105002,0.4456,5.5235
5105101,0.4505,5.5733
5105150,0.442,7.588
5105176,0.4421,3.7858
5105200,0.4187,11.6068
5105234,0.3621,8.41
5105259,0.4695,5.249
5105309,0.4825,20.1674
5105507,0.4509,9.2759
5105580,0.4788,8.4652
5105606,0.4391,3.9748
5105622,0.4673,8.6256
5105903,0.4631,6.3436
5106000,0.4368,7.0259
5106109,0.455,11.1655
5106158,0.4944,17.0773
5106174,0.5556,25.6724
5106182,0.4211,8.9696
5106190,0.4176,4.5885
5106208,0.4215,10.3749
5106216,0.4095,3.4777
5106224,0.4587,2.3137
5106232,0.4407,7.2687
5106240,0.4116,5.1581
5106257,0.4624,8.0629
5106265,0.426,4.3337
5106273,0.3629,2.6874
5106281,0.4035,5.2207
5106299,0.4164,5.6695
5106307,0.455,9.9356
5106315,0.4161,9.0229
5106372,0.4342,6.0886
5106422,0.4818,19.8964
5106455,0.4156,5.5907
5106505,0.4064,13.1082
5106653,0.4592,4.5874
5106703,0.4084,3.6537
5106752,0.4541,7.6382
5106778,0.4289,7.5611
5106802,0.4516,6.568
5106828,0.4339,8.0257
5106851,0.4503,16.2841
5107008,0.4864,18.2175
5107040,0.4608,5.1203
5107065,0.5025,9.9761
5107107,0.4409,7.5093
5107156,0.4176,5.9849
5107180,0.4245,9.0335
5107198,0.415,3.9504
5107206,0.4589,9.5554
5107248,0.4054,1.7744
5107263,0.402,3.5331
5107297,0.4216,5.3565
5107305,0.4647,10.974
5107354,0.4606,10.2815
5107404,0.4267,8.1535
5107578,0.518,26.1432
5107602,0.4829,5.5737
5107701,0.4376,9.433
5107743,0.5622,1.8724
5107750,0.3892,3.8692
5107768,0.4377,5.378
5107776,0.542,25.2907
5107792,0.4525,17.2077
5107800,0.4736,11.8767
5107859,0.4548,9.102
5107875,0.4087,2.8566
5107883,0.3434,2.3438
5107909,0.4687,4.5553
5107925,0.4612,4.037
5107941,0.4167,3.4039
5107958,0.4638,5.1827
5108006,0.4046,4.0947
5108055,0.4187,6.1704
5108105,0.449,7.7407
5108204,0.4069,6.7134
5108303,0.4587,6.0836
5108352,0.3739,5.3375
5108402,0.446,7.9719
5108501,0.4249,5.587
5108600,0.4479,5.4373
5108808,0.508,23.7561
5108857,0.4498,4.2602
5108907,0.4605,8.3975
5108956,0.447,5.3337
5200050,0.4528,11.3103
5200100,0.4084,10.1081
5200134,0.4634,8.4653
5200159,0.4701,5.7507
5200175,0.4048,9.1685
5200209,0.4075,4.5748
5200258,0.417,11.684
5200308,0.4772,10.1394
5200506,0.4111,2.9904
5200555,0.4077,3.3207
5200605,0.4704,6.0582
5200803,0.5055,15.8418
5200829,0.4331,10.5474
5200852,0.5162,26.6158
5200902,0.4189,5.0134
5201108,0.4822,7.0717
5201207,0.3504,4.8701
5201306,0.4507,6.0542
5201405,0.4384,8.2643
5201454,0.4086,5.1568
5201504,0.3402,0.9038
5201603,0.4358,6.2234
5201702,0.4457,10.2157
5201801,0.5428,24.135
5202155,0.3964,4.3039
5202353,0.3712,5.7065
5202502,0.4193,3.5514
5202601,0.4823,7.0552
5202809,0.4023,5.1255
5203104,0.4413,9.898
5203203,0.4133,7.3884
5203302,0.4626,4.0313
5203401,0.4114,6.9764
5203500,0.4243,7.9138
5203559,0.406,4.6652
5203575,0.3879,8.4275
5203609,0.4012,6.9657
5203807,0.4367,5.6507
5203906,0.3852,3.1286
5203939,0.4247,5.6735
5203962,0.3779,13.7361
5204003,0.4371,10.9798
5204102,0.4746,7.2303
5204201,0.3672,5.2744
5204250,0.4399,4.7484
5204300,0.494,4.4397
5204409,0.4976,7.9683
5204508,0.4609,6.6088
5204557,0.4086,5.4804
5204607,0.4235,5.0333
5204656,0.3965,6.2567
5204706,0.4482,8.2967
5204805,0.4146,3.0663
5204854,0.3976,9.0007
5204904,0.4118,8.5096
5204953,0.44,11.4607
5205000,0.3955,11.9996
5205059,0.4541,7.1717
5205109,0.4746,3.6668
5205208,0.4176,9.6332
5205307,0.5158,22.4423
5205406,0.4809,4.7817
5205455,0.448,6.1681
5205471,0.3946,1.8207
5205497,0.4609,11.0749
5205513,0.4406,11.7076
5205521,0.4108,9.744
5205703,0.4087,2.4052
5205802,0.4404,8.1845
5205901,0.3737,5.3544
5206206,0.4789,9.3445
5206305,0.4593,6.058
5206404,0.4257,4.9455
5206503,0.4838,7.6308
5206602,0.4171,6.3618
5206701,0.4053,12.5464
5206800,0.401,11.903
5206909,0.4089,10.3321
5207105,0.353,3.554
5207253,0.4385,6.4646
5207352,0.4223,6.531
5207402,0.444,5.337
5207501,0.413,6.7707
5207535,0.4002,6.8839
5207600,0.3772,3.3971
5207808,0.4472,2.2299
5207907,0.4581,18.1577
5208004,0.4895,9.8271
5208103,0.4334,5.6953
5208152,0.4823,5.7681
5208301,0.4133,12.4523
5208400,0.415,6.5836
5208509,0.3785,3.2876
5208608,0.4349,6.3255
5208707,0.5552,6.8696
5208806,0.3981,9.5734
5208905,0.4944,7.2094
5209101,0.4591,4.8467
5209150,0.3822,6.9139
5209200,0.4265,8.2044
5209291,0.373,4.9817
5209408,0.4122,15.9364
5209457,0.3935,10.6432
5209606,0.3937,3.8829
5209705,0.481,5.4814
5209804,0.4218,5.3345
5209903,0.4289,14.9905
5209937,0.3846,5.5678
5209952,0.4204,5.3406
5210000,0.4686,7.0074
5210109,0.4403,5.6037
5210158,0.3712,5.3786
5210208,0.4744,7.159
5210307,0.422,8.2565
5210406,0.4315,5.4551
5210562,0.392,5.1582
5210604,0.3935,8.9662
5210802,0.4834,5.0149
5210901,0.4486,8.7052
5211008,0.4339,3.6967
5211206,0.4265,7.9005
5211305,0.4992,3.9345
5211404,0.3969,3.9177
5211503,0.4911,6.6747
5211602,0.4771,3.5035
5211701,0.4482,6.1931
5211800,0.4337,7.0751
5211909,0.4828,6.5136
5212006,0.3855,11.2988
5212055,0.5001,11.0221
5212105,0.4741,2.5486
5212204,0.4652,4.4408
5212253,0.4068,8.7833
5212303,0.4599,8.4838
5212501,0.4561,12.4732
5212600,0.4696,4.4077
5212709,0.3925,9.8245
5212808,0.4566,5.7068
5212907,0.4666,4.8586
5212956,0.3877,7.1641
5213004,0.4202,9.0749
5213053,0.4071,4.2961
5213087,0.4753,13.371
5213103,0.5076,10.2043
5213400,0.4196,3.3254
5213509,0.4982,26.046
5213707,0.4542,4.2487
5213756,0.4238,2.5437
5213772,0.3816,7.1315
5213806,0.4669,8.9591
5213855,0.4128,12.7273
5213905,0.4778,7.2903
5214002,0.3643,2.6163
5214051,0.4199,4.897
5214101,0.5311,18.3749
5214408,0.3881,6.9619
5214507,0.4613,8.506
5214606,0.4925,11.0842
5214705,0.3373,5.6055
5214804,0.4121,4.8395
5214838,0.4223,3.1501
5214861,0.4479,11.864
5214879,0.4033,3.8909
5214903,0.4165,11.7437
5215009,0.4101,3.8046
5215207,0.3841,3.6859
5215231,0.4096,12.6405
5215256,0.3902,5.6365
5215306,0.4882,4.8349
5215405,0.4129,5.4967
5215504,0.4501,6.5129
5215603,0.4557,15.5709
5215652,0.4361,7.7905
5215702,0.4212,6.5325
5215801,0.4401,2.6493
5215900,0.378,3.3524
5216007,0.4005,1.7515
5216304,0.3946,8.4858
5216403,0.4247,4.3454
5216452,0.4399,6.5313
5216809,0.4347,7.2318
5216908,0.3925,8.8058
5217104,0.4974,5.0239
5217203,0.411,2.2144
5217302,0.4621,6.1433
5217401,0.4441,4.2716
5217609,0.4343,14.5269
5217708,0.4493,5.8957
5218003,0.4877,8.0808
5218052,0.4103,2.8037
5218102,0.4429,10.3659
5218300,0.4797,9.551
5218391,0.4246,5.1549
5218508,0.4353,4.6663
5218607,0.4374,5.0079
5218706,0.3987,4.4388
5218789,0.4252,5.387
5218805,0.5082,8.0084
5218904,0.4002,3.7167
5219001,0.4219,3.81
5219100,0.433,4.7975
5219209,0.4351,3.8705
5219258,0.4477,4.6983
5219308,0.4512,6.4494
5219357,0.4098,6.8819
5219407,0.5305,21.9459
5219456,0.4259,16.4868
5219506,0.4133,7.1149
5219605,0.3924,6.7112
5219704,0.4275,9.7368
5219712,0.4054,5.0458
5219738,0.4722,4.1046
5219753,0.4433,13.1175
5219803,0.4716,18.8851
5219902,0.4282,12.6258
5220009,0.4865,22.8863
5220058,0.51,9.3574
5220108,0.4843,4.1929
5220157,0.4125,7.0542
5220207,0.4368,3.7971
5220264,0.5292,5.7477
5220280,0.399,6.8352
5220405,0.4159,6.0652
5220454,0.4389,8.2161
5220504,0.4144,4.7486
5220603,0.4781,8.0414
5220686,0.4163,11.664
5220702,0.4544,9.478
5221007,0.4269,3.2595
5221080,0.4567,16.4318
5221197,0.4815,10.121
5221304,0.4057,4.3866
5221403,0.449,8.6032
5221452,0.4046,6.0713
5221502,0.4369,3.9588
5221551,0.4134,7.1414
5221577,0.4098,6.6476
5221601,0.462,5.0717
5221700,0.4249,4.7036
5221809,0.4388,4.5442
5221858,0.4398,8.0164
5221908,0.4835,4.6555
5222005,0.4811,4.1835
5222054,0.3776,4.5318
5222203,0.4599,19.6032
5222302,0.4489,8.1682
5300108,0.5814,7.8521
